destination,eligibility,firstName,lastName,origin,position,rating,season,stars,transferDate
Auburn,Immediate,Tray,Taylor,Troy,WR,,2026,3,2026-01-17T05:39:00.000Z
City College of San Francisco,Immediate,Chikala,Warden,Western Illinois,CB,,2026,,2026-03-01T06:00:00.000Z
Old Dominion,Immediate,Trey,Hall,Ole Miss,RB,0.84,2026,3,2026-01-17T05:25:00.000Z
Austin Peay,Immediate,Quan,Peterson,Newberry,CB,,2026,3,2026-01-24T07:17:00.000Z
Sam Houston,Immediate,Jarra,Anderson,Arizona,DL,0.85,2026,3,2026-01-12T16:56:00.000Z
,Immediate,Tre,Leonard,James Madison,RB,,2026,3,2026-01-17T16:22:00.000Z
San José State,Immediate,Jackson,Barton,Nevada,S,0.81,2026,3,2026-02-01T22:31:00.000Z
South Carolina,Immediate,Ethan,Johnson,App State,CB,,2026,2,2026-08-20T14:10:00.000Z
,Immediate,Blake,Cotton,Utah,CB,,2026,,2026-08-20T21:29:00.000Z
Troy,Immediate,Knai,Cook,Charleston Southern,S,0.84,2026,3,2026-01-17T14:20:00.000Z
James Madison,Immediate,KD,Mosley,Howard,TE,0.84,2026,3,2026-01-20T19:26:00.000Z
East Carolina,Immediate,Niko,Paic,Valparaiso,IOL,0.8,2026,3,2026-04-23T19:41:00.000Z
,Immediate,Milt,Ferguson,James Madison,CB,,2026,3,2026-01-17T05:12:00.000Z
NC State,Immediate,Tad,Hudson,Coastal Carolina,QB,0.85,2026,3,2026-02-16T03:57:00.000Z
,Immediate,CJ,Stokes,Charlotte,RB,,2026,3,2026-01-17T19:53:00.000Z
Rice,Immediate,Austin,Harnetiaux,Nevada,LB,0.85,2026,3,2026-01-21T19:07:00.000Z
UTSA,Immediate,TJ,Laurent,MidAmerica Nazarene,EDGE,,2026,,2026-04-22T05:00:00.000Z
Murray State,Immediate,Kynjrick,Boyd,Georgia State,OT,,2026,,2026-05-04T14:17:56.000Z
Texas State,Immediate,Michael,Patterson,Stephen F. Austin,CB,0.86,2026,3,2026-01-20T16:34:00.000Z
Indiana,Immediate,A.J.,Harris,Penn State,CB,0.91,2026,4,2026-01-12T21:20:00.000Z
Hawai'i,Immediate,Bjorn,Jurgensen,Virginia,QB,0.86,2026,3,2026-01-14T16:34:00.000Z
UNC-Pembroke,Immediate,Josh,Ehrlich,Susquehanna,QB,,2026,,2026-01-14T20:32:00.000Z
Tarleton State,Immediate,Kenyon,Rivera,Memphis,LB,0.85,2026,3,2026-02-05T01:00:00.000Z
Baylor,Immediate,Hosea,Wheeler,Indiana,DL,0.92,2026,4,2026-01-22T21:55:00.000Z
Massachusetts,Immediate,William,Watson III,Virginia Tech,QB,,2026,3,2026-01-12T01:57:00.000Z
Miami (OH),Immediate,Devin,Hyatt,Arizona,WR,0.85,2026,3,2026-01-16T21:14:00.000Z
North Texas,Immediate,Nick,Osho,Indiana State,RB,0.84,2026,3,2026-01-15T15:45:00.000Z
,Immediate,Frank,Mulipola,Arkansas,DL,,2026,,2026-01-16T22:16:00.000Z
,Immediate,Jimmy,Johnsen,Purdue,IOL,,2026,,2025-12-29T22:38:00.000Z
UConn,Immediate,Emanuel,Ross,Syracuse,WR,0.86,2026,3,2026-01-13T02:36:00.000Z
Lamar,Immediate,Devon,Anderson,Central Connecticut,S,,2026,,2026-01-18T15:49:00.000Z
Ball State,Immediate,Cincear,Lewis,Cincinnati,LB,0.83,2026,3,2026-02-04T16:17:00.000Z
Auburn,Immediate,Jack,Leyrer,Stanford,OT,0.84,2026,3,2026-01-18T17:44:00.000Z
Wisconsin,Immediate,Zion,Kearney,Oklahoma,WR,0.86,2026,3,2026-01-19T00:42:00.000Z
Georgia Southern,Immediate,Andre,Greene Jr.,Virginia,WR,0.84,2026,3,2026-01-15T20:42:00.000Z
Arkansas State,Immediate,Joshua,Ofor,NC State,LB,0.86,2026,3,2026-01-18T16:06:00.000Z
Colorado State,Immediate,Nader,Chirchi,UConn,TE,0.85,2026,3,2026-01-17T17:43:00.000Z
San Diego State,Immediate,Evan,Lawrence,Indiana,OT,0.87,2026,3,2026-01-21T16:33:00.000Z
Oklahoma State,Immediate,Markeith,Williams,Miami,S,0.85,2026,3,2026-05-17T18:58:00.000Z
James Madison,Immediate,Malachi,Fannin-Render,Liberty,RB,0.82,2026,3,2026-01-17T06:00:00.000Z
Marshall,Immediate,Terrente,Hinton,NC State,S,0.84,2026,3,2026-01-13T23:25:00.000Z
Illinois,Immediate,Isaiah,Thomison,Bowling Green,DL,0.86,2026,3,2026-01-17T16:57:00.000Z
Alabama,Immediate,Noah,Rogers,NC State,WR,0.93,2026,4,2026-01-12T21:55:00.000Z
,Immediate,Rico,Scott,Alabama,WR,0.86,2026,3,2026-01-04T19:33:00.000Z
,Immediate,Trent,Hudson,Vanderbilt,WR,,2026,3,2026-01-17T05:16:00.000Z
UTEP,Immediate,Cade,Hechter,UT Martin,K,,2026,,2026-01-31T02:08:00.000Z
Austin Peay,Immediate,Jefferson,Bretanys-Desca,Wheeling,LB,,2026,,2026-01-23T19:28:00.000Z
Colorado State,Immediate,Marc,Pretto,Northern Illinois,LB,0.84,2026,3,2026-01-21T17:11:00.000Z
South Carolina,Immediate,Malik,Orsan,Southeast Missouri State,K,,2026,,2026-05-02T19:20:00.000Z
,Immediate,PJ,Hatter,Georgia State,QB,,2026,3,2026-01-16T16:04:00.000Z
West Virginia,Immediate,Kayden,Luke,Arizona,TE,0.85,2026,3,2026-01-19T03:18:00.000Z
Arkansas State,Immediate,Dontrae,Henderson,Indiana,CB,0.79,2026,2,2026-01-20T13:42:00.000Z
UTEP,Immediate,Brian,Williams Jr.,Jackson State,IOL,0.84,2026,3,2026-01-16T20:17:00.000Z
Florida A&M,Immediate,Denzel,Johnson,Alabama State,LB,,2026,,2026-01-16T21:30:00.000Z
Colorado State,Immediate,Durell,Robinson,Auburn,RB,0.84,2026,3,2026-01-19T16:47:00.000Z
Ball State,Immediate,Cedric,Franklin II,Arkansas State,CB,0.83,2026,3,2026-01-12T22:21:02.000Z
Virginia Tech,Immediate,Ethan,Grunkemeyer,Penn State,QB,0.93,2026,4,2026-01-14T19:33:00.000Z
,Immediate,Jordan,Kelly,Central Michigan,WR,,2026,3,2026-01-17T00:39:00.000Z
Fresno State,Immediate,Croix,Stewart,UCLA,S,0.85,2026,3,2026-01-20T19:51:00.000Z
,Immediate,Devin,Ross,Kennesaw State,CB,,2026,3,2026-01-07T16:31:00.000Z
Sacramento State,Immediate,Nikko,Klemm,Arizona State,S,,2026,3,2026-01-12T00:45:00.000Z
Marshall,Immediate,Brayden,Hall,Central Connecticut,CB,0.85,2026,3,2026-01-19T15:45:00.000Z
Florida State,Immediate,Dean,DeNobile,Lafayette,QB,0.83,2026,3,2026-01-16T21:06:00.000Z
Florida International,Immediate,Lawrence,Johnson,Florida Atlantic,CB,0.83,2026,3,2026-01-14T15:58:00.000Z
Tennessee Tech,Immediate,Junior,Diallo,Kent State,OT,0.84,2026,3,2026-01-30T04:18:22.000Z
,Immediate,Brian,Green Jr.,Georgia Southern,WR,,2026,,2026-01-07T16:18:00.000Z
Nevada,Immediate,Chris,Kalu,Western New Mexico,DL,,2026,,2026-01-10T06:00:00.000Z
Northern Arizona,Immediate,Ziggy,Loa,UL Monroe,EDGE,,2026,,2026-01-20T14:02:00.000Z
Nevada,Immediate,Selman,Bridges,Arkansas,CB,,2026,4,2026-01-10T02:41:00.000Z
Memphis,Immediate,Ahmere,Foster,Southern Miss,S,,2026,3,2026-01-05T18:10:00.000Z
Florida International,Immediate,Kevin,Schaeffer,Rhode Island,TE,,2026,,2026-01-10T21:16:00.000Z
Arkansas,Immediate,LaMarcus,Hicks II,Iowa State,CB,0.83,2026,3,2026-01-17T02:41:00.000Z
Ole Miss,Immediate,Troy,Everett,Oklahoma,IOL,0.85,2026,3,2026-01-13T16:32:00.000Z
Mississippi State,Immediate,Miles,McVay,North Carolina,OT,0.86,2026,3,2026-01-15T20:18:00.000Z
Houston,Immediate,Jack,Carson-Wentz,Florida A&M,LS,,2026,,2026-01-22T06:00:00.000Z
Nevada,Immediate,Jose,Balver-Mendoza,Montana,OT,,2026,,2026-01-10T21:11:00.000Z
,Immediate,Makih,Johnson,UConn,WR,,2026,3,2025-12-31T02:45:00.000Z
Bowling Green,Immediate,Nick,Sawyer,Charleston Southern,CB,,2026,3,2026-01-09T14:02:00.000Z
Arkansas,Immediate,Adam,Hawkes,Oregon State,OT,0.83,2026,3,2026-01-08T04:39:00.000Z
UTEP,Immediate,LaTristan,Thompson,Utah,CB,0.83,2026,3,2026-01-12T16:30:00.000Z
Long Beach City College,Immediate,Chinedu,Onyeagoro,North Carolina,LB,0.86,2026,3,2026-04-02T05:00:00.000Z
Georgia State,Immediate,Kelton,Smith Jr.,Georgia,IOL,0.86,2026,3,2026-01-14T01:22:00.000Z
Maryland,Immediate,Preston,Howard,Auburn,TE,0.86,2026,3,2026-01-14T15:40:00.000Z
UL Monroe,Immediate,Chris,Payne,Lake Erie,S,0.83,2026,3,2026-01-22T21:44:00.000Z
,Immediate,Noah,McNeal-Franklin,San José State,LB,,2026,3,2026-01-17T05:19:00.000Z
Texas,Immediate,Trey,Dubuc,New Mexico,LS,,2026,2,2026-01-04T14:38:00.000Z
,Withdrawn,Kylish,Hicks,UConn,S,,2026,3,2026-01-06T18:19:00.000Z
Colorado,Immediate,Randon,Fontenette,Vanderbilt,S,0.86,2026,3,2026-01-11T23:18:00.000Z
Cornell,Immediate,Ty,Doughty,Mercer,RB,,2026,2,2026-01-18T21:33:00.000Z
Texas Tech,Immediate,Will,Karoll,UCLA,P,0.83,2026,3,2026-01-21T20:55:00.000Z
Utah State,Immediate,Jeremiah,Holmes,The Citadel,EDGE,0.85,2026,3,2026-01-16T19:21:00.000Z
East Carolina,Immediate,Emory,Williams,Miami,QB,0.85,2026,3,2026-01-20T18:35:00.000Z
,Immediate,Jerald,James,James Madison,EDGE,,2026,3,2026-01-17T05:41:00.000Z
Arkansas,Immediate,Carter,Stoutmire,Colorado,S,0.86,2026,3,2026-01-16T16:13:00.000Z
South Dakota,Immediate,Samuel,Same,Iowa State,EDGE,0.85,2026,3,2026-01-16T06:04:00.000Z
Toledo,Immediate,Dominic,Johnson,Georgia State,IOL,0.82,2026,3,2026-01-14T20:07:46.000Z
Iowa State,Immediate,Arnold,Barnes III,Tulane,RB,0.85,2026,3,2026-05-19T17:59:00.000Z
Sacramento State,Immediate,Noah,King,Colorado,CB,0.86,2026,3,2026-01-20T23:49:00.000Z
Texas State,Immediate,William,Boone,North Carolina,OT,0.85,2026,3,2026-01-19T15:13:20.000Z
Alabama,Immediate,Racin,Delgatty,Cal Poly,IOL,0.87,2026,3,2026-01-16T23:27:00.000Z
Buffalo,Immediate,Stevie,Bracey,Virginia,LB,0.83,2026,3,2026-01-17T17:20:41.000Z
UAB,Immediate,Sterling,Sanders,Boston College,DL,0.85,2026,3,2026-01-19T23:48:00.000Z
Arkansas State,Immediate,Jaden,Haly,Sacred Heart,QB,0.8,2026,3,2026-01-15T16:43:00.000Z
New Hampshire,Immediate,Joquez,Smith,Temple,RB,,2026,3,2026-01-21T03:20:00.000Z
Weber State,Immediate,Devin,Brown,California,QB,,2026,4,2026-01-16T16:58:00.000Z
Tennessee Tech,Immediate,Tyrese,Whitaker,Temple,DL,,2026,2,2026-01-17T15:53:00.000Z
Chattanooga,Immediate,Royce,Baucom,Arkansas State,IOL,,2026,3,2026-02-04T12:50:00.000Z
Jacksonville State,Immediate,Cameron,Stancil,Murray State,OT,,2026,,2026-01-09T02:55:00.000Z
,Immediate,Carson,Kolb,Oregon State,TE,,2026,,2026-01-01T13:54:00.000Z
,Withdrawn,Tucker,McDonald,UConn,QB,,2026,,2026-01-08T13:41:15.000Z
Jacksonville State,Immediate,Keiyon,Turner,Fort Hays,CB,,2026,3,2026-01-09T03:01:00.000Z
Colorado,Immediate,Jayven,Richardson,Missouri,OT,0.87,2026,3,2026-01-08T15:33:00.000Z
NC State,Immediate,Jackson,Waller,SMU,P,,2026,,2026-01-06T18:21:00.000Z
Jacksonville State,Immediate,Jonavan,Carr,Albany State,CB,,2026,,2026-01-08T03:18:00.000Z
Georgia State,Immediate,Darius,Johnson Jr.,Gardner-Webb,CB,0.85,2026,3,2026-01-12T19:26:00.000Z
Syracuse,Immediate,Dillan,Fontus,Maryland,DL,0.87,2026,3,2026-01-10T15:10:00.000Z
Georgia State,Immediate,Keenan,Nelson Jr.,Ohio State,S,,2026,4,2026-06-10T18:47:40.000Z
,Withdrawn,Miguel,Mitchell,Arkansas,S,0.86,2026,3,2026-01-17T18:53:08.000Z
San Diego State,Immediate,Sione,Hala,Weber State,LB,0.82,2026,3,2026-01-15T20:28:00.000Z
Notre Dame,Immediate,Mylan,Graham,Ohio State,WR,0.91,2026,4,2026-01-13T23:25:00.000Z
,Withdrawn,Jimmyll,Williams,Elon,RB,0.84,2026,3,2026-02-28T03:56:13.000Z
Middle Tennessee,Immediate,Brennan,Smith,Mississippi State,IOL,0.85,2026,3,2026-04-29T19:24:00.000Z
Miami,Immediate,Cooper,Barkate,Duke,WR,0.94,2026,4,2026-01-22T04:57:00.000Z
South Alabama,Immediate,Masey,Lewis,McNeese,EDGE,0.83,2026,3,2026-01-09T04:40:00.000Z
,Withdrawn,Jaeden,Jones,Monmouth,S,0.83,2026,3,2026-02-07T02:02:31.000Z
Wisconsin,Immediate,Eli,Adams,Louisville,WR,0.83,2026,3,2026-01-23T17:36:00.000Z
Louisiana,Immediate,Jayce,Mitchell,Tulane,IOL,0.84,2026,3,2026-01-13T18:18:00.000Z
,Immediate,Domonique,Thomas,Ole Miss,RB,,2026,,2026-01-02T23:41:00.000Z
Penn State,Immediate,Nathan,Tiyce,Mississippi State,P,0.83,2026,3,2026-01-12T16:05:00.000Z
San Diego State,Immediate,Jason,Oliver,Sacramento State,CB,0.84,2026,3,2026-01-06T18:10:00.000Z
Tulsa,Immediate,Dexter,Williams II,Kennesaw State,QB,0.83,2026,3,2026-01-07T20:55:00.000Z
Boise State,Immediate,JeRico,Washington Jr.,Kennesaw State,CB,0.83,2026,3,2026-01-09T02:56:09.000Z
Toledo,Immediate,Reice,Griffith,Mercer,K,,2026,,2026-01-17T22:22:00.000Z
Eastern Michigan,Immediate,Xavior,Tyus,Wayne State,RB,,2026,2,2026-05-12T15:31:00.000Z
Ohio,Immediate,Lance,Blakely,Wayne State,IOL,,2026,2,2026-04-21T18:38:00.000Z
,Immediate,Anthony,Hankerson,Oregon State,RB,,2026,3,2026-08-24T05:00:00.000Z
App State,Immediate,J'Marion,Burnette,Houston,RB,0.86,2026,3,2026-01-15T19:02:00.000Z
Arizona,Immediate,Victory,Johnson,Cal Poly,EDGE,0.85,2026,3,2026-03-03T20:53:00.000Z
,Immediate,Triston,Abram,Indiana,EDGE,,2026,,2026-07-29T05:00:00.000Z
,Immediate,Tyler,Brown,Auburn,EDGE,,2026,,2026-01-16T15:36:00.000Z
Troy,Immediate,Jordon,Jones,Ohio,OT,0.83,2026,3,2026-01-17T15:00:00.000Z
UTEP,Immediate,Carson,Loeb,Texas-Permian Basin,LS,,2026,,2026-02-01T22:15:00.000Z
Louisiana Tech,Immediate,Demario,Bookhart,South Carolina State,CB,0.85,2026,3,2026-01-20T14:07:00.000Z
,Immediate,Bobby,Golden,Louisville,WR,,2026,3,2026-01-05T23:03:00.000Z
App State,Immediate,Treyaun,Webb,Florida,RB,,2026,4,2026-01-12T02:17:40.000Z
UConn,Immediate,Ky,Wilson,Youngstown State,WR,,2026,,2026-01-09T03:05:00.000Z
Northern Iowa,Immediate,Kai,Black,Iowa State,WR,,2026,3,2026-01-10T15:36:00.000Z
,Immediate,Ti,Mims,South Alabama,WR,,2026,3,2026-01-12T01:55:00.000Z
Michigan,Immediate,John Henry,Daley,Utah,EDGE,0.93,2026,4,2026-01-09T02:42:15.000Z
Boston College,Immediate,Reed,Swanson,Colgate,WR,0.87,2026,3,2026-01-09T00:26:00.000Z
Colorado State,Immediate,Richard,Mosley III,Stonehill,CB,0.85,2026,3,2026-01-13T16:30:00.000Z
Troy,Immediate,Bryce,Steele,Boston College,LB,0.85,2026,3,2026-01-15T20:11:00.000Z
James Madison,Immediate,Micah,Matthews,Virginia Tech,WR,0.86,2026,3,2026-01-22T19:16:00.000Z
Arkansas,Immediate,Xadavien,Sims,Oregon,DL,0.86,2026,3,2026-01-16T23:40:00.000Z
Akron,Immediate,Dawayne,Galloway Jr.,West Virginia,CB,0.86,2026,3,2026-01-14T05:11:00.000Z
Oklahoma State,Immediate,Morgan,McPhaul,VMI,TE,0.85,2026,3,2026-01-16T20:42:00.000Z
Kentucky,Immediate,Brock,Coffman,Louisville,WR,0.85,2026,3,2026-01-13T15:13:00.000Z
Utah State,Immediate,Asher,Cunningham,Elon,LB,0.83,2026,3,2026-01-23T18:59:00.000Z
Colorado State,Immediate,Payton,Stewart,Michigan State,OT,0.85,2026,3,2026-01-11T23:28:00.000Z
West Virginia,Immediate,Cam,Ball,Mississippi State,TE,0.85,2026,3,2026-01-12T23:13:00.000Z
Wisconsin,Immediate,Deuce,Adams,Louisville,QB,0.85,2026,3,2026-01-09T00:23:00.000Z
Rice,Immediate,Caden,VerMaas,Nebraska,S,0.85,2026,3,2026-01-10T22:21:00.000Z
,Immediate,Kasen,Weisman,Florida Atlantic,QB,,2026,3,2025-12-08T17:30:00.000Z
,Immediate,TJ,Nelson,Bowling Green,S,,2026,2,2025-12-08T06:00:00.000Z
UAB,Immediate,Kris,Wokomah,Baylor,S,,2026,3,2026-01-10T21:39:00.000Z
,Immediate,Patrick,Broadway II,Wyoming,RB,,2026,3,2025-12-08T03:30:00.000Z
,Immediate,Braden,Laux,Eastern Michigan,TE,,2026,3,2025-12-08T06:00:00.000Z
,Immediate,Lonnie,Adkism,Sam Houston,WR,,2026,3,2025-12-07T21:26:00.000Z
,Immediate,Tyree,Kelly,Massachusetts,WR,,2026,,2025-12-07T06:00:00.000Z
Ohio,Immediate,Tyler,Gillison,Michigan State,EDGE,0.84,2026,3,2026-01-12T20:34:00.000Z
,Immediate,Devon,Martin,SMU,TE,,2026,3,2026-01-17T05:39:00.000Z
Liberty,Immediate,Jaylen,Henderson,West Virginia,QB,0.83,2026,3,2026-01-21T02:55:00.000Z
Southern Miss,Immediate,Preston,Kilgore,East Texas A&M,TE,0.82,2026,3,2026-01-22T18:40:00.000Z
Georgia Southern,Immediate,Noble,Johnson,Arizona State,WR,0.84,2026,3,2026-01-14T04:15:00.000Z
Coastal Carolina,Immediate,Goldie,Lawrence,Florida A&M,WR,0.84,2026,3,2026-01-20T03:03:00.000Z
San José State,Immediate,Agenhart,Ellis IV,Cal Lutheran,S,0.83,2026,3,2026-01-14T22:39:00.000Z
NC State,Immediate,Hunter,Provience,Montana State,TE,0.89,2026,3,2026-01-10T20:42:00.000Z
Maryland,Immediate,Armon,Parker,Washington,DL,0.86,2026,3,2026-01-30T17:45:00.000Z
Michigan State,Immediate,Eli,Coenen,Illinois,DL,0.86,2026,3,2026-01-12T16:06:00.000Z
Arkansas,Immediate,Maurice,Gleaton Jr.,Georgia,WR,,2026,3,2026-06-01T14:50:00.000Z
Georgetown,Immediate,Benjamin,Bruce,Texas A&M,CB,,2026,,2026-01-17T22:06:00.000Z
James Madison,Immediate,Nakian,Jackson,Nevada,LB,0.84,2026,3,2026-01-16T19:06:00.000Z
Washington State,Immediate,Damarjhe,Lewis,SMU,DL,0.85,2026,3,2026-01-21T18:05:00.000Z
Oregon,Immediate,D'Antre,Robinson,North Carolina,DL,0.93,2026,4,2026-01-12T23:54:00.000Z
Stony Brook,Immediate,Jeremiah,Coney,Virginia Tech,RB,,2026,3,2026-01-21T13:40:00.000Z
,Immediate,James,Monds III,Eastern Michigan,CB,,2026,3,2026-01-17T05:39:00.000Z
Alabama,Immediate,Lorcan,Quinn,Marshall,K,0.84,2026,3,2026-01-12T20:45:00.000Z
Northern Illinois,Immediate,Daine,Hanson,Texas-Permian Basin,OT,,2026,,2026-04-27T15:17:00.000Z
Coastal Carolina,Immediate,Jaden,Allen-Hendrix,Oklahoma State,RB,0.83,2026,3,2026-01-16T22:24:00.000Z
Arizona State,Immediate,Jalen,Thompson,Michigan State,EDGE,0.89,2026,3,2026-01-13T16:19:00.000Z
Oklahoma State,Immediate,Grant,Jordan,Massachusetts,QB,0.85,2026,3,2026-01-10T18:35:00.000Z
Colorado State,Immediate,Grant,Houser,Louisville,TE,,2026,3,2026-01-09T04:53:00.000Z
California,Immediate,Joshua,Pierce,North Texas,EDGE,0.85,2026,3,2026-01-19T01:35:00.000Z
,Immediate,Canaan,Williams,Kent State,LB,,2026,3,2025-12-06T06:00:00.000Z
Akron,Immediate,Nate,Hampton,Saint Francis (PA),IOL,0.83,2026,3,2026-01-16T16:37:00.000Z
Memphis,Immediate,Ellis,Ellis Jr.,Austin Peay,CB,0.86,2026,3,2026-01-13T23:23:00.000Z
,Immediate,Jake,Utley,UTEP,OT,,2026,2,2025-12-06T06:00:00.000Z
Bowling Green,Immediate,Nick,Sowell,South Carolina State,WR,0.84,2026,3,2026-01-17T21:06:00.000Z
,Withdrawn,Sebastian,Regis,Stony Brook,DL,0.8,2026,3,2026-02-07T01:59:28.000Z
Northern Iowa,Immediate,Taj,Hughes,Drake,WR,,2026,,2026-02-27T16:21:00.000Z
,Immediate,Clint,Stephens,New Mexico,S,,2026,3,2026-01-17T05:33:00.000Z
,Immediate,Allen,Middleton,Bowling Green,WR,,2026,3,2025-12-06T06:00:00.000Z
Georgia State,Immediate,Brad,Menhorn,Mount St. Joseph,LB,0.82,2026,3,2026-01-14T00:06:00.000Z
,Immediate,Cal,Grubbs,Liberty,IOL,,2026,3,2025-12-05T20:53:00.000Z
Wake Forest,Immediate,John,Ohnegian,Bucknell,IOL,0.85,2026,3,2026-01-14T22:57:00.000Z
,Immediate,Caleb,Goodloe,Bowling Green,WR,,2026,3,2025-12-05T06:00:00.000Z
Auburn,Immediate,Tristan,Ti'a,Oregon State,QB,0.87,2026,3,2026-01-12T13:56:00.000Z
Virginia,Immediate,Jekail,Middlebrook,Middle Tennessee,RB,0.86,2026,3,2026-01-04T20:11:00.000Z
Minnesota,Immediate,Andrew,Marshall,Eastern Michigan,LB,0.85,2026,3,2026-01-05T00:05:00.000Z
Grand Valley State,Immediate,DeShaun,Lanier,Bowling Green,WR,0.85,2026,3,2026-01-12T16:39:00.000Z
Boston College,Immediate,Jani,Norwood,North Carolina,OT,0.85,2026,3,2026-01-12T02:15:12.000Z
Syracuse,Immediate,Amare,Snowden,Toledo,CB,0.85,2026,3,2026-01-11T16:14:00.000Z
,Withdrawn,Charles,Perkins,Wisconsin,DL,,2026,,2026-01-10T05:38:07.000Z
Boston College,Immediate,Justin,Medlock,SMU,LB,0.85,2026,3,2026-01-15T18:52:00.000Z
,Immediate,Wallace,Unamba,Virginia,OT,0.85,2026,3,2026-01-12T23:02:00.000Z
Virginia,Immediate,Patrick,Campbell,Dartmouth,CB,0.85,2026,3,2026-02-02T19:02:00.000Z
Idaho State,Immediate,Zedekiah,Anahu-Ambrosio,Nevada,WR,,2026,3,2026-02-01T01:00:00.000Z
UTEP,Immediate,Jackson,Bradley,Cornell,IOL,0.82,2026,3,2026-01-22T22:03:00.000Z
Marshall,Immediate,Josiah,McLaurin,Maryland,RB,0.84,2026,3,2026-04-07T18:42:00.000Z
Colorado State,Immediate,Terrence,Smith Jr.,UConn,WR,0.83,2026,3,2026-01-13T16:55:00.000Z
Coastal Carolina,Immediate,Cyrus,Ellison,South Carolina State,TE,0.83,2026,3,2026-01-18T03:32:00.000Z
Baylor,Immediate,Cole,Rhett,Toledo,OT,0.86,2026,3,2026-01-10T21:56:00.000Z
Arizona,Immediate,Rodney,Gallagher III,West Virginia,WR,0.85,2026,3,2026-01-10T21:54:00.000Z
Missouri,Immediate,Will,Kemna,Kansas State,OT,0.85,2026,3,2026-01-10T02:11:00.000Z
,Immediate,Joey,Hunter,Memphis,CB,,2026,3,2026-01-09T15:18:00.000Z
Purdue,Immediate,Dylan,Drennan,Buffalo,P,,2026,,2026-01-09T13:58:17.000Z
UAB,Immediate,Jaylen,Thompson,Memphis,S,0.84,2026,3,2026-01-12T18:49:00.000Z
Portland State,Immediate,Malik,Ross,Western Oregon,RB,,2026,3,2026-01-21T15:04:00.000Z
,Immediate,Blake,Buntyn,Texas A&M,WR,,2026,,2026-01-13T15:41:00.000Z
UAB,Immediate,EJ,Reid,Wake Forest,WR,0.83,2026,3,2026-01-15T19:40:00.000Z
Arkansas State,Immediate,Jeremy,St-Hilaire,Vanderbilt,QB,0.85,2026,3,2026-01-12T22:29:00.000Z
NC State,Immediate,Vander,Ploog,Oregon,TE,0.86,2026,3,2026-01-20T18:50:00.000Z
Missouri,Immediate,Zack,Owens,Mississippi State,IOL,0.86,2026,3,2026-01-16T00:48:00.000Z
Florida,Immediate,Evan,Chieca,New Haven,TE,0.85,2026,3,2026-01-19T20:44:00.000Z
West Virginia,Immediate,NaQuari,Rogers,Utah,RB,,2026,,2026-08-28T00:11:00.000Z
Sam Houston,Immediate,Max,Whisner,Akron,TE,0.83,2026,3,2026-01-17T17:55:00.000Z
Ball State,Immediate,Tyler,Mizzell,Concord,QB,0.85,2026,3,2026-01-14T22:30:00.000Z
UConn,Immediate,Javon,Brown,Toledo,WR,0.83,2026,3,2026-01-24T07:55:00.000Z
,Withdrawn,Tony,Hart III,Elon,S,0.85,2026,3,2026-02-06T21:20:15.000Z
West Virginia,Immediate,John,Neider,UConn,WR,0.86,2026,3,2026-01-09T15:26:00.000Z
Wake Forest,Immediate,Kam,Shanks,Arkansas,WR,0.85,2026,3,2026-01-11T20:06:00.000Z
San José State,Immediate,Jerry,McClure,San Diego State,WR,,2026,3,2026-01-09T04:37:00.000Z
,Immediate,Keyshawn,Blackstock,Arkansas,IOL,,2026,4,2026-01-09T02:31:00.000Z
Louisiana,Immediate,Anthony,Reagan Jr.,Howard,RB,0.82,2026,3,2026-01-21T03:09:00.000Z
,Immediate,Xayvion,Noland,Texas-Rio Grande Valley,WR,,2026,,2026-01-01T21:41:00.000Z
,TBD,Demarcus,Griffin-Taylor,Louisiana Tech,CB,,2026,3,2026-01-09T02:35:00.000Z
Houston,Immediate,Ashton,Porter,Oregon,DL,0.88,2026,3,2026-01-16T02:10:00.000Z
Texas,Immediate,Markus,Boswell,Akron,LB,0.85,2026,3,2026-01-16T16:12:00.000Z
Virginia Tech,Immediate,Luke,Reynolds,Penn State,TE,0.94,2026,4,2026-01-11T23:39:00.000Z
Texas A&M,Immediate,DeDe,Murray,Arkansas State,RB,0.84,2026,3,2026-05-07T22:44:00.000Z
Virginia,Immediate,Justin,Ross,Navy,CB,0.86,2026,3,2026-01-14T16:36:00.000Z
Bryant,Immediate,Jose,Leon,App State,WR,,2026,3,2026-02-02T17:02:00.000Z
Oklahoma State,Immediate,Trudell,Berry,Vanderbilt,CB,0.86,2026,3,2026-01-14T03:02:00.000Z
,Withdrawn,Rustin,Young,Michigan State,OT,0.86,2026,3,2026-01-09T18:57:00.000Z
Iowa State,Immediate,Jack,Janikowski,Washington State,EDGE,0.86,2026,3,2026-01-09T02:42:00.000Z
Louisville,Immediate,Jackson,Voth,Drake,WR,0.84,2026,3,2026-01-11T04:45:00.000Z
West Virginia,Immediate,Cameron,Griffin,Jacksonville State,IOL,0.84,2026,3,2026-01-09T03:54:00.000Z
,Withdrawn,Lucas,Conti,UNLV,DL,,2026,3,2026-01-06T18:54:00.000Z
Tennessee,Immediate,Cooper,Ranvier,Louisville,K,,2026,,2026-01-09T01:05:00.000Z
,Immediate,Enoka,Migao,Utah State,EDGE,,2026,3,2026-01-08T15:49:00.000Z
,Immediate,Jon,Hunt,Coastal Carolina,QB,,2026,,2026-01-01T19:21:00.000Z
San Diego State,Immediate,Jalen,Thomeson,Ohio,S,,2026,2,2026-01-06T18:10:00.000Z
Georgia Southern,Immediate,Josh,Raymond,Florida State,IOL,0.84,2026,3,2026-01-18T22:28:00.000Z
Kennesaw State,Immediate,Alfred,Thomas,Towson,LB,0.84,2026,3,2026-01-22T02:12:00.000Z
,Immediate,Devin,Dye,Kansas,S,,2026,,2026-01-08T15:44:00.000Z
UConn,Immediate,Anas,Luqman,Ohio,EDGE,0.84,2026,3,2026-01-14T19:21:00.000Z
,Immediate,Quan,Lee,Arkansas State,WR,,2026,4,2026-01-08T15:44:00.000Z
Rice,Immediate,Barry,Jackson Jr.,Cincinnati,WR,0.83,2026,3,2026-01-22T02:06:00.000Z
,Immediate,Jalen,Dye,Kansas,S,,2026,3,2026-01-08T15:44:00.000Z
Iowa State,Immediate,Jaheim,Singletary,Arkansas,CB,0.86,2026,3,2026-01-15T20:27:00.000Z
Ole Miss,Immediate,Enoch,Wangoy,Florida,OT,0.85,2026,3,2026-01-18T23:15:00.000Z
Missouri State,Immediate,Geo,Jallah,Benedict College,S,0.83,2026,3,2026-01-20T21:22:00.000Z
West Virginia,Immediate,Jason,Hall,Villanova,LB,0.85,2026,3,2026-01-18T16:16:00.000Z
Miami,Immediate,Darian,Mensah,Duke,QB,0.94,2026,4,2026-01-16T21:19:00.000Z
App State,Immediate,Dazmin,James,California,WR,0.84,2026,3,2026-01-16T16:44:00.000Z
Virginia Tech,Immediate,DQ,Smith,South Carolina,S,,2026,3,2026-08-23T17:41:00.000Z
UL Monroe,Immediate,Bryce,Anderson,Memphis,TE,0.86,2026,3,2026-01-22T22:21:00.000Z
,Immediate,Jackson,Hamilton,Georgia Tech,LB,,2026,3,2026-01-17T05:12:00.000Z
Colorado State,Immediate,Cleto,Chol,UConn,DL,,2026,,2026-01-19T19:49:00.000Z
Mississippi State,Immediate,Ja'Elyne,Matthews,Florida State,OT,0.86,2026,3,2026-01-09T01:54:00.000Z
Marshall,Immediate,BJ,Carter,Iowa State,DL,,2026,3,2026-01-06T18:06:00.000Z
,Immediate,Jaelen,Smith,UTSA,WR,,2026,3,2026-01-08T15:39:00.000Z
,Immediate,Keynan,Higgins,Colorado State,WR,,2026,3,2026-01-08T15:37:00.000Z
Bethune-Cookman,Immediate,Sam,McCall,Georgia State,CB,,2026,4,2026-01-16T00:45:46.000Z
,Immediate,Jaden,Kelly,Kennesaw State,LB,,2026,,2026-01-12T22:22:00.000Z
Georgia State,Immediate,Marcus,Mascoll,Florida,IOL,0.85,2026,3,2026-01-12T00:06:00.000Z
Oklahoma State,Immediate,Vincent,Holmes,Washington,S,0.85,2026,3,2026-01-10T14:48:00.000Z
West Virginia,Immediate,DJ,Epps,Troy,WR,0.85,2026,3,2026-01-06T17:40:00.000Z
Illinois,Immediate,Connor,Sullivan,Washington State,DL,0.84,2026,3,2026-01-09T06:00:00.000Z
Kansas,Immediate,Carter,Moses,Albany,TE,0.84,2026,3,2026-01-10T21:17:00.000Z
Oklahoma State,Immediate,Israel,Polk,Akron,WR,0.86,2026,3,2026-01-07T00:08:00.000Z
,Withdrawn,Niko,Boyce,Anna Maria College,QB,0.8,2026,3,2026-01-11T02:09:49.000Z
Washington State,Immediate,Balaam,Miller,Saint Francis (PA),DL,0.83,2026,3,2026-01-10T02:37:00.000Z
Western Kentucky,Immediate,D'Cambren,Verrett,Texas A&M-Kingsville,S,0.84,2026,3,2026-01-10T23:24:00.000Z
Colorado State,Immediate,Khamani,Potts,Grand Valley State,EDGE,0.84,2026,3,2026-01-04T20:03:00.000Z
UConn,Immediate,Kamren,Flowers,Toledo,WR,,2026,3,2026-01-11T12:51:00.000Z
App State,Immediate,Carson,Sloan,Samford,LB,,2026,,2026-01-08T15:34:00.000Z
,Immediate,Braedyn,Moore,Toledo,S,,2026,4,2026-01-08T15:28:00.000Z
,Immediate,Lamont,Shamburger,UC Davis,S,0.84,2026,3,2025-11-19T22:08:00.000Z
Michigan,Immediate,Trey,Butkowski,Pittsburgh,K,,2026,3,2026-01-08T15:14:25.000Z
,Immediate,AJ,Knox,Siena Heights,EDGE,0.83,2026,3,2025-11-19T20:50:00.000Z
Iowa State,Immediate,Maasai,King,Akron,OT,0.86,2026,3,2026-01-04T19:08:00.000Z
,Immediate,Kalil,Alexander,Texas State,EDGE,,2026,3,2026-01-08T15:01:00.000Z
South Florida,Immediate,Ayden,Jackson,Georgia Southern,S,,2026,,2026-01-06T21:25:00.000Z
,Immediate,Kevin,Holmes Jr.,Texas A&M-Kingsville,WR,0.84,2026,3,2025-11-19T17:31:00.000Z
Minnesota,Immediate,Beckham,Sunderland,Michigan,K,,2026,,2026-01-06T21:25:00.000Z
Georgia State,Immediate,Samer,Layous,Marist,K,,2026,,2026-01-08T14:01:51.000Z
Utah State,Immediate,Sesi,Vailahi,Oklahoma State,RB,0.85,2026,3,2026-01-20T02:22:00.000Z
Mercer,Immediate,Javious,Bond,Austin Peay,RB,,2026,3,2026-02-04T12:39:00.000Z
Buffalo,Immediate,Stantavious,Smith,Florida A&M,DL,0.84,2026,3,2026-01-18T17:58:00.000Z
App State,Immediate,James,London,Murray State,K,,2026,,2026-01-08T15:02:00.000Z
UTRGV,Immediate,Garret,Rangel,Virginia Tech,QB,0.84,2026,3,2026-01-19T21:29:00.000Z
Georgia State,Immediate,Andre,Jocelyn,Benedict,CB,,2026,,2026-01-06T21:29:16.000Z
Georgia State,Immediate,Christian,Teeter,Wingate,P,,2026,,2026-01-08T14:27:57.000Z
Rutgers,Immediate,Sean,Allison,Drake,LB,0.84,2026,3,2026-02-28T03:14:00.000Z
Louisiana,Immediate,Tito,Chikere,East Texas A&M,EDGE,0.84,2026,3,2026-01-21T03:06:00.000Z
Georgia State,Immediate,Keith,Adams Jr.,Clemson,RB,0.84,2026,3,2026-01-18T00:06:00.000Z
Tulane,Immediate,Bredell,Richardson,UCF,WR,0.84,2026,3,2026-01-27T00:14:00.000Z
,TBD,Kamani,Jackson,Washington State,S,,2026,3,2026-01-06T21:13:00.000Z
New Haven,Immediate,Chris,Hudson,UConn,CB,,2026,,2026-01-24T07:24:00.000Z
Michigan,Immediate,Nathaniel,Staehling,North Dakota State,LB,0.86,2026,3,2026-01-16T16:19:00.000Z
Samford,Immediate,Marquise,Henderson,Clemson,RB,,2026,4,2026-01-06T21:05:00.000Z
Oklahoma State,Immediate,Miles,Coleman,North Texas,WR,0.86,2026,3,2026-01-05T00:07:00.000Z
,Immediate,Khalil,Witherspoon,Akron,TE,,2026,3,2026-01-06T21:09:00.000Z
,Immediate,Charles,Robertson,Louisiana,WR,,2026,3,2026-01-06T21:01:00.000Z
Virginia,Immediate,Solomon,Beebe,UAB,RB,0.85,2026,3,2026-01-10T13:10:00.000Z
Charlotte,Immediate,Lane,Wadle,Georgia State,TE,0.84,2026,3,2026-01-11T02:39:00.000Z
App State,Immediate,Dre,Walker,Virginia,CB,0.83,2026,3,2026-01-09T19:55:00.000Z
,Immediate,Anthony,Rogers,Nicholls,CB,0.83,2026,3,2025-12-08T18:53:00.000Z
,Immediate,Braylon,Vincent,LIU Post,S,,2026,3,2026-01-06T20:25:00.000Z
Illinois,Immediate,James,Finley IV,Northern Illinois,S,0.9,2026,4,2026-03-25T13:16:00.000Z
,Withdrawn,Eugene,Hilton Jr.,Wisconsin,WR,,2026,3,2026-01-13T12:56:03.000Z
SMU,Immediate,Jamal,Anderson,Clemson,LB,0.85,2026,3,2026-01-13T20:00:00.000Z
UAB,Immediate,Shaun,Myers,Colorado,LB,0.86,2026,3,2026-01-12T18:12:00.000Z
Mississippi State,Immediate,Gav,Holman,Florida State,LB,0.86,2026,3,2026-01-19T18:03:00.000Z
New Mexico State,Immediate,Kaian,Roberts-Day,UTSA,DL,0.84,2026,3,2026-01-16T19:29:00.000Z
Louisville,Immediate,Elizjah,Lewis,Pace,WR,0.85,2026,3,2026-01-28T13:42:00.000Z
UAB,Immediate,Samuel,Riddy Jr.,East Carolina,OT,0.82,2026,3,2026-01-25T21:08:00.000Z
James Madison,Immediate,Ernest,Willor Jr.,Wisconsin,EDGE,0.86,2026,3,2026-01-24T16:08:00.000Z
,Immediate,Ashlynd,Barker,Florida State,S,0.93,2026,4,2025-12-28T19:31:00.000Z
Arkansas State,Immediate,Manasse,Itete,Florida State,IOL,0.86,2026,3,2026-01-10T13:04:00.000Z
,Immediate,Zachary,Card,Oregon State,WR,,2026,3,2026-01-06T20:32:00.000Z
Louisville,Immediate,Jacob,Baker,Eastern Kentucky,P,,2026,,2026-01-08T06:41:00.000Z
Michigan,Immediate,Cameron,Brown,UNLV,P,,2026,,2026-01-08T04:15:25.000Z
Austin Peay,Immediate,Joshua,Miller,Syracuse,OT,,2026,3,2026-01-08T04:14:00.000Z
,Immediate,Brook,Honore Jr.,California,P,,2026,,2026-01-08T04:14:00.000Z
Temple,Immediate,Jaeden,Gould,UCF,S,,2026,4,2026-01-08T03:42:00.000Z
,Immediate,Keshaun,Hudson,UCF,DL,,2026,,2026-01-08T03:37:00.000Z
New Mexico State,Immediate,Josiah,Thomas,Western Carolina,TE,,2026,,2026-01-06T17:18:00.000Z
Florida,Immediate,Alec,Clark,Tulane,P,,2026,,2026-01-06T17:05:35.000Z
Washington State,Immediate,Tank,Hawkins,Florida,WR,0.86,2026,3,2026-01-06T16:37:00.000Z
Duke,Immediate,Che,Ojarikre,Stanford,S,0.86,2026,3,2026-01-11T23:46:00.000Z
Arkansas,Immediate,Donovan,Faupel,New Mexico State,WR,0.85,2026,3,2026-01-09T02:53:44.000Z
Georgia Tech,Immediate,Noah,Carter,Alabama,EDGE,0.93,2026,4,2026-01-10T21:11:00.000Z
Penn State,Immediate,Connor,Barry,Christopher Newport,QB,0.84,2026,3,2026-01-22T06:00:00.000Z
Rhode Island,Immediate,CJ,Hawkins,Stanford,TE,,2026,3,2026-01-21T13:38:00.000Z
Nebraska,Immediate,Jahsear,Whittington,Pittsburgh,DL,0.86,2026,3,2026-01-12T20:45:00.000Z
Vanderbilt,Immediate,Brian,Allen,Iowa,EDGE,0.91,2026,4,2026-01-11T18:02:00.000Z
Iowa State,Immediate,Jordyn,Bailey,TCU,WR,0.85,2026,3,2026-01-21T15:20:08.000Z
Massachusetts,Immediate,Greg,Knox,McNeese,OT,0.85,2026,3,2026-01-13T18:33:00.000Z
Troy,Immediate,Jaheim,Merriweather,Purdue,RB,0.84,2026,3,2026-01-17T19:44:00.000Z
Austin Peay,Immediate,Jeff,Burton,Georgia State,IOL,,2026,,2026-01-14T10:19:20.000Z
UNLV,Immediate,Griffin,Scroggs,App State,IOL,0.85,2026,3,2026-01-23T21:45:00.000Z
Rice,Immediate,Tariq,May,Eastern Washington,EDGE,0.82,2026,3,2026-01-12T22:01:00.000Z
,Immediate,Jordan,Shuler,Air Force,LB,,2026,2,2026-01-03T20:30:00.000Z
UAB,Immediate,Cam,Cunningham,Youngstown State,DL,0.84,2026,3,2026-01-18T19:54:00.000Z
South Florida,Immediate,Jayden,Bradford,Liberty,QB,0.84,2026,3,2026-01-20T15:54:00.000Z
,Withdrawn,Carson,Gresock,Gardner-Webb,RB,0.84,2026,3,2026-01-30T04:17:18.000Z
Mercyhurst,Immediate,Anthony,Wolter,Nevada,QB,0.8,2026,3,2026-01-12T02:10:00.000Z
Cincinnati,Immediate,Cade,Wolford,Kent State,WR,0.9,2026,4,2026-01-09T00:19:00.000Z
West Virginia,Immediate,Carsten,Casady,UConn,OT,0.86,2026,3,2026-01-09T04:16:00.000Z
Hawai'i,Immediate,Kodi,DeCambra,UNLV,S,,2026,4,2026-01-07T21:04:00.000Z
Tennessee State,Immediate,Marcelis,Tate,South Florida,QB,,2026,3,2026-01-03T16:20:00.000Z
Florida Atlantic,Immediate,Jonathan,Bax,TCU,EDGE,,2026,3,2026-01-06T17:46:00.000Z
Oklahoma State,Immediate,Lachie,Pozzobon,Stephen F. Austin,P,,2026,,2026-01-04T00:27:00.000Z
,Withdrawn,Nasir,Addison,Kentucky,CB,,2026,3,2026-01-06T19:51:00.000Z
,Immediate,Kodi,Cornelius,San Diego State,DL,,2026,3,2026-01-03T21:34:00.000Z
Coastal Carolina,Immediate,Krosse,Johnson,Arkansas,WR,,2026,3,2026-01-09T12:45:00.000Z
,Immediate,Rahmir,Stewart,Nebraska,S,,2026,3,2026-01-03T20:38:00.000Z
,Immediate,Jeremiah,McCrimmon,Georgia State,OT,,2026,3,2026-01-03T20:17:00.000Z
,Immediate,Walker,Davis,Arkansas State,IOL,,2026,3,2026-01-03T20:11:00.000Z
,Immediate,Blake,Burris,SMU,DL,,2026,,2026-01-03T19:47:00.000Z
,Immediate,Kyle,McKinney,UAB,S,,2026,,2026-01-03T19:44:00.000Z
,Immediate,Da'Shawn,Davis,Georgia Southern,DL,,2026,3,2026-01-03T19:39:00.000Z
Sam Houston,Immediate,Caesar,Magee III,Northwestern State,CB,0.8,2026,3,2026-01-16T02:25:00.000Z
,Withdrawn,Bryson,Kuzdzal,Michigan,RB,,2026,2,2026-01-29T14:51:03.000Z
UL Monroe,Immediate,Julian,Walker,St. Vincent,RB,0.84,2026,3,2026-01-22T19:49:00.000Z
UConn,Immediate,Raphael,Greene-Nyarko,Toledo,IOL,0.85,2026,3,2026-01-24T07:38:00.000Z
Memphis,Immediate,Brian,Grant,Tennessee,OT,0.83,2026,3,2026-01-19T18:00:00.000Z
Alabama,Immediate,Josh,Ford,Oklahoma State,TE,0.86,2026,3,2025-12-16T16:45:00.000Z
UAB,Immediate,Cooper,Young,West Virginia,IOL,0.83,2026,3,2026-01-12T21:33:00.000Z
Mississippi State,Immediate,AJ,Swann,App State,QB,0.86,2026,3,2026-01-06T00:31:00.000Z
South Carolina State,Immediate,Jayden,Fuller,Miami (OH),LB,,2026,3,2026-02-04T14:08:00.000Z
Weber State,Immediate,Will,Cornelson,Idaho,LB,,2026,3,2026-01-21T13:22:00.000Z
UTEP,Immediate,Royal,Capell,Oklahoma State,WR,0.84,2026,3,2026-01-13T03:09:00.000Z
Colorado State,Immediate,Diego,Rodriguez,UConn,OT,0.82,2026,3,2026-01-20T17:38:00.000Z
South Florida,Immediate,A'mon,Lane-Ganus,Auburn,CB,0.86,2026,3,2026-01-05T02:23:00.000Z
Old Dominion,Immediate,Jaxon,Potter,Washington State,QB,0.85,2026,3,2026-01-09T06:00:00.000Z
Boston College,Immediate,Evan,Dickens,Liberty,RB,0.85,2026,3,2026-01-07T14:05:59.000Z
,Immediate,Darius,Thomas,Oklahoma State,LB,0.85,2026,3,2025-10-07T18:11:00.000Z
,Immediate,Jason,Thompson,Stanford,WR,,2026,3,2025-12-16T01:50:00.000Z
North Texas,Immediate,Curlee,Thomas IV,California,EDGE,,2026,3,2026-01-09T01:26:00.000Z
,Immediate,Jamauri,Brice,Georgia Tech,WR,,2026,3,2026-01-03T18:27:00.000Z
Valdosta State,Immediate,Jayden,Bethea,App State,LB,,2026,3,2026-01-09T17:11:00.000Z
Massachusetts,Immediate,Grant,Mills,Ohio State,LS,,2026,,2026-01-09T01:07:00.000Z
,Immediate,Chad,Barham,Troy,TE,,2026,3,2025-12-31T21:45:00.000Z
Arkansas,Immediate,Ty,Lockwood,Boston College,TE,0.85,2026,3,2026-01-09T19:51:00.000Z
,Immediate,Dorian,Royal,Georgia State,DL,0.85,2026,3,2025-12-04T23:30:00.000Z
,Immediate,Zae,Jennings,West Virginia,CB,0.85,2026,3,2025-12-08T23:21:00.000Z
South Carolina,Immediate,Caleb,Herring,Tennessee,EDGE,0.89,2026,3,2026-01-16T00:08:00.000Z
,Immediate,Braden,Waterman,Ole Miss,QB,,2026,,2026-01-15T17:37:00.000Z
Alabama,Immediate,Khalifa,Keith,App State,RB,0.85,2026,3,2026-01-31T23:25:00.000Z
Lamar,Immediate,Ephraim,Dotson,Rice,CB,,2026,3,2026-01-22T13:15:00.000Z
,Withdrawn,Gavin,Nelson,Monmouth,WR,0.86,2026,3,2026-01-27T23:03:38.000Z
Oregon State,Immediate,Kwan,Johnson,Eastern Illinois,OT,0.86,2026,3,2026-01-15T19:08:00.000Z
,Immediate,Lawrence,Falatea,Utah State,EDGE,,2026,3,2026-01-03T16:10:00.000Z
SMU,Immediate,Randy,Pittman Jr.,Florida State,TE,0.88,2026,3,2026-01-11T19:24:00.000Z
Florida Atlantic,Immediate,Benjamin,Galloway,Georgia Tech,OT,,2026,3,2026-01-09T22:19:00.000Z
Kansas,Immediate,Landyn,Watson,Kentucky,LB,0.86,2026,3,2026-01-05T00:50:00.000Z
,Withdrawn,Braylen,Prude,Nebraska,S,,2026,3,2026-01-06T19:22:00.000Z
,Immediate,Aziah,Johnson,North Carolina,WR,,2026,3,2025-12-05T01:38:00.000Z
,Immediate,Kolby,Thomas,Louisiana Tech,WR,,2026,3,2026-01-03T16:31:00.000Z
,Immediate,Patrick,Valent,Rice,IOL,,2026,2,2026-01-03T16:24:00.000Z
,Immediate,J'Shawn,Anderson,Georgia Southern,RB,,2026,,2026-01-03T16:17:00.000Z
,Immediate,Troy,Ford,UCF,LB,,2026,3,2026-01-03T16:14:00.000Z
,Immediate,Zion,Taylor,Georgia Tech,WR,,2026,3,2026-01-03T16:10:00.000Z
LSU,Immediate,Jaylen,Brown,South Carolina,EDGE,0.86,2026,3,2026-01-08T16:13:49.000Z
Wake Forest,Immediate,Buom,Jock,California,LB,0.85,2026,3,2026-01-10T19:52:00.000Z
BYU,Immediate,Cade,Uluave,California,LB,0.94,2026,4,2026-01-13T03:24:00.000Z
Youngstown State,Immediate,Danny,Inglis,Iowa State,LB,,2026,3,2026-01-16T17:38:00.000Z
Kilgore College,Immediate,Jacques,Spradley-Demps,Kansas State,WR,0.85,2026,3,2026-01-14T23:03:00.000Z
Texas Tech,Immediate,Thomas,Castellanos,Florida State,QB,,2026,3,2026-08-21T19:36:00.000Z
,Immediate,Jarius,Williams,UTRGV,CB,,2026,,2026-05-15T05:00:00.000Z
Miami (OH),Immediate,Amariyun,Knighten,Indiana,CB,,2026,,2026-03-02T13:32:00.000Z
Idaho State,Immediate,Sani,Tuala,BYU,DL,,2026,3,2026-02-01T01:00:00.000Z
Toledo,Immediate,Armorion,Smith,Michigan State,S,0.85,2026,3,2026-01-17T21:24:00.000Z
Oregon,Immediate,Jerome,Simmons,UL Monroe,DL,0.86,2026,3,2026-01-14T21:26:00.000Z
Baylor,Immediate,Yakiri,Walker,Memphis,IOL,0.86,2026,3,2026-01-13T00:25:00.000Z
,Immediate,Haden,Tessier,Coastal Carolina,P,,2026,,2026-01-03T15:42:00.000Z
,Immediate,Denaris,DeRosa,San José State,IOL,,2026,3,2026-01-03T15:29:00.000Z
,Immediate,Ben,Kamara,Akron,CB,,2026,,2026-01-10T05:34:00.000Z
,Immediate,Camron,Heard,Oklahoma State,WR,,2026,3,2026-01-03T04:15:00.000Z
Marshall,Immediate,Charles,McCartherens,Buffalo,CB,,2026,2,2026-01-10T02:47:00.000Z
North Texas,Immediate,Dominic,De Freitas,App State,K,,2026,,2026-01-08T02:00:00.000Z
West Virginia,Immediate,Harper,Holloman,Western Kentucky,EDGE,0.86,2026,3,2026-01-10T04:19:00.000Z
Furman,Immediate,Trae,Williams,Air Force,CB,,2026,,2026-01-23T05:40:00.000Z
,Withdrawn,Antonio,Watts,Louisville,LB,,2026,3,2026-01-03T22:27:53.000Z
Campbell,Immediate,Kareem,Williams,Coastal Carolina,S,,2026,3,2026-01-27T20:08:46.000Z
South Alabama,Immediate,Shalik,Hubbard,Monmouth,IOL,0.83,2026,3,2026-01-17T12:04:06.000Z
Kent State,Immediate,Quan,Rhodes-McKee,Duquesne,LB,0.81,2026,3,2026-01-24T14:36:00.000Z
,Immediate,Uriah,Points,Liberty,CB,,2026,3,2025-12-20T20:50:00.000Z
,Immediate,Jackson,Thomas,Troy,WR,,2026,3,2025-12-20T05:49:00.000Z
,Immediate,CJ,Floyd,Old Dominion,S,,2026,3,2025-12-20T05:34:00.000Z
,Immediate,Drew,Rodriguez,Colorado State,ATH,,2026,3,2025-12-19T06:00:00.000Z
,Immediate,Rondell,Carter,Troy,S,,2026,3,2025-12-19T05:50:00.000Z
,Immediate,Amare,Garrett,Troy,CB,,2026,,2025-12-19T05:49:00.000Z
,Immediate,Tyron,Steed,Bowling Green,CB,,2026,3,2025-12-18T06:00:00.000Z
Wisconsin,Immediate,Junior,Poyser,Buffalo,DL,0.86,2026,3,2026-01-07T01:37:00.000Z
Cal Poly,Immediate,Jared,Douglas,Middle Tennessee,S,,2026,,2026-02-04T05:02:00.000Z
South Florida,Immediate,KJ,Cooper,Texas Southern,QB,0.85,2026,3,2026-01-13T14:00:00.000Z
South Carolina,Immediate,Dayne,Arnett,Ferris State,IOL,0.86,2026,3,2026-01-10T04:22:00.000Z
,Immediate,Christian,Kiptoo,Eastern Michigan,EDGE,,2026,,2025-12-16T06:00:00.000Z
Sacramento State,Immediate,Tim,Thomas,Fresno State,LB,0.82,2026,3,2026-01-20T16:41:00.000Z
SMU,Immediate,Jayvon,Thomas,Texas A&M,CB,0.86,2026,3,2026-01-20T22:50:00.000Z
Sacramento State,Immediate,Matthew,Coleman,San José State,WR,0.85,2026,3,2026-01-14T00:50:00.000Z
,Immediate,Amarion,Ware,UL Monroe,DL,,2026,,2025-12-16T05:27:00.000Z
Mississippi State,Immediate,Kendel,Dolby,Oklahoma,S,0.86,2026,3,2026-01-12T21:21:00.000Z
,Immediate,Tayvon,Nelson,Marshall,CB,,2026,3,2026-01-01T17:02:00.000Z
,Immediate,Paul,Tchio,Massachusetts,IOL,,2026,4,2026-01-01T16:49:00.000Z
Washington,Immediate,Jayden,Limar,Oregon,RB,0.87,2026,3,2026-01-13T00:07:00.000Z
,Immediate,Edward,Rhambo,Nevada,CB,,2026,,2025-12-16T02:54:00.000Z
Baylor,Immediate,Garrick,Ponder,Southern Miss,EDGE,0.88,2026,3,2026-01-10T02:04:13.000Z
,Immediate,Kennon,Loftin,Western Kentucky,LB,,2026,3,2025-12-15T21:33:00.000Z
Iowa State,Immediate,Adlai,Lounsbury,Washington State,K,,2026,2,2026-01-06T19:29:00.000Z
,Immediate,Titus,Miller,Washington State,DL,,2026,3,2026-01-01T17:31:00.000Z
Rice,Immediate,Ben,Grice,Wake Forest,WR,0.84,2026,3,2026-01-10T16:07:00.000Z
Tulane,Immediate,Destyn,Hill,LSU,WR,,2026,4,2026-01-10T20:33:00.000Z
,Immediate,Jordan,Saunders,Old Dominion,CB,,2026,,2025-12-19T14:32:00.000Z
Arkansas State,Immediate,Kam,Moore,UCF,LB,0.82,2026,3,2026-01-29T16:52:00.000Z
Memphis,Immediate,Weston,Simmons,Cincinnati,LS,0.8,2026,3,2026-01-15T23:19:00.000Z
Georgia Southern,Immediate,Rashon,Myles Jr.,Abilene Christian,LB,0.86,2026,3,2026-01-19T16:25:08.000Z
Incarnate Word,Immediate,TJ,Finley,Georgia State,QB,0.85,2026,3,2026-01-14T01:00:22.000Z
Wyoming,Immediate,Jeremiah,Katt,Northern Arizona,IOL,0.84,2026,3,2026-01-21T02:53:00.000Z
Texas Tech,Immediate,Malcolm,Simmons,Auburn,WR,0.91,2026,4,2026-01-12T22:24:47.000Z
Texas State,Immediate,Tae,Woody,UL Monroe,DL,0.84,2026,3,2026-01-20T15:12:00.000Z
Purdue,Immediate,Justin,Denson Jr.,Michigan State,S,0.85,2026,3,2026-01-15T02:57:00.000Z
West Virginia,Immediate,Jacob,Bradford,LSU,S,0.87,2026,3,2026-01-12T23:28:00.000Z
California,Immediate,Jayden,Williams,North Texas,DL,0.84,2026,3,2026-01-17T19:21:00.000Z
,Withdrawn,Jackson,Forrest,Old Dominion,LB,0.85,2026,3,2026-02-06T21:24:29.000Z
Western Kentucky,Immediate,Rhett,Larson,Sam Houston,IOL,0.85,2026,3,2026-01-16T15:49:00.000Z
Syracuse,Immediate,Malachi,Nelson,UTEP,QB,0.85,2026,3,2026-01-16T22:23:00.000Z
South Carolina,Immediate,Jacarrius,Peak,NC State,OT,0.94,2026,4,2026-01-09T01:13:00.000Z
Oklahoma,Immediate,Parker,Livingstone,Texas,WR,0.92,2026,4,2026-01-06T18:19:00.000Z
South Carolina,Immediate,Jordan,Thomas,Georgia,DL,0.87,2026,3,2026-01-06T19:20:00.000Z
Wake Forest,Immediate,Brian,Blades ll,Florida International,CB,0.86,2026,3,2026-01-08T04:22:00.000Z
LSU,TBD,Rod,Gainey Jr.,Charlotte,RB,0.85,2026,3,2026-01-06T20:57:00.000Z
UCF,Immediate,Josh,Derry,Monmouth,WR,0.85,2026,3,2026-01-08T03:34:00.000Z
Iowa State,Immediate,Braden,Smith,Tarleton State,IOL,0.85,2026,3,2026-01-06T16:47:00.000Z
Stanford,Immediate,Davis,Warren,Michigan,QB,0.85,2026,3,2026-01-08T04:08:17.000Z
Northern Iowa,Immediate,Xavier,Terrell,Florida Atlantic,RB,,2026,3,2026-01-13T02:07:00.000Z
Virginia,Immediate,Jonathan,Allen,UAB,DL,0.84,2026,3,2026-01-18T20:40:00.000Z
,Withdrawn,Scooter,Jackson,UCLA,S,0.86,2026,3,2026-01-13T20:26:59.000Z
San Diego State,Immediate,Aldrich,Doe,Bryant,WR,0.84,2026,3,2026-01-14T14:35:00.000Z
,Withdrawn,Tray,Brown,Coastal Carolina,LB,,2026,3,2026-01-27T20:07:28.000Z
Toledo,Immediate,Ezra,Odinjor,UAB,EDGE,0.84,2026,3,2026-01-23T17:54:00.000Z
,Immediate,Bralen,Henderson,Missouri,DL,,2026,3,2026-01-17T00:57:00.000Z
Prairie View A&M,Immediate,Mark,Rayson III,UTSA,LB,,2026,3,2026-01-17T00:46:00.000Z
Liberty,Immediate,Henry,Hicks,Elizabeth City State,DL,0.83,2026,3,2026-01-17T01:34:00.000Z
Ole Miss,Immediate,Makhi,Frazier,Michigan State,RB,0.88,2026,3,2026-01-19T15:03:00.000Z
Buffalo,Immediate,Sayre,Smothers,The Citadel,CB,0.86,2026,3,2026-01-17T18:05:00.000Z
Michigan State,Immediate,Rhys,Dakin,Iowa,P,,2026,3,2026-01-04T16:37:00.000Z
Nevada,Immediate,Jeremy,Naborne-Owens,Colorado State,LB,,2026,,2026-01-08T04:22:53.000Z
,Withdrawn,Ka'Morreun,Pimpton,TCU,TE,,2026,4,2026-01-04T14:46:32.000Z
UTSA,Immediate,T.J.,West,Texas Tech,WR,,2026,3,2026-01-07T00:55:00.000Z
,Immediate,Zavien,Bryant,Temple,S,,2026,3,2025-12-08T22:43:00.000Z
Notre Dame,Immediate,DJ,McKinney,Colorado,CB,0.91,2026,4,2026-01-09T20:28:00.000Z
Arizona State,Immediate,Cutter,Boley,Kentucky,QB,0.89,2026,3,2026-01-04T02:04:00.000Z
Utah,Immediate,Ethan,Day,North Texas,DL,0.87,2026,3,2026-01-06T19:42:00.000Z
Nebraska,Immediate,Will,Hawthorne,Iowa State,LB,0.86,2026,3,2026-01-06T20:40:00.000Z
Washington State,Immediate,Jalil,Tucker,Oregon State,CB,0.86,2026,3,2026-01-03T23:53:00.000Z
Central Michigan,Immediate,Jaden,Allen,Fordham,TE,,2026,2,2026-01-09T21:20:00.000Z
Penn State,Immediate,Brock,Riker,Texas State,IOL,0.86,2026,3,2026-01-10T15:56:00.000Z
Bowling Green,Immediate,Isaiah,Dawson,Richmond,WR,,2026,,2026-01-12T16:28:00.000Z
TCU,Immediate,Cheta,Ofili,Texas Tech,EDGE,0.86,2026,3,2026-01-09T02:25:24.000Z
Syracuse,Immediate,Jartavius,Flounoy,Georgia State,DL,0.86,2026,3,2026-01-08T03:56:00.000Z
Memphis,Immediate,Dallan,Hayden,Colorado,RB,0.86,2026,3,2026-01-11T20:35:00.000Z
Arizona,Immediate,Arthur,Ban,San Diego State,TE,0.85,2026,3,2026-01-09T01:50:00.000Z
South Florida,Immediate,Sam,Robinson,Rutgers,LB,0.85,2026,3,2026-01-06T21:02:00.000Z
,Immediate,Kaden,Eggett,Utah Tech,TE,,2026,,2026-01-01T22:17:00.000Z
,Withdrawn,Mateen,Bhaghani,UCLA,K,,2026,,2026-01-11T19:58:00.000Z
,Immediate,Ajay,Allen,Tulsa,RB,,2026,4,2026-01-01T21:51:00.000Z
,Withdrawn,Armel,Mukam,Notre Dame,DL,,2026,4,2026-01-11T18:08:00.000Z
,Immediate,KJ,Makins,Baylor,CB,,2026,,2026-01-01T20:31:00.000Z
,Immediate,Davon,Mitchell,Louisville,TE,,2026,4,2026-01-01T18:00:00.000Z
Central Arkansas,Immediate,Lajuan,Owens,California,IOL,,2026,3,2026-01-12T00:07:00.000Z
Rutgers,Immediate,J'Dan,Burnett,Tulsa,EDGE,0.85,2026,3,2026-01-19T02:17:00.000Z
NC State,Immediate,Davion,Dozier,App State,WR,0.85,2026,3,2026-01-18T03:55:00.000Z
Louisville,Immediate,Lincoln,Kienholz,Ohio State,QB,0.89,2026,3,2026-01-04T04:09:00.000Z
,Immediate,Marquis,Singleton Jr.,Louisiana Tech,WR,,2026,,2026-01-01T22:43:00.000Z
BYU,Immediate,Jayven,Williams,Mississippi State,CB,0.85,2026,3,2026-01-16T15:29:00.000Z
,Immediate,Carson,Cruver,Florida Atlantic,QB,,2026,,2026-02-02T01:09:00.000Z
Liberty,Immediate,Refeno,Vangates,North Carolina Central,WR,0.85,2026,3,2026-01-28T17:26:00.000Z
Montana,Immediate,Gabe,Stroud,North Texas,CB,,2026,3,2026-01-14T21:44:00.000Z
Virginia Tech,Immediate,Samuel,Okunlola,Colorado,EDGE,0.86,2026,3,2026-01-21T20:28:00.000Z
Toledo,Immediate,Khamoni,Robinson,Lenoir-Rhyne,QB,0.86,2026,3,2026-01-15T21:49:00.000Z
Tennessee,Immediate,Isaiah,Hardge,Colorado,CB,0.86,2026,3,2026-01-18T18:57:00.000Z
Stephen F. Austin,Immediate,Eli,Ennis,UAB,LB,,2026,,2026-02-02T03:06:00.000Z
Colorado State,Immediate,Pearce,Spurlin III,Georgia,TE,0.86,2026,3,2026-01-15T18:00:00.000Z
North Texas,Immediate,TJ,Chukwurah,Black Hills State,WR,0.84,2026,3,2026-01-18T05:33:00.000Z
Georgia Tech,Immediate,Spencer,Mermans,Yale,TE,0.85,2026,3,2026-01-13T20:10:00.000Z
,Immediate,Trey,Lathan,Kansas,LB,0.86,2026,3,2026-01-01T22:28:00.000Z
Oklahoma State,Immediate,Ashton,Lepo,Michigan State,OT,0.86,2026,3,2026-01-10T17:24:00.000Z
Charlotte,Immediate,J'ven,Williams,Penn State,OT,0.86,2026,3,2026-01-11T20:10:00.000Z
North Texas,Immediate,Tayven,Jackson,UCF,QB,0.86,2026,3,2026-01-12T20:05:47.000Z
,Immediate,Willizhuan,Yates,Ball State,CB,,2026,2,2026-01-01T16:22:00.000Z
,Immediate,TreyShun,Hurry,Louisville,WR,,2026,,2026-01-01T16:00:00.000Z
,Immediate,Bryce,Rowe,Central Michigan,CB,,2026,3,2026-01-01T15:40:00.000Z
Abilene Christian,Immediate,Colin,Brazzell,Tennessee,CB,,2026,,2026-01-10T18:00:00.000Z
,Immediate,Mason,Maggs,Ohio State,QB,,2026,,2026-01-01T06:27:00.000Z
,Immediate,Kellen,Francis,Illinois,OT,,2026,,2025-12-31T15:33:00.000Z
,Immediate,Mitch,Viviano,Buffalo,DL,,2026,3,2025-12-31T14:20:00.000Z
Georgia,Immediate,Ja'Marley,Riddle,East Carolina,S,0.87,2026,3,2026-01-09T19:40:00.000Z
Howard Payne,Immediate,Preztynn,Harrison,Texas Tech,WR,,2026,3,2026-01-19T23:37:00.000Z
Alabama A&M,Immediate,Drew,Pickett,Wake Forest,RB,,2026,3,2026-02-03T01:34:00.000Z
Sacramento State,Immediate,Qualyn,McQueen,Nebraska-Kearney,CB,0.85,2026,3,2026-01-14T00:40:00.000Z
Kentucky,Immediate,Tyler,Thomas,South Alabama,EDGE,0.83,2026,3,2026-01-19T16:23:00.000Z
Bucknell,Immediate,Shane,Toolan,Temple,OT,,2026,,2026-01-15T16:00:00.000Z
UTRGV,Immediate,Alex,Green,Tulsa,WR,,2026,3,2026-01-13T02:31:00.000Z
Murray State,Immediate,Carter,Stallard,Virginia Tech,IOL,,2026,3,2026-01-14T16:37:00.000Z
Florida A&M,Immediate,Jason,Duclona,East Tennessee State,CB,,2026,3,2026-02-05T02:17:00.000Z
Tennessee,Immediate,Ory,Williams,LSU,OT,0.86,2026,3,2026-01-06T17:34:00.000Z
,Immediate,Ryan,Gadson,Lafayette,CB,,2026,,2025-12-31T06:00:00.000Z
,Immediate,Kyle,Crum,San Diego State,QB,,2026,3,2026-01-01T04:31:00.000Z
,Immediate,Jonathan,Landry,Eastern Washington,CB,,2026,3,2026-01-01T02:00:00.000Z
San Diego State,Immediate,Mercer,Luniewski,Michigan State,OT,,2026,3,2026-01-04T15:26:00.000Z
,Immediate,Chrisdasson,Saint-Jean,Kennesaw State,OT,,2026,3,2026-01-01T01:00:00.000Z
Tulsa,Immediate,Grant,McAtee,North Central College,TE,0.85,2026,3,2026-01-21T03:12:00.000Z
,Withdrawn,Christion,Stokes,Findlay,S,0.84,2026,3,2026-01-30T04:15:47.000Z
South Florida,Immediate,Jaylin,Acevedo,Navy,OT,0.85,2026,3,2026-01-16T19:59:00.000Z
UCF,Immediate,Duke,Watson,Louisville,RB,0.87,2026,3,2026-01-10T20:52:00.000Z
UT Martin,Immediate,Greg,Ard,Boise State,RB,0.85,2026,3,2026-01-23T04:07:00.000Z
Bowling Green,Immediate,Jonathan,Goins,Alabama A&M,LB,0.8,2026,3,2026-02-04T18:13:00.000Z
California,Immediate,Jackson,Brousseau,Colorado State,QB,0.85,2026,3,2026-01-16T21:38:00.000Z
,Immediate,John,Amone,Portland State,LB,,2026,,2026-01-15T06:00:00.000Z
Memphis,Immediate,Marcus,Stokes,West Florida,QB,0.86,2026,3,2026-01-08T04:47:00.000Z
Rice,Immediate,Jacurri,Brown,UCF,QB,,2026,4,2026-01-06T19:37:00.000Z
Pittsburgh,Immediate,Carson,Kent,Oklahoma,TE,0.87,2026,3,2026-01-09T23:46:00.000Z
North Texas,Immediate,Jahiem,White,West Virginia,RB,0.86,2026,3,2026-01-08T04:10:49.000Z
Colorado,Immediate,Tyler,Martinez,New Mexico State,LB,0.85,2026,3,2026-01-06T19:13:00.000Z
Utah,Immediate,Marcus,Wimberly,Oklahoma,S,0.85,2026,3,2026-01-06T16:43:55.000Z
Marshall,Immediate,TJ,Lester,West Georgia,RB,0.83,2026,3,2026-01-08T16:16:00.000Z
UCF,Immediate,Rashad,Henry,Massachusetts,LB,0.83,2026,3,2026-01-11T00:35:00.000Z
Western Kentucky,Immediate,Kiawan,Murphy,Akron,DL,0.82,2026,3,2026-01-12T02:35:00.000Z
New Mexico State,Immediate,Jordan-Lebron,Downey,Livingstone,DL,0.85,2026,3,2025-12-03T14:36:00.000Z
Washington State,Immediate,Eduwa,Okundaye,Arizona,EDGE,0.86,2026,3,2026-01-08T19:52:00.000Z
Georgia State,Immediate,Ryan,Green,Wingate,LB,0.82,2026,3,2025-12-03T06:00:00.000Z
Ball State,Immediate,Keilan,Smith,Cincinnati,DL,0.84,2026,3,2026-01-15T22:37:00.000Z
Syracuse,Immediate,Jai,Eugene Jr.,Western Kentucky,S,0.86,2026,3,2026-01-16T11:45:00.000Z
Bethune-Cookman,Immediate,Jaylen,Johnson,South Florida,RB,,2026,3,2026-01-13T23:57:00.000Z
Sam Houston,Immediate,William,Davis,West Virginia,S,0.83,2026,3,2026-01-15T02:41:00.000Z
Boise State,Immediate,Cam,Jamerson,TCU,CB,0.86,2026,3,2026-01-13T21:16:08.000Z
James Madison,Immediate,Frankie,Tinilau,East Tennessee State,OT,0.84,2026,3,2026-01-14T19:50:00.000Z
Toledo,Immediate,Nick,Thomas,Rhode Island,OT,0.84,2026,3,2026-01-14T19:05:00.000Z
Ball State,Immediate,Jacob,Jeudy,Concord,IOL,0.85,2026,3,2026-01-14T22:21:00.000Z
Virginia Tech,Immediate,Curtis,Jones Jr.,West Virginia,EDGE,0.86,2026,3,2026-01-18T00:15:00.000Z
,Immediate,Quentin,Redding,Minnesota,WR,,2026,,2025-12-03T14:31:00.000Z
Akron,Immediate,Brandon,Smith,South Dakota,IOL,,2026,,2026-01-10T05:14:00.000Z
Tennessee,Immediate,Dejuan,Lane,Penn State,S,0.87,2026,3,2026-01-10T20:13:00.000Z
Arkansas State,Immediate,Trey,Owens,Texas,QB,0.86,2026,3,2026-01-09T22:44:26.000Z
UCLA,Immediate,Amier,Washington,Texas Tech,DL,0.86,2026,3,2026-01-10T03:12:19.000Z
UConn,Immediate,Nathan,Pahanich,Wake Forest,OT,0.85,2026,3,2026-01-11T17:18:00.000Z
Wake Forest,Immediate,Sawyer,Seidl,North Dakota,RB,0.85,2026,3,2026-01-09T02:55:32.000Z
Arizona,Immediate,Everett,Roussaw Jr.,Memphis,LB,0.85,2026,3,2026-01-09T00:32:00.000Z
Arizona,Immediate,Dwight,Bootle II,Charlotte,CB,0.85,2026,3,2026-01-11T23:17:00.000Z
Oregon State,Immediate,Daniel,Matagi,Portland State,DL,0.86,2026,3,2026-01-13T15:28:07.000Z
Boise State,Immediate,Zander,Esty,Oregon State,IOL,0.84,2026,3,2026-01-19T16:41:00.000Z
Colorado State,Immediate,Caleb,Presley,San José State,CB,0.86,2026,3,2026-01-15T17:26:00.000Z
UConn,Immediate,Joshua,Mickens,Ohio State,EDGE,0.86,2026,3,2026-01-13T15:20:00.000Z
UL Monroe,Immediate,Sean,Dugery,Memphis,IOL,0.84,2026,3,2026-01-21T06:00:00.000Z
,Withdrawn,Ken,Moore Jr.,Western Carolina,S,0.83,2026,3,2026-02-28T04:22:44.000Z
UL Monroe,Immediate,Larell,Howling,Coastal Carolina,CB,0.84,2026,3,2026-01-22T22:22:00.000Z
UCLA,Immediate,Dallin,Havea,Utah Tech,EDGE,0.85,2026,3,2026-01-15T18:21:00.000Z
James Madison,Immediate,Javis,Mynatt,Texas State,S,0.85,2026,3,2026-01-12T19:31:00.000Z
South Florida,Immediate,Terry,Simmons,Duke,DL,,2026,3,2026-01-06T21:13:00.000Z
,Immediate,Ryland,Jessee,Michigan State,QB,,2026,3,2025-12-31T19:47:00.000Z
,Immediate,Ta'Avili,Tuitama,New Mexico State,DL,,2026,,2025-12-31T19:48:00.000Z
,Immediate,Jaylon,Nichols,North Carolina,RB,,2026,3,2025-12-31T19:03:00.000Z
Troy,Immediate,Ethan,Head,West Virginia,K,,2026,,2026-01-11T01:04:00.000Z
UCLA,Immediate,Josh,Phifer,James Madison,TE,0.87,2026,3,2026-01-06T17:13:00.000Z
Memphis,Immediate,Ian,Foster,Southern Miss,S,0.87,2026,3,2026-01-10T20:36:00.000Z
Syracuse,Immediate,Tunmise,Adeleye,UNLV,DL,0.86,2026,3,2026-01-12T15:27:00.000Z
UCLA,Immediate,Brayden,Loftin,Kansas State,TE,0.86,2026,3,2026-01-10T18:58:00.000Z
Houston,Immediate,Evan,Noel,Florida,K,0.8,2026,3,2026-01-12T19:55:00.000Z
Bowling Green,Immediate,Selah,Brown,Louisville,DL,0.84,2026,3,2026-01-23T19:48:00.000Z
Jacksonville State,Immediate,Caleb,Holmes,Pittsburgh,IOL,0.86,2026,3,2026-01-16T22:57:00.000Z
Louisiana,Immediate,Princeton,Malbrue,LSU,LB,0.82,2026,3,2026-01-13T16:59:00.000Z
San Diego State,Immediate,Djibril,Rahman,Rutgers,EDGE,0.85,2026,3,2026-01-13T17:10:00.000Z
Vanderbilt,Immediate,Jaylin,Davies,Oklahoma State,CB,0.85,2026,3,2026-02-26T03:27:00.000Z
Alabama State,Immediate,Randall,King,Campbell,WR,0.85,2026,3,2026-01-19T16:55:10.000Z
Buffalo,Immediate,Joey,Cheshire,Cornell,LB,0.84,2026,3,2026-01-19T17:53:00.000Z
UConn,Immediate,Tyler,McKinstry,Toledo,CB,0.82,2026,3,2026-01-24T17:57:00.000Z
Idaho State,Immediate,Eli,Aragon,Coastal Carolina,WR,,2026,,2026-01-27T20:08:09.000Z
,Immediate,Jesiah,Cornwell,Washington State,TE,,2026,,2025-12-17T16:43:00.000Z
NC State,Immediate,Daniel,Cruz,Texas,IOL,0.86,2026,3,2026-01-12T17:18:00.000Z
Colorado State,Immediate,Antarron,Turner,Wisconsin,LB,,2026,,2026-01-11T12:54:00.000Z
,Immediate,Keith,Moko,Western Illinois,CB,,2026,2,2025-12-31T18:31:00.000Z
Eastern Illinois,Immediate,Lonnie,Burt,Portland State,LB,,2026,,2026-01-11T16:02:00.000Z
,Immediate,Ben,Scolari,San Diego State,WR,,2026,3,2025-12-31T04:32:00.000Z
,Immediate,Max,Lantzsch,New Mexico,TE,,2026,,2025-12-31T03:01:00.000Z
Jacksonville State,Immediate,Andrew,Rumph,UCF,DL,,2026,3,2026-01-09T02:47:00.000Z
,Immediate,Davis,Oliver-Goodwin,Lafayette,S,,2026,,2025-12-31T16:48:00.000Z
,Immediate,Jeremiah,Tuiileila,San Diego State,EDGE,,2026,3,2025-12-31T16:32:00.000Z
,Immediate,Mikey,Welsh,San Diego State,WR,,2026,,2025-12-31T04:34:00.000Z
Texas,Immediate,Rasheem,Biles,Pittsburgh,LB,0.93,2026,4,2026-01-11T00:44:00.000Z
,Immediate,Paul,Oyewale,TCU,EDGE,0.87,2026,3,2025-12-16T02:47:00.000Z
TCU,Immediate,Jaden,Craig,Harvard,QB,0.87,2026,3,2026-01-04T14:12:00.000Z
LSU,Immediate,William,Satterwhite,Tennessee,IOL,0.87,2026,3,2026-01-10T15:08:00.000Z
Utah,Immediate,Lucas,Samsula,Wyoming,DL,0.86,2026,3,2026-01-06T17:10:00.000Z
,Immediate,Joey,Su'a,Arizona State,IOL,,2026,3,2025-12-03T15:28:00.000Z
Wisconsin,Immediate,Carson,Van Dinter,Iowa State,S,0.85,2026,3,2026-01-03T15:15:00.000Z
Indiana State,Immediate,Peter,Eyabi,Wyoming,EDGE,,2026,,2026-01-20T13:51:00.000Z
LSU,Immediate,Jordan,Seaton,Colorado,OT,0.98,2026,5,2026-01-13T02:46:00.000Z
Coastal Carolina,Immediate,Daughtry,Richardson,Florida Atlantic,OT,0.83,2026,3,2026-01-19T03:38:00.000Z
College of the Sequoias,Immediate,Dalton,Anderson,Washington State,QB,,2026,,2026-01-14T18:18:00.000Z
Austin Peay,Immediate,Michael,Cogoni,Coastal Carolina,IOL,,2026,,2026-01-24T05:29:00.000Z
Iowa,Immediate,Tanner,Philpott,Simpson College,P,,2026,,2026-01-19T00:46:00.000Z
South Florida,Immediate,JR,Rosenberg,Texas A&M,S,0.8,2026,3,2026-01-15T15:42:00.000Z
Northern Colorado,Immediate,Keegan,Patterson,Indiana State,QB,,2026,,2026-01-20T01:17:00.000Z
East Tennessee State,Immediate,Yasir,Smith,North Carolina,EDGE,,2026,3,2026-01-26T17:59:00.000Z
Bowling Green,Immediate,Armahn,Hale,New Mexico State,S,0.85,2026,3,2026-01-15T03:06:00.000Z
Kennesaw State,Immediate,Darius,Neals,Tennessee State,IOL,0.83,2026,3,2026-01-21T18:47:00.000Z
,Withdrawn,Umari,Hatcher,Syracuse,WR,,2026,3,2026-01-08T04:13:36.000Z
,Immediate,Andrew,Metzger,Kansas State,TE,,2026,3,2025-12-04T14:18:00.000Z
Louisville,Immediate,Lawayne,McCoy,Florida State,WR,0.92,2026,4,2026-01-11T21:19:00.000Z
Virginia Tech,Immediate,Bryce,Baker,North Carolina,QB,0.87,2026,3,2026-01-10T19:37:00.000Z
Texas A&M,Immediate,Ray,Coney,Tulsa,LB,0.86,2026,3,2026-01-04T19:06:00.000Z
,Immediate,Yassine,Falke,Marian (IN),CB,0.85,2026,3,2025-12-03T22:39:00.000Z
,Immediate,Brandon,Stuckey,Indianapolis,IOL,0.84,2026,3,2025-12-03T18:48:00.000Z
Sacramento State,Immediate,Will,Weber,UTEP,DL,0.8,2026,3,2026-01-20T22:46:00.000Z
Liberty,Immediate,Ashton,Whitner,Ball State,S,0.84,2026,3,2026-01-15T23:57:00.000Z
Tulsa,Immediate,Caldra,Williford,Baylor,CB,0.85,2026,3,2026-01-21T03:09:00.000Z
,Withdrawn,Dylan,Phelps,Colorado State,CB,,2026,,2026-01-14T19:00:00.000Z
Utah State,Immediate,Antonio,Bluiett,North Dakota,CB,0.86,2026,3,2026-02-04T16:06:00.000Z
North Carolina Central,Immediate,Jeremiah,Laguerre,St. Thomas,LB,0.82,2026,3,2026-01-09T19:39:00.000Z
,Immediate,Aidan,Boehle,Winona State,EDGE,,2026,2,2026-05-04T05:00:00.000Z
Georgia Southern,Immediate,Ashton,Hollins,Illinois,WR,0.82,2026,3,2026-01-14T18:39:00.000Z
Sacramento State,Immediate,Isiah,Chala Jr.,Fresno State,EDGE,0.82,2026,3,2026-01-21T13:29:00.000Z
Northern Arizona,Immediate,Matthew,Cooks,Texas Southern,LB,0.84,2026,3,2026-01-13T02:36:00.000Z
Tulsa,Immediate,Seth,Davis,Mississippi State,RB,0.85,2026,3,2026-01-15T23:51:00.000Z
Oregon,Immediate,Markus,Dixon,Clemson,EDGE,0.85,2026,3,2026-01-17T19:18:00.000Z
UL Monroe,Immediate,Parker,Fulghum,Clemson,WR,0.82,2026,3,2026-01-13T18:56:00.000Z
Coastal Carolina,Immediate,Jesse,Powell II,Elon,LB,0.84,2026,3,2026-01-17T00:28:00.000Z
,Withdrawn,Trey,Watkins,LIU Post,S,0.8,2026,3,2026-01-30T23:47:00.000Z
Arkansas,Immediate,Malachi,Breland,Memphis,IOL,0.86,2026,3,2026-01-04T19:47:00.000Z
Marshall,Immediate,Andrew,Hamad,Albany,LB,,2026,,2026-07-29T14:00:00.000Z
Arkansas,Immediate,Sutton,Smith,Memphis,RB,0.86,2026,3,2026-01-06T00:34:05.000Z
Florida State,Immediate,Nehemiah,Chandler,South Alabama,CB,0.86,2026,3,2026-01-03T21:51:00.000Z
North Carolina,Immediate,Miles,O'Neill,Texas A&M,QB,0.86,2026,3,2026-01-06T17:50:00.000Z
UCLA,Immediate,Sean,Na'a,Arizona State,IOL,0.86,2026,3,2026-01-11T06:19:14.000Z
LSU,Immediate,Ty,Benefield,Boise State,S,0.94,2026,4,2026-01-06T17:06:00.000Z
Washington State,Immediate,Matyus,McLain,Idaho,EDGE,,2026,2,2026-01-09T15:21:00.000Z
Iowa State,Immediate,Brody,Miller,Washington State,S,0.83,2026,3,2026-01-06T20:21:00.000Z
Arkansas State,Immediate,Drew,Dickey,Vanderbilt,QB,0.82,2026,3,2026-01-04T00:31:00.000Z
,Immediate,Drew,VanVleet,Dayton,QB,,2026,,2025-12-05T17:43:00.000Z
Jacksonville State,Immediate,Ryan,Walker,North Alabama,IOL,,2026,,2026-01-10T02:43:00.000Z
,Immediate,Jaden,Bradley,UNLV,WR,,2026,3,2026-01-08T16:03:00.000Z
Michigan State,Immediate,Cam,Stodghill,Albany,S,0.85,2026,3,2026-01-10T05:47:00.000Z
,Immediate,Sentel,Simpson,Louisiana Tech,S,,2026,3,2026-01-08T16:01:00.000Z
Iowa State,Immediate,Tristan,Exline,Texas-Permian Basin,LB,0.84,2026,3,2026-01-03T19:32:00.000Z
,Immediate,Delano,Brown,UConn,DL,,2026,,2026-01-17T05:17:00.000Z
Colorado School of Mines,Immediate,Braden,Keith,Colorado,CB,,2026,,2026-04-30T02:50:00.000Z
Coastal Carolina,Immediate,Gabe,White,Bethune-Cookman,CB,0.84,2026,3,2026-01-17T21:55:00.000Z
New Mexico State,Immediate,Devin,Ellison,Washington State,WR,0.84,2026,3,2026-01-18T20:38:00.000Z
North Texas,Immediate,Chaston,Ditta,East Carolina,QB,0.83,2026,3,2026-01-13T19:19:00.000Z
Penn State,Immediate,Jeremiah,Cooper,Iowa State,S,0.87,2026,3,2026-01-11T19:26:00.000Z
,Immediate,Petey,Tucker,Colorado State,WR,,2026,3,2026-01-08T16:11:00.000Z
,Immediate,Tim,Malo,Hawai'i,S,,2026,3,2026-01-08T16:06:00.000Z
,TBD,Josh,Dorsainvil,UCF,EDGE,,2026,,2026-01-08T16:01:00.000Z
Arizona State,Immediate,Ashton,Stamps,LSU,CB,0.86,2026,3,2026-01-07T00:45:00.000Z
Pittsburgh,Immediate,Jeremiah,Warren,Illinois,DL,0.86,2026,3,2026-01-10T16:36:00.000Z
Jackson State,Immediate,Messiah,Blair,Eastern Michigan,EDGE,0.85,2026,3,2026-01-10T17:40:00.000Z
Purdue,Immediate,Micah,Banuelos,USC,IOL,0.85,2026,3,2026-01-04T14:03:00.000Z
Boston College,Immediate,Mason,McKenzie,Saginaw Valley State,QB,0.85,2026,3,2026-01-04T22:40:00.000Z
,Immediate,Mekhi,Norris,Mississippi Valley State,WR,0.82,2026,3,2025-12-03T17:36:00.000Z
,Immediate,Pierce,Walker,Portland State,S,,2026,2,2025-12-08T00:25:00.000Z
,Immediate,Elijah,Hunter Jr.,Middle Tennessee,CB,,2026,3,2025-12-07T19:58:00.000Z
,Immediate,Jaelen,Nichols,Campbell,S,,2026,,2025-12-07T20:29:00.000Z
,Immediate,Kian,Johnson,Temple,WR,,2026,,2025-12-06T20:41:00.000Z
,Immediate,Jude,Edwards,West Virginia,IOL,,2026,,2025-12-05T03:37:00.000Z
,Immediate,Davion,Grant,Mount Union ,WR,0.84,2026,3,2025-12-08T19:48:00.000Z
Baylor,Immediate,Stilton,McKelvey,New Mexico State,CB,,2026,,2026-01-11T21:55:00.000Z
Wyoming,Immediate,Anthony,Beavers Jr.,USC,S,,2026,4,2026-01-10T21:01:00.000Z
Bowling Green,Immediate,Gabriel,Funk,App State,OT,,2026,2,2026-01-07T18:14:00.000Z
Arkansas,Immediate,Khmori,House,North Carolina,LB,0.9,2026,4,2026-01-07T18:54:00.000Z
Georgia State,Immediate,Chase,Allen-Jackman,Washburn,WR,0.85,2026,3,2026-01-12T00:06:00.000Z
West Georgia,Immediate,Collin,Hurst,Presbyterian,QB,0.8,2026,3,2026-01-08T01:56:00.000Z
Georgia State,Immediate,Rodshaun,Dorsey,Erskine,WR,0.84,2026,3,2025-12-04T06:00:00.000Z
Cincinnati,Immediate,Ty,Goodwill,South Alabama,S,0.86,2026,3,2026-01-08T18:00:00.000Z
Texas Tech,Immediate,Corey,Platt Jr.,Houston,LB,0.88,2026,3,2026-01-13T03:13:00.000Z
Sam Houston,Immediate,Denell,Nix Jr.,App State,OT,0.84,2026,3,2026-02-04T21:35:00.000Z
Arizona,Immediate,Jake,Griffin,BYU,OT,0.85,2026,3,2026-01-13T03:09:00.000Z
Ole Miss,Immediate,Luke,Ferrelli,California,LB,0.9,2026,4,2026-01-21T17:00:00.000Z
Georgia,Immediate,Gentry,Williams,Oklahoma,CB,0.87,2026,3,2026-01-13T15:46:00.000Z
Nicholls,Immediate,Jhamal,Shelby Jr.,Louisiana Tech,CB,0.83,2026,3,2026-04-02T02:10:00.000Z
Texas Tech,Immediate,Kirk,Francis,Tulsa,QB,0.83,2026,3,2026-01-14T05:18:00.000Z
Stephen F. Austin,Immediate,Travon,Sylvester,UTSA,DL,,2026,,2026-01-21T00:47:15.000Z
USC,Immediate,GianCarlo,Rufo,Georgetown,LB,0.8,2026,3,2026-02-06T23:34:00.000Z
Coastal Carolina,Immediate,Trever,Jackson,Arkansas,QB,0.86,2026,3,2026-01-15T01:07:00.000Z
Cincinnati,Immediate,D'Angelo,Hutchinson,Louisville,S,,2026,3,2026-08-25T20:59:00.000Z
,Immediate,Brylan,Green,Liberty,S,,2026,3,2026-08-23T14:40:00.000Z
UConn,Immediate,Ben,Mulholland,Houston Christian,IOL,0.85,2026,3,2026-01-17T18:35:00.000Z
New Mexico State,Immediate,Jeremiah,Sandiford,Tennessee Tech,DL,0.83,2026,3,2026-01-21T02:55:00.000Z
Middle Tennessee,Immediate,Markus,Allen,Mississippi State,WR,0.82,2026,3,2026-01-17T00:25:00.000Z
Colorado,Immediate,Jason,Stokes Jr.,Utah,CB,0.86,2026,3,2026-01-14T15:08:00.000Z
Coastal Carolina,Immediate,Azarel,Juste,Bryant,LB,0.85,2026,3,2026-01-10T17:31:00.000Z
Penn State,Immediate,Karon,Brookins,Iowa State,WR,0.85,2026,3,2026-01-05T02:26:00.000Z
Arizona State,Immediate,Kristian,Ingman,Portland State,TE,0.84,2026,3,2026-01-10T01:03:00.000Z
,Immediate,Tyshawn,Dues,West Virginia,WR,,2026,3,2025-12-05T23:21:00.000Z
,TBD,Brian,Dillard,South Alabama,CB,,2026,3,2026-01-06T20:58:00.000Z
UCF,Immediate,Kaleb,Annett,Boise State,QB,0.83,2026,3,2026-01-18T00:57:00.000Z
Tulane,Immediate,Jordan,Mcallister,New Hampshire,EDGE,,2026,,2026-01-11T22:05:00.000Z
Charlotte,Immediate,Luke,Sandy,Wyoming,IOL,0.85,2026,3,2026-01-18T18:46:00.000Z
Oklahoma State,Immediate,Shaun,Torgeson,Portland State,OT,0.85,2026,3,2026-01-12T04:54:00.000Z
App State,Immediate,Kamron,Burris,Anderson,OT,0.84,2026,3,2025-12-03T17:54:00.000Z
,Withdrawn,Bruno,Massel IV,Indiana,WR,,2026,,2026-01-22T13:38:00.000Z
Liberty,Immediate,Elijah,McKenzie,Bowie State,CB,0.83,2026,3,2025-12-03T16:56:00.000Z
,Withdrawn,Calib,Perez,UAB,IOL,0.85,2026,3,2026-01-27T02:06:57.000Z
Louisville,Immediate,Koen,Entringer,Iowa,S,0.89,2026,3,2026-01-10T15:40:00.000Z
Western Kentucky,Immediate,CC,Ezirim,Toledo,TE,0.85,2026,3,2026-01-15T03:47:00.000Z
Ole Miss,Immediate,Keaton,Thomas,Baylor,LB,0.87,2026,3,2026-01-03T14:05:00.000Z
Colorado,Immediate,Jaydan,Hardy,Oklahoma,S,0.86,2026,3,2026-01-14T21:09:00.000Z
Coastal Carolina,Immediate,Jalen,Lee,South Dakota State,S,0.86,2026,3,2026-01-09T21:39:46.000Z
Charlotte,Immediate,D'Nas,White,Catawba,DL,0.84,2026,3,2025-12-03T16:17:00.000Z
TCU,Immediate,Landon,Walker,Colorado School of Mines,RB,0.85,2026,3,2026-01-06T20:12:00.000Z
Rutgers,Immediate,Zahmir,Dawud,Villanova,CB,0.85,2026,3,2026-01-04T13:17:00.000Z
,Immediate,Ethan,Chill,West Virginia,IOL,,2026,,2025-12-05T20:44:00.000Z
,Immediate,Nate,Johnson,Boston College,WR,,2026,3,2025-12-08T03:38:00.000Z
Tulane,Immediate,Jackson,Courville,Ohio State,K,,2026,,2026-01-12T18:31:00.000Z
UAB,Immediate,Jeremiah,Jordan,Memphis,S,0.85,2026,3,2026-01-12T17:14:00.000Z
Oklahoma State,Immediate,Tyler,Mercer,Kansas,IOL,0.85,2026,3,2026-01-06T20:17:00.000Z
James Madison,Immediate,Corey,Scott,West Florida,WR,0.86,2026,3,2026-01-10T18:31:00.000Z
Baylor,Immediate,Zavion,Hardy,South Carolina,DL,0.85,2026,3,2026-01-11T15:40:00.000Z
,Immediate,Elijah,Harvey,New Mexico State,OT,,2026,,2025-12-04T19:45:00.000Z
South Florida,Immediate,Tayvion,Beasley,BYU,CB,,2026,3,2026-01-10T15:47:00.000Z
,Immediate,Chris,Lawson Jr.,App State,WR,,2026,3,2025-12-08T17:10:00.000Z
California,Immediate,Adam,Mohammed,Washington,RB,0.92,2026,4,2026-01-06T22:22:00.000Z
Kentucky,Immediate,Kenny,Minchey,Notre Dame,QB,0.92,2026,4,2026-01-06T02:54:00.000Z
LSU,Immediate,Stephiylan,Green,Clemson,DL,0.91,2026,4,2026-01-06T18:32:00.000Z
Arizona State,Immediate,Raiden,Vines-Bright,Washington,WR,0.89,2026,3,2026-01-04T14:02:00.000Z
Wisconsin,Immediate,Shamar,Rigby,Oklahoma State,WR,0.88,2026,3,2026-01-04T15:15:00.000Z
Ole Miss,Immediate,Sharif,Denson,Florida,CB,0.87,2026,3,2026-01-04T15:35:00.000Z
Colorado,Immediate,Danny,Scudero,San José State,WR,0.87,2026,3,2026-01-04T13:32:00.000Z
Delaware,Immediate,Sam,Siafa,Penn State,DL,0.84,2026,3,2026-01-28T01:40:00.000Z
UConn,Immediate,Steve,Miller,USC,S,0.85,2026,3,2026-01-13T00:33:00.000Z
Texas State,Immediate,Javante,Mackey,Arkansas State,LB,0.85,2026,3,2026-01-21T04:49:00.000Z
Ohio State,Immediate,Justyn,Martin,Maryland,QB,0.86,2026,3,2026-01-12T21:45:00.000Z
,Immediate,Jaavan,Mack,Western Kentucky,CB,,2026,,2026-01-17T05:26:00.000Z
Utah State,Immediate,James,Jennette,Virginia Tech,EDGE,0.86,2026,3,2026-01-21T21:00:00.000Z
,Withdrawn,Cam,Wallace,Penn State,RB,,2026,3,2026-01-15T01:56:14.000Z
Michigan State,Immediate,Alex,Weeks,Northern Arizona,P,,2026,,2026-01-19T17:09:00.000Z
UTSA,Immediate,Collins,Acheampong,Bowling Green,EDGE,0.85,2026,3,2026-01-23T21:49:00.000Z
Mississippi State,Immediate,Brandon,Sneh,UAB,OT,0.85,2026,3,2026-01-21T18:22:00.000Z
Alabama A&M,Immediate,Antonio,Coleman,Auburn,EDGE,0.85,2026,3,2026-02-11T04:08:00.000Z
New Mexico,Immediate,Joey,Olsen,USC,TE,0.85,2026,3,2026-01-13T22:32:00.000Z
SMU,Immediate,Marques,White,Massachusetts,EDGE,0.86,2026,3,2026-01-12T23:26:00.000Z
Virginia,Immediate,Ryan,Brubaker,South Carolina,IOL,0.85,2026,3,2026-01-13T14:02:00.000Z
Arkansas,Immediate,Carlon,Jones,USC,DL,0.86,2026,3,2026-01-06T19:33:00.000Z
Virginia,Immediate,Jaylen,Jones,Georgia State,S,0.86,2026,3,2026-01-10T16:22:00.000Z
Oregon,Immediate,Michael,Bennett III,Yale,OT,0.86,2026,3,2026-01-12T15:51:00.000Z
Florida,Immediate,Emeka,Ugorji,Stanford,OT,0.86,2026,3,2026-01-09T15:11:00.000Z
Auburn,Immediate,Jake,Johnson,North Carolina,TE,0.86,2026,3,2026-01-11T01:33:00.000Z
,Withdrawn,Winston,Berglund,Purdue,LB,0.85,2026,3,2026-01-05T01:39:22.000Z
Georgia Southern,Immediate,Blake,Ford,Arkansas,K,,2026,,2026-01-11T22:07:00.000Z
,Immediate,Gerald,Modest Jr.,Wofford,RB,,2026,,2025-12-04T00:00:00.000Z
Tulane,Immediate,Dawson,Johnson,Old Dominion,TE,,2026,,2026-01-10T05:50:12.000Z
South Florida,Immediate,Armani,Winfield,Colorado State,WR,,2026,4,2026-01-12T15:51:00.000Z
,Immediate,Austin,Myers,Central Arkansas,QB,,2026,3,2025-12-15T17:15:00.000Z
Utah State,Immediate,Adonis,Jackson,Mississippi Valley State,EDGE,0.82,2026,3,2026-01-10T06:01:41.000Z
San José State,Immediate,Dylan,Aguilera,Lafayette,LS,,2026,,2026-02-03T00:11:00.000Z
New Mexico State,Immediate,Tayden,Barnes,Cincinnati,S,0.84,2026,3,2026-01-21T02:59:00.000Z
,Immediate,Ja'Bril,Rawls,Florida State,CB,0.94,2026,4,2025-12-16T16:58:00.000Z
San Diego State,Immediate,Nate,Henrich,Gannon,DL,0.82,2026,3,2026-01-04T16:32:00.000Z
Tennessee Tech,Immediate,MJ,Flowers,UConn,RB,0.84,2026,3,2026-01-17T04:36:00.000Z
UAB,Immediate,Noah,Nelson,Georgia State,DL,0.84,2026,3,2026-01-18T20:11:00.000Z
Montana,Immediate,Legend,Lyons,Minnesota,WR,,2026,3,2026-01-13T14:31:00.000Z
,Immediate,Pokaiaua,Haunga,BYU,RB,,2026,3,2026-01-13T16:59:00.000Z
Austin Peay,Immediate,Ta'Ron,Haile,Syracuse,WR,,2026,3,2026-01-25T21:51:00.000Z
Massachusetts,Immediate,Jahmad,Harmon,Ball State,S,0.83,2026,3,2026-01-13T18:19:00.000Z
Ohio,Immediate,Trumain,Lawson,LIU Post,OT,0.83,2026,3,2026-01-17T22:26:00.000Z
Cincinnati,Immediate,Jasper,Beeler,Northern Illinois,S,0.86,2026,3,2026-01-06T20:31:00.000Z
Washington,Immediate,Trey,Cooley,Troy,RB,0.85,2026,3,2026-01-22T21:40:00.000Z
Colorado,Immediate,Kam,Perry,Miami (OH),WR,0.86,2026,3,2026-01-04T02:13:00.000Z
Auburn,Immediate,Byrum,Brown,South Florida,QB,0.94,2026,4,2026-01-06T16:15:45.000Z
Northwestern,Immediate,Kobie,McKinzie,Oklahoma,LB,0.9,2026,4,2026-01-06T20:57:00.000Z
Toledo,Immediate,Zach,Johnson,UAB,EDGE,0.83,2026,3,2026-01-14T19:27:00.000Z
Wyoming,Immediate,Justin,Popovich,Lock Haven,WR,0.84,2026,3,2026-01-22T02:38:00.000Z
Wyoming,Immediate,Chandler,Donaway,East Texas A&M,IOL,0.84,2026,3,2026-01-12T21:35:00.000Z
,Immediate,Brayon,Crawford,Cornell,LB,0.8,2026,3,2025-12-03T17:08:00.000Z
SMU,Immediate,Kendrick,Raphael,California,RB,0.92,2026,4,2026-01-13T02:00:00.000Z
Austin Peay,Immediate,Robert,Lee,Florida Atlantic,LB,,2026,3,2026-01-23T19:18:00.000Z
LSU,Immediate,Husan,Longstreet,USC,QB,0.92,2026,4,2026-01-14T17:11:00.000Z
Austin Peay,Immediate,Matthew,Wilson,App State,QB,,2026,3,2026-01-24T20:24:00.000Z
South Carolina State,Immediate,Derrick,McCormick Jr.,South Florida,LB,,2026,3,2026-02-04T13:38:00.000Z
Purdue,Immediate,Jaylan,Hornsby,Syracuse,WR,0.85,2026,3,2026-01-17T13:34:00.000Z
NC State,Immediate,Harvey,Dyson,Tulane,EDGE,0.86,2026,3,2026-01-11T01:59:00.000Z
Boise State,Immediate,Harry,Stewart III,Kansas,RB,,2026,3,2026-01-08T13:46:00.000Z
,Immediate,Jailen,Ruth,Vanderbilt,LB,,2026,3,2025-12-21T20:27:00.000Z
,Immediate,Melvin,Puckett,Bethune-Cookman,IOL,,2026,,2025-12-16T15:36:00.000Z
Arkansas State,Immediate,Jaden,Hamm,Kansas,TE,,2026,3,2026-01-07T19:24:00.000Z
Georgia Tech,Immediate,Markell,Samuel,Oklahoma State,OT,0.86,2026,3,2026-01-06T15:03:00.000Z
San José State,Immediate,Jayland,McGlothen,Sacramento State,DL,0.83,2026,3,2026-01-14T00:12:00.000Z
Rhode Island,Immediate,Toddrick,Brewton,Florida International,EDGE,,2026,3,2026-01-29T02:24:00.000Z
Texas A&M,Immediate,TJ,Smith,Houston Christian,LB,0.85,2026,3,2026-01-13T01:17:00.000Z
UC Davis,Immediate,Hayden,John,Idaho,ATH,,2026,3,2026-01-23T05:35:00.000Z
Coastal Carolina,Immediate,Daelen,Alexander,Rice,RB,0.85,2026,3,2026-01-18T00:32:00.000Z
Tennessee Tech,Immediate,Joshua,Brooks,Robert Morris,IOL,,2026,,2026-01-18T00:08:59.000Z
,Withdrawn,Dom,Collins,Concord,WR,0.83,2026,3,2026-01-25T22:55:00.000Z
Coastal Carolina,Immediate,DJ,Wesolak,Missouri State,EDGE,0.84,2026,3,2026-04-22T02:08:00.000Z
Colorado State,Immediate,Stephon,Wright,UConn,DL,,2026,4,2026-01-09T17:04:00.000Z
,Immediate,Deuce,Walker,Georgia State,S,,2026,3,2025-12-04T14:30:00.000Z
Purdue,Immediate,Jerrick,Gibson,Texas,RB,0.88,2026,3,2026-01-04T23:19:00.000Z
App State,Immediate,Sam,Pickett III,Samford,WR,0.82,2026,3,2026-01-08T02:43:00.000Z
James Madison,Immediate,Mason,Purham,Emory & Henry,EDGE,0.85,2026,3,2026-01-12T17:29:00.000Z
UAB,Immediate,Jotavion,Pierce,Oklahoma State,S,0.85,2026,3,2026-01-12T17:23:00.000Z
Toledo,Immediate,LaDavion,Osborn,Northern Colorado,CB,0.85,2026,3,2026-01-27T21:18:00.000Z
Harding,Immediate,Quory,Ambrose,Presbyterian,IOL,0.82,2026,3,2026-01-09T02:35:00.000Z
California,Immediate,Ricky,Fletcher,Ole Miss,CB,0.88,2026,3,2026-01-18T02:41:00.000Z
,Withdrawn,Kameron,Courtney,Virginia,WR,,2026,3,2026-01-16T15:27:00.000Z
Oregon State,Immediate,Brady,Jones,Western Michigan,QB,0.84,2026,3,2026-01-18T22:13:00.000Z
Kansas State,Immediate,Chase,Duarte,San Diego State,IOL,0.84,2026,3,2026-01-15T04:17:00.000Z
,Immediate,Kobe,Williams,Arkansas State,IOL,,2026,,2026-01-17T05:12:00.000Z
,Immediate,Brandon,Ervin,Clark Atlanta,CB,,2026,2,2025-12-03T14:07:00.000Z
South Florida,Immediate,Terrell,Jones,Virginia,DL,,2026,3,2026-01-09T20:57:00.000Z
,Immediate,Keenan,Landry,McNeese,DL,,2026,,2025-12-21T17:35:00.000Z
Minnesota,Immediate,TJ,Thomas Jr.,Elon,RB,0.86,2026,3,2026-01-11T00:58:00.000Z
Emporia State,Immediate,Callen,Barta,Kansas State,WR,0.85,2026,3,2026-01-10T17:21:00.000Z
Marshall,Immediate,Keydel,Painter,Virginia Union,EDGE,0.85,2026,3,2026-01-13T20:03:16.000Z
West Florida,Immediate,Bubba,Thompson,South Alabama,QB,,2026,3,2026-01-14T02:44:00.000Z
Toledo,Immediate,KJ,Thomas,Mercer,CB,0.85,2026,3,2026-01-20T21:57:00.000Z
,Immediate,Vincent,Chen,Stetson,OT,,2026,,2026-04-28T05:00:00.000Z
Kansas State,Immediate,Dylan,Davidson,Emporia State,P,,2026,,2025-12-18T21:32:00.000Z
UTSA,Immediate,Mark,Wiepert,Oregon,QB,,2026,3,2026-07-07T02:47:00.000Z
New Mexico State,Immediate,James,Williams,UTEP,IOL,0.84,2026,3,2026-01-18T15:58:00.000Z
Syracuse,Immediate,Nazir,Ward,Western Kentucky,CB,0.86,2026,3,2026-01-11T21:19:00.000Z
,Immediate,Corey,Clark,Mississippi State,DL,,2026,,2025-12-08T17:16:00.000Z
,Immediate,JaSire,Peterson,UAB,DL,,2026,4,2025-12-19T23:00:00.000Z
,Immediate,Kenzy,Paul,Duke,S,,2026,3,2025-12-19T21:39:00.000Z
Colorado State,Immediate,Jordan,Mosley,Mississippi State,WR,,2026,4,2026-01-11T02:22:00.000Z
Virginia,Immediate,Peyton,Lewis,Tennessee,RB,0.86,2026,3,2026-01-07T21:58:00.000Z
Southern Miss,Immediate,Amari,Wilson,Georgia Southern,EDGE,0.85,2026,3,2026-01-19T21:24:00.000Z
Mississippi State,Immediate,Amaree,Williams,Florida State,EDGE,0.88,2026,3,2026-01-09T15:09:00.000Z
Jacksonville State,Immediate,Rob,Billings IV,Clemson,S,0.86,2026,3,2026-01-12T23:30:00.000Z
McNeese,Immediate,Caden,Branston,Colorado State,DL,,2026,3,2026-01-24T19:08:00.000Z
Missouri,Immediate,Cayden,Lee,Ole Miss,WR,0.9,2026,4,2026-01-17T17:02:00.000Z
Akron,Immediate,Wyatt,Hook,Michigan State,TE,0.84,2026,3,2026-01-19T17:11:00.000Z
Tennessee,Immediate,Donovan,Haslam,West Virginia,IOL,0.86,2026,3,2026-01-17T15:01:00.000Z
NC State,Immediate,Davion,Gause,North Carolina,RB,0.86,2026,3,2026-01-11T00:04:14.000Z
,Immediate,Ronnie,Crosby III,Texas A&M,RB,,2026,,2026-01-12T16:38:00.000Z
,Immediate,DJ,Hill-Smith,New Mexico State,S,,2026,3,2025-12-05T20:55:00.000Z
Florida International,Immediate,JaCorey,Stewart,Kansas,LB,,2026,3,2026-01-07T18:19:00.000Z
Colorado,Immediate,Toby,Anene,North Dakota State,EDGE,0.87,2026,3,2026-01-05T23:18:00.000Z
Georgia Southern,Immediate,Aaron,Sears,Stephen F. Austin,CB,0.85,2026,3,2026-01-18T21:37:00.000Z
Bowling Green,Immediate,Kade,Kostus,Central Michigan,DL,,2026,3,2026-03-26T19:17:00.000Z
UCLA,Immediate,Mason,Rivera,Cal Poly,S,,2026,,2026-02-17T06:00:00.000Z
Auburn,Immediate,Da'Shawn,Womack,Ole Miss,EDGE,0.92,2026,4,2026-01-15T19:37:00.000Z
Florida Atlantic,Immediate,Jahmari,Powell-Wonson,Maryland,WR,,2026,3,2026-01-03T21:34:00.000Z
Maryland,Immediate,Na'eem Abdul-Rahim,Gladding,Old Dominion,WR,0.87,2026,3,2026-01-06T21:14:00.000Z
Kentucky,Immediate,Aaron,Gates,Florida,S,0.86,2026,3,2026-01-06T17:45:00.000Z
Oklahoma,Immediate,Peyton,Joseph,Georgia Tech,OT,0.86,2026,3,2026-01-10T15:17:00.000Z
Alabama,Immediate,Devan,Thompkins,USC,DL,0.94,2026,4,2026-01-07T17:21:00.000Z
BYU,Immediate,Walker,Lyons,USC,TE,0.9,2026,4,2026-01-09T18:03:00.000Z
Penn State,Immediate,Trevor,Buhr,Iowa State,IOL,0.87,2026,3,2026-01-05T02:29:00.000Z
North Carolina,Immediate,Mason,Humphrey,Lehigh,WR,0.86,2026,3,2026-01-11T20:10:00.000Z
North Texas,Immediate,Brendon,Haygood,Missouri,RB,0.86,2026,3,2026-01-10T18:17:00.000Z
SMU,Immediate,Mabrey,Mettauer,Sam Houston,QB,,2026,3,2026-07-24T17:25:00.000Z
Middle Tennessee,Immediate,James,Johnson,USC,CB,0.85,2026,3,2026-01-15T01:46:00.000Z
Louisville,Immediate,Garth,White,Rhode Island,K,,2026,,2026-05-09T00:00:00.000Z
Baylor,Immediate,Jayden,McGowan,Charlotte,WR,0.85,2026,3,2026-01-13T15:11:00.000Z
UTEP,Immediate,Preston,Hickey,Northwestern State,DL,0.85,2026,3,2026-01-22T16:44:00.000Z
Clemson,Immediate,Devarrick,Woods,Texas State,DL,0.86,2026,3,2026-01-17T05:13:00.000Z
Delaware State,Immediate,Shaun,Boykins Jr.,Louisville,RB,0.85,2026,3,2026-01-16T20:17:00.000Z
Wake Forest,Immediate,Tylan,McNichols,UAB,LB,0.85,2026,3,2026-01-13T17:23:00.000Z
Arkansas,Immediate,John,Howse IV,Middle Tennessee,S,0.85,2026,3,2026-01-16T18:54:00.000Z
Mississippi State,Immediate,Jaden,Rashada,Sacramento State,QB,0.85,2026,3,2026-01-22T23:32:00.000Z
UTEP,Immediate,Isaiah,Bogerty,Texas Southern,LB,0.82,2026,3,2026-01-18T19:26:00.000Z
,Immediate,Josh,Griffis,Tarleton State,EDGE,0.82,2026,3,2025-12-16T17:20:00.000Z
Illinois State,Immediate,Gage,Roy,USC,QB,,2026,,2026-01-21T13:33:00.000Z
Grambling,Immediate,Corey,Amos,Ole Miss,EDGE,,2026,3,2026-01-20T03:53:00.000Z
Washington,Immediate,Christian,Moss,Kennesaw State,WR,0.87,2026,3,2026-01-18T17:17:00.000Z
Rice,Immediate,Scott,Becker,Princeton,IOL,0.83,2026,3,2026-01-15T19:20:00.000Z
,Immediate,K'wan,Powell,South Florida,RB,,2026,3,2026-01-16T15:38:00.000Z
Utah State,Immediate,L.J.,Johnson Jr.,Texas State,WR,0.84,2026,3,2026-02-04T16:00:00.000Z
,Immediate,Boyce,Bankhead,Presbyterian,LB,,2026,,2025-11-27T23:49:00.000Z
,Immediate,Jamarion,Parker,Nebraska,RB,,2026,3,2025-12-08T19:03:00.000Z
,Immediate,Jeno,Junius Jr.,Western Carolina,S,,2026,,2025-12-31T15:53:00.000Z
Kansas,Immediate,Martin,Connington,Michigan State,K,,2026,3,2026-01-09T14:56:00.000Z
,Immediate,Tony,Freeman,Washington State,WR,0.86,2026,3,2025-12-15T23:14:00.000Z
Kansas,Immediate,Nick,Morrow,California,OT,0.86,2026,3,2026-01-09T15:03:00.000Z
East Carolina,Immediate,Ray Ray,Joseph,Miami,WR,0.86,2026,3,2026-01-09T02:37:00.000Z
Indiana,Immediate,Preston,Zachman,Wisconsin,S,0.86,2026,3,2026-01-04T15:00:00.000Z
Oklahoma State,Immediate,Isaiah,Chisom,UCLA,LB,0.86,2026,3,2026-01-10T23:16:00.000Z
Florida,Immediate,Micah,Mays Jr.,Wake Forest,WR,0.88,2026,3,2026-01-07T17:09:00.000Z
South Florida,Immediate,Bryson,Rodgers,Ohio State,WR,0.86,2026,3,2026-01-09T17:36:00.000Z
South Carolina,Immediate,Max,Drag,UCF,TE,0.85,2026,3,2026-01-17T05:14:00.000Z
Florida Atlantic,Immediate,JK,Johnson,Oklahoma State,CB,0.86,2026,3,2026-01-12T22:48:10.000Z
Washington State,Immediate,Jack,Pedersen,UCLA,TE,0.86,2026,3,2026-01-11T21:43:00.000Z
Jackson State,Immediate,Jaekwon,Bouldin,Mississippi State,OT,,2026,3,2026-01-11T21:35:00.000Z
,Immediate,Emeka,Iloh,Mississippi State,TE,,2026,3,2025-12-17T00:13:00.000Z
South Alabama,Immediate,Dylan,Chiedo,Furman,EDGE,0.82,2026,3,2026-01-19T00:07:00.000Z
,Immediate,Cam,Thompson,Mississippi State,WR,,2026,,2025-12-09T17:16:00.000Z
,Immediate,K.J.,Jones,Marshall,WR,,2026,,2025-12-18T13:51:00.000Z
,Immediate,Clay,Ash,West Virginia,RB,,2026,,2025-12-18T13:40:00.000Z
,Immediate,Deliyon,Freeman,Hawai'i,CB,,2026,2,2025-12-15T21:47:00.000Z
Miami (OH),Immediate,Cade,Yacamelli,Wisconsin,RB,0.85,2026,3,2026-01-17T00:50:00.000Z
San Diego State,Immediate,Matthew,Montgomery,Western Illinois,OT,,2026,,2026-01-07T18:19:45.000Z
Louisiana Tech,Immediate,Joshua,Brantley,Tulane,EDGE,0.86,2026,3,2026-01-16T15:48:00.000Z
Oklahoma State,Immediate,Dallas,Winner-Johnson,Tulane,LB,0.84,2026,3,2026-01-13T22:02:00.000Z
Delaware,Immediate,George,Mullins,Michigan State,S,,2026,3,2026-01-09T22:17:00.000Z
Livingstone,Immediate,Phoenix,Moss,Georgia State,RB,,2026,,2026-01-02T19:51:43.000Z
Southern Miss,Immediate,Hiroshi,Carr,Morgan State,CB,0.83,2026,3,2026-01-19T21:22:00.000Z
Mercer,Immediate,Brody,Balliew,West Georgia,OT,0.8,2026,3,2026-01-16T22:18:00.000Z
,Immediate,JT,Kouame-Yao,James Madison,LB,,2026,,2026-01-17T05:27:00.000Z
Michigan,Immediate,Brayden,Fowler-Nicolosi,Colorado State,QB,0.85,2026,3,2026-01-11T21:39:00.000Z
Middle Tennessee,Immediate,Ashton,Taylor,Jackson State,LB,0.85,2026,3,2026-01-11T16:30:00.000Z
Mississippi State,Immediate,Gus,Cordova,USC,EDGE,0.85,2026,3,2026-01-10T01:27:00.000Z
Kennesaw State,Immediate,Luke,Evans,Miami (OH),CB,0.85,2026,3,2026-01-11T16:45:00.000Z
Kentucky,Immediate,Dominic,Wiseman,South Alabama,DL,0.85,2026,3,2026-01-10T16:50:00.000Z
Oklahoma State,Immediate,Tate,Romney,Arizona State,LB,0.85,2026,3,2026-01-08T15:55:00.000Z
Wake Forest,Immediate,Ny,Carr,Miami,WR,0.85,2026,3,2026-01-11T17:31:00.000Z
James Madison,Immediate,Daniel,Michel,Florida International,OT,,2026,3,2026-01-10T18:06:00.000Z
Austin Peay,Immediate,Karson,Gordon,UCLA,QB,,2026,3,2026-05-28T14:55:00.000Z
Liberty,Immediate,Kanye,Udoh,Arizona State,RB,0.85,2026,3,2026-01-22T23:16:00.000Z
Sam Houston,Immediate,Christian,Zachary,NC State,WR,,2026,3,2026-02-03T01:23:00.000Z
Georgia Tech,Immediate,Justice,Haynes,Michigan,RB,0.95,2026,4,2026-01-14T17:19:00.000Z
UNLV,Immediate,Dee,Crayton,Clemson,LB,0.83,2026,3,2026-01-14T21:40:00.000Z
Oklahoma State,Immediate,Mose,Phillips III,Missouri,S,0.85,2026,3,2026-01-15T17:19:00.000Z
Arkansas State,Immediate,Shakai,Woods,Middle Tennessee,DL,0.84,2026,3,2026-01-13T01:39:00.000Z
,Immediate,Joseph,Bey,San José State,S,,2026,3,2025-12-31T14:15:00.000Z
UConn,Immediate,Cyncir,Bowers,West Virginia,RB,,2026,,2026-01-10T17:39:00.000Z
Georgia State,Immediate,Donovan,Faria,Gannon,CB,0.85,2026,3,2026-01-13T00:06:00.000Z
,Immediate,Marco,Patierno,Eastern Michigan,LB,,2026,,2025-12-19T18:45:00.000Z
,Immediate,Dyllan,Malone,Iowa State,WR,,2026,3,2025-12-31T02:15:00.000Z
South Florida,Immediate,D.J.,Crowther,Dartmouth,RB,,2026,3,2026-01-08T00:20:00.000Z
East Carolina,Immediate,Hayes,Creel,Southern Miss,OT,,2026,,2026-01-10T02:01:00.000Z
,Immediate,Ty,Howard,Ohio State,S,,2026,,2026-01-10T16:28:00.000Z
Marshall,Immediate,Eddie,Pleasant III,Buffalo,CB,,2026,3,2026-01-11T01:44:00.000Z
Eastern Michigan,Immediate,Guzzy,Kayed,Saint Francis (PA),OT,0.83,2026,3,2026-01-13T17:12:00.000Z
UCLA,Immediate,Brian,Rowe Jr.,South Carolina,WR,0.87,2026,3,2026-01-10T20:37:47.000Z
South Alabama,Immediate,Peyton,Argent,South Carolina,K,,2026,,2026-02-04T01:05:43.000Z
LSU,Immediate,Landen,Clark,Elon,QB,0.86,2026,3,2026-01-13T16:59:00.000Z
,Immediate,Rashod,Dubinion,App State,RB,,2026,3,2026-08-27T22:08:00.000Z
,Immediate,Jayden,Fielding,Ohio State,K,,2026,,2026-08-27T22:00:00.000Z
,Immediate,Ethan,Hubbard,South Alabama,OT,0.86,2026,3,2025-12-19T19:34:00.000Z
Arizona,Immediate,Malcolm,Hartzog,Nebraska,S,0.86,2026,3,2026-01-10T15:56:00.000Z
Virginia Tech,Immediate,Chris,Tangelo,Vanderbilt,S,,2026,4,2026-03-03T14:14:00.000Z
Texas,Immediate,Dylan,Sikorski,Oregon State,IOL,0.86,2026,3,2026-01-09T18:21:00.000Z
Prairie View A&M,Immediate,Dez,Thomas II,Georgetown,QB,0.8,2026,3,2026-01-15T02:24:00.000Z
North Texas,Immediate,Drew,Clemens,Utah,TE,0.86,2026,3,2026-01-22T02:04:00.000Z
Akron,Immediate,Kurtis,Waye,Clark Atlanta,EDGE,,2026,,2026-01-12T16:41:00.000Z
West Virginia,Immediate,Devin,Vass,Kansas State,IOL,0.86,2026,3,2026-01-08T01:14:00.000Z
Georgia Tech,Immediate,Tawfiq,Thomas,Colorado,DL,0.86,2026,3,2026-01-09T19:35:00.000Z
Missouri,Immediate,Jaden,Jones,Florida State,EDGE,0.86,2026,3,2026-01-11T03:24:00.000Z
Auburn,Immediate,Fred,Gaskin,South Florida,S,0.85,2026,3,2026-01-05T15:05:00.000Z
Miami (OH),Immediate,Rodney,Nelson,Monmouth,RB,0.84,2026,3,2026-01-11T06:18:20.000Z
UAB,Immediate,Muaaz,Byard,Middle Tennessee,LB,0.84,2026,3,2026-01-15T18:15:00.000Z
,Withdrawn,Justin,Content,UTEP,CB,0.84,2026,3,2026-01-13T02:19:19.000Z
Syracuse,Immediate,Matt,Outten,Penn State,WR,0.87,2026,3,2026-01-12T22:31:00.000Z
Kennesaw State,Immediate,David,Kemp,Minnesota,K,,2026,2,2026-01-27T02:21:00.000Z
,Withdrawn,Kevin,Wynn,Florida State,DL,,2026,4,2026-01-14T17:47:42.000Z
Rice,Immediate,Jamir,Benjamin,UCLA,CB,0.85,2026,3,2026-01-12T22:10:00.000Z
Iowa State,Immediate,Tyrone,Cotton III,Washington State,CB,0.85,2026,3,2026-01-14T01:29:00.000Z
,Immediate,Dante,Thomas,Coastal Carolina,S,,2026,3,2026-01-16T15:55:00.000Z
,Immediate,Omari,Abor,SMU,EDGE,0.85,2026,3,2025-12-17T13:54:00.000Z
,Immediate,Isaiah,Paul,Western Michigan,CB,,2026,2,2025-12-31T02:05:00.000Z
,Immediate,Ralph,Ortiz,Kansas State,LB,,2026,,2025-12-19T22:08:00.000Z
Iowa State,Immediate,Seth,Johnson,Montana State,CB,0.86,2026,3,2026-01-10T13:59:00.000Z
UCLA,Immediate,Jhase,McMillan,Montana State,CB,0.86,2026,3,2026-01-10T15:07:00.000Z
Louisiana Tech,Immediate,Talyn,Shettron,Oklahoma State,WR,0.86,2026,3,2026-01-16T04:50:00.000Z
Auburn,Immediate,Kamari,Todd,Chattanooga,CB,0.85,2026,3,2026-01-15T16:04:00.000Z
Lafayette,Immediate,Drew,Wilson,Minnesota,LB,,2026,,2026-01-19T23:13:00.000Z
Abilene Christian,Immediate,Dillon,Williams,Central Arkansas,S,0.83,2026,3,2026-01-24T17:53:00.000Z
Alabama,Immediate,Jayvin,James,Mississippi State,OT,0.88,2026,3,2026-01-20T17:50:00.000Z
Utah,Immediate,Brandon,Rose,Massachusetts,QB,,2026,3,2026-06-01T14:30:00.000Z
Ohio State,Immediate,Hunter,Welcing,Northwestern,TE,0.91,2026,4,2026-01-12T20:29:00.000Z
Memphis,Immediate,DeAngelo,Thompson,Syracuse,EDGE,0.83,2026,3,2026-02-03T21:24:00.000Z
Iowa,Immediate,Tony,Diaz,Texas-Rio Grande Valley,WR,0.85,2026,3,2026-01-10T05:38:35.000Z
Delaware,Immediate,Mustafa,Feika,Tiffin University,IOL,0.84,2026,3,2026-01-11T22:03:00.000Z
UCLA,Immediate,Carter,Sweazie,James Madison,IOL,0.85,2026,3,2026-01-09T18:05:11.000Z
Oklahoma State,Immediate,Ethan,Wesloski,North Texas,LB,0.85,2026,3,2026-01-06T17:31:00.000Z
,Immediate,Tyson,Miller,Indiana State,OT,,2026,2,2025-12-28T13:51:00.000Z
,Immediate,Gavin,Hall,Furman,RB,,2026,,2025-11-25T16:27:00.000Z
Montana,Immediate,Hunter,Haines,San Diego State,S,,2026,3,2026-01-09T02:06:00.000Z
Gardner-Webb,Immediate,Tyshawn,Sanders,App State,CB,,2026,3,2026-01-09T17:08:00.000Z
Rhode Island,Immediate,Felix,Doege,App State,IOL,,2026,3,2026-01-10T16:04:00.000Z
,Immediate,Kallen,Gutridge,Oregon State,QB,,2026,3,2025-12-16T18:13:00.000Z
Florida,Immediate,Evan,Pryor,Cincinnati,RB,0.87,2026,3,2026-01-06T17:02:00.000Z
Florida State,Immediate,Nate,Pabst,Bowling Green,OT,0.86,2026,3,2026-01-06T16:45:00.000Z
Charlotte,Immediate,Shamar,McIntosh,Maryland,S,0.82,2026,3,2026-01-06T21:30:00.000Z
Northwestern,Immediate,Grant,Seagren,Oklahoma State,OT,0.86,2026,3,2026-01-08T15:06:29.000Z
LeMoyne-Owen,Immediate,Duplicate,Duplicate,Lindenwood,CB,,2026,,2026-01-06T03:35:00.000Z
Southern Miss,Immediate,Christian,Young,Emory & Henry,IOL,0.85,2026,3,2026-01-04T15:24:00.000Z
UCLA,Immediate,Derek,Osman,Harvard,OT,0.82,2026,3,2026-01-09T00:43:00.000Z
,Withdrawn,DJ,Cerisier,Duquesne,CB,0.84,2026,3,2026-01-13T02:38:13.000Z
Memphis,Immediate,Philippe,LaForge,Coastal Carolina,K,0.8,2026,3,2026-01-13T23:29:00.000Z
,Withdrawn,Enow,Etta,Michigan,DL,,2026,4,2026-01-18T15:11:36.000Z
Professional,PendingAppeal,Parker,Navarro,Ohio,QB,0.87,2026,3,2026-01-16T15:31:00.000Z
Bowling Green,Immediate,Mike,Wright III,Florida Atlantic,S,0.84,2026,3,2026-01-13T21:37:00.000Z
Missouri State,Immediate,Josh,Lukusa,Miami (OH),EDGE,0.84,2026,3,2026-01-18T02:12:00.000Z
Kent State,Immediate,Hayden,Dawahare,Kentucky,LB,0.84,2026,3,2026-01-12T19:50:00.000Z
Duke,Immediate,Jared,Richardson,Pennsylvania,WR,0.86,2026,3,2026-01-05T18:41:00.000Z
Colorado State,Immediate,RJ,Vick,Wake Forest,WR,,2026,,2026-01-11T06:20:13.000Z
,Withdrawn,Duncan,Brune,Ohio,RB,,2026,3,2026-01-06T19:16:00.000Z
Hawai'i,Immediate,Caleb,Brown,Virginia Tech,CB,,2026,3,2026-01-09T00:52:00.000Z
Hawai'i,Immediate,Spencer,Elliott,Portland State,EDGE,,2026,2,2026-01-11T21:00:00.000Z
Georgia Tech,Immediate,Alex,Bacchetta,Rice,P,,2026,3,2026-01-06T19:45:00.000Z
Oregon,Immediate,Keaton,Emmett,Nevada,K,,2026,,2026-01-06T20:00:00.000Z
East Carolina,Immediate,Jaylen,Bowden,Minnesota,CB,,2026,,2026-01-08T15:21:00.000Z
Utah State,Immediate,McCae,Hillstead,BYU,QB,,2026,3,2026-01-09T02:47:00.000Z
,Immediate,Jordan,Spasojevic-Moko,California,IOL,,2026,3,2026-01-06T21:08:00.000Z
Colorado State,Immediate,Cavan,Craig,Wofford,P,,2026,,2026-01-11T18:39:00.000Z
TCU,Immediate,Jeremy,Scott,South Alabama,WR,0.85,2026,3,2026-01-06T20:28:00.000Z
Tulane,Immediate,Riley,Rushing,Mars Hill,IOL,,2026,,2026-01-05T17:09:27.000Z
Texas A&M,Immediate,CJ,Mims,North Carolina,DL,0.88,2026,3,2026-01-12T17:01:00.000Z
UConn,Immediate,Alex,Godavitarne,Wheeling,TE,0.85,2026,3,2025-12-29T21:41:00.000Z
,Immediate,Nash,Burkart,Sacramento State,ATH,,2026,3,2026-01-09T04:44:00.000Z
Toledo,Immediate,Dylan,Senda,Auburn,OT,,2026,3,2026-01-08T04:12:39.000Z
Temple,Immediate,Jaxon,Smolik,Penn State,QB,,2026,3,2026-01-10T15:17:00.000Z
,Immediate,Zach,Sims,Alabama State,QB,,2026,3,2025-11-14T22:50:00.000Z
,Immediate,Derrick,Davis Jr.,Pittsburgh,RB,,2026,4,2026-01-03T15:25:00.000Z
,Immediate,Tyler,Cain,Slippery Rock,LB,,2026,,2025-11-18T21:41:00.000Z
Pittsburgh,Immediate,Justin,Schmidt,Purdue,LS,,2026,2,2026-01-09T23:44:00.000Z
Louisville,Immediate,Tre,Richardson,Vanderbilt,WR,0.93,2026,4,2026-01-09T15:06:00.000Z
Mississippi State,Immediate,DJ,Chester,LSU,OT,0.86,2026,3,2026-01-12T15:52:00.000Z
Sam Houston,Immediate,Stacy,Bey,Arizona,LB,0.85,2026,3,2026-01-07T17:01:00.000Z
Florida International,Immediate,Brayshawn,Littlejohn,App State,LB,0.85,2026,3,2026-01-10T16:05:00.000Z
Memphis,Immediate,Manny,Covey,Cincinnati,RB,0.85,2026,3,2026-01-17T23:07:00.000Z
Wyoming,Immediate,Thaddeus,Gianaris,Dartmouth,EDGE,0.8,2026,3,2026-01-12T16:55:00.000Z
Sacramento State,Immediate,Davion,Godley,Weber State,RB,0.83,2026,3,2026-01-17T21:41:00.000Z
Illinois State,Immediate,Aden,Cannon,Indiana,EDGE,,2026,,2026-01-18T14:07:00.000Z
Robert Morris,Immediate,Brandon,Martin,Dayton,EDGE,0.8,2026,3,2026-01-18T15:59:00.000Z
Ole Miss,Immediate,Tommy,Kinsler IV,Miami,OT,0.86,2026,3,2026-01-21T00:20:00.000Z
,Withdrawn,Langston,Lewis,Central Michigan,WR,0.85,2026,3,2026-01-06T18:22:00.000Z
Virginia Tech,Immediate,Randy,Adirika,Penn State,DL,0.86,2026,3,2026-01-12T23:38:00.000Z
UC Davis,Immediate,Jacob,Houseworth,California,TE,,2026,3,2026-01-23T05:38:00.000Z
Missouri,Immediate,Kenric,Lanier II,Minnesota,WR,0.85,2026,3,2026-01-16T14:14:00.000Z
California,Immediate,David,Bird,Alabama,LS,,2026,,2026-02-04T18:34:00.000Z
Illinois,Immediate,Ethan,Moczulski,Washington,K,0.83,2026,3,2026-01-15T01:44:00.000Z
Kennesaw State,Immediate,Josh,Anglin,Tulsa,LB,0.82,2026,3,2026-01-22T02:35:00.000Z
,Immediate,Aidan,Wright,Arkansas State,LB,,2026,3,2026-01-17T05:40:00.000Z
Ohio State,Immediate,Ja'Kobi,Jackson,Florida,RB,0.88,2026,3,2026-01-15T20:45:00.000Z
UTEP,Immediate,Tavorus,Jones,Missouri,RB,0.86,2026,3,2026-01-17T19:44:00.000Z
USC,Immediate,Tucker,Ashcraft,Wisconsin,TE,0.88,2026,3,2026-01-15T04:28:00.000Z
Florida State,Immediate,Jordan,Sanders,Texas State,DL,0.86,2026,3,2026-01-17T02:58:00.000Z
Wisconsin,PendingAppeal,Liam,Danitz,Hope ,EDGE,0.86,2026,3,2026-01-16T02:48:00.000Z
Northern Iowa,Immediate,Axel,Ramazani,Wyoming,EDGE,,2026,3,2026-01-21T13:48:00.000Z
Missouri State,Immediate,Isaiah,Villanueva,Jackson State,IOL,0.85,2026,3,2026-01-16T22:02:00.000Z
Kentucky,Immediate,Lance,Heard,Tennessee,OT,0.94,2026,4,2026-01-10T20:46:00.000Z
Arkansas State,Immediate,AJ,Thomas,McNeese,EDGE,0.85,2026,3,2026-01-12T17:18:00.000Z
USC,Immediate,Zuriah,Fisher,Penn State,EDGE,0.92,2026,4,2026-01-12T20:31:00.000Z
Georgia Tech,Immediate,Jordan,Walker,Rutgers,EDGE,0.87,2026,3,2026-01-04T14:38:00.000Z
Southern Utah,Immediate,Noah,Lugo,UTSA,QB,,2026,3,2026-01-11T01:18:00.000Z
East Carolina,Immediate,Zyeir,Gamble,App State,S,,2026,3,2026-01-09T12:10:00.000Z
,Withdrawn,Miguel,Cedeno,Florida International,OT,,2026,3,2026-01-06T19:00:00.000Z
Michigan State,Immediate,Liam,Boyd,Charlotte,K,,2026,,2026-01-07T02:33:48.000Z
Memphis,Immediate,Xavier,Allen,Bucknell,OT,0.82,2026,3,2026-01-13T23:28:00.000Z
Sacramento State,Immediate,Boogsie,Silvera,South Florida,S,0.8,2026,3,2026-01-15T16:33:00.000Z
UTEP,Immediate,Raymond,Moore III,Morgan State,QB,0.84,2026,3,2026-01-20T17:01:00.000Z
Coastal Carolina,Immediate,Tristian,Gardner,Missouri State,WR,0.86,2026,3,2026-01-10T20:19:34.000Z
Austin Peay,Immediate,David,Gardner,Florida A&M,OT,,2026,,2026-01-24T05:25:00.000Z
,Immediate,Ta'ir,Brooks,Charlotte,WR,,2026,3,2026-01-13T01:02:00.000Z
Wyoming,Immediate,Ja'Quan,Redfern,Murray State,DL,0.84,2026,3,2026-01-13T21:29:00.000Z
,Immediate,Colson,Brown,Anderson,QB,,2026,,2026-04-01T05:00:00.000Z
Coastal Carolina,Immediate,Apisa,Poumele,Central Michigan,IOL,0.85,2026,3,2026-01-17T15:42:00.000Z
Washington State,Immediate,Jshawn,Frausto-Ramos,Arizona,S,0.85,2026,3,2026-01-09T17:33:00.000Z
Florida International,Immediate,Elijah,Simmons,West Virginia,DL,0.81,2026,3,2026-01-15T00:19:00.000Z
Arkansas,Immediate,Chris,Marshall,Boise State,WR,0.87,2026,3,2026-01-11T23:17:00.000Z
Sacramento State,Immediate,Kyle,Koontz,Houston Christian,TE,0.81,2026,3,2026-01-21T06:00:00.000Z
,Immediate,Brandon,Jacob Jr.,UTSA,S,,2026,4,2026-01-14T14:00:00.000Z
UL Monroe,Immediate,Damarcco,Blanton,Arkansas State,WR,0.84,2026,3,2026-01-22T22:26:00.000Z
UCF,Immediate,Artavius,Jones,Miami,DL,0.86,2026,3,2026-01-21T16:34:00.000Z
Tarleton State,Immediate,Camdon,Frier,Florida State,WR,0.84,2026,3,2026-02-04T18:53:00.000Z
East Tennessee State,Immediate,Tyler,Griffin,UL Monroe,WR,,2026,3,2026-01-13T17:05:00.000Z
Kentucky,Immediate,Cole,Marszalek,Jacksonville State,LS,,2026,,2026-01-21T06:00:00.000Z
Southern Miss,Immediate,Kei'shaun,Mashburn,Allen University,DL,,2026,3,2026-04-17T18:36:00.000Z
Old Dominion,Immediate,Andrew,Nelms,Florida Atlantic,K,,2026,,2026-01-13T19:05:00.000Z
LSU,Immediate,Sean,Thompkins Jr.,Baylor,OT,0.88,2026,3,2026-01-16T17:24:00.000Z
UConn,Immediate,Isiah,Switzer,Toledo,IOL,0.84,2026,3,2026-01-24T07:39:00.000Z
San Diego State,Immediate,Justius,Lowe,Oregon,WR,0.86,2026,3,2026-01-13T23:57:00.000Z
Washington State,Immediate,Max,Dean,New Mexico State,P,,2026,,2026-01-15T17:28:00.000Z
Kennesaw State,Immediate,Zion,Booker,Tulsa,WR,0.85,2026,3,2026-01-21T19:20:00.000Z
Kentucky,Immediate,CJ,Baxter,Texas,RB,0.89,2026,3,2026-01-11T21:49:00.000Z
Central Michigan,Immediate,Shawn,Foster,Michigan State,WR,0.79,2026,2,2026-01-11T21:15:00.000Z
James Madison,Immediate,Kaedin,Massey,Kansas State,OT,0.86,2026,3,2026-01-15T01:45:00.000Z
South Alabama,Immediate,Seidrion,Langston,UL Monroe,LB,0.85,2026,3,2026-01-17T12:04:54.000Z
Utah State,Immediate,BJ,Diakite,North Alabama,EDGE,0.83,2026,3,2026-02-04T18:47:00.000Z
App State,Immediate,Zach,Taylor,Arkansas,WR,0.82,2026,3,2026-01-12T17:17:00.000Z
,Withdrawn,Cyrus,Durham,Akron,EDGE,0.84,2026,3,2026-02-07T01:54:21.000Z
Utah State,Immediate,Eli,Wood,Virginia,WR,0.85,2026,3,2026-01-21T19:01:00.000Z
Oklahoma State,Immediate,Kai,Holec,Indiana State,OT,0.83,2026,3,2026-01-13T22:51:00.000Z
Idaho State,Immediate,Chedon,James,Incarnate Word,WR,0.83,2026,3,2026-02-01T01:00:00.000Z
Florida,Immediate,Ace,Ciongoli,Indiana,WR,0.8,2026,3,2026-01-21T02:44:00.000Z
Oregon State,Immediate,Tug,Sanford,Stephen F. Austin,LS,0.8,2026,3,2026-01-13T15:58:59.000Z
Clemson,Immediate,Markus,Strong,Oklahoma,DL,0.87,2026,3,2026-01-08T03:15:00.000Z
,Immediate,Jordan,McCants,West Virginia,WR,,2026,3,2026-01-02T14:18:00.000Z
South Florida,Immediate,Julius,Tate,Coastal Carolina,IOL,,2026,3,2026-01-09T00:54:00.000Z
BYU,Immediate,Zak,Yamauchi,Stanford,IOL,0.86,2026,3,2026-01-12T16:18:00.000Z
,Withdrawn,AG,McGhee,Arkansas State,S,,2026,3,2026-01-09T18:53:00.000Z
Indiana,Immediate,Carson,Williams,Montana State,CB,0.86,2026,3,2026-01-11T20:58:00.000Z
Memphis,Immediate,Jaylin,Carter,Southern Miss,WR,,2026,3,2026-01-05T18:10:00.000Z
Idaho,Immediate,Darrell,Gipson,Cincinnati,EDGE,,2026,3,2026-01-10T00:20:00.000Z
Virginia Tech,Immediate,Que'Sean,Brown,Duke,WR,0.93,2026,4,2026-01-10T21:25:00.000Z
Prairie View A&M,Immediate,Michael,Riles,Oklahoma State,EDGE,0.85,2026,3,2026-01-12T17:26:00.000Z
California,Immediate,Justin,Beadles,Louisville,EDGE,0.87,2026,3,2026-01-10T19:20:00.000Z
Jacksonville State,Immediate,Marquis,Hood,North Carolina A&T,DL,,2026,,2026-01-10T22:55:00.000Z
Boston College,Immediate,Anthony,Palano,Washington State,LB,,2026,2,2026-01-05T18:34:00.000Z
LSU,Immediate,Scott,Starzyk,Arkansas,K,,2026,3,2026-01-08T14:01:00.000Z
,Immediate,Carter,Sheehan,Temple,IOL,,2026,,2025-11-28T23:32:00.000Z
Rice,Immediate,AJ,Brown,UAB,S,,2026,3,2026-01-10T22:16:00.000Z
Tennessee,Immediate,Amare,Campbell,Penn State,LB,0.87,2026,3,2026-01-10T02:30:00.000Z
Maryland,Immediate,Cardell,Williams,Sacramento State,QB,0.85,2026,3,2026-05-30T18:35:00.000Z
Delaware,Immediate,Jalen,Bell,LIU Post,S,,2026,,2026-01-10T22:06:00.000Z
North Texas,Immediate,Taye,Seymore,Auburn,S,,2026,3,2026-01-08T16:43:02.000Z
UCLA,Immediate,Jordan,Davis,South Alabama,OT,0.86,2026,3,2026-01-18T22:25:00.000Z
Bowling Green,Immediate,Austin,Novosad,Oregon,QB,0.86,2026,3,2026-01-17T22:47:00.000Z
Missouri,Immediate,Sione,Laulea,Oregon,CB,0.88,2026,3,2026-01-14T20:36:00.000Z
West Georgia,Immediate,Malik,Leverett,East Carolina,WR,,2026,3,2026-01-13T18:09:00.000Z
Massachusetts,Immediate,RJ,Johnson III,Florida A&M,QB,0.8,2026,3,2026-01-17T20:26:00.000Z
UAB,Immediate,Scott,Isacks III,Florida,TE,0.82,2026,3,2026-01-16T16:10:00.000Z
Wisconsin,Immediate,Jacob,Harris,Bowling Green,TE,0.87,2026,3,2026-01-03T15:15:00.000Z
Florida,Immediate,Mason,Clinton,Southern Miss,DL,0.86,2026,3,2026-01-15T21:28:00.000Z
Texas State,Immediate,Jaylen,Early,Missouri,IOL,0.85,2026,3,2026-01-21T02:45:00.000Z
Texas,Immediate,Hollywood,Smothers,NC State,RB,0.94,2026,4,2026-01-11T18:50:00.000Z
Indiana,Immediate,Joshua,Burnham,Notre Dame,EDGE,0.89,2026,3,2026-01-05T01:51:00.000Z
Florida International,Immediate,DeAndre,Boykins,Oklahoma State,S,0.84,2026,3,2026-01-14T00:04:00.000Z
Minnesota,Immediate,TJ,Bush Jr.,California,EDGE,0.87,2026,3,2026-01-07T15:26:00.000Z
Texas,Immediate,Zion,Williams,LSU,DL,0.86,2026,3,2026-01-08T21:41:05.000Z
Wake Forest,Immediate,Gio,Lopez,North Carolina,QB,0.86,2026,3,2026-01-08T04:13:56.000Z
North Carolina,Immediate,Tarvorise,Brown,Florida,DL,0.86,2026,3,2026-01-05T17:11:00.000Z
Virginia Tech,Immediate,Cortez,Harris,Penn State,EDGE,0.86,2026,3,2026-01-11T21:05:00.000Z
Adams,Immediate,Asher,Tomaszewski,Kansas State,DL,,2026,3,2026-01-17T16:48:00.000Z
Oklahoma State,Immediate,Enai,White,Penn State,DL,0.86,2026,3,2026-01-20T17:15:00.000Z
Purdue,Immediate,Keyshawn,Burgos,Virginia Tech,EDGE,0.85,2026,3,2026-01-13T22:55:00.000Z
Auburn,Immediate,Hunter,Herring,UL Monroe,TE,0.85,2026,3,2026-01-22T23:51:00.000Z
Washington,Immediate,Kai,McClendon,Mississippi State,DL,0.86,2026,3,2026-01-09T19:30:00.000Z
Florida,Immediate,Liam,Padron,Texas A&M,K,,2026,,2026-01-17T21:23:00.000Z
Florida,Immediate,Kanye,Clark,UCLA,CB,0.85,2026,3,2026-01-13T00:27:00.000Z
Stanford,Immediate,Aidan,Kilstrom,Harvard,IOL,0.85,2026,3,2026-01-06T20:39:00.000Z
Arizona State,Immediate,David,Avit,Villanova,RB,0.85,2026,3,2026-01-04T22:25:00.000Z
,Immediate,Fatim,Diggs,Syracuse,LB,,2026,3,2026-01-02T06:00:00.000Z
,Immediate,Chase,Simmons,Syracuse,DL,,2026,3,2026-01-02T06:00:00.000Z
,Immediate,Alfred,Jordan Jr.,Ohio,WR,,2026,,2026-01-11T16:02:00.000Z
Fresno State,Immediate,Micah,Mosley,Sacramento State,EDGE,,2026,3,2026-01-04T20:12:00.000Z
Baylor,Immediate,Dre'lon,Miller,Colorado,WR,0.88,2026,3,2026-01-12T15:29:00.000Z
Virginia Tech,Immediate,Michael,Troutman III,Penn State,IOL,0.86,2026,3,2026-01-11T15:31:00.000Z
Mississippi State,Immediate,Kaylib,Singleton,Syracuse,CB,0.85,2026,3,2026-01-06T22:57:00.000Z
,Immediate,Will,Johnson,Virginia Tech,LB,,2026,3,2026-01-12T21:05:00.000Z
Massachusetts,Immediate,Aitor,Urionabarrenechea,Colorado State,IOL,0.85,2026,3,2026-01-12T16:59:00.000Z
North Texas,Immediate,Zach,Johnson,Southeastern Louisiana,CB,0.86,2026,3,2026-01-11T22:19:00.000Z
Memphis,Immediate,Skyler,Grant,Old Dominion,IOL,0.85,2026,3,2026-01-14T15:03:00.000Z
Hawai'i,Immediate,Jeremiah,Hughes,Michigan State,CB,0.84,2026,3,2026-01-12T02:31:00.000Z
Utah State,Immediate,Collin,Remenowsky,Ashland University,TE,0.82,2026,3,2026-01-20T22:48:00.000Z
Massachusetts,Immediate,Devin,Matthews,East Texas A&M,WR,0.83,2026,3,2026-01-17T19:38:00.000Z
Notre Dame,Immediate,Francis,Brewu,Pittsburgh,DL,0.94,2026,4,2026-01-13T21:45:00.000Z
Southern Miss,Immediate,Jyaire,Brown,UCF,CB,0.85,2026,3,2026-01-13T16:22:00.000Z
Shorter,Immediate,Conrad,Hussey,Miami,S,,2026,4,2026-01-27T19:31:00.000Z
Cal Poly,Immediate,Davit,Boyajyan,Washington,IOL,0.84,2026,3,2026-01-12T21:47:00.000Z
New Mexico State,Immediate,Amaurey,Brooks,Fordham,CB,0.84,2026,3,2026-01-22T02:43:00.000Z
Missouri,Immediate,Cavan,Tuley,Houston,EDGE,0.83,2026,3,2026-01-13T17:37:00.000Z
Texas,TBD,Darius,Snow,Michigan State,LB,0.85,2026,3,2026-04-16T22:11:00.000Z
Sacramento State,Immediate,Raiden,Brown,Idaho State,WR,,2026,3,2026-04-26T20:18:00.000Z
,Withdrawn,Mychal,Yharbrough,Miami (OH),CB,0.86,2026,3,2026-01-13T20:30:34.000Z
West Virginia,Immediate,Ezekiel,Durham-Campbell,Coastal Carolina,EDGE,0.86,2026,3,2026-01-17T23:11:00.000Z
UTSA,Immediate,Joel,Rogers,LSU,S,0.86,2026,3,2026-01-15T00:47:00.000Z
Georgia State,Immediate,Owen,Dupree,West Georgia,WR,0.83,2026,3,2026-02-06T21:57:00.000Z
NC State,Immediate,Jai'Lun,Hampton,UT Martin,OT,0.85,2026,3,2026-02-16T22:04:00.000Z
Washington State,Immediate,Paul,Hutson III,Marshall,EDGE,0.85,2026,3,2026-01-12T23:14:00.000Z
Southern Miss,Immediate,Jeremiah,Beck,Arkansas,TE,0.83,2026,3,2026-01-19T21:17:00.000Z
Tarleton State,Immediate,Jaxson,Lavender,SMU,WR,,2026,3,2026-02-03T01:32:00.000Z
Southern Miss,Immediate,Jamarice,Wilder,Louisville,RB,0.85,2026,3,2026-01-15T19:18:00.000Z
New Mexico State,Immediate,TJ,Washington Jr.,Iowa,RB,0.85,2026,3,2026-01-13T19:24:00.000Z
Marshall,Immediate,Christian,Hamilton,West Virginia,WR,0.86,2026,3,2026-01-15T16:32:33.000Z
Baylor,Immediate,Jordan,Mack,Coastal Carolina,DL,0.86,2026,3,2026-01-16T15:44:00.000Z
New Mexico,Immediate,Eric,McClain,Ball State,CB,,2026,3,2026-01-11T20:38:00.000Z
UNLV,Immediate,Colton,Thomasson,Baylor,OT,,2026,4,2026-01-07T23:43:47.000Z
East Carolina,Immediate,Kanen,Hamlett,App State,TE,,2026,3,2026-01-08T00:00:00.000Z
,Immediate,Sterling,Smith,Purdue,S,,2026,2,2025-12-03T00:36:00.000Z
App State,Immediate,Jaxson,Dunn,Arkansas State,P,,2026,,2026-01-10T21:16:00.000Z
,Immediate,Teddy,Booras,Louisiana Tech,QB,,2026,,2025-12-06T18:51:00.000Z
,Immediate,Landen,Marshall,Georgia Tech,DL,,2026,3,2026-01-17T05:34:00.000Z
James Madison,Immediate,Chukwunedu,Okeke,Western Kentucky,DL,,2026,3,2026-01-09T19:29:00.000Z
Tennessee,Immediate,Blake,Howard,Eastern Kentucky,LS,,2026,,2026-01-09T19:16:00.000Z
,Immediate,Trey,Patrick,Central Missouri,CB,0.83,2026,3,2025-11-18T02:23:00.000Z
Ohio,Immediate,Preston,Bowman,Kentucky,WR,0.85,2026,3,2026-01-07T19:23:24.000Z
,Immediate,Deuce,Zimmerman,Western New Mexico,WR,,2026,3,2025-11-17T15:43:00.000Z
,Immediate,Amare,Ary,West Virginia State,WR,0.83,2026,3,2025-11-17T06:00:00.000Z
LSU,Immediate,Treylan,James,Southern,S,0.84,2026,3,2026-01-09T20:36:00.000Z
Georgia State,Immediate,Mandjou,Berte,Wingate,DL,0.83,2026,3,2025-12-03T06:00:00.000Z
San Diego State,Immediate,Caleb,Ricks,Idaho,CB,0.84,2026,3,2026-01-10T22:47:00.000Z
,Immediate,Josh,Lorick,Incarnate Word,WR,,2026,,2026-01-18T02:49:00.000Z
Maryland,Immediate,Stephen,Dean III,VMI,LB,0.8,2026,3,2026-05-14T20:45:00.000Z
Coastal Carolina,Immediate,Mason,Barton,Jackson State,OT,0.85,2026,3,2026-01-19T20:44:00.000Z
UConn,Immediate,Christian,Richter,Marshall,OT,0.85,2026,3,2026-01-12T21:54:07.000Z
West Virginia,Immediate,Jack,Cassidy,Western Kentucky,K,0.84,2026,3,2026-01-11T20:42:00.000Z
West Georgia,Immediate,Ja'Darious,Morris,Middle Tennessee,DL,,2026,,2026-01-29T16:19:00.000Z
Tarleton State,Immediate,Fredd,Adams,Coastal Carolina,CB,,2026,2,2026-01-12T22:26:00.000Z
Chattanooga,Immediate,Parker,Awad,New Mexico State,QB,,2026,,2026-02-04T12:53:00.000Z
Alabama,Immediate,Desmond,Umeozulu,South Carolina,EDGE,0.89,2026,3,2026-01-15T13:45:00.000Z
,Withdrawn,Ivan,Carreon,Oklahoma,WR,0.86,2026,3,2026-01-19T22:44:36.000Z
UL Monroe,Immediate,Austin,Carlisle,Houston,QB,0.86,2026,3,2026-01-13T01:34:00.000Z
Baylor,Immediate,Tony,Livingston,Florida,TE,0.86,2026,3,2026-01-20T02:39:00.000Z
Georgia State,Immediate,Xavier,Esquillen,Savannah State,EDGE,0.83,2026,3,2025-12-03T13:58:38.000Z
Eastern Kentucky,Immediate,Lendric,Barber,Cincinnati,DL,,2026,3,2026-01-21T14:00:00.000Z
San Diego State,Immediate,Ayo,Shotomide-King,Oklahoma State,WR,0.85,2026,3,2026-01-30T21:48:06.000Z
Delaware State,Immediate,Lamont,Payne Jr.,Penn State,S,,2026,3,2026-02-03T04:25:00.000Z
New Mexico State,Immediate,Brody,Richter,Minnesota,P,0.83,2026,3,2026-01-20T21:41:00.000Z
Duke,Immediate,Evan,Smith,Northwestern,CB,0.86,2026,3,2026-01-17T20:35:00.000Z
Tennessee,Immediate,DJ,Burks,App State,S,0.85,2026,3,2026-01-17T23:30:00.000Z
Georgia Tech,Immediate,Jaiven,Plummer,California,WR,0.86,2026,3,2026-01-17T23:42:00.000Z
,Immediate,Matthias,Squire,West Virginia,CB,,2026,,2025-12-11T20:47:00.000Z
,Immediate,James,Djonkam,Virginia Tech,EDGE,,2026,2,2025-12-11T18:48:00.000Z
,Immediate,Alec,Wills,Pennsylvania,CB,,2026,2,2025-12-11T18:47:00.000Z
,Immediate,Jameil,Hamm,Miami (OH),EDGE,,2026,3,2026-01-01T17:41:00.000Z
Oregon State,Immediate,Carter,Guillaume,Louisville,IOL,0.85,2026,3,2026-01-12T17:36:39.000Z
Baylor,Immediate,Hardley,Gilmore IV,Kentucky,WR,0.86,2026,3,2026-01-12T14:57:00.000Z
,Immediate,Tucker,Holloway,Virginia Tech,WR,0.86,2026,3,2025-09-25T16:36:00.000Z
SMU,Immediate,Trey,Jackson,Texas Tech,TE,0.86,2026,3,2026-01-12T15:23:00.000Z
Kent State,Immediate,Norey,Johnson,Houston Christian,S,0.82,2026,3,2026-01-12T15:48:00.000Z
New Mexico State,Immediate,De'Marcus,Peters,Texas A&M-Kingsville,CB,0.82,2026,3,2025-12-03T18:00:00.000Z
,Immediate,Travis,Davis,Central State,S,0.8,2026,3,2025-12-03T22:34:00.000Z
,Immediate,Thomas,Chandler,McMurry University,WR,,2026,,2025-12-11T18:53:00.000Z
UTSA,Immediate,Brandon,Young Jr.,North Texas,TE,0.83,2026,3,2026-01-11T19:23:00.000Z
Texas State,Immediate,Davian,Jackson,Mississippi State,WR,0.86,2026,3,2026-01-21T02:31:00.000Z
New Mexico,Immediate,Ormanie,Arnold,Cincinnati,CB,0.85,2026,3,2026-01-13T20:35:00.000Z
Toledo,Immediate,Andrew,Zock,Mercer,EDGE,0.85,2026,3,2026-01-13T18:33:00.000Z
Colorado,Immediate,Jayvon,McFadden,Ohio State,IOL,0.86,2026,3,2026-01-18T22:13:00.000Z
Memphis,Immediate,Jabari,Ishmael,Southern Miss,EDGE,0.86,2026,3,2026-01-16T16:15:00.000Z
BYU,Immediate,Paki,Finau,Washington,IOL,0.87,2026,3,2026-01-12T23:50:00.000Z
James Madison,Immediate,Thatcher,Miller,West Chester,TE,0.84,2026,3,2026-01-22T19:18:00.000Z
Troy,Immediate,Jalen,Ballard,Ole Miss,K,,2026,,2026-01-17T14:00:00.000Z
Coastal Carolina,Immediate,Damill,Bostic Jr.,Villanova,CB,0.85,2026,3,2026-01-13T03:49:00.000Z
Texas Tech,Immediate,Jordan,Church,Louisville,IOL,0.91,2026,4,2026-01-15T15:53:00.000Z
Missouri,Immediate,Bobby,Washington Jr.,Miami,LB,0.86,2026,3,2026-01-20T17:51:00.000Z
Fresno State,Immediate,Tariq,Thomas,Bucknell,RB,0.85,2026,3,2026-01-17T03:12:00.000Z
Middle Tennessee,Immediate,Dyson,McCutcheon,Washington,S,0.85,2026,3,2026-01-13T15:50:00.000Z
Austin Peay,Immediate,Mason,Shipp,Yale,WR,,2026,,2026-01-25T20:57:00.000Z
Northern Illinois,Immediate,Chevy,Trask Jr.,South Carolina State,OT,0.83,2026,3,2026-01-20T06:00:00.000Z
Alabama,Immediate,Nick,Brooks,Texas,IOL,0.92,2026,4,2026-01-14T13:47:00.000Z
Boise State,Immediate,Juelz,Goff,Pittsburgh,RB,0.86,2026,3,2026-01-12T18:09:38.000Z
Georgia Southern,Immediate,Noah,Mangham,Abilene Christian,CB,0.85,2026,3,2026-01-18T06:05:00.000Z
Purdue,Immediate,Elo,Modozie,Georgia,EDGE,0.9,2026,4,2026-01-19T18:40:00.000Z
Kansas State,Immediate,Wendell,Gregory,Oklahoma State,EDGE,0.93,2026,4,2026-01-13T05:50:00.000Z
West Alabama,Immediate,Legend,Doggett,LaGrange,CB,0.82,2026,3,2026-02-15T06:00:00.000Z
Delaware,Immediate,Jack,Small,Duke,OT,0.85,2026,3,2026-01-23T20:50:00.000Z
UAB,Immediate,Tylin,Jackson,Eastern Washington,EDGE,0.85,2026,3,2026-01-12T19:30:00.000Z
Massachusetts,Immediate,Andrew,DePaepe,Indiana,EDGE,,2026,4,2026-01-12T16:12:00.000Z
,Immediate,Chance,Tucker,Notre Dame,CB,,2026,3,2025-12-24T06:00:00.000Z
,Immediate,Kory,Hall,Colorado State,WR,,2026,3,2026-01-11T15:47:00.000Z
Toledo,Immediate,Ethan,Malafa,Butler,TE,,2026,,2026-01-08T19:40:00.000Z
,Immediate,Jacoby,Mathews,Auburn,S,,2026,4,2026-01-15T23:46:00.000Z
,Immediate,Troy,Stevenson IV,Georgia Tech,CB,,2026,4,2026-01-17T05:32:00.000Z
Louisville,Immediate,Montavin,Quisenberry,Kentucky,WR,0.85,2026,3,2026-01-08T16:30:00.000Z
Florida Atlantic,Immediate,RJ,Garcia II,Bowling Green,WR,0.85,2026,3,2026-01-04T18:12:00.000Z
Michigan State,Immediate,Robert,Wright Jr.,Georgia Southern,OT,0.85,2026,3,2026-01-08T18:27:00.000Z
Rice,Immediate,Kyren,Condoll,Duke,CB,0.84,2026,3,2026-01-10T22:23:00.000Z
Charlotte,Immediate,Henry,Searcy,Pittsburgh,LS,0.8,2026,3,2026-01-12T20:06:00.000Z
Bethune-Cookman,Immediate,London,Hall,Temple,LB,,2026,3,2026-01-13T11:16:00.000Z
UConn,Immediate,CJ,Bell Jr.,Iowa,CB,0.85,2026,3,2026-01-24T08:03:00.000Z
UNLV,Immediate,Cam,Santee,Holy Cross,LB,0.85,2026,3,2026-01-18T15:15:00.000Z
Vanderbilt,Immediate,Edwin,Kolenge,Boston College,EDGE,0.85,2026,3,2026-01-16T00:01:00.000Z
New Mexico State,Immediate,Lyndon,Ravare,Kennesaw State,WR,0.85,2026,3,2026-01-15T17:26:00.000Z
Texas Tech,Immediate,Jamond,Mathis,Kent State,EDGE,0.84,2026,3,2026-01-12T22:24:00.000Z
James Madison,Immediate,Nick,Herman,Drake,RB,0.84,2026,3,2026-01-13T19:10:00.000Z
Colorado State,Immediate,Dominic,Toy,UConn,TE,0.83,2026,3,2026-01-14T12:56:00.000Z
Northwestern,Immediate,Mar'Kel,Porter,Bowling Green,RB,0.85,2026,3,2026-01-14T15:06:00.000Z
Eastern Washington,Immediate,Jamai,East,Oregon State,WR,,2026,3,2026-01-25T19:33:00.000Z
Texas State,Immediate,Phillip,Bradford,McNeese,DL,0.85,2026,3,2026-01-20T15:16:00.000Z
Coastal Carolina,Immediate,Marcellius,Pulliam,Michigan State,LB,0.85,2026,3,2026-01-18T03:40:00.000Z
Oregon State,Immediate,Broderick,Shull,Auburn,OT,0.86,2026,3,2026-04-05T00:22:00.000Z
San José State,Immediate,Ikinasio,Tupou,BYU,OT,0.85,2026,3,2026-01-16T01:26:00.000Z
Northern Arizona,Immediate,Shoes,Brinkley,McNeese,S,0.8,2026,3,2026-01-21T13:44:00.000Z
South Alabama,Immediate,D.J.,Moore,Georgia Tech,S,0.82,2026,3,2026-01-17T12:05:49.000Z
Coastal Carolina,Immediate,Cam,Williams,Clark Atlanta,DL,0.82,2026,3,2026-01-19T16:29:00.000Z
Kennesaw State,Immediate,Dylan,Gary,Georgia Southern,WR,0.84,2026,3,2026-01-22T02:23:00.000Z
Utah State,Immediate,Kian,Afrookhteh,Coastal Carolina,K,,2026,,2026-01-12T19:37:00.000Z
South Alabama,Immediate,Khayree,Lee Jr.,LSU,IOL,,2026,3,2026-01-09T16:20:00.000Z
Middle Tennessee,Immediate,Kaven,Call,East Tennessee State,EDGE,,2026,3,2026-01-09T16:09:00.000Z
Sam Houston,Immediate,Brock,Kuhl,Florida Atlantic,TE,,2026,3,2026-01-08T17:08:00.000Z
App State,Immediate,Mac,Walters,South Carolina,OT,,2026,,2026-01-09T17:00:00.000Z
Sam Houston,Immediate,Brock,Stukes,NC State,IOL,,2026,,2026-01-12T16:45:00.000Z
Middle Tennessee,Immediate,Adrian,Crespin,Virginia Union,IOL,,2026,,2026-01-09T16:04:00.000Z
,Immediate,Zeke,Berry,Michigan,CB,0.87,2026,3,2026-01-02T19:07:00.000Z
Purdue,Immediate,Don,Saunders,Utah,CB,0.86,2026,3,2026-01-11T15:37:00.000Z
TCU,Immediate,Koron,Hayward,Western Kentucky,EDGE,0.85,2026,3,2026-01-08T20:11:00.000Z
Massachusetts,Immediate,Logan,Inagawa,Drake,QB,0.84,2026,3,2026-03-06T22:09:00.000Z
Ohio,Immediate,Riley,Palmeter,Marian,TE,0.84,2026,3,2026-02-03T16:30:00.000Z
,Withdrawn,Jamarie,Hostzclaw,Alabama State,RB,0.83,2026,3,2026-02-01T22:50:00.000Z
Mississippi State,Immediate,Tyler,Miller,LSU,OT,0.87,2026,3,2026-01-13T21:18:00.000Z
Middle Tennessee,Immediate,Dominic,Bourgeois,Susquehanna,K,,2026,,2026-01-17T21:34:00.000Z
LSU,Immediate,Stacy,Gage,UCF,RB,0.85,2026,3,2026-01-17T21:42:00.000Z
San Diego State,Immediate,Gavriel,Lightfoot,Colorado,DL,0.85,2026,3,2026-01-11T22:02:00.000Z
,Immediate,Nick,Norris,Oregon State,EDGE,,2026,,2026-01-17T05:35:00.000Z
Southern Miss,Immediate,Jaylen,Himes,Wingate,WR,0.85,2026,3,2026-01-13T18:13:00.000Z
,Immediate,Demarcus,Baker,Arkansas State,S,,2026,3,2026-01-14T14:01:00.000Z
Nebraska,Immediate,Jack,Wills,Michigan State,LS,0.83,2026,3,2026-01-11T22:22:00.000Z
Jacksonville State,Immediate,Marvin,Stringfellow,"Concordia University, St. Paul",DL,0.84,2026,3,2026-01-06T17:28:00.000Z
Charlotte,Immediate,Cole,Gonzales,Pittsburgh,QB,,2026,,2026-01-08T00:06:00.000Z
New Mexico,Immediate,Will,Hicks,Hampton,S,,2026,,2026-01-10T20:53:00.000Z
Florida Atlantic,Immediate,Collin,Rogers,SMU,K,,2026,2,2026-01-10T16:43:00.000Z
,Withdrawn,Cam,Sidney,California,S,0.87,2026,3,2026-01-11T19:58:34.000Z
UNLV,Immediate,Jackson,Arnold,Auburn,QB,0.86,2026,3,2026-01-07T15:47:00.000Z
Texas Tech,Immediate,Jacob,Hand,Texas Tech,K,,2026,,2026-01-11T05:40:00.000Z
,Immediate,Jacquese,Abner,Maryville College,CB,0.8,2026,3,2025-11-18T19:58:00.000Z
,Immediate,Leonard,Sherrod III,Wheeling,S,0.84,2026,3,2025-11-18T17:52:00.000Z
Temple,Immediate,Ajani,Sheppard,Washington State,QB,0.84,2026,3,2026-01-11T14:55:00.000Z
,Immediate,Hezekiah,Kinard,Anderson,DL,0.83,2026,3,2025-11-12T16:19:00.000Z
,Immediate,Javier,Waldron,Roanoke,CB,0.83,2026,3,2025-11-11T19:28:00.000Z
Georgia State,Immediate,Savion,Hart,Georgetown,RB,0.82,2026,3,2026-01-12T00:06:00.000Z
West Virginia,Immediate,Jaire,Rawlinson,Kent State,CB,0.85,2026,3,2026-01-16T17:33:00.000Z
Ball State,Immediate,Diante,Griffin,Ohio State,CB,0.8,2026,3,2026-01-16T21:45:00.000Z
Buffalo,Immediate,Zach,Bergmann,Missouri Southern State,LB,0.83,2026,3,2026-01-12T21:53:00.000Z
Jacksonville State,Immediate,Hadine,Diaby,Nevada,IOL,0.85,2026,3,2026-01-12T22:43:00.000Z
Texas,Immediate,Melvin,Siani,Wake Forest,OT,0.93,2026,4,2026-01-15T16:39:00.000Z
UCLA,Immediate,Sammy,Omosigho,Oklahoma,LB,0.91,2026,4,2026-01-13T05:09:05.000Z
Utah,Immediate,James,Chenault Jr.,South Florida,CB,0.86,2026,3,2026-01-13T01:19:00.000Z
UAB,Immediate,Ja'Vin,Simpkins,Coastal Carolina,RB,0.84,2026,3,2026-01-18T21:44:00.000Z
Old Dominion,Immediate,Raykwon,Goldthwaite,North Alabama,OT,0.85,2026,3,2026-01-18T20:22:00.000Z
Utah State,Immediate,Ronnie,Mageo,Baylor,DL,0.83,2026,3,2026-02-04T18:59:00.000Z
,Immediate,Jake,Garcia,Michigan,QB,,2026,4,2026-01-15T17:27:00.000Z
Florida,Immediate,Eric,Singleton Jr.,Auburn,WR,0.94,2026,4,2026-01-11T01:16:34.000Z
LSU,Immediate,Winston,Watkins,Ole Miss,WR,0.91,2026,4,2026-01-12T04:05:00.000Z
Louisiana Tech,Immediate,Justice,Williams,West Florida,DL,,2026,,2026-01-08T18:23:00.000Z
North Texas,Immediate,Mouhamed,Diawara,Sioux Falls,EDGE,,2026,,2026-01-09T01:43:00.000Z
,Immediate,Rohon,Kazadi,TCU,S,,2026,,2026-01-06T20:35:00.000Z
Buffalo,Immediate,Mason,Nickel,Saginaw Valley State,DL,0.82,2026,3,2026-01-12T02:28:00.000Z
,Immediate,Michael,Jimmar,Northern Illinois,OT,,2026,3,2025-12-25T03:11:00.000Z
Eastern Michigan,Immediate,Peyton,Christian,Lamar,DL,,2026,,2026-01-11T20:53:00.000Z
Arizona State,Immediate,Carson,Smith,Austin Peay,K,,2026,,2026-01-08T16:36:00.000Z
Central Arkansas,Immediate,Dakarai,Anderson,Cincinnati,WR,,2026,3,2026-01-11T12:35:00.000Z
,Immediate,Jacob,Emmers,Tulsa,WR,,2026,3,2025-12-10T16:20:00.000Z
Houston,Immediate,Luke,Carney,Syracuse,QB,0.84,2026,3,2026-01-12T20:05:32.000Z
Iowa State,Immediate,Jordan,Vyborny,Oklahoma State,TE,0.85,2026,3,2026-01-12T20:48:00.000Z
,Withdrawn,Mandrell,Desir,Florida State,EDGE,0.96,2026,4,2026-01-16T02:35:42.000Z
Missouri State,Immediate,William,Dixon III,VMI,OT,0.85,2026,3,2026-02-03T18:15:00.000Z
Middle Tennessee,Immediate,Ricky,Lee III,Sacramento State,CB,0.85,2026,3,2026-01-18T22:31:00.000Z
Hawai'i,Immediate,Lipe,Moala,Oregon,IOL,0.84,2026,3,2026-01-14T16:45:00.000Z
Virginia,Immediate,Zion,Wilson,East Carolina,DL,0.88,2026,3,2026-01-12T22:23:00.000Z
Virginia,Immediate,Alex,Payne,USC,OT,0.87,2026,3,2026-01-13T22:14:00.000Z
Georgia Tech,Immediate,Isaiah,Fuhrmann,Elon,WR,0.84,2026,3,2026-01-18T21:14:00.000Z
Vanderbilt,Immediate,Walter,Taylor,Ball State,TE,0.85,2026,3,2026-01-14T18:07:00.000Z
Ball State,Immediate,Corey,Thompson Jr.,Utah State,WR,0.84,2026,3,2026-02-04T17:10:00.000Z
UCLA,Immediate,Aidan,Mizell,Florida,WR,0.9,2026,4,2026-01-07T16:58:00.000Z
Kansas State,Immediate,Mekhi,Mason,Louisiana Tech,LB,0.86,2026,3,2026-01-06T15:55:00.000Z
Nevada,Immediate,Jaylen,Webb,Boise State,S,0.86,2026,3,2026-01-12T18:08:16.000Z
Duke,Immediate,Dylan,Flowers,Western Kentucky,CB,0.87,2026,3,2026-01-03T22:33:00.000Z
,Immediate,Deterrius,Clayton,Eastern Michigan,EDGE,,2026,2,2025-12-10T06:00:00.000Z
Colorado,Immediate,Ernest,Campbell,Sacramento State,WR,0.87,2026,3,2026-01-07T23:00:00.000Z
Wake Forest,Immediate,Matt,Herron,Weber State,DL,0.84,2026,3,2026-01-12T21:07:00.000Z
UTSA,Immediate,Miles,Campbell,Florida A&M,TE,,2026,4,2026-01-08T01:10:00.000Z
Kansas State,Immediate,Kamari,Burns,Cincinnati,DL,0.86,2026,3,2026-01-07T23:57:00.000Z
Louisiana,Immediate,Brodrick,Stewart,Tarleton State,DL,0.84,2026,3,2026-01-13T18:14:00.000Z
UAB,Immediate,Mantrez,Walker,Colorado,LB,0.84,2026,3,2026-01-19T15:10:10.000Z
Texas State,Immediate,Josiah,Graham,Monmouth,EDGE,,2026,,2026-05-12T21:31:00.000Z
Middle Tennessee,Immediate,Justin,Bodford,Missouri,DL,0.82,2026,3,2026-01-15T20:34:00.000Z
,Withdrawn,Ashton,Coker,UTEP,DL,,2026,3,2026-01-15T18:11:19.000Z
Southern,Immediate,Daejawn,Smith,Louisiana Tech,WR,,2026,3,2026-02-04T21:45:00.000Z
Utah,Immediate,Jireh,Moe,San José State,DL,0.86,2026,3,2026-01-11T21:26:00.000Z
Mississippi State,Immediate,Eddie,Kelly Jr.,West Virginia,DL,,2026,3,2026-08-25T05:00:00.000Z
Sacramento State,Immediate,Nick,Dimitris,Florida A&M,DL,0.84,2026,3,2026-01-23T05:51:00.000Z
,Immediate,Noah,Ehrlich,Miami (OH),QB,,2026,3,2026-01-15T17:18:00.000Z
Memphis,Immediate,Christian,Thatcher,Utah,LB,0.85,2026,3,2026-01-09T21:36:00.000Z
,Immediate,Aiden,Martinez,Charlotte,IOL,,2026,,2025-12-09T13:16:00.000Z
,Immediate,Siale,Uluave,Arizona,IOL,,2026,3,2026-01-08T01:09:00.000Z
Iowa State,Immediate,Bryson,Lamb,Washington State,DL,0.85,2026,3,2026-01-08T00:54:00.000Z
,Immediate,Cristian,Driver,Minnesota,WR,,2026,4,2025-12-05T23:28:00.000Z
Kentucky,Immediate,Mark,Robinson,UTEP,OT,0.85,2026,3,2026-01-11T23:02:00.000Z
Wake Forest,Immediate,Drayden,Dickmann,Rice,WR,0.85,2026,3,2026-01-10T22:32:00.000Z
,Immediate,CJ,Montes,Kent State,QB,0.84,2026,3,2025-12-10T06:00:00.000Z
Western Kentucky,Immediate,Garrison,Madden,USC,LB,0.84,2026,3,2026-01-11T18:50:00.000Z
,Immediate,Khalil,Yarborough,Averett University,WR,,2026,,2025-11-20T20:46:00.000Z
Oklahoma State,Immediate,Bodie,Boydstun,Southwestern Oklahoma State,TE,0.85,2026,3,2026-01-09T02:15:00.000Z
North Carolina,Immediate,Jordan,Washington,Texas,TE,0.88,2026,3,2026-01-11T15:54:00.000Z
,Immediate,Noah,Toster,South Alabama,WR,,2026,,2025-12-05T18:47:00.000Z
,Immediate,Eli,Sisson,Liberty,TE,,2026,3,2025-12-08T20:47:00.000Z
Alabama A&M,Immediate,DJ,Barber,Auburn,LB,,2026,3,2026-02-06T20:18:00.000Z
,Immediate,Devonte,Golden-Nelson,West Virginia,CB,,2026,3,2025-10-24T19:39:00.000Z
Tulsa,Immediate,Oran,Singleton Jr.,West Virginia,WR,,2026,3,2026-01-11T18:58:00.000Z
East Tennessee State,Immediate,Jadyn,Davis,Michigan,QB,0.86,2026,3,2026-01-18T22:12:00.000Z
Illinois,Immediate,Lavon,Williams,East Texas A&M,S,0.86,2026,3,2026-01-04T16:29:00.000Z
,Withdrawn,Ibrahim,Sanogo,Albany,EDGE,0.82,2026,3,2026-01-20T16:04:00.000Z
Arkansas State,Immediate,Landry,Cannon,Tulane,IOL,0.83,2026,3,2026-02-01T16:27:00.000Z
Ohio State,Immediate,Dominick,Kelly,Georgia,CB,0.9,2026,4,2026-01-14T23:33:00.000Z
Texas,Immediate,Paris,Patterson,SMU,IOL,0.86,2026,3,2026-03-31T14:07:00.000Z
Kennesaw State,Immediate,Luke,Duska,Elon,IOL,0.85,2026,3,2026-01-21T17:51:00.000Z
UNLV,Immediate,Kyron,Chambers,SMU,CB,0.86,2026,3,2026-01-16T16:16:00.000Z
Maryland,Immediate,Jayvon,Parker,Washington,DL,0.84,2026,3,2026-01-30T17:50:00.000Z
,Withdrawn,Kendall,Bournes,Massachusetts,S,0.82,2026,3,2026-01-30T04:23:54.000Z
Arizona,Immediate,Antwan,Roberts,Marshall,RB,0.87,2026,3,2026-01-14T20:41:00.000Z
Fresno State,Immediate,Oscar,Weigel,San Diego,OT,0.85,2026,3,2026-01-18T03:09:00.000Z
Colorado,Immediate,Damian,Henderson II,Sacramento State,RB,0.86,2026,3,2026-01-04T14:21:11.000Z
,Withdrawn,Weston,Davis,LSU,OT,,2026,4,2026-01-04T15:53:00.000Z
Virginia Tech,Immediate,Nathan,Totten,Marshall,P,,2026,,2026-01-09T01:17:00.000Z
Indiana,Immediate,Drew,Clausen,Iowa State,LS,,2026,,2026-01-09T00:30:00.000Z
,Immediate,Malcolm,Reed,North Carolina Central,S,,2026,,2026-01-03T02:16:00.000Z
Oklahoma State,Immediate,Nolan,Akins,SMU,LS,,2026,,2026-01-04T01:16:00.000Z
,Immediate,Trent,Henry,Troy,CB,,2026,3,2026-01-02T13:43:00.000Z
Arizona State,Immediate,Ramere,Davis,Northern Arizona,LB,0.85,2026,3,2026-01-09T02:04:00.000Z
Wisconsin,Immediate,Ryan,Schwendeman,Southern Illinois,TE,0.85,2026,3,2026-01-04T14:44:00.000Z
Colorado,Immediate,Yamil,Talib,Charlotte,EDGE,0.85,2026,3,2026-01-04T05:06:00.000Z
Duke,Immediate,Ari,Patu,North Alabama,QB,0.85,2026,3,2026-01-07T06:00:00.000Z
Ohio State,Immediate,Dalton,Riggs,UCF,LS,,2026,,2026-01-06T23:13:00.000Z
,Immediate,AJ,Roberts,Stony Brook,LB,,2026,3,2026-01-08T16:45:00.000Z
App State,Immediate,Devin,Henderson,Liberty,S,0.85,2026,3,2026-01-12T20:33:00.000Z
Liberty,Immediate,Peyton,Jones,Duke,RB,,2026,3,2026-01-09T15:54:00.000Z
Penn State,Immediate,Alexander,McPherson,Colorado,EDGE,0.86,2026,3,2026-01-06T16:53:00.000Z
Arkansas,Immediate,Jamonta,Waller,Auburn,EDGE,0.86,2026,3,2026-01-07T18:06:00.000Z
,Immediate,Josiah,Jeffery,Anderson,LB,,2026,3,2025-11-11T16:34:00.000Z
Youngstown State,Immediate,Cam,Smith,Iowa State,S,0.85,2026,3,2026-01-20T16:32:00.000Z
Arizona State,Immediate,Nigel,Pringle,Arkansas,CB,0.85,2026,3,2026-01-17T15:17:00.000Z
Ball State,Immediate,DJ,Young,Siena Heights,WR,0.84,2026,3,2026-02-04T19:44:00.000Z
Southern Miss,Immediate,Dusty,Zimmer,Washington,P,,2026,,2026-01-15T21:13:00.000Z
UAB,Immediate,Elijah,Pratt,SMU,S,0.86,2026,3,2026-01-15T16:27:00.000Z
Abilene Christian,Immediate,Makenzie,McGill II,North Texas,RB,0.85,2026,3,2026-01-26T02:00:00.000Z
UNLV,Immediate,Mark,Iheanachor,SMU,LB,0.85,2026,3,2026-01-25T04:20:00.000Z
Coastal Carolina,Immediate,Mason,Moore,Lehigh,S,0.85,2026,3,2026-03-08T20:50:00.000Z
,Withdrawn,Brenton,Williams,Liberty,EDGE,,2026,3,2026-01-15T17:15:43.000Z
Ball State,Immediate,Sean,Ward,Dartmouth,TE,0.83,2026,3,2026-02-04T17:56:00.000Z
Florida International,Immediate,Matt,Ivaldi,Fordham,QB,,2026,,2026-01-13T20:46:00.000Z
,Immediate,Andrew,Steger,Eastern Michigan,OT,,2026,3,2025-12-09T06:00:00.000Z
,Immediate,Davon,Banks,Boise State,CB,,2026,3,2025-12-26T01:04:00.000Z
,Immediate,Hunter,Watson,Sam Houston,QB,,2026,2,2026-01-08T16:22:00.000Z
North Texas,Immediate,Johnny,Williams IV,Missouri,OT,,2026,3,2026-01-08T16:48:00.000Z
Memphis,Immediate,Jermane,Hayes,Southern Miss,WR,,2026,3,2026-01-05T18:10:00.000Z
Memphis,Immediate,Chris,Stokes,Southern Miss,DL,,2026,3,2026-01-05T18:10:00.000Z
Memphis,Immediate,Elijah,Kinsler,Southern Miss,DL,,2026,3,2026-01-05T18:10:00.000Z
Memphis,Immediate,Amir,Leonard-Jean Charles,Southern Miss,DL,,2026,3,2026-01-05T18:08:00.000Z
Memphis,Immediate,Riley,McGehee,Arkansas State,OT,,2026,3,2026-01-05T18:05:00.000Z
,Immediate,Thai,Chiaokhiao-Bowman,UConn,WR,,2026,3,2026-01-08T16:21:00.000Z
,Immediate,Jabrae,Shaw,Arkansas,S,,2026,,2026-01-02T12:00:00.000Z
,Immediate,Nijrell,Eason II,UNLV,CB,,2026,3,2026-01-08T16:21:00.000Z
,Immediate,Michael,Phoenix II,Sam Houston,WR,,2026,3,2026-01-10T16:38:00.000Z
,Immediate,Finn,Walters,Indiana,EDGE,,2026,,2026-01-05T18:22:00.000Z
,Immediate,Fred,Robertson,Louisiana Tech,RB,,2026,3,2026-01-02T16:20:00.000Z
UNLV,Immediate,Keyan,Burnett,Arizona,TE,0.86,2026,3,2026-01-13T17:34:00.000Z
Memphis,Immediate,J'mari,Monette,Indiana,DL,0.83,2026,3,2026-01-23T16:41:00.000Z
Memphis,Immediate,Tychaun,Chapman,Southern Miss,WR,0.86,2026,3,2026-01-04T00:00:00.000Z
Colorado State,Immediate,Mel,Brown,UConn,RB,0.85,2026,3,2026-01-07T21:12:00.000Z
Kansas,Immediate,Roman,Pearson,Ball State,CB,0.85,2026,3,2026-01-08T16:40:00.000Z
Texas State,Immediate,Shaker,Reisig,Boston College,QB,0.85,2026,3,2026-01-12T13:50:49.000Z
Penn State,Immediate,Brett,Eskildsen,Iowa State,WR,0.89,2026,3,2026-01-04T22:02:00.000Z
,Immediate,E.J.,Harris,Middle Tennessee,IOL,,2026,3,2025-12-04T21:05:00.000Z
,Immediate,Devin,Green,Utah,RB,,2026,3,2026-01-02T15:05:00.000Z
,Immediate,Isaiah,Perry,Johnson C. Smith,WR,,2026,,2025-11-25T12:47:00.000Z
Eastern Kentucky,Immediate,Kaleb,Neal,App State,S,,2026,3,2026-01-17T20:01:00.000Z
Western Kentucky,Immediate,Geajorm,Akpaloo,Coastal Carolina,LB,,2026,,2026-01-11T18:21:00.000Z
,Immediate,Que,McBroom,UL Monroe,IOL,,2026,3,2026-01-08T04:06:00.000Z
Arkansas State,Immediate,Elias,Sherman,Maine,DL,,2026,,2026-01-09T16:26:00.000Z
Virginia,Immediate,Wyatt,Rubinoff,New Hampshire,LS,,2026,,2026-01-09T16:25:00.000Z
,Immediate,Ja'Kobe,Clinton,West Florida,LB,0.85,2026,3,2026-01-15T22:17:00.000Z
New Haven,Immediate,Nate,Burleson II,Nevada,WR,,2026,,2026-01-21T13:45:00.000Z
,Immediate,Da'Marcus,Crosby,Virginia,S,,2026,,2026-01-17T05:35:00.000Z
Kansas State,Immediate,Elijah,Hill,Kennesaw State,EDGE,0.86,2026,3,2026-01-13T21:06:00.000Z
East Tennessee State,Immediate,Xavier,Porter,Louisville,DL,0.84,2026,3,2026-01-13T18:18:00.000Z
Florida,Immediate,Jaylen,Lloyd,Oklahoma State,WR,0.85,2026,3,2026-01-16T17:46:00.000Z
,Immediate,Alessandro,Perez,Texas A&M,DL,,2026,,2026-01-09T16:09:00.000Z
,Immediate,Bo,Gaines,Georgia State,P,,2026,,2026-01-09T16:08:00.000Z
,Immediate,Tre,People,LSU,QB,,2026,3,2026-01-02T12:27:00.000Z
,Immediate,BJ,Mayes,Purdue,LB,,2026,,2026-01-09T15:46:00.000Z
,Immediate,Jaden,Hamlin,UL Monroe,DL,,2026,3,2026-01-09T15:33:00.000Z
,Immediate,Amari,Jefferson,Tennessee,WR,,2026,4,2026-01-02T02:16:00.000Z
James Madison,Immediate,Noah,Grevious,VMI,WR,0.86,2026,3,2026-01-14T18:37:00.000Z
,Immediate,Kenyon,Massey,Massachusetts,WR,,2026,3,2026-01-09T21:37:00.000Z
Western Michigan,Immediate,Emazon,Littlejohn,South Carolina,WR,,2026,,2026-01-05T17:37:00.000Z
Georgia State,Immediate,Tre,Mittman,North Carolina A&T,S,,2026,,2026-01-06T22:00:44.000Z
Temple,Immediate,Deshon,Dodson,Albany,DL,0.82,2026,3,2026-01-11T22:00:00.000Z
UL Monroe,Immediate,Taijh,Overton,Arkansas,S,0.86,2026,3,2026-01-22T22:14:00.000Z
Oklahoma State,Immediate,Caden,Yates,North Texas,LS,,2026,,2026-01-05T01:48:00.000Z
Kennesaw State,Immediate,Brayden,Munroe,Northern Colorado,WR,0.86,2026,3,2026-01-22T02:16:00.000Z
Ohio,Immediate,Isaiah,Street,Western Michigan,EDGE,0.82,2026,3,2026-01-13T15:44:00.000Z
,Immediate,Ozarrio,Smith,UL Monroe,RB,,2026,2,2026-01-09T15:47:00.000Z
Western Kentucky,Immediate,Roq,Montgomery,Alabama,IOL,0.86,2026,3,2026-01-11T00:38:00.000Z
UConn,Immediate,Hannes,Hammer,Virginia Tech,OT,0.84,2026,3,2026-01-22T01:02:00.000Z
Kentucky,Immediate,Xavier,Daisy,UAB,WR,0.85,2026,3,2026-01-08T04:11:00.000Z
South Florida,Immediate,Cash,Hudson,Missouri State,IOL,0.85,2026,3,2026-01-12T15:41:00.000Z
,Immediate,Jaylyn,Ferguson,UAB,WR,,2026,,2026-01-04T20:49:00.000Z
,Immediate,Alex,Broome,Boston College,RB,,2026,3,2026-01-02T15:42:00.000Z
Tulsa,Immediate,Trequan,Jones,Old Dominion,RB,0.86,2026,3,2026-01-26T20:04:00.000Z
Mississippi State,Immediate,Jamari,Freeman,Mercer,IOL,0.85,2026,3,2026-04-25T12:24:00.000Z
,Immediate,Jordan,Brown,Nevada,WR,,2026,,2025-12-04T02:56:00.000Z
Colorado,Immediate,Paul,Omodia,Lamar,CB,0.85,2026,3,2026-01-17T23:47:00.000Z
Northern Illinois,Immediate,Taron,Dickens,Western Carolina,QB,0.85,2026,3,2026-02-15T18:51:00.000Z
,Immediate,Kyndall,McKenzie,Memphis,IOL,,2026,3,2026-01-02T16:24:00.000Z
East Carolina,Immediate,Blake,Shirley,Wofford,LS,,2026,,2026-02-11T14:25:00.000Z
Kentucky,Immediate,Shane,Carr,Southern Utah,WR,0.86,2026,3,2026-01-19T16:42:00.000Z
Northwestern State,Immediate,Tyrone,McDuffie,UTEP,IOL,,2026,3,2026-01-07T16:46:00.000Z
Austin Peay,Immediate,Obadiah,Obasuyi,Georgia State,OT,,2026,3,2026-01-25T22:06:09.000Z
Portland State,Immediate,Jonathan,Epperson Jr.,Washington,LB,,2026,3,2026-01-19T19:20:00.000Z
Georgia State,Immediate,Deylin,Hasert,Iowa State,IOL,,2026,3,2026-01-07T01:52:33.000Z
,Immediate,Dinellson,Exume,South Florida,DL,,2026,3,2025-12-01T20:02:00.000Z
,Immediate,Brent,Washington,Georgia State,LB,,2026,3,2025-12-04T19:30:00.000Z
,Immediate,Ismael,Zamor,Boston College,WR,,2026,3,2026-01-06T18:19:00.000Z
,Immediate,Dakerric,Hobbs,New Mexico State,CB,,2026,3,2026-01-07T16:37:00.000Z
,Immediate,Theo,Bachelder,Old Dominion,OT,,2026,,2026-01-07T16:13:00.000Z
UCF,Immediate,Cooper,Terpstra,Michigan State,IOL,,2026,2,2026-01-04T22:43:00.000Z
,Immediate,Troy,Petz,Washington State,P,,2026,,2026-01-07T16:12:00.000Z
Oregon State,Immediate,Teko,Shoats,Bethune-Cookman,OT,0.85,2026,3,2026-01-12T16:53:44.000Z
UCLA,Immediate,Stevie,Amar Jr.,Boston College,TE,0.84,2026,3,2026-01-10T00:34:00.000Z
Kentucky,Immediate,Adam,Zouagui,South Florida,K,0.83,2026,3,2026-01-11T03:24:00.000Z
Iowa State,Immediate,Caden,Maas,Sioux Falls,IOL,0.86,2026,3,2026-01-07T15:52:00.000Z
Memphis,Immediate,Jayden,Parrish,Florida State,LB,0.84,2026,3,2026-01-13T04:29:00.000Z
Louisiana Tech,Immediate,Ty,Jones,Norfolk State,S,0.85,2026,3,2026-01-23T23:15:00.000Z
,Immediate,Lanar,Kelley Jr.,New Mexico State,S,,2026,,2025-12-03T21:22:00.000Z
James Madison,Immediate,JT,Hooten,West Alabama,LB,0.84,2026,3,2026-01-12T18:39:00.000Z
Southwest Mississippi C.C.,Immediate,Jakhari,Williams,Syracuse,QB,0.85,2026,3,2026-01-20T02:35:00.000Z
,Immediate,Rodney,Bullard Jr.,Michigan State,WR,,2026,,2026-01-17T05:19:00.000Z
Oklahoma State,Immediate,Jeremiah,Piper,Youngstown State,CB,0.84,2026,3,2026-05-16T22:00:00.000Z
Morgan State,Immediate,Mike,Hastie,West Virginia,LB,0.84,2026,3,2026-05-02T02:05:00.000Z
,Immediate,Eric,Brantley Jr.,Florida Atlantic,EDGE,,2026,3,2025-12-10T13:44:00.000Z
UCF,Immediate,Landen,Chambers,Central Arkansas,RB,,2026,3,2026-01-04T22:52:00.000Z
UCF,Immediate,Kahmel,Johnson,Wayne State College,S,0.85,2026,3,2026-01-06T23:08:41.000Z
Arizona State,Immediate,Marquis,Gillis,Delaware State,RB,0.85,2026,3,2026-01-07T03:46:00.000Z
Abilene Christian,Immediate,Deante,Lindsay,Texas Tech,CB,,2026,3,2026-01-12T21:13:00.000Z
Texas,Immediate,Bo,Mascoe,Rutgers,CB,0.91,2026,4,2026-01-07T01:56:00.000Z
Sam Houston,Immediate,Josiah,Chenault,Kennesaw State,IOL,0.84,2026,3,2026-02-04T22:33:00.000Z
Maine,Immediate,Alex,Nash-Lally,Delaware,S,,2026,3,2026-01-21T13:41:00.000Z
Savannah State,Immediate,Rodney,Hill,Arkansas,RB,0.84,2026,3,2026-07-08T14:44:00.000Z
,Immediate,Donovan,Dyson,Massachusetts,EDGE,,2026,3,2025-12-03T06:00:00.000Z
Kansas,Immediate,Jibriel,Conde,Grand Valley State,DL,0.86,2026,3,2025-12-02T03:20:00.000Z
Mercer,Immediate,Jaylen,King,Florida State,QB,0.83,2026,3,2026-02-04T14:16:00.000Z
East Carolina,Immediate,Ismael,Smith Flores,Texas-Rio Grande Valley,TE,,2026,3,2026-01-06T22:13:00.000Z
Oregon State,Immediate,Jonathan,Zarut,Memphis,LS,0.8,2026,3,2026-01-13T15:58:00.000Z
Miami (OH),Immediate,Mikah,Coleman,Cincinnati,EDGE,0.86,2026,3,2026-02-11T16:49:03.000Z
Baylor,Immediate,DJ,Lagway,Florida,QB,0.93,2026,4,2026-01-18T20:01:00.000Z
,Withdrawn,Donovan,McIntosh,Kansas State,CB,0.86,2026,3,2025-12-17T20:10:00.000Z
UCF,Immediate,Henry,Tabansi,Buffalo,OT,0.86,2026,3,2026-01-06T22:58:00.000Z
Utah,Immediate,Jamal,Wallace,Tennessee,DL,0.86,2026,3,2026-01-12T00:22:00.000Z
Penn State,Immediate,Ibn,McDaniels,Syracuse,CB,0.86,2026,3,2026-01-09T22:24:00.000Z
Colorado,Immediate,Samu,Taumanupepe,Baylor,DL,0.86,2026,3,2026-01-16T02:23:00.000Z
Western Michigan,Immediate,Drew,Doyle,Virginia Tech,LS,,2026,,2026-01-21T16:45:00.000Z
Arkansas State,Immediate,Tyeland,Coleman,Florida State,DL,0.85,2026,3,2026-01-13T03:00:00.000Z
Middle Tennessee,Immediate,Jason,Hardy,Grand Valley State,CB,,2026,2,2026-01-08T19:33:00.000Z
Missouri,Immediate,Malik,Bryant,Miami,EDGE,0.85,2026,3,2026-01-21T12:21:00.000Z
Miami,Immediate,Omar,Thornton,Boston College,S,0.92,2026,4,2026-01-11T01:10:00.000Z
Alabama A&M,Immediate,Jayden,Lewis,Tulane,CB,0.85,2026,3,2026-01-30T04:06:00.000Z
Virginia,Immediate,Da'Shawn,Martin,Kent State,WR,0.87,2026,3,2026-01-17T02:56:00.000Z
Ohio,Immediate,Darren,James-Hamilton,Elon,S,0.83,2026,3,2026-01-17T21:49:00.000Z
Auburn,Immediate,Joseph,Simmons,James Madison,OT,0.88,2026,3,2026-01-09T16:57:00.000Z
Stephen F. Austin,Immediate,Joseph,Dodds,Baylor,RB,0.85,2026,3,2026-01-14T02:05:00.000Z
Georgia State,Immediate,Jaydon,Hood,Michigan,LB,0.84,2026,3,2026-01-16T00:14:00.000Z
Kent State,Immediate,Nate,Gregory,Coastal Carolina,LB,0.84,2026,3,2026-01-27T20:09:15.000Z
NC State,Immediate,Da'Kaari,Nelson,Penn State,LB,0.86,2026,3,2026-01-17T02:51:00.000Z
UAB,Immediate,Blanche,Gold,Morgan State,EDGE,0.84,2026,3,2026-01-19T00:00:00.000Z
,Withdrawn,Tanner,Beaman,Portland State,TE,0.85,2026,3,2026-01-13T17:51:06.000Z
Missouri,Immediate,Chris,Graves Jr.,Ole Miss,CB,0.88,2026,3,2026-01-20T13:42:49.000Z
Ball State,Immediate,Jared,Badie,San Diego State,EDGE,0.85,2026,3,2026-02-04T13:12:00.000Z
Alcorn State,Immediate,Raheim,Jeter,East Carolina,QB,,2026,3,2026-02-04T21:27:00.000Z
Delaware,Immediate,Tucker,Smack,Salisbury University,K,0.8,2026,3,2026-01-12T21:58:00.000Z
,Immediate,Jason,Mitchell,Western Michigan,S,,2026,3,2026-01-06T20:34:00.000Z
Holy Cross,Immediate,Jalen,Rambert,Wofford,LB,0.8,2026,3,2026-01-11T02:12:00.000Z
Miami,Immediate,Jake,Weinberg,Florida State,K,0.83,2026,3,2026-01-17T00:24:00.000Z
Illinois,Immediate,Darrell,Prater,Jacksonville State,DL,0.86,2026,3,2026-01-21T16:36:41.000Z
Stony Brook,Immediate,CJ,Hester,Michigan,RB,,2026,3,2026-01-18T14:21:00.000Z
Ball State,Immediate,Alex,Scherle,Rice,TE,0.83,2026,3,2026-01-14T21:50:00.000Z
Nebraska,Immediate,Jasin,Shiggs,Towson,S,0.86,2026,3,2026-01-12T04:07:00.000Z
Marshall,Immediate,Simeon,John,UVA Wise,DL,0.83,2026,3,2026-01-14T15:04:00.000Z
UTSA,Immediate,Xavier,Walton,Angelo State,S,0.83,2026,3,2025-11-18T21:53:00.000Z
,Immediate,Caden,Vanderbush,Eastern Michigan,TE,,2026,2,2025-12-10T06:00:00.000Z
,Immediate,Amarion,York,Oregon State,S,,2026,3,2025-12-17T20:20:00.000Z
,Withdrawn,Nehemiah,Dukes,Ohio,DL,0.85,2026,3,2026-01-07T19:13:00.000Z
California,Immediate,Ashten,Emory,UTEP,RB,0.85,2026,3,2026-01-09T18:14:00.000Z
Fresno State,Immediate,Patrick,Barnett,UCF,IOL,0.82,2026,3,2026-01-22T03:43:00.000Z
Ohio,Immediate,Ian,VerSteeg,Wake Forest,WR,0.8,2026,3,2026-01-17T22:11:00.000Z
Jacksonville State,Immediate,Ronnel,Johnson,Missouri State,WR,0.85,2026,3,2026-01-12T22:31:00.000Z
Washington State,Immediate,Jordan,Dees,West Georgia,WR,0.84,2026,3,2026-01-16T23:43:00.000Z
Florida Atlantic,Immediate,Leonard,Farrow,Fairmont State,RB,0.83,2026,3,2025-11-18T16:42:00.000Z
Western Kentucky,Immediate,Jeremiah,Carroll,Carson Newman,WR,0.83,2026,3,2025-11-19T20:22:00.000Z
Kansas,Immediate,Jibreel,Al-Amin,Marshall,LB,0.86,2026,3,2026-01-09T16:20:00.000Z
New Mexico State,Immediate,Izzy,Clark-White,Monmouth,CB,,2026,,2026-01-11T01:08:43.000Z
Missouri State,Immediate,Jalile,Elliott,Barton,EDGE,0.84,2026,3,2026-01-09T20:08:00.000Z
,Immediate,Fatu,Mukuba,Sam Houston,WR,,2026,3,2025-12-09T21:25:00.000Z
,Immediate,Owen,Gibbs,Toledo,LB,,2026,,2026-01-02T15:06:00.000Z
Texas,Immediate,Raleek,Brown,Arizona State,RB,0.92,2026,4,2026-01-08T15:01:04.000Z
Ball State,Immediate,Jabari,Smith Jr.,Florida Atlantic,WR,0.85,2026,3,2026-01-17T21:57:00.000Z
Oklahoma State,Immediate,Dominic,Macon,Washington,DL,0.85,2026,3,2026-01-18T19:28:00.000Z
Ohio,Immediate,Will,Hryszko,Kent State,K,,2026,,2026-02-04T15:41:00.000Z
Old Dominion,Immediate,Zion,Agnew,Lenoir Rhyne,WR,0.84,2026,3,2025-11-19T18:15:00.000Z
Tulane,Immediate,Kajuan,Banks,South Florida,CB,0.85,2026,3,2026-01-17T00:22:00.000Z
,Immediate,Stone,Combs,Nevada,LB,,2026,2,2025-12-31T20:52:00.000Z
Syracuse,Immediate,Oluwafunto,Akinshilo,UCLA,IOL,0.87,2026,3,2026-01-16T11:46:00.000Z
NC State,Immediate,Ty,White,North Carolina,CB,0.85,2026,3,2026-01-13T21:27:00.000Z
Old Dominion,Immediate,Hunter,Patterson,West Liberty,RB,0.86,2026,3,2025-12-20T03:10:00.000Z
Florida,Immediate,TJ,Bullard,UCF,LB,0.84,2026,3,2026-01-12T16:54:00.000Z
South Florida,Immediate,Michael,Van Buren Jr.,LSU,QB,0.86,2026,3,2026-01-07T18:52:00.000Z
NC State,Immediate,Joshisa,Trader,Miami,WR,0.88,2026,3,2026-01-23T02:39:00.000Z
Mississippi State,Immediate,Marcus,Williams,Rice,S,0.85,2026,3,2026-01-08T00:32:00.000Z
Liberty,Immediate,Ashton,McShane,Boston College,CB,0.85,2026,3,2026-01-09T19:02:00.000Z
,Immediate,Maddox,Marcellus,Virginia,LB,,2026,,2026-01-02T17:01:00.000Z
,Immediate,Sidney,Dupuy,San Diego State,DL,,2026,3,2026-01-02T17:01:00.000Z
,Immediate,Brice,Turner,Nebraska,WR,,2026,3,2026-01-05T17:55:00.000Z
,Immediate,Maxwell,Van Fleet,Cornell,DL,,2026,,2025-11-25T17:43:00.000Z
,Immediate,Ashton,Ngo,Arkansas,LS,,2026,,2026-01-05T17:28:00.000Z
East Carolina,Immediate,Ja'Keith,Hamilton,Furman,WR,,2026,,2026-01-05T17:26:00.000Z
South Florida,Immediate,Jason,Collins Jr.,Morgan State,RB,0.84,2026,3,2026-01-07T19:00:00.000Z
Kansas,Immediate,Clifton,Thompson,Central Connecticut,DL,,2026,,2026-07-31T05:00:00.000Z
,Immediate,J.C.,Sivley,UAB,TE,,2026,3,2025-12-09T17:12:00.000Z
,Immediate,Maxwell,Freeman,Pennsylvania,IOL,0.8,2026,3,2025-11-24T22:17:00.000Z
UConn,Immediate,Tracy,Revels,Michigan State,S,0.83,2026,3,2026-01-15T00:41:00.000Z
,Immediate,Joe,Mason,Nicholls,EDGE,0.83,2026,3,2025-11-24T22:30:00.000Z
Boise State,Immediate,Mikaio,Edward,Central Washington,DL,0.85,2026,3,2026-01-13T21:00:00.000Z
Ole Miss,Immediate,Darrell,Gill Jr.,Syracuse,WR,0.94,2026,4,2026-01-13T16:36:17.000Z
Sacramento State,Immediate,Vae,Soifua,Weber State,IOL,0.82,2026,3,2026-01-21T13:32:00.000Z
Iowa,Immediate,Eli,Ozick,North Dakota State,K,,2026,,2026-01-04T20:23:00.000Z
,Immediate,Stephen,Saywahn,UL Monroe,S,,2026,2,2026-01-10T16:13:00.000Z
Ohio,Immediate,Barry,Dillon,Incarnate Word,CB,,2026,,2026-01-09T22:33:00.000Z
Western Michigan,Immediate,Ahmed,Tounkara,Ohio State,DL,0.8,2026,3,2026-01-15T17:39:00.000Z
,Immediate,TJ,Harden,SMU,RB,,2026,3,2026-08-20T00:30:00.000Z
,Immediate,Jayden,Dixon-Veal,California,WR,,2026,3,2026-01-17T05:13:00.000Z
Marshall,Immediate,Aumad,Edwards,Kentucky,CB,0.8,2026,3,2026-01-17T16:12:00.000Z
Eastern Michigan,Immediate,Adam,Samaha,Akron,K,,2026,2,2026-01-21T17:03:00.000Z
New Mexico,Immediate,Nick,Romero,Wagner,K,0.83,2026,3,2026-01-20T04:56:00.000Z
North Carolina,Immediate,Brandon,Homady,West Virginia,IOL,0.85,2026,3,2026-01-12T22:56:00.000Z
New Mexico State,Immediate,Rayfield,Lotten,Sam Houston,TE,0.82,2026,3,2026-01-21T02:49:00.000Z
,Immediate,Gabriel,Ikechukwu,Wyoming,DL,,2026,3,2025-12-09T03:29:00.000Z
,Immediate,Tae'Shaun,Johnson,Hampton,WR,,2026,3,2025-11-30T17:02:00.000Z
,Immediate,Dashawn,Fillmore,Texas A&M,WR,,2026,,2026-01-05T18:31:00.000Z
,Immediate,Tiumalu,Afalava,San Diego State,DL,,2026,3,2026-01-02T16:57:00.000Z
East Tennessee State,Immediate,Izziek,Chandler,Central Missouri,CB,,2026,,2026-01-25T18:04:00.000Z
Northern Illinois,Immediate,Tyrese,Stanley,Morehouse,S,0.85,2026,3,2025-11-13T18:46:00.000Z
Texas Tech,Immediate,Amarie,Fleming,Allen University,EDGE,0.86,2026,3,2025-11-19T15:02:00.000Z
West Florida,Immediate,Xakery,Wiedner,Coastal Carolina,WR,,2026,3,2026-01-27T20:11:16.000Z
,Immediate,Braylen,Walker,Rice,WR,,2026,2,2026-01-04T21:42:00.000Z
Wyoming,Immediate,Da'Marion,Brownlee,Missouri Southern State,S,0.84,2026,3,2026-01-19T20:50:00.000Z
Northwestern,Immediate,Dominic,Kirks,Ohio State,EDGE,0.86,2026,3,2026-01-22T00:50:00.000Z
Michigan,Immediate,Houston,Ka'aha'aina-Torres,Nebraska,IOL,0.86,2026,3,2026-01-12T21:34:10.000Z
Kennesaw State,Immediate,Maliki,Wright,Duke,S,0.84,2026,3,2026-01-22T02:08:00.000Z
Kennesaw State,Immediate,Jaiden,Crawford,Arkansas-Pine Bluff,DL,0.82,2026,3,2026-01-21T17:33:00.000Z
,Immediate,Cannon,Mackey,Grand Valley State,IOL,,2026,,2025-11-21T21:28:00.000Z
,Immediate,Keyon,Concepcion,Concord,WR,0.85,2026,3,2025-11-21T21:11:00.000Z
,Immediate,Braeden,Flowers,SMU,EDGE,,2026,3,2026-01-02T16:30:00.000Z
Southern Miss,Immediate,Jonah,Martinez,TCU,CB,0.86,2026,3,2026-01-19T21:15:00.000Z
,Immediate,Nahji,Logan,Nevada,LB,,2026,2,2026-01-02T16:21:00.000Z
Tulane,Immediate,Macho,Stevenson,Texas Tech,CB,,2026,3,2026-01-07T21:11:00.000Z
Michigan State,Immediate,Trey,Lisle,Southeast Missouri State,EDGE,0.87,2026,3,2026-01-08T19:09:00.000Z
Oregon State,Immediate,Braden,Atkinson,Mercer,QB,0.86,2026,3,2026-01-11T15:00:00.000Z
Marshall,Immediate,Kenyatta,Hardge,Kentucky,DL,,2026,,2026-01-07T15:01:31.000Z
,Immediate,Ibrahim,Barry,Bowie State,WR,,2026,,2025-11-12T19:39:00.000Z
,Immediate,Dallas,Johnson,Livingstone,CB,0.84,2026,3,2025-11-12T18:44:00.000Z
,Immediate,Corey,Sandolph,Angelo State,WR,0.8,2026,3,2025-11-12T18:05:00.000Z
,Immediate,Xavier,Irvin,Temple,WR,0.8,2026,3,2025-10-06T16:31:00.000Z
Montana State,Immediate,Gianni,Edwards,Arizona,CB,,2026,3,2026-02-02T17:57:00.000Z
TCU,Immediate,Noah,McKinney,Oklahoma State,IOL,0.89,2026,3,2025-10-16T16:47:00.000Z
UCLA,Immediate,Mack,Indestad,Eastern Michigan,OT,0.85,2026,3,2026-01-13T03:38:00.000Z
Southern Miss,Immediate,Jackson,Banks,Western Carolina,DL,0.82,2026,3,2026-02-04T21:04:03.000Z
Delaware,Immediate,Dylan,Mann,Troy,DL,0.8,2026,3,2026-01-22T22:35:00.000Z
,Immediate,Andy,Jean,Arkansas,WR,,2026,3,2025-12-31T20:55:00.000Z
Bowling Green,Immediate,John,Baker IV,Toledo,EDGE,0.85,2026,3,2026-02-04T17:28:00.000Z
Rice,Immediate,Preston,Zinter,Notre Dame,EDGE,0.85,2026,3,2026-01-13T22:25:00.000Z
Jacksonville State,Immediate,Britin,Witt,VMI,IOL,,2026,,2026-01-17T22:00:00.000Z
Incarnate Word,Immediate,Damashja,Harris,Wyoming,RB,,2026,,2026-01-24T05:47:00.000Z
Austin Peay,Immediate,Ronald,Jackson,Grand Valley State,DL,0.83,2026,3,2026-01-15T19:40:00.000Z
Virginia,Immediate,Rico,Flores Jr.,UCLA,WR,0.86,2026,3,2026-01-13T15:04:00.000Z
Boston College,Immediate,Owen,Snively,Eastern Michigan,IOL,0.85,2026,3,2026-01-22T02:42:00.000Z
Virginia,Immediate,Nnanna,Anyanwu,UTSA,EDGE,0.87,2026,3,2026-01-09T16:39:00.000Z
Liberty,Immediate,Breckan,Kirby,North Greenville,TE,0.83,2026,3,2026-01-05T23:39:00.000Z
BYU,Immediate,Kyler,Kasper,Oregon,WR,0.86,2026,3,2026-01-08T16:10:00.000Z
Duke,Immediate,Owen,Wafle,Penn State,DL,0.85,2026,3,2026-01-06T22:56:00.000Z
Texas State,Immediate,Jason,Patterson,Texas Southern,EDGE,0.85,2026,3,2026-01-21T03:54:00.000Z
Idaho State,Immediate,Titan,Saxton,Utah State,S,,2026,,2026-01-14T15:07:00.000Z
Missouri State,Immediate,Witt,Edwards,Vanderbilt,TE,0.85,2026,3,2026-01-17T13:27:00.000Z
Eastern Kentucky,Immediate,Payne,Miller,Western Illinois,DL,0.83,2026,3,2026-01-17T02:16:00.000Z
Richmond,Immediate,Krystian,Williams,Virginia Tech,CB,,2026,3,2026-01-17T02:43:00.000Z
UAB,Immediate,Braden,Sullivan,Eastern Kentucky,LB,0.83,2026,3,2026-01-18T17:42:00.000Z
Toledo,Immediate,Autavius,Ison,Mercer,RB,0.84,2026,3,2026-01-14T21:43:00.000Z
,Immediate,Umar,Rockhead,Charlotte,OT,,2026,3,2025-12-22T13:02:00.000Z
USC,Immediate,Alex,VanSumeren,Michigan State,DL,0.89,2026,3,2026-01-06T22:34:00.000Z
Blinn College,Immediate,Chad,Gasper Jr.,Florida,RB,0.85,2026,3,2026-02-04T04:32:00.000Z
Baylor,Immediate,Nate,Kibble,Texas,IOL,0.87,2026,3,2026-01-06T20:30:00.000Z
Utah,Immediate,Ricky,Johnson,Mississippi State,WR,0.85,2026,3,2026-01-16T15:25:00.000Z
UConn,Immediate,Matt,Ragan,Boston College,TE,0.85,2026,3,2026-01-12T16:43:00.000Z
,Immediate,Isaiah,Blair,New Mexico,WR,,2026,,2025-12-31T23:59:00.000Z
,Immediate,Kone,Aumua-Uiagalelei,Utah State,DL,,2026,2,2026-01-05T20:06:00.000Z
Central Arkansas,Immediate,James,Jointer Jr.,Eastern Michigan,RB,,2026,3,2026-01-09T01:47:00.000Z
,Immediate,Zavian,Dilworth,Eastern Michigan,CB,,2026,2,2026-01-02T16:59:00.000Z
,Immediate,Jacob,Hohenshelt,James Madison,IOL,,2026,,2026-01-02T16:21:00.000Z
Kennesaw State,Immediate,Mateo,Guevara,Middle Tennessee,IOL,0.85,2026,3,2026-01-13T16:00:00.000Z
Georgia Tech,Immediate,Alberto,Mendoza,Indiana,QB,0.86,2026,3,2026-01-20T13:29:00.000Z
West Georgia,Immediate,Kendric,Davis,East Carolina,LB,0.84,2026,3,2026-01-29T16:17:00.000Z
Ball State,Immediate,CJ,Nelson,Eastern Illinois,WR,,2026,3,2026-02-04T15:48:00.000Z
,Immediate,Miles,Thompson,Northern Illinois,CB,,2026,3,2025-12-24T03:11:00.000Z
Wake Forest,Immediate,Wondame,Davis Jr.,UTEP,WR,0.87,2026,3,2026-01-08T18:05:00.000Z
Oklahoma,Immediate,Bishop,Thomas,Georgia State,DL,0.86,2026,3,2026-01-13T01:20:00.000Z
Ole Miss,Immediate,Isaiah,Spencer,Virginia Tech,WR,0.86,2026,3,2026-01-14T21:59:00.000Z
Stephen F. Austin,Immediate,Marco,Tyson,Old Dominion,S,,2026,2,2026-02-02T03:08:00.000Z
,Withdrawn,Omarza,Gray,Ferrum College,WR,,2026,,2026-05-12T02:18:01.000Z
North Carolina,Immediate,Aeron,Burrell,LSU,K,,2026,3,2026-01-10T16:19:00.000Z
,Immediate,Adrian,Griffin,South Alabama,DL,,2026,3,2026-01-05T18:19:00.000Z
,Immediate,Nikhil,Webb Walker,Colorado,EDGE,,2026,,2026-01-02T16:14:00.000Z
,Immediate,Meikhi,Cuttino,Delaware,LB,,2026,3,2025-12-22T20:13:00.000Z
Utah State,Immediate,Quincy,Wright,Arkansas State,DL,0.82,2026,3,2026-01-13T19:09:00.000Z
Memphis,Immediate,Dilan,Williamson,Concordia St. Paul,CB,0.85,2026,3,2026-01-18T19:09:00.000Z
,Immediate,L'Cier,Luter,Florida International,DL,,2026,3,2026-08-03T15:12:00.000Z
Toledo,Immediate,Jake,Newell,Akron,TE,0.85,2026,3,2026-01-20T05:01:00.000Z
Texas State,Immediate,Dylan,Cunanan,Toledo,K,,2026,,2026-01-20T18:37:00.000Z
Texas Tech,Immediate,Jordan,Rogers,Pittsburg State,S,,2026,,2026-05-03T05:00:00.000Z
Oregon State,Immediate,Isaiah,Houi,Eastern Illinois,CB,0.86,2026,3,2026-01-13T16:00:19.000Z
Western Carolina,Immediate,Jake,Young,Charlotte,TE,,2026,,2026-02-04T19:00:00.000Z
Massachusetts,Immediate,Zachary,Betts,Saint Francis (PA),EDGE,0.85,2026,3,2026-01-15T05:22:00.000Z
Buffalo,Immediate,Logan,Goodwin,IU Pennsylvania,EDGE,0.84,2026,3,2026-01-17T00:05:00.000Z
,Immediate,Nehemiah,Burleson,Nevada,EDGE,,2026,,2026-01-02T15:10:00.000Z
,Immediate,Jeremiah,Dillon,Vanderbilt,WR,,2026,4,2025-12-30T19:57:00.000Z
Tarleton State,Immediate,Jackson,Gilkey,Weber State,QB,,2026,3,2026-01-22T00:52:00.000Z
SMU,Immediate,Ira,Singleton,South Florida,EDGE,0.86,2026,3,2026-01-06T23:40:00.000Z
Michigan State,Immediate,Cam,Fancher,UCF,QB,0.85,2026,3,2026-01-06T21:35:00.000Z
,Immediate,Zyion,Freer-Brown,Dartmouth,LB,,2026,,2026-01-05T22:55:00.000Z
,Immediate,Larry,Benton III,Vanderbilt,TE,,2026,,2026-01-05T18:33:00.000Z
Kent State,Immediate,Jakorion,Caffey,Cincinnati,RB,0.83,2026,3,2026-01-16T19:57:00.000Z
Virginia,Immediate,Jalen,McNair,Buffalo,S,0.85,2026,3,2026-01-16T05:23:00.000Z
Troy,Immediate,Marcus,Goree Jr.,Tennessee,CB,0.85,2026,3,2026-01-17T15:30:00.000Z
Sacramento State,Immediate,Garrison,Blank,UCLA,OT,0.86,2026,3,2026-01-15T16:45:00.000Z
,Withdrawn,Charlie,Collins,Arkansas,EDGE,0.88,2026,3,2026-01-12T19:06:38.000Z
Purdue,Immediate,John,Slaughter,Colorado,S,0.85,2026,3,2026-01-16T15:37:00.000Z
,Immediate,Jackson,Owens,New Mexico State,WR,,2026,2,2026-01-02T17:00:00.000Z
LSU,Immediate,Mack,Mulhern,Florida,LS,,2026,,2026-01-07T15:43:00.000Z
Missouri,Immediate,Colin,Sorensen,Charleston Southern,OT,0.82,2026,3,2026-01-16T15:05:00.000Z
North Carolina,Immediate,Kaleb,Jackson,LSU,RB,0.86,2026,3,2026-01-20T02:39:00.000Z
San Diego State,Immediate,Mike,Lindsay,Idaho State,CB,0.85,2026,3,2026-01-16T22:20:00.000Z
Holy Cross,Immediate,Cam,Boone,Robert Morris,CB,0.82,2026,3,2026-01-13T02:32:00.000Z
Wisconsin,Immediate,Jayden,Loftin,Tennessee,EDGE,0.86,2026,3,2026-01-10T20:24:00.000Z
,Immediate,Brien,Taylor Jr.,Florida,EDGE,0.86,2026,3,2026-01-13T17:10:00.000Z
Colorado State,Immediate,Jayden,Tuia,Oregon State,OT,0.82,2026,3,2026-01-15T17:27:00.000Z
,Immediate,Kaidon,Whidby,Liberty,LB,,2026,3,2025-12-31T20:36:00.000Z
,Immediate,Sean,Webb,New Hampshire,CB,,2026,,2026-01-05T18:16:00.000Z
Miami,Immediate,Jamal,Meriweather,Georgia,OT,0.86,2026,3,2026-01-15T17:49:00.000Z
Southern Miss,Immediate,Jeffery,Rush,Ole Miss,EDGE,0.84,2026,3,2026-01-12T23:19:00.000Z
Kansas State,Immediate,Ben,Osueke,Temple,CB,,2026,3,2026-08-28T21:05:00.000Z
Alabama,Immediate,Ethan,Fields,Ole Miss,IOL,0.87,2026,3,2026-01-17T15:30:00.000Z
,Immediate,Tyshawn,Wyatt,Virginia,OT,,2026,3,2025-12-09T01:57:00.000Z
Ohio,Immediate,Sandro,Malicevic,Eastern Illinois,OT,0.84,2026,3,2026-01-17T22:00:00.000Z
UCLA,Immediate,Sahir,West,James Madison,EDGE,0.88,2026,3,2026-01-11T04:04:00.000Z
Portland State,Immediate,Jason,Robinson Jr.,North Carolina,WR,0.83,2026,3,2026-02-03T20:41:00.000Z
Morgan State,Immediate,Jordan,Barnett,Shepherd,RB,0.83,2026,3,2026-02-03T04:31:00.000Z
Penn State,Immediate,Ikenna,Ezeogu,Iowa State,DL,0.88,2026,3,2026-01-14T21:59:00.000Z
Western Kentucky,Immediate,Kalib,Hicks,Oklahoma State,RB,0.84,2026,3,2026-04-02T02:07:00.000Z
,Withdrawn,Ja'briel,Mace,Villanova,RB,0.85,2026,3,2026-01-19T16:59:31.000Z
Southern Miss,Immediate,A'mari,Wilson,Campbell,EDGE,0.85,2026,3,2026-01-16T16:23:00.000Z
,Immediate,IIiyas,Fuavai,Southern Miss,EDGE,,2026,3,2026-01-04T18:48:00.000Z
,Immediate,Buddha,Garrett,Tulsa,S,,2026,3,2025-12-23T16:13:00.000Z
,Immediate,Devin,Miles,Western Michigan,RB,,2026,,2026-01-02T15:53:00.000Z
Washington,Immediate,Logan,George,Ohio State,EDGE,0.86,2026,3,2026-01-12T16:38:00.000Z
Rutgers,Immediate,Ty,Morris,Rice,LB,0.85,2026,3,2026-01-08T21:23:00.000Z
,Immediate,Ryan,Russo,Monmouth,LB,,2026,,2025-11-29T20:06:00.000Z
,Immediate,Shaborne,Demps,Florida International,WR,,2026,3,2026-01-04T22:26:00.000Z
App State,Immediate,Josh,Williams,Dayton,CB,0.8,2026,3,2026-01-08T15:09:23.000Z
Washington,Immediate,Emmanuel,Karnley,Virginia,CB,0.88,2026,3,2026-01-08T19:17:00.000Z
Northwestern State,Immediate,Tywon,Wray Jr.,South Alabama,S,,2026,3,2026-01-31T21:35:00.000Z
Middle Tennessee,Immediate,Antonio,Martin Jr.,Kansas State,RB,0.85,2026,3,2026-01-21T18:24:00.000Z
Louisiana Tech,Immediate,Marcus,Calwise Jr.,Eastern Kentucky,WR,0.85,2026,3,2026-02-02T22:34:00.000Z
Tennessee State,Immediate,Carlos,Orr-Gillespie,Utah State,WR,0.84,2026,3,2026-01-16T05:36:00.000Z
Ball State,Immediate,Gavin,Forsha,Tennessee State,LB,0.82,2026,3,2026-02-04T13:43:00.000Z
Marshall,Immediate,Chase,Ortiz,Stetson,LS,0.83,2026,3,2026-01-20T15:01:58.000Z
Mississippi State,Immediate,Dealyn,Evans,Texas A&M,DL,0.9,2026,4,2026-01-13T21:11:00.000Z
Arizona,Immediate,Cam,Chapa,Northern Colorado,S,0.87,2026,3,2026-01-10T19:03:00.000Z
East Carolina,Immediate,Myles,Pollard,Memphis,S,0.84,2026,3,2026-01-14T22:58:00.000Z
California,Immediate,Daniel,Harris,Georgia,CB,0.88,2026,3,2026-01-16T00:27:00.000Z
UTEP,Immediate,Jaymon,Lamb,North Texas,OT,0.84,2026,3,2026-01-16T15:49:00.000Z
Stanford,Immediate,Dara,Adeyemi,Bucknell,OT,0.85,2026,3,2026-01-19T19:55:00.000Z
North Texas,Immediate,Grayson,O'Bara,Dartmouth,WR,0.8,2026,3,2026-01-26T02:20:00.000Z
,Immediate,Allan,McCarter,UTEP,DL,,2026,3,2026-01-02T15:26:00.000Z
San Diego State,Immediate,Tuaoa,Tauili'ili,Portland State,DL,,2026,3,2026-01-10T23:45:00.000Z
,Immediate,Tyrell,Green,Purdue,IOL,0.86,2026,3,2025-11-26T21:19:00.000Z
Kentucky,Immediate,Olaus,Alinen,Alabama,OT,0.86,2026,3,2026-01-07T13:24:00.000Z
,Immediate,Dorian,Mallary Jr.,South Florida,CB,,2026,3,2026-01-05T01:01:00.000Z
,Immediate,Myles,Kitt-Denton,San Diego State,WR,,2026,,2026-01-02T16:44:00.000Z
,Immediate,BJ,Tolo,New Mexico State,IOL,,2026,3,2026-01-02T16:07:00.000Z
,Immediate,Josh,Stone,Arkansas State,CB,,2026,3,2026-01-02T15:16:00.000Z
Colorado,Immediate,Demetrius,Hunter,Houston,IOL,0.86,2026,3,2026-01-14T15:39:00.000Z
Florida State,Immediate,Chris,Jones,Southern Miss,LB,0.86,2026,3,2026-01-15T22:56:00.000Z
Auburn,Immediate,Walter,Mathis Jr.,LSU,DL,0.91,2026,4,2026-01-15T23:55:00.000Z
California,Immediate,Kamar,Mothudi,Oregon,LB,0.86,2026,3,2026-01-19T15:47:00.000Z
South Florida,Immediate,Harrysson,Ngassa,Illinois,EDGE,,2026,2,2026-04-30T21:23:00.000Z
Massachusetts,Immediate,Kendric,Council,Saint Francis (PA),LB,0.85,2026,3,2026-01-21T20:45:00.000Z
Kansas State,Immediate,Brandon,White,Hawai'i,WR,0.86,2026,3,2026-01-17T15:37:00.000Z
Middle Tennessee,Immediate,Victory,Vaka,Western Kentucky,DL,,2026,,2026-08-20T21:49:00.000Z
South Carolina,Immediate,Ethan,Sanchez,Houston,K,,2026,,2026-08-28T15:06:00.000Z
,Immediate,BJ,Hendrickson III,West Virginia,CB,,2026,,2026-01-02T14:17:00.000Z
,Withdrawn,Dylan,Parrott,Nebraska,DL,,2026,,2026-01-11T19:20:00.000Z
,Immediate,Richard,Toney Jr.,Purdue,S,,2026,2,2026-01-02T05:40:00.000Z
,Immediate,Tyrane,Stewart,North Texas,CB,,2026,3,2026-01-02T04:06:00.000Z
Arizona,Immediate,Matai,Tagoa'i,USC,LB,0.86,2026,3,2026-01-12T01:58:00.000Z
Tarleton State,Immediate,Kaden,Anderson,Wyoming,QB,0.85,2026,3,2026-01-11T15:55:00.000Z
Rice,Immediate,Koa,Akui,Sacramento State,S,0.85,2026,3,2026-01-10T16:52:00.000Z
,Immediate,Zach,Hernandez,SMU,RB,,2026,,2026-01-04T21:00:00.000Z
,Immediate,Dylan,Black,Oregon State,LS,,2026,,2026-01-02T15:52:00.000Z
,Immediate,John,Adams,Temple,WR,,2026,,2025-12-08T22:53:00.000Z
,Immediate,Cedric,Hawkins,Arkansas State,RB,,2026,2,2026-01-04T19:20:00.000Z
,Immediate,Truette,Tumey,Texas A&M,P,,2026,,2026-01-04T18:44:00.000Z
Duquesne,Immediate,Carson,Camp,Southeastern Louisiana,QB,,2026,2,2026-01-16T15:44:00.000Z
,Immediate,Shawn,Lee Jr.,Pittsburgh,CB,0.9,2026,4,2026-01-02T01:00:00.000Z
Alabama A&M,Immediate,Bekkem,Kritza,Penn State,QB,0.85,2026,3,2026-01-26T19:03:00.000Z
UC Davis,Immediate,Jackson,Kollock,Minnesota,QB,0.85,2026,3,2026-01-21T22:37:00.000Z
Missouri State,Immediate,Dylan,Brooks,Kansas,EDGE,0.86,2026,3,2026-01-20T20:44:00.000Z
Utah State,Immediate,Chapman,Lewis,Texas Tech,S,0.83,2026,3,2026-01-19T23:27:00.000Z
Kansas,Immediate,Brandon,Solis,Missouri,OT,0.85,2026,3,2026-02-04T20:08:00.000Z
UTEP,Immediate,Lamar,Sperling,Buffalo,RB,0.83,2026,3,2026-02-03T16:30:00.000Z
San José State,Immediate,Tyler,Jacklich,West Virginia,RB,0.82,2026,3,2026-01-22T00:15:00.000Z
BYU,Immediate,Jake,Clifton,Kansas State,LB,0.85,2026,3,2026-01-13T14:19:00.000Z
UAB,Immediate,Courage,Ugochukwu,Utah State,CB,0.82,2026,3,2026-01-25T21:03:00.000Z
Toledo,Immediate,Max,Allen,Mercer,LS,,2026,,2026-01-17T22:17:00.000Z
Toledo,Immediate,Corey,Smith,Penn State,RB,0.85,2026,3,2026-01-17T17:54:00.000Z
Akron,Immediate,Aidan,Stire,West Virginia,P,0.8,2026,3,2026-01-14T01:06:00.000Z
Auburn,Immediate,Stanton,Ramil,Michigan State,OT,0.88,2026,3,2026-01-07T16:31:00.000Z
Penn State,Immediate,Alijah,Carnell,Iowa State,DL,0.86,2026,3,2026-01-05T02:51:00.000Z
Virginia Tech,Immediate,Matt,Henderson,Penn State,TE,0.86,2026,3,2026-01-04T23:57:00.000Z
James Madison,Immediate,Jayon,Harvey,Findlay,CB,0.86,2026,3,2026-01-08T20:12:00.000Z
,Immediate,Rickey,Hunt Jr.,Middle Tennessee,RB,,2026,3,2025-12-24T21:02:00.000Z
,Immediate,JP,Mialovski,San Diego State,QB,,2026,3,2025-12-22T06:00:00.000Z
UAB,Immediate,Darrell,Sweeting,Marshall,CB,,2026,3,2026-01-10T20:05:00.000Z
California,Immediate,Kingston,Lopa,Oregon,S,0.9,2026,4,2026-01-05T12:16:00.000Z
Kennesaw State,Immediate,Kai,Russell,Wingate,EDGE,0.84,2026,3,2026-01-21T18:50:00.000Z
Hawai'i,Immediate,DeVon,Rice,Kansas State,RB,0.83,2026,3,2026-01-14T01:59:00.000Z
Troy,Immediate,Luke,Petit,Furman,IOL,0.83,2026,3,2026-01-17T19:59:00.000Z
Lamar,Immediate,Evan,Bullock,Louisiana Tech,QB,,2026,3,2026-01-14T20:27:00.000Z
UTEP,Immediate,Donavan,Howard,Virginia State,S,0.85,2026,3,2026-01-16T20:07:00.000Z
Delaware State,Immediate,Samari,Collier,Coastal Carolina,QB,,2026,3,2026-08-08T00:03:00.000Z
,Withdrawn,Dylan,Rowsey,Murray State,S,0.86,2026,3,2026-01-14T04:00:24.000Z
Cal Poly,Immediate,Dermaricus,Davis,Hawai'i,QB,,2026,4,2026-01-27T21:46:00.000Z
City College of San Francisco,Immediate,Landon,Bell,Colorado State,WR,0.85,2026,3,2026-03-23T05:00:00.000Z
Washington State,Immediate,Kalolo,Ta'aga,Utah,OT,0.85,2026,3,2026-01-13T21:27:00.000Z
Kennesaw State,Immediate,Corey,Kelly,Baylor,EDGE,0.84,2026,3,2026-01-22T02:20:00.000Z
LSU,Immediate,Dae'Quan,Wright,Ole Miss,TE,,2026,4,2026-08-20T19:30:00.000Z
,Immediate,Toluwanimi,Tunde,UConn,OT,,2026,,2026-01-17T05:30:00.000Z
Washington State,Immediate,Maximus,McCree,Washington,OT,0.85,2026,3,2026-01-19T19:17:00.000Z
LSU,Immediate,TJ,Dottery,Ole Miss,LB,0.91,2026,4,2026-01-15T13:44:00.000Z
UC Davis,Immediate,Chauncey,Sylvester,Weber State,RB,,2026,3,2026-01-23T05:37:00.000Z
,Immediate,Daemon,Fagan,NC State,S,,2026,4,2026-01-02T14:04:00.000Z
Florida International,Immediate,Manasseh,Ripert,Western Carolina,OT,,2026,,2026-01-10T15:49:00.000Z
,Immediate,Sam,Jackson V,Oklahoma State,WR,,2026,3,2026-01-02T06:10:00.000Z
,Immediate,Carmelo,Mays,Georgia Southern,WR,,2026,3,2026-01-02T04:19:00.000Z
Minnesota,Immediate,Mekhai,Smith,Lehigh,S,0.86,2026,3,2026-01-06T23:37:00.000Z
Kansas State,Immediate,Izaiah,Williams,Texas A&M,WR,0.86,2026,3,2026-01-05T15:18:00.000Z
,Immediate,Marquez,Taylor,UTEP,RB,,2026,3,2026-01-02T16:07:00.000Z
,Immediate,Zaiden,Wallace,Nevada,DL,,2026,3,2026-01-02T15:07:00.000Z
,Immediate,Mason,Chorak,UAB,IOL,,2026,,2026-01-04T19:40:00.000Z
,Immediate,Jeremiah,Patterson,Arizona,WR,,2026,2,2026-01-02T07:44:00.000Z
,Immediate,Jordan,Thomas,Temple,DL,,2026,,2025-12-13T23:36:00.000Z
South Florida,Immediate,Major,Dillard,Norfolk State,DL,,2026,,2026-01-12T16:12:00.000Z
,Immediate,Colin,Douglas,Saint Francis (PA),S,0.8,2026,3,2025-11-26T16:36:00.000Z
Texas A&M,Immediate,Rickey,Gibson III,Tennessee,CB,0.93,2026,4,2026-01-08T17:28:00.000Z
Wisconsin,Immediate,Abu,Sama III,Iowa State,RB,0.88,2026,3,2026-01-03T15:15:00.000Z
Southern Miss,Immediate,Josh,Johnson,Nicholls,DL,0.8,2026,3,2026-01-06T21:05:00.000Z
,Withdrawn,Zion,Frink,Old Dominion,CB,0.86,2026,3,2026-01-13T18:34:36.000Z
Virginia Tech,Immediate,Daniel,Jennings,Penn State,EDGE,0.87,2026,3,2026-01-04T23:14:00.000Z
Stephen F. Austin,Immediate,Rickey,Stewart Jr.,Texas,RB,0.85,2026,3,2026-01-18T18:39:00.000Z
Northwestern,Immediate,Luke,Dehnicke,Minnesota Duluth,TE,0.88,2026,3,2026-01-09T02:21:15.000Z
New Mexico,Immediate,Ken,Meir,Temple,IOL,0.8,2026,3,2026-01-27T11:28:00.000Z
Kansas,Immediate,Chase,Jenkins,Rice,QB,0.85,2026,3,2026-01-18T17:10:00.000Z
Southern Miss,Immediate,Xavier,McIver,East Carolina,DL,0.85,2026,3,2026-01-17T19:50:00.000Z
Virginia,Immediate,Connor,Cox,North Carolina,TE,0.87,2026,3,2026-01-10T21:01:00.000Z
Hawai'i,Immediate,Devin,Alves,Virginia Tech,WR,0.83,2026,3,2026-01-13T14:53:00.000Z
,Withdrawn,Warren,Roberson,Texas,S,,2026,4,2026-01-16T18:49:00.000Z
Bethune-Cookman,Immediate,Malakhi,Boone,UCF,LB,0.84,2026,3,2026-02-05T03:59:00.000Z
Louisville,Immediate,TJ,Banks,Ole Miss,S,0.86,2026,3,2026-01-12T21:35:00.000Z
Kennesaw State,Immediate,Devin,Morgan,Buffalo,DL,0.83,2026,3,2026-01-22T02:18:00.000Z
,Immediate,Kevin,Kalonji,Sam Houston,OT,,2026,3,2026-01-12T20:12:00.000Z
,Immediate,Syris,Corley,California,OT,,2026,3,2026-01-17T05:13:00.000Z
,Immediate,Mitch,Lake,App State,P,,2026,2,2026-01-13T15:36:00.000Z
Buffalo,Immediate,Joseph,Stoever,Georgia Tech,LS,,2026,,2026-02-04T15:01:00.000Z
Tarleton State,Immediate,Terrance,Saunders,Eastern Michigan,IOL,0.85,2026,3,2026-02-05T00:50:00.000Z
,Immediate,Shambre,Jackson,Massachusetts,EDGE,,2026,3,2026-01-15T17:18:00.000Z
,Withdrawn,Shamar,Porter,UConn,WR,,2026,4,2026-01-15T02:18:58.000Z
Ball State,Immediate,Carsen,Burckhardt,Valparaiso,LB,0.8,2026,3,2026-01-21T22:10:00.000Z
,Immediate,Mike,Jones,Kennesaw State,DL,,2026,,2026-01-02T03:57:00.000Z
,Immediate,Kiefer,Sibley,North Texas,RB,,2026,3,2026-01-02T01:39:00.000Z
,Immediate,Kuron,Parchmon,Pittsburg State,WR,,2026,2,2025-12-29T00:55:00.000Z
,Withdrawn,Trenton,Cloud,East Carolina,WR,,2026,3,2026-01-14T14:54:00.000Z
Stephen F. Austin,Immediate,Sione,Hingano,BYU,OT,,2026,3,2026-02-02T03:03:00.000Z
,Immediate,Grady,Sherrill,South Dakota,WR,,2026,,2026-04-01T05:00:00.000Z
East Carolina,Immediate,Ashton,Levells,Florida International,CB,,2026,2,2026-01-05T16:06:00.000Z
,Immediate,JJ,Jean-Louis,North Texas,LB,,2026,3,2025-12-28T21:51:00.000Z
Virginia Tech,Immediate,Jeff,Exinor Jr.,Penn State,WR,0.87,2026,3,2026-01-07T01:09:00.000Z
Iowa State,Immediate,Cade,Myer,Colorado School of Mines,IOL,0.84,2026,3,2026-01-06T12:31:00.000Z
Oklahoma,Immediate,Trell,Harris,Virginia,WR,0.93,2026,4,2026-01-05T18:06:00.000Z
San Diego State,Immediate,Tyler,Prasuhn,Arizona,K,,2026,2,2026-01-16T15:21:00.000Z
Nebraska,Immediate,Tikey,Hayes,Penn State,RB,,2026,3,2026-07-14T18:34:00.000Z
Baylor,Immediate,Gavin,Freeman,Oklahoma State,WR,0.86,2026,3,2026-01-15T22:49:00.000Z
Georgia,Immediate,TyQuez,Richardson,Alabama A&M,OT,0.87,2026,3,2026-01-16T01:38:00.000Z
Auburn,Immediate,Scrap,Richardson,Notre Dame,WR,0.87,2026,3,2026-01-16T20:43:00.000Z
James Madison,Immediate,Kei'Trone,Simpson,Lamar,EDGE,0.83,2026,3,2026-01-15T01:31:00.000Z
UConn,Immediate,Ryder,Treadway,Toledo,WR,0.85,2026,3,2026-01-24T07:58:00.000Z
UConn,Immediate,Jayden,Price,Toledo,S,0.85,2026,3,2026-01-24T08:06:00.000Z
UTSA,Immediate,Jeremiah,Bailey,Eastern Kentucky,EDGE,0.84,2026,3,2026-01-14T22:14:00.000Z
,Immediate,Zeiqui,Lawton,Sam Houston,DL,,2026,3,2026-01-02T16:05:00.000Z
California,Immediate,Dorian,Thomas,New Mexico,TE,0.9,2026,4,2026-01-07T02:30:10.000Z
,Immediate,Keion,Dunlap,Troy,S,,2026,3,2025-12-22T05:48:00.000Z
South Alabama,Immediate,Jaylen,Moson,Utah,CB,0.82,2026,3,2026-01-17T11:54:07.000Z
Furman,Immediate,Nick,Segarra,Ohio,TE,,2026,3,2026-01-23T05:42:00.000Z
,Immediate,Jenoa,Alford,Massachusetts,WR,,2026,,2026-01-04T20:33:00.000Z
,Immediate,Chase,Bogle,Arkansas State,LB,,2026,3,2026-01-04T19:35:00.000Z
Nebraska,Immediate,Anthony,Jones,UCLA,EDGE,0.88,2026,3,2026-01-08T19:25:00.000Z
Houston,Immediate,Anthony,Boswell,Toledo,IOL,0.88,2026,3,2026-01-07T14:30:26.000Z
Arkansas,Immediate,Phoenix,Jackson,Baylor,LB,0.87,2026,3,2026-01-08T16:45:00.000Z
Nevada,Immediate,Jaceon,Doss,Towson,WR,,2026,3,2026-01-08T17:47:00.000Z
,Immediate,KD,Dorsey,Georgia Southern,ATH,,2026,2,2026-01-02T04:40:00.000Z
Syracuse,Immediate,Michael,Smith,South Carolina,TE,0.87,2026,3,2026-01-04T20:04:00.000Z
Clemson,Immediate,London,Merritt,Colorado,EDGE,0.87,2026,3,2026-01-08T17:05:00.000Z
South Carolina,Immediate,Jabree,Coleman,Penn State,RB,0.86,2026,3,2026-01-12T00:13:00.000Z
Texas A&M,Immediate,Richie,Anderson,Fresno State,TE,0.86,2026,3,2026-01-04T23:34:00.000Z
Liberty,Immediate,Lorenzo,Payne IV,West Florida,EDGE,0.82,2026,3,2026-01-08T04:07:22.000Z
,Immediate,Henry,Harden,Marshall,IOL,,2026,,2026-01-02T15:46:00.000Z
,Immediate,Cayden,Bowie,Houston,IOL,,2026,3,2026-01-04T20:25:00.000Z
Florida International,Immediate,Wesley,Miller,South Alabama,S,0.84,2026,3,2026-01-12T18:45:00.000Z
,Immediate,Zuri,Madison,Arkansas State,IOL,,2026,3,2026-01-04T19:16:00.000Z
Old Dominion,Immediate,Leon,Haughton Jr.,Maryland,TE,0.83,2026,3,2026-01-18T20:41:00.000Z
Youngstown State,Immediate,Dorian,Williams,Ohio State,WR,,2026,3,2026-01-16T15:33:00.000Z
Kent State,Immediate,Davion,Pritchard,Pittsburgh,CB,0.84,2026,3,2026-01-14T21:43:00.000Z
,Immediate,Weylin,Lapuaho,BYU,IOL,,2026,3,2026-08-20T01:36:00.000Z
Arizona State,Immediate,Owen,Long,Colorado State,LB,0.91,2026,4,2026-01-09T01:29:00.000Z
Georgia Tech,Immediate,Jaylen,Mbakwe,Alabama,WR,0.9,2026,4,2026-01-05T19:32:00.000Z
UCLA,Immediate,Trent,Hendrick,James Madison,LB,,2026,,2026-08-20T00:30:00.000Z
LSU,Immediate,Zxavian,Harris,Ole Miss,DL,,2026,4,2026-08-19T23:56:00.000Z
North Texas,TBD,Corri,Milliner,UAB,WR,0.83,2026,3,2026-01-16T21:53:00.000Z
James Madison,Immediate,Terell,Thomas,Washburn,EDGE,0.85,2026,3,2026-01-18T19:46:00.000Z
,Immediate,Travis,Ambrose,Central Michigan,TE,,2026,3,2026-04-07T15:03:00.000Z
,Immediate,Geoffrey,McKelton,Alcorn State,S,,2026,,2025-12-30T01:48:00.000Z
,Immediate,Brandon,Johnson,Northern Colorado,RB,,2026,3,2026-01-02T04:04:00.000Z
Wyoming,Immediate,Jett,Vincent,Colorado State,ATH,,2026,3,2026-01-06T15:35:00.000Z
,Immediate,Kaleb,Mitchell,Utah State,WR,,2026,3,2026-01-15T17:26:00.000Z
UTSA,Immediate,Drenon,Fite III,Louisiana,EDGE,,2026,3,2026-01-08T18:21:00.000Z
Nebraska,Immediate,Anthony,Colandrea,UNLV,QB,0.87,2026,3,2026-01-07T00:21:00.000Z
Missouri,Immediate,Kensley,Louidor-Faustin,Auburn,S,0.87,2026,3,2026-01-07T20:13:00.000Z
Georgia Southern,Immediate,Cam,King,Auburn,WR,0.83,2026,3,2026-01-12T21:55:00.000Z
Hawai'i,Immediate,Ozzy,Pollard,Marian,DL,0.85,2026,3,2026-01-13T21:28:00.000Z
Kent State,Immediate,Ethan,Thanthanavong,Defiance College,QB,0.83,2026,3,2026-01-17T18:51:00.000Z
UConn,Immediate,Jake,Merklinger,Tennessee,QB,0.86,2026,3,2026-01-15T14:19:00.000Z
Massachusetts,Immediate,Justin,Williams-Thomas,Marshall,RB,0.84,2026,3,2026-01-23T17:50:00.000Z
,Immediate,Zion,Fonua,Abilene Christian,LB,,2026,2,2026-01-04T20:09:00.000Z
Charlotte,Immediate,Mathias,Nielsen,Virginia Union,OT,0.85,2026,3,2026-01-08T16:54:00.000Z
Missouri,Immediate,JaDon,Blair,Notre Dame,S,0.87,2026,3,2026-01-07T01:26:00.000Z
,Immediate,Gerard,Culotta,Henderson State,LB,0.83,2026,3,2025-11-22T16:42:00.000Z
,Immediate,MJ,Hinson Jr.,Florida Atlantic,CB,,2026,,2026-01-02T12:26:00.000Z
East Carolina,Immediate,Rae'mon,Mosby,Louisville,CB,,2026,3,2026-01-08T23:58:00.000Z
,Immediate,Mason,Miller,Iowa State,LB,,2026,3,2026-01-02T05:54:00.000Z
Michigan State,Immediate,Tre,Bell,Iowa State,CB,0.87,2026,3,2026-01-05T16:35:00.000Z
Oklahoma State,Immediate,Drew,Mestemaker,North Texas,QB,0.98,2026,5,2026-01-03T22:35:00.000Z
Florida International,Immediate,Nathan,Jennings,South Alabama,DL,0.82,2026,3,2026-01-11T01:36:00.000Z
,Immediate,Nehemiah,Scott,Concord,S,0.83,2026,3,2025-11-17T21:02:00.000Z
Baylor,Immediate,Cooper,Lovelace,Colorado,IOL,0.86,2026,3,2026-03-30T21:02:33.000Z
Southern Miss,Immediate,A.J.,Little,Chattanooga,WR,0.84,2026,3,2026-01-22T18:30:00.000Z
,Immediate,DeeJay,Holmes Jr.,Ole Miss,EDGE,,2026,3,2026-01-13T15:33:00.000Z
Kennesaw State,Immediate,Ja'Lyen,Judson,UAB,CB,0.82,2026,3,2026-01-22T02:21:00.000Z
,Immediate,Malik,Baker,Tiffin University,S,,2026,,2025-11-22T02:31:00.000Z
,Immediate,Jamari,Buddin,Grand Valley State,EDGE,0.83,2026,3,2025-11-21T21:44:00.000Z
Jackson State,Immediate,Terrance,Hibbler Jr.,Mississippi State,DL,0.85,2026,3,2026-01-25T02:26:00.000Z
,Immediate,Jon,Gullette,Mars Hill,RB,0.83,2026,3,2025-11-21T16:57:00.000Z
,Immediate,Quinn,Wills,Grand Valley State,S,0.83,2026,3,2025-11-21T16:21:00.000Z
,Immediate,Josh,Grant,Washburn,S,,2026,,2025-11-21T16:19:00.000Z
Boston College,Immediate,Alex,DeGrieck,Harvard,EDGE,0.83,2026,3,2026-02-08T14:29:44.000Z
,Immediate,Ian,Stewart,Temple,WR,,2026,3,2026-01-04T19:58:00.000Z
Furman,Immediate,Parker,Peterson,Memphis,OT,,2026,3,2026-01-23T05:45:00.000Z
UTRGV,Immediate,Reid,Mikeska,Florida Atlantic,TE,,2026,3,2026-01-20T13:57:00.000Z
,Immediate,Gabarri,Johnson,Oregon State,QB,,2026,4,2026-01-02T12:18:00.000Z
James Madison,Immediate,Josh,Manecke,Army,OT,0.79,2026,2,2026-01-14T00:25:00.000Z
,Immediate,Jeremiah,Vessel,UAB,S,,2026,3,2026-01-02T03:06:00.000Z
,Immediate,Braylon,Harmon,Tennessee,WR,,2026,,2026-01-02T00:30:00.000Z
Memphis,Immediate,Anthony,Richard Jr.,Southern Miss,CB,,2026,,2026-01-05T18:11:00.000Z
,Immediate,Jadyn,Marshall,UCLA,WR,,2026,4,2025-12-25T00:50:00.000Z
LSU,Immediate,Jayce,Brown,Kansas State,WR,0.92,2026,4,2026-01-07T14:57:04.000Z
Ole Miss,Immediate,Joenel,Aguero,Georgia,S,0.88,2026,3,2026-01-10T22:07:00.000Z
Tennessee,Immediate,Kayin,Lee,Auburn,CB,0.88,2026,3,2026-01-07T23:09:00.000Z
Iowa State,Immediate,Jareb,Ramos,Montana,DL,0.85,2026,3,2026-01-14T01:28:37.000Z
,Immediate,Jamier,Johnson,UCLA,CB,,2026,4,2026-01-17T05:18:00.000Z
Washington,Immediate,Hunter,McKee,Eastern Washington,K,0.83,2026,3,2026-01-13T16:53:00.000Z
Old Dominion,Immediate,Jivan,Baly,NC State,CB,0.85,2026,3,2026-01-18T20:25:00.000Z
Arizona,Immediate,Cole,Rusk,Illinois,TE,0.91,2026,4,2026-01-06T17:11:00.000Z
,Immediate,Zack,Myers,NC State,S,,2026,4,2026-01-02T14:05:00.000Z
,Immediate,Kyle,Vaka,Eastern Kentucky,WR,,2026,,2025-11-26T10:11:00.000Z
,Immediate,Stone,Earle,Abilene Christian,QB,,2026,,2025-12-27T15:27:00.000Z
Penn State,Immediate,James,Peoples,Ohio State,RB,0.88,2026,3,2026-01-07T00:09:00.000Z
,Immediate,Peter,Costelli,Northern Colorado,QB,,2026,3,2025-11-26T19:21:00.000Z
Florida,Immediate,TJ,Shanahan Jr.,Penn State,IOL,0.87,2026,3,2026-01-06T15:51:00.000Z
Wisconsin,Immediate,Bryce,West,Ohio State,CB,0.86,2026,3,2026-01-06T17:03:00.000Z
Colorado State,Immediate,Hauss,Hejny,Oklahoma State,QB,0.86,2026,3,2026-01-05T16:01:00.000Z
,Immediate,Artis,Cole,Rice,WR,,2026,2,2026-01-14T14:54:00.000Z
Tennessee,Immediate,Trent,Thomas,South Alabama,TE,0.85,2026,3,2026-01-17T17:30:00.000Z
Houston,Immediate,Javion,White,Tulane,S,0.87,2026,3,2026-01-13T17:36:00.000Z
,Immediate,Jackson,Proctor,Northern Illinois,QB,,2026,3,2026-01-02T14:03:00.000Z
Florida Atlantic,Immediate,Marcus,Vinson,New Mexico,TE,0.83,2026,3,2026-01-14T19:36:00.000Z
Arkansas State,Immediate,Gavin,Taylor,Central Connecticut,EDGE,0.8,2026,3,2026-01-13T19:07:00.000Z
,Immediate,Tyson,Rooks,Illinois,S,,2026,3,2026-01-02T02:49:00.000Z
,Immediate,Da'Wain,Lofton,Oklahoma State,WR,,2026,3,2026-01-02T00:03:00.000Z
,Immediate,Keno,Jones,Barton,LB,0.83,2026,3,2025-11-18T20:04:00.000Z
,Withdrawn,Nick,Peltekian,Lehigh,S,0.86,2026,3,2026-01-27T22:53:47.000Z
,Immediate,Tyress,McKey,Reinhardt,RB,,2026,,2025-12-24T15:00:00.000Z
App State,Immediate,Ja'Quez,Cross,Arkansas State,RB,,2026,3,2026-06-01T21:42:00.000Z
Ohio State,Immediate,Qua,Russaw,Alabama,EDGE,0.93,2026,4,2026-01-13T00:44:00.000Z
,Withdrawn,Jayden,Becks,North Texas,RB,,2026,,2026-01-07T23:09:07.000Z
,Immediate,Mason,Bowers,Charlotte,OT,,2026,3,2026-01-14T14:01:00.000Z
Stanford,Immediate,Nico,Brown,Yale,WR,0.86,2026,3,2026-01-21T22:17:00.000Z
,Immediate,Trae,Tomlinson,Louisiana,CB,,2026,3,2026-08-29T18:15:00.000Z
LSU,Immediate,Faheem,Delane,Ohio State,S,0.9,2026,4,2026-01-12T23:16:00.000Z
Arkansas,Immediate,Trajen,Odom,Ohio State,DL,0.86,2026,3,2026-01-14T02:10:00.000Z
Southern Miss,Immediate,Kaden,Saunders,Penn State,WR,,2026,4,2026-01-07T02:45:00.000Z
Tennessee,Immediate,Tevis,Metcalf,Michigan,CB,0.85,2026,3,2026-01-17T16:19:00.000Z
,Immediate,Kolubah,Pewee Jr.,UConn,CB,,2026,,2025-12-25T05:41:00.000Z
,Immediate,Antonio,Tripp Jr.,Florida International,IOL,,2026,4,2025-12-25T05:33:00.000Z
,Immediate,Thomas,Amankwaa,Delaware,WR,,2026,4,2025-12-25T05:31:00.000Z
UNLV,Withdrawn,Joe,Metzger,Holy Cross,IOL,0.82,2026,3,2026-03-25T05:00:00.000Z
,Immediate,Taccofah,Lewis,Memphis,IOL,,2026,3,2025-12-25T05:03:00.000Z
Auburn,Immediate,Nate,Johnson,Missouri,EDGE,0.88,2026,3,2026-01-10T18:59:00.000Z
Louisville,Immediate,Jerod,Smith II,Kentucky,DL,0.86,2026,3,2026-01-07T01:34:00.000Z
Florida,Immediate,Bailey,Stockton,Georgia Tech,WR,0.86,2026,3,2026-01-05T21:46:00.000Z
Boston College,Immediate,KJ,Sampson,Florida State,DL,0.86,2026,3,2026-01-06T02:29:49.000Z
Northwestern,Immediate,Arkel,Anugwom,Alabama,OT,0.86,2026,3,2026-01-10T18:31:00.000Z
Iowa State,Immediate,Omari,Hayes,Tulane,WR,0.85,2026,3,2026-01-06T02:51:00.000Z
Texas A&M,Immediate,Houston,Thomas,UTSA,TE,0.85,2026,3,2026-01-03T21:21:00.000Z
,Immediate,O'marion,Brown,Wofford,DL,0.85,2026,3,2025-11-25T22:31:00.000Z
Auburn,Immediate,Kory,Pettigrew,South Florida,WR,0.85,2026,3,2026-01-04T23:53:00.000Z
Oklahoma State,Immediate,Ayo,Adeyi,James Madison,RB,0.85,2026,3,2026-01-05T15:29:00.000Z
,Immediate,Eli,Brasher,Furman,OT,0.8,2026,3,2025-12-24T15:34:00.000Z
South Carolina,Immediate,Emmet,Rhoades,Western Carolina,LS,0.8,2026,3,2026-01-11T01:01:00.000Z
Penn State,Immediate,Rocco,Becht,Iowa State,QB,0.94,2026,4,2026-01-04T21:20:00.000Z
Florida Atlantic,Immediate,Brady,Tillman III,Edward Waters,RB,0.84,2026,3,2026-01-14T21:13:00.000Z
Midwestern State,Immediate,Tyler,Brown,North Texas,WR,,2026,3,2026-02-19T04:14:00.000Z
,Immediate,Aidan,Keanaaina,California,DL,,2026,3,2026-01-17T05:25:00.000Z
Toledo,Immediate,Ahmad,Carwise,Gardner-Webb,IOL,0.85,2026,3,2026-01-14T19:34:00.000Z
Campbell,Immediate,O'Marion,Lewis,East Carolina,S,,2026,3,2026-01-13T02:53:00.000Z
,Immediate,Amari,Niblack,Texas A&M,TE,,2026,4,2025-12-28T03:58:00.000Z
,Immediate,Zerian,Hudson,Troy,IOL,,2026,2,2025-12-24T06:33:00.000Z
San Diego State,Immediate,Kai,Wallin,Oregon State,EDGE,,2026,3,2026-01-05T18:10:00.000Z
UConn,Immediate,Zy'marion,Lang,Toledo,WR,,2026,3,2026-01-06T01:35:00.000Z
South Florida,Immediate,Arhmad,Branch,Purdue,WR,0.88,2026,3,2026-01-06T16:29:00.000Z
Texas,Immediate,Mac,Chiumento,Florida State,P,,2026,,2026-01-05T01:08:27.000Z
Penn State,Immediate,Cael,Brezina,Iowa State,LB,0.87,2026,3,2026-01-04T23:10:00.000Z
,Immediate,Kavion,Benton,Memphis,EDGE,,2026,3,2025-12-25T04:56:00.000Z
North Carolina,Immediate,Shaq,McRoy,Arkansas,OT,0.86,2026,3,2026-01-09T15:08:37.000Z
Colorado,Immediate,Lamont,Lester Jr.,Monmouth,EDGE,0.86,2026,3,2026-01-04T05:54:00.000Z
,Immediate,Javon,Wesley,Barton,S,0.8,2026,3,2025-11-18T19:52:00.000Z
,Immediate,Ife,Current,Nebraska Kearney,CB,0.83,2026,3,2025-11-21T16:12:00.000Z
UAB,Immediate,Rod,Robinson II,Georgia,RB,0.86,2026,3,2026-01-16T14:11:00.000Z
UTEP,Immediate,Omoruyi,Aliu-Otokiti,Livingstone,IOL,0.82,2026,3,2026-01-13T16:27:00.000Z
,Withdrawn,Se'Von,McDowell,Coastal Carolina,LB,,2026,,2026-01-27T20:06:37.000Z
Kennesaw State,Immediate,Matt,McKenzie,Arizona State,P,,2026,,2026-01-21T21:18:00.000Z
Auburn,PendingAppeal,Cole,Best,South Florida,IOL,0.89,2026,3,2026-01-13T00:29:00.000Z
Toledo,Immediate,Cam,Jones,Holy Cross,CB,0.83,2026,3,2026-01-15T18:59:00.000Z
,Immediate,David,Ojiegbe,Norfolk State,EDGE,,2026,4,2026-01-02T04:01:00.000Z
South Alabama,Immediate,Andrew,Hines,Eastern Kentucky,DL,0.82,2026,3,2026-01-18T03:30:27.000Z
,Immediate,Eddy,Toussom,UAB,EDGE,,2026,3,2025-12-30T01:04:00.000Z
Abilene Christian,Immediate,Marcos,Davila,Nebraska,QB,0.86,2026,3,2026-01-13T19:31:00.000Z
,Withdrawn,D'Mon,Marable,Purdue,S,,2026,3,2026-01-05T01:40:19.000Z
Indiana,Immediate,Shazz,Preston,Tulane,WR,0.89,2026,3,2026-01-12T18:00:00.000Z
LSU,Immediate,Jordan,Ross,Tennessee,EDGE,0.93,2026,4,2026-01-09T15:15:00.000Z
Eastern Kentucky,Immediate,Keshawn,Hayden,Central Michigan,EDGE,,2026,2,2026-01-19T19:06:00.000Z
Purdue,Immediate,Boaz,Stanley,South Carolina,IOL,0.88,2026,3,2026-01-08T04:14:00.000Z
Kennesaw State,Immediate,Rickie,Collins,Syracuse,QB,,2026,4,2026-01-09T01:43:00.000Z
,Immediate,Joshua,White,Memphis,DL,,2026,3,2025-12-25T05:02:00.000Z
West Virginia,Immediate,TaRon,Francis,LSU,WR,0.87,2026,3,2026-01-08T22:08:00.000Z
Minnesota,Immediate,Aydan,West,Michigan State,CB,0.87,2026,3,2026-01-06T15:13:00.000Z
Florida State,Immediate,CJ,Richard Jr.,Illinois State,S,0.87,2026,3,2026-01-11T03:48:00.000Z
San Diego State,Immediate,Isaiah,Green,Portland State,S,0.82,2026,3,2026-01-05T22:42:00.000Z
Colorado State,Immediate,Juice,Vereen,UConn,TE,0.87,2026,3,2026-01-07T19:06:06.000Z
,Immediate,Zach,Courtney,Coastal Carolina,TE,,2026,3,2026-01-02T02:34:00.000Z
UTSA,Immediate,Jusiah,Sampleton,CSU-Pueblo,DL,0.84,2026,3,2026-01-06T16:34:00.000Z
Illinois,Immediate,Ean,Rhea,Emory & Henry,EDGE,0.84,2026,3,2026-05-24T05:00:00.000Z
,Withdrawn,Tory,Gethers,New Mexico State,LB,0.84,2026,3,2026-01-27T01:56:57.000Z
Southern Miss,Immediate,Andrew,Martin,Stetson,LB,0.84,2026,3,2026-01-28T15:08:00.000Z
Georgia Southern,Immediate,King,Phillips,Texas A&M-Kingsville,WR,0.84,2026,3,2026-01-27T19:33:22.000Z
Virginia Tech,Immediate,Keon,Wylie,Penn State,LB,0.87,2026,3,2026-01-08T16:20:00.000Z
The Citadel,Immediate,DK,McGruder,Mississippi State,CB,,2026,3,2026-05-28T00:44:00.000Z
South Carolina,Immediate,Sam,Dixon,Ohio State,RB,0.86,2026,3,2026-01-10T00:32:00.000Z
Kent State,Immediate,Javier,Willis,Tiffin University,WR,0.83,2026,3,2026-01-29T20:15:00.000Z
Missouri State,Immediate,Tim,Coleman,UVA Wise,LS,,2026,,2026-01-17T20:54:00.000Z
Wisconsin,Immediate,Stylz,Blackmon,Augustana,IOL,0.86,2026,3,2026-01-16T11:59:00.000Z
Hawai'i,Immediate,Geoffrey,Speight Jr.,West Georgia,DL,0.82,2026,3,2026-01-23T23:16:00.000Z
,Immediate,Talibi,Kaba,Rutgers,LB,,2026,4,2025-12-25T00:47:00.000Z
,Immediate,Kirby,Vorhees,Washington State,RB,,2026,,2025-12-18T16:49:00.000Z
Chattanooga,Immediate,Ashton,Schumann,Central Oklahoma,WR,0.84,2026,3,2026-01-26T23:09:00.000Z
New Hampshire,Immediate,Nyair,Domnie,Delaware,CB,,2026,,2026-01-19T01:29:00.000Z
,Immediate,Ed'Mari,Binion,Colorado State,EDGE,,2026,3,2025-12-25T01:07:00.000Z
,Immediate,Jake,Riggs,UTEP,IOL,,2026,3,2025-12-23T05:59:00.000Z
App State,Immediate,Parker,Stone,Tulsa,LS,,2026,2,2026-01-10T21:24:00.000Z
LSU,Immediate,Hayden,Craig,Florida,P,,2026,3,2026-01-07T21:25:09.000Z
Virginia,Immediate,Jacobie,Henderson,Rutgers,CB,0.86,2026,3,2026-01-05T03:51:00.000Z
West Virginia,Immediate,Michael,Hawkins Jr.,Oklahoma,QB,0.86,2026,3,2026-01-05T16:46:00.000Z
Northwestern,Immediate,Montae,Pate,Weber State,CB,0.85,2026,3,2026-01-12T17:32:13.000Z
Incarnate Word,Immediate,Price,Morgan,Texas Tech,WR,,2026,,2026-01-12T23:36:00.000Z
Utah State,Immediate,Steven,Sannieniola,Vanderbilt,S,0.82,2026,3,2026-01-31T19:32:00.000Z
East Tennessee State,Immediate,Gideon,Herbert,Arkansas State,EDGE,,2026,3,2026-01-14T00:13:00.000Z
,Immediate,Jayven,Anderson,Houston Christian,S,,2026,3,2026-01-02T02:39:00.000Z
California,Immediate,Ashton,Rivera,Kent State,IOL,0.86,2026,3,2026-01-15T03:48:00.000Z
Coastal Carolina,Immediate,Mitchell,Toney,Missouri State,DL,0.85,2026,3,2026-01-17T21:44:00.000Z
,Immediate,Micah,Gay,Tennessee State,LB,,2026,,2025-12-02T16:24:00.000Z
North Texas,Immediate,Brec,Long,South Alabama,TE,0.81,2026,3,2026-01-13T14:30:00.000Z
Michigan,Immediate,Taylor,Tatum,Oklahoma,RB,0.88,2026,3,2026-01-08T20:32:35.000Z
Penn State,Immediate,Kuol,Kuol II,Iowa State,OT,0.86,2026,3,2026-01-04T23:11:00.000Z
LSU,Immediate,Malachi,Thomas,Pittsburgh,TE,0.86,2026,3,2026-01-05T18:23:00.000Z
UCLA,Immediate,Drew,Spinogatti,James Madison,LB,0.85,2026,3,2026-01-08T20:50:16.000Z
,Immediate,Enock,Sibomana,Wyoming,LB,0.85,2026,3,2025-12-23T15:07:00.000Z
Cal Poly,Immediate,RL,Miller,Fresno State,S,0.84,2026,3,2026-01-10T02:20:00.000Z
,Immediate,Bijay,Boldin,Georgetown,S,0.84,2026,3,2025-12-23T16:54:00.000Z
Temple,Immediate,Demonte,Greene,Midwestern State,WR,0.83,2026,3,2025-12-04T16:34:00.000Z
Oregon State,Immediate,AJ,Newberry,Vanderbilt,RB,0.85,2026,3,2026-01-25T04:53:00.000Z
Marshall,Immediate,Terry,Nwabuisi-Ezeala,Vanderbilt,DL,0.85,2026,3,2026-01-20T02:18:00.000Z
Colorado,Immediate,DeAndre,Moore Jr.,Texas,WR,0.94,2026,4,2026-01-13T20:32:00.000Z
Ole Miss,Immediate,Walker,Howard,Louisiana,QB,0.85,2026,3,2026-01-13T22:26:00.000Z
,Immediate,Walker,Andersen,Colorado,OT,,2026,,2026-01-02T02:05:00.000Z
Monmouth,Immediate,Jahide,Lesaine Jr.,Syracuse,EDGE,,2026,3,2026-01-07T04:12:00.000Z
Eastern Kentucky,Immediate,Caleb,Redd,Kansas,EDGE,0.85,2026,3,2026-01-20T04:50:00.000Z
,Immediate,Michael,Parkes,Iowa State,WR,,2026,3,2025-12-26T15:14:00.000Z
,Immediate,Zuberi,Mobley,Tulane,RB,,2026,3,2025-12-25T04:41:00.000Z
Auburn,Immediate,Michael,Matthews-Canty,Hampton,LB,0.85,2026,3,2026-01-23T03:32:00.000Z
,Withdrawn,Caden,Durham,LSU,RB,0.91,2026,4,2026-01-12T19:23:17.000Z
North Texas,Immediate,Chantz,Johnson,Texas State,LB,0.85,2026,3,2026-01-12T23:04:00.000Z
Virginia,Immediate,Justin,Townsend,Columbia,EDGE,,2026,,2026-04-17T15:01:00.000Z
,Immediate,Max,McCormick,Georgetown,TE,,2026,,2025-12-24T19:28:00.000Z
Georgia State,Immediate,Jaylen,Poe,Northern Illinois,RB,0.83,2026,3,2026-01-18T00:07:00.000Z
Missouri State,Immediate,Isaiah,Myers,Western Kentucky,WR,0.83,2026,3,2026-01-20T21:43:00.000Z
Auburn,Immediate,Jack,Luttrell,Arizona,S,0.85,2026,3,2026-01-18T18:17:00.000Z
Memphis,Immediate,Devan,Lowe,Georgia Southern,DL,,2026,3,2026-01-07T14:32:19.000Z
Arkansas,Immediate,Max,Gilbert,Tennessee,K,,2026,,2026-01-04T23:48:00.000Z
UCF,Immediate,Ken,Talley,Arkansas,EDGE,0.85,2026,3,2026-01-12T17:30:00.000Z
Oklahoma State,Immediate,Caleb,Hawkins,North Texas,RB,0.94,2026,4,2026-01-04T21:06:00.000Z
Penn State,Immediate,Marcus,Neal Jr.,Iowa State,S,0.9,2026,4,2026-01-04T17:23:00.000Z
Indiana,Immediate,Turbo,Richard,Boston College,RB,0.88,2026,3,2026-01-04T22:35:00.000Z
Penn State,Immediate,Jamison,Patton,Iowa State,S,0.87,2026,3,2026-01-05T17:07:00.000Z
Cincinnati,Immediate,MJ,Cannon,Bowling Green,CB,0.87,2026,3,2026-01-04T21:02:00.000Z
East Carolina,Immediate,Ashton,Gray,North Texas,RB,0.87,2026,3,2026-01-06T22:16:00.000Z
Texas A&M,Immediate,Tyree,Adams,LSU,OT,0.87,2026,3,2026-01-07T14:31:00.000Z
Florida,Immediate,Eagan,Boyer,Penn State,OT,0.86,2026,3,2026-01-07T00:11:00.000Z
Temple,Immediate,Jaylon,Joseph,Lafayette,EDGE,,2026,,2026-01-08T21:42:00.000Z
,Immediate,Justin,Horne,Texas Tech,LB,,2026,3,2025-12-25T02:50:00.000Z
Notre Dame,Immediate,Jayden,Sanders,Michigan,CB,0.92,2026,4,2026-01-12T17:05:00.000Z
Iowa State,Immediate,Micah,Harper,Montana,S,0.86,2026,3,2026-01-18T21:12:00.000Z
Tennessee,Immediate,Ryan,Staub,Colorado,QB,0.85,2026,3,2026-01-18T20:26:00.000Z
Old Dominion,Immediate,Bubba,Craig,Arkansas,IOL,0.85,2026,3,2026-02-04T16:32:00.000Z
Duke,Immediate,Blaine,Hipa,Princeton,QB,0.85,2026,3,2026-03-23T16:04:00.000Z
UConn,Immediate,Tommy,Warner,Northwest Missouri State,P,,2026,,2026-01-24T21:01:00.000Z
,Immediate,Kamore,Harris,Memphis,EDGE,,2026,3,2025-12-25T05:00:00.000Z
,Immediate,Jalen,Stewart,Temple,LB,,2026,3,2025-12-22T22:47:00.000Z
Indiana,Immediate,Nick,Marsh,Michigan State,WR,0.94,2026,4,2026-01-04T19:30:00.000Z
Nebraska,Immediate,Brendan,Black,Iowa State,IOL,0.92,2026,4,2026-01-05T16:54:00.000Z
Wisconsin,Immediate,Eric,Fletcher,Oklahoma State,CB,0.86,2026,3,2026-01-03T15:15:00.000Z
,Immediate,Aaron,Butler,Texas,WR,0.86,2026,3,2025-12-09T14:36:00.000Z
UCF,Immediate,Brady,Wayburn,UConn,OT,0.86,2026,3,2026-01-04T21:52:47.000Z
Arkansas,Immediate,Jamari,Hawkins,Memphis,WR,0.86,2026,3,2026-01-05T14:10:00.000Z
,Immediate,Capri,Martin,Villanova,DL,,2026,,2025-12-26T01:14:00.000Z
Northwestern,Immediate,Glory,Stephen-Wangboje,Sacred Heart,DL,0.85,2026,3,2026-01-22T18:53:00.000Z
Akron,Immediate,Dwight,Nunoo,Florida International,LB,0.82,2026,3,2026-01-19T05:07:00.000Z
UAB,Immediate,Ty,Mims,Texas State,WR,0.84,2026,3,2026-01-15T18:53:00.000Z
Texas,Immediate,Laurence,Seymore III,Western Kentucky,IOL,0.87,2026,3,2026-01-15T20:43:00.000Z
Ohio,Immediate,CJ,Dawson,Gardner-Webb,IOL,0.85,2026,3,2026-01-17T22:19:00.000Z
Nevada,Immediate,James,Gillespie,Sacramento State,DL,,2026,,2026-01-16T01:55:00.000Z
Florida International,Immediate,Daveion,Harley,California,IOL,,2026,,2026-01-10T17:06:00.000Z
Louisville,Immediate,Anwar,O'neal,Delaware,OT,0.85,2026,3,2026-01-06T22:50:00.000Z
Indiana,Immediate,Chiddi,Obiazor,Kansas State,EDGE,0.87,2026,3,2026-01-05T15:36:00.000Z
West Virginia,Immediate,Cam,Cook,Jacksonville State,RB,0.87,2026,3,2026-01-06T22:10:00.000Z
South Florida,Immediate,Luke,Kromenhoek,Mississippi State,QB,0.87,2026,3,2026-01-07T03:21:00.000Z
,Immediate,Javien,Toviano,LSU,S,0.86,2026,3,2025-12-26T18:50:00.000Z
Tennessee,Immediate,Qua,Moss,Kansas State,S,0.86,2026,3,2026-01-04T18:49:00.000Z
Arizona State,Immediate,Emar'rion,Winston,Baylor,EDGE,0.86,2026,3,2026-01-10T00:13:00.000Z
Kennesaw State,Immediate,Triston,Morgan,Benedict,RB,0.8,2026,3,2026-01-08T15:10:16.000Z
Penn State,Immediate,Gabe,Burkle,Iowa State,TE,0.88,2026,3,2026-01-04T20:15:00.000Z
UConn,Immediate,John,Lista,Pennsylvania,LB,0.8,2026,3,2026-01-09T16:07:00.000Z
UT Martin,Immediate,Wendell,Smith,Wayne State,CB,0.85,2026,3,2026-01-08T18:05:00.000Z
Cincinnati,Immediate,Larenzo,Fenner,South Dakota,WR,0.87,2026,3,2026-01-07T16:01:57.000Z
Ball State,Immediate,Maxwell,Wentz,Dartmouth,IOL,0.82,2026,3,2026-02-04T19:01:00.000Z
NC State,Immediate,King,Mack,Penn State,S,0.87,2026,3,2026-01-08T17:17:05.000Z
LSU,Immediate,Ja'Mard,Jones Jr.,Nicholls,OT,0.85,2026,3,2026-01-16T03:50:00.000Z
Ole Miss,Immediate,Johntay,Cook II,Syracuse,WR,0.88,2026,3,2026-01-17T02:55:00.000Z
UCF,Immediate,Keyone,Jenkins,Florida International,QB,0.85,2026,3,2026-01-20T14:42:00.000Z
Maryland,Immediate,Terrez,Worthy,Temple,RB,0.85,2026,3,2026-05-14T20:46:00.000Z
Texas,Immediate,Jonte,Newman,Texas A&M,OT,0.87,2026,3,2026-01-14T21:52:00.000Z
Tennessee,Immediate,Javin,Gordon,Tulane,RB,0.86,2026,3,2026-01-17T17:31:00.000Z
Ohio State,Immediate,Vasean,Washington,Dartmouth,OT,0.85,2026,3,2026-01-28T17:41:43.000Z
Colorado,Immediate,Sedrick,Smith,Maryland,DL,0.87,2026,3,2026-01-11T22:14:00.000Z
,Immediate,John,Klosterman,Iowa State,LB,,2026,,2025-12-26T15:12:00.000Z
,Immediate,Ananias,Harris,Tulane,OT,,2026,,2025-12-25T04:37:00.000Z
App State,Immediate,Khalil,Conley,North Carolina,CB,,2026,3,2026-01-08T03:59:00.000Z
,Immediate,Carson,Dean,Purdue,LB,,2026,3,2025-12-10T16:55:00.000Z
Virginia Tech,Immediate,Eric,Mensah,Ohio State,DL,0.86,2026,3,2026-01-11T20:08:00.000Z
,Immediate,Liam,Lindo,Bryant,CB,0.85,2026,3,2025-12-10T16:53:00.000Z
Tulsa,Immediate,Jimmy,Calloway,Tulane,WR,0.84,2026,3,2026-01-14T18:42:00.000Z
James Madison,Immediate,Lathan,Croley,Holy Cross,LB,0.84,2026,3,2026-01-14T18:28:00.000Z
Kentucky,Immediate,Callum,Wither,Laurier,QB,0.86,2026,3,2026-01-14T15:59:00.000Z
,Immediate,Reymello,Murphy,UConn,WR,,2026,,2026-01-13T15:34:00.000Z
South Dakota State,Immediate,Tristan,Alvano,Nebraska,K,,2026,3,2026-01-13T01:02:00.000Z
Texas,Immediate,Ian,Geffrard,Arkansas,DL,0.92,2026,4,2026-01-04T21:44:19.000Z
Washington State,Immediate,Caden,Pinnick,UC Davis,QB,0.85,2026,3,2026-01-07T03:37:00.000Z
Virginia Tech,Immediate,Bill,Davis,Louisiana,RB,0.85,2026,3,2026-01-05T17:01:00.000Z
Akron,Immediate,Zach,Hobson,Old Dominion,CB,0.82,2026,3,2026-01-19T18:19:00.000Z
Tulane,Immediate,DJ,Dugar Jr.,Oklahoma State,RB,0.86,2026,3,2026-01-13T00:09:00.000Z
,Immediate,Micah,Carter,Louisville,EDGE,0.86,2026,3,2025-12-27T01:06:00.000Z
Iowa,Immediate,Anthony,Hawkins,Villanova,S,0.86,2026,3,2026-01-04T21:26:00.000Z
Colorado,Immediate,Dylan,Manuel,App State,DL,0.86,2026,3,2026-01-05T04:10:00.000Z
UL Monroe,Immediate,Bright,Fagbamiye,Tiffin University,OT,0.85,2026,3,2026-01-22T21:06:00.000Z
USC,Immediate,Jontez,Williams,Iowa State,CB,0.93,2026,4,2026-01-04T18:30:00.000Z
Texas A&M,Immediate,Tawfiq,Byard,Colorado,S,0.88,2026,3,2026-01-04T22:05:00.000Z
Texas Tech,Immediate,Brendan,Sorsby,Cincinnati,QB,0.98,2026,5,2026-01-05T03:45:04.000Z
Vanderbilt,Immediate,Jayvontay,Conner,East Carolina,TE,0.89,2026,3,2026-01-05T01:51:00.000Z
Illinois,Immediate,Katin,Houser,East Carolina,QB,0.88,2026,3,2026-01-05T01:35:00.000Z
Indiana,Immediate,Jiquan,Sanks,Cincinnati,S,0.86,2026,3,2026-01-04T22:00:00.000Z
Wisconsin,Immediate,Jon Jon,Kamara,Kansas,LB,0.86,2026,3,2026-01-05T01:44:00.000Z
Washington State,Immediate,Jack,Bal,Arizona State,S,0.85,2026,3,2026-01-07T02:19:00.000Z
North Carolina,Immediate,Derek,McDonald,Syracuse,LB,0.84,2026,3,2026-01-10T16:19:00.000Z
Texas Tech,Immediate,Julien,Laventure,Akron,DL,0.83,2026,3,2026-01-05T04:43:00.000Z
LSU,Immediate,Jackson,Harris,Hawai'i,WR,0.89,2026,3,2026-01-04T17:19:00.000Z
,Immediate,Anton,Pierce,Arkansas,S,,2026,,2025-12-31T02:28:00.000Z
Indiana,Immediate,Billy,Gowers,Hawai'i,P,,2026,,2026-01-07T20:00:00.000Z
Mississippi State,Immediate,Marquis,Johnson,Missouri,WR,0.92,2026,4,2026-01-04T20:05:00.000Z
Oklahoma,Immediate,Hayden,Hansen,Florida,TE,0.88,2026,3,2026-01-04T21:56:00.000Z
Arizona State,Immediate,Omarion,Miller,Colorado,WR,0.95,2026,4,2026-01-05T15:44:00.000Z
Louisville,Immediate,Justyn,Reid,Tulane,TE,0.85,2026,3,2026-01-07T03:34:00.000Z
Memphis,Immediate,Hunter,Tipton,Middle Tennessee,TE,0.82,2026,3,2026-01-07T02:52:00.000Z
UNLV,Immediate,Herb,Gray,Tennessee,DL,0.86,2026,3,2026-01-14T18:00:00.000Z
Kentucky,Immediate,Coleton,Price,Baylor,IOL,0.94,2026,4,2026-01-05T15:11:00.000Z
Wake Forest,Immediate,Ethan,Calloway,LSU,OT,0.85,2026,3,2026-01-13T16:19:00.000Z
UC Davis,Immediate,Robert,Meyer,Missouri,K,,2026,,2026-02-04T02:30:00.000Z
Tennessee,Immediate,Jordan,Norman,Tulane,EDGE,0.85,2026,3,2026-01-13T00:00:00.000Z
West Virginia,Immediate,Wes,King,Wyoming,IOL,0.86,2026,3,2026-01-08T18:53:00.000Z
Wisconsin,Immediate,Jaylon,Domingeaux,Southeastern Louisiana,WR,0.86,2026,3,2026-01-07T16:22:00.000Z
Arkansas,Immediate,Davion,Weatherspoon,Ohio,IOL,0.86,2026,3,2026-01-17T18:55:00.000Z
UConn,Immediate,Avery,Dunn,Toledo,EDGE,0.85,2026,3,2026-01-14T17:48:00.000Z
North Texas,Immediate,Christian,Lorenzo,Illinois State,DL,0.85,2026,3,2026-01-12T23:37:28.000Z
Indiana,Immediate,Tobi,Osunsanmi,Kansas State,EDGE,0.94,2026,4,2026-01-04T21:46:00.000Z
Buffalo,Immediate,Trevor,Wilson,Campbell,TE,0.82,2026,3,2026-01-18T15:40:00.000Z
Auburn,Immediate,Jonathan,Echols,South Florida,TE,0.87,2026,3,2026-01-05T16:11:00.000Z
West Virginia,Immediate,Will,LeBlanc,Texas-Permian Basin,DL,0.83,2026,3,2026-01-05T00:50:00.000Z
Oklahoma State,Immediate,William,Mason,Central Oklahoma,RB,0.85,2026,3,2026-01-11T00:47:40.000Z
,Immediate,Khyair,Spain,Memphis,RB,,2026,,2025-12-25T04:52:00.000Z
Arkansas,Immediate,Jelani,Watkins,LSU,WR,0.86,2026,3,2026-01-12T16:20:00.000Z
UAB,Immediate,Guylijah,Theodule,Southern Miss,CB,0.86,2026,3,2026-01-12T17:19:00.000Z
,Immediate,Darius,Morant,Temple,RB,,2026,,2025-12-24T23:38:00.000Z
Michigan,Immediate,Salesi,Moa,Utah,CB,0.9,2026,4,2026-01-12T23:52:00.000Z
,Immediate,Ka'Shawn,Thomas,Wake Forest,DL,0.82,2026,3,2025-12-10T00:31:00.000Z
Southern Miss,Immediate,Da'Jy'Quwan,Jackson-Payne,Liberty,OT,0.82,2026,3,2026-01-13T17:03:00.000Z
Missouri,Immediate,CJ,May,Louisville,EDGE,0.86,2026,3,2026-01-13T23:52:00.000Z
,Immediate,ShuMond,Johnson,Troy,EDGE,,2026,3,2025-12-24T06:35:00.000Z
Missouri,Immediate,Mark,Shenouda,Tennessee State,P,0.83,2026,3,2026-01-16T17:10:00.000Z
Georgia Southern,Immediate,Mo,Clipper Jr.,Charlotte,IOL,0.85,2026,3,2026-01-15T17:50:00.000Z
UConn,Immediate,Andrew,Laurich,Colorado State,DL,0.83,2026,3,2026-01-19T02:38:00.000Z
Tulsa,Immediate,Thomas,Davis,App State,EDGE,0.86,2026,3,2026-01-12T21:10:00.000Z
,Withdrawn,Chrishon,McCray,Michigan State,WR,,2026,2,2026-01-07T02:31:21.000Z
Miami (OH),Immediate,Ben,Minich,Notre Dame,S,,2026,4,2026-01-08T15:08:24.000Z
App State,Immediate,Semaj,Fleming,Boston College,WR,,2026,3,2026-01-05T21:07:00.000Z
Purdue,Immediate,Jojo,Hayden,Illinois,LB,0.87,2026,3,2026-01-08T17:56:00.000Z
Memphis,Immediate,Dylan,King,Southern Miss,S,,2026,3,2026-01-05T18:13:00.000Z
Illinois,Immediate,Zach,Haber,Arkansas,LS,,2026,,2026-01-07T05:10:00.000Z
,Withdrawn,Smiley,Bradford,Purdue,CB,,2026,3,2026-01-05T16:46:38.000Z
,Immediate,Cam,Hill,Louisiana Tech,S,,2026,3,2025-12-25T05:47:00.000Z
,Immediate,Christian,Ross,Memphis,TE,,2026,3,2025-12-25T05:04:00.000Z
,Immediate,Mark,Konecny,Western Michigan,QB,,2026,2,2025-12-15T20:30:00.000Z
Kentucky,Immediate,Tavion,Wallace,Arkansas,LB,0.87,2026,3,2026-01-03T21:45:00.000Z
Southern Miss,Immediate,Ethan,Hampton,Illinois,QB,,2026,3,2026-01-11T00:01:00.000Z
Northwestern State,Immediate,Jo,Cryer,McNeese,IOL,,2026,3,2026-01-27T18:53:00.000Z
,Immediate,Tim,Brantley Jr.,Missouri State,DL,,2026,,2025-12-22T14:22:00.000Z
Louisville,Immediate,Evan,Wibberley,Kentucky,IOL,0.86,2026,3,2026-01-15T17:26:00.000Z
Lamar,Immediate,Parker,Jenkins,East Carolina,RB,0.85,2026,3,2026-01-14T21:24:00.000Z
Marshall,Immediate,Logan,Greer,California (PA),IOL,0.83,2026,3,2025-12-23T20:28:51.000Z
Oregon,Immediate,Simeon,Price,Colorado,RB,0.88,2026,3,2026-01-14T21:48:00.000Z
California,Immediate,AJ,Tuitele,USC,LB,0.86,2026,3,2026-01-17T02:06:00.000Z
Colorado State,Immediate,Toriyan,Johnson,UConn,OT,,2026,,2026-01-04T23:49:00.000Z
Stanford,Immediate,Carter,Shaw,UCLA,WR,0.84,2026,3,2026-01-27T20:54:59.000Z
Marshall,Immediate,Mike,Williams Jr.,UTSA,DL,,2026,3,2026-01-11T01:51:17.000Z
,Immediate,Branden,Palmer,Georgia Southern,EDGE,,2026,,2026-01-05T17:00:00.000Z
,Withdrawn,Chris,Jones Jr.,Louisville,DL,,2026,,2026-01-07T19:03:00.000Z
,Immediate,Gavin,Sukup,Indianapolis,QB,0.84,2026,3,2025-12-09T21:05:00.000Z
Virginia,Immediate,Jacquon,Gibson,Massachusetts,WR,0.86,2026,3,2026-01-17T22:44:00.000Z
Georgia Tech,Immediate,Jonas,Duclona,South Florida,CB,0.86,2026,3,2026-01-15T21:23:00.000Z
,Withdrawn,Klayton,Sattler,Augustana,TE,0.85,2026,3,2026-01-26T16:19:48.000Z
UConn,Immediate,Shamar,Riser-Pressley,Buffalo,EDGE,0.85,2026,3,2026-01-24T07:44:00.000Z
,Immediate,Anthony,Okes,Montana Tech,EDGE,,2026,,2025-12-08T20:52:00.000Z
James Madison,Immediate,Danny,Royster,Indianapolis,EDGE,0.83,2026,3,2026-01-05T15:53:00.000Z
Vanderbilt,Immediate,Beau,Johnson,North Dakota State,OT,0.87,2026,3,2026-01-05T17:53:00.000Z
James Madison,Immediate,Kevin,Roberts,West Florida,DL,0.84,2026,3,2026-01-04T17:17:00.000Z
Michigan State,Immediate,Ben,Murawski,UConn,OT,0.87,2026,3,2026-01-04T19:10:00.000Z
Rutgers,Immediate,Kameron,Anthony,Ball State,TE,0.86,2026,3,2026-01-05T18:46:00.000Z
Purdue,Immediate,Travis,Terrell Jr.,Jackson State,RB,0.86,2026,3,2026-01-06T16:59:00.000Z
North Carolina,Immediate,Andrew,Threatt,Charleston Southern,IOL,0.86,2026,3,2026-01-04T17:39:00.000Z
Missouri,Immediate,Naeshaun,Montgomery,Florida,WR,0.86,2026,3,2026-01-10T18:39:00.000Z
,Immediate,Wyatt,Minor,West Virginia,IOL,,2026,,2026-01-03T16:09:00.000Z
Miami (OH),Immediate,Dillon,Tatum,Northwestern,S,,2026,4,2026-01-06T21:48:00.000Z
Ohio,Immediate,Jake,Furtney,Illinois,TE,,2026,3,2026-01-09T16:55:00.000Z
,Immediate,Tyler,Douglas,Temple,QB,,2026,3,2025-12-26T22:46:00.000Z
,Immediate,Jack,Metzler,Fresno State,EDGE,,2026,2,2025-12-18T04:26:00.000Z
,Immediate,Samson,Israel,Memphis,CB,,2026,2,2025-12-25T05:08:00.000Z
,Immediate,Joel,Boamah,Kent State,CB,,2026,3,2025-12-28T06:00:00.000Z
Florida Atlantic,Immediate,Drew,Devillier,Rice,QB,,2026,3,2026-01-06T01:05:00.000Z
,Immediate,Daniel,Jackson,Iowa State,WR,,2026,3,2025-12-21T17:10:00.000Z
San Diego State,Immediate,Javion,Kinnard,Colorado State,RB,,2026,3,2026-01-10T20:38:00.000Z
,Immediate,Kannon,Katzer,West Virginia,RB,,2026,,2025-12-19T17:36:00.000Z
,Immediate,Mason,Schubert,Oklahoma State,QB,,2026,,2025-12-11T01:54:00.000Z
,Immediate,Anthony,Busa,Stonehill,S,,2026,,2025-12-22T14:06:00.000Z
,Immediate,Dallen,Ponder,Tulsa,WR,,2026,3,2025-12-27T16:11:00.000Z
Wisconsin,Immediate,Austin,Kawecki,Oklahoma State,IOL,0.87,2026,3,2026-01-04T22:01:00.000Z
Boston College,Immediate,Bryce,LaFollette,Towson,P,0.84,2026,3,2026-01-12T20:16:00.000Z
Missouri,Immediate,Donta,Simpson Jr.,Miami,DL,0.87,2026,3,2026-01-11T21:34:00.000Z
Toledo,Immediate,Anthony,Simpson,Michigan,WR,0.83,2026,3,2026-01-17T15:04:00.000Z
,Immediate,Christian,Hunt,Arizona State,QB,,2026,3,2026-01-13T15:30:00.000Z
,Withdrawn,Josiah,Harris,Gardner-Webb,S,0.82,2026,3,2026-01-11T02:32:44.000Z
Wyoming,Immediate,Markell,Holman,Western Illinois,RB,0.85,2026,3,2026-01-12T21:49:00.000Z
North Texas,Immediate,Udoka,Ezeani,UTEP,EDGE,0.84,2026,3,2026-01-22T02:25:00.000Z
Kennesaw State,Immediate,Jecari,Bryson,Gardner-Webb,LB,0.84,2026,3,2026-01-21T17:24:00.000Z
Fresno State,Immediate,Maverick,Noonan,Nebraska,EDGE,0.84,2026,3,2026-01-12T21:51:00.000Z
Kennesaw State,Immediate,Perry,Fisher,UAB,CB,0.85,2026,3,2026-01-22T02:24:00.000Z
Temple,Immediate,Sam,Wolfenden,UNLV,LS,0.8,2026,3,2026-01-14T21:29:00.000Z
Syracuse,Immediate,Cole,Weaver,Miami (OH),WR,0.86,2026,3,2026-01-07T21:45:00.000Z
Texas Tech,Immediate,Kenny,Johnson,Pittsburgh,WR,0.86,2026,3,2026-01-07T20:58:00.000Z
Arkansas,Immediate,Ian,Williams,Memphis,S,0.86,2026,3,2026-01-11T19:54:00.000Z
Georgia State,Immediate,Lanear,McCrary Jr.,Shorter,RB,0.84,2026,3,2026-01-05T12:54:35.000Z
Louisville,Immediate,Demeco,Kennedy,Purdue,DL,0.86,2026,3,2026-01-07T01:31:00.000Z
Oklahoma,Immediate,Kenny,Ozowalu,UTSA,EDGE,0.86,2026,3,2026-01-06T18:25:00.000Z
Kansas,Immediate,Tre'Von,McAlpine,Tulane,DL,0.86,2026,3,2026-01-06T18:45:00.000Z
,Immediate,Oumar,Conde,Central Michigan,EDGE,,2026,3,2025-12-27T06:00:00.000Z
,Withdrawn,Nate,Burrell,California,DL,,2026,3,2026-01-05T23:04:35.000Z
,Immediate,Demond,Williams Jr.,Washington,QB,0.96,2026,4,2026-01-07T02:26:00.000Z
,Immediate,Jayshawn,Ross,Kansas State,EDGE,,2026,4,2026-01-11T16:23:00.000Z
Incarnate Word,Immediate,Cedric,Lott Jr.,Boston College,WR,,2026,3,2026-01-12T13:50:13.000Z
Georgia,Immediate,Amaris,Williams,Auburn,EDGE,0.94,2026,4,2026-01-08T20:06:00.000Z
Texas,Immediate,Gianni,Spetic,Memphis,K,,2026,2,2026-01-04T23:17:00.000Z
East Tennessee State,Immediate,Tyreek'e,Robinson,UCF,DL,,2026,3,2026-01-12T17:52:00.000Z
,Withdrawn,Braeden,Wisloski,James Madison,WR,,2026,3,2026-01-06T20:06:00.000Z
Minnesota,Immediate,Zachary,Robbins,Utah State,P,,2026,,2026-01-07T03:49:00.000Z
Florida,Immediate,Luke,Harpring,Georgia Tech,TE,0.88,2026,3,2026-01-11T01:21:00.000Z
Arkansas State,Immediate,Boski,Barrett,Vanderbilt,WR,0.85,2026,3,2026-01-22T14:19:45.000Z
Toledo,Immediate,Donovan,Watkins,Mercer,CB,0.85,2026,3,2026-01-20T22:02:00.000Z
Massachusetts,Immediate,Jordan,Washington,Murray State,RB,0.84,2026,3,2026-01-17T17:57:00.000Z
NC State,Immediate,KaTron,Evans,Marshall,DL,0.86,2026,3,2026-01-16T16:00:00.000Z
Louisiana Tech,Immediate,Tye,Hylton,Florida State,OT,0.85,2026,3,2026-01-21T17:46:00.000Z
Clemson,Immediate,Jaylen,Brown-Wallace,Wingate,WR,0.85,2026,3,2026-01-22T00:45:00.000Z
South Florida,Immediate,Don,Volante III,West Florida,LS,0.8,2026,3,2026-01-14T18:00:00.000Z
Montana,Immediate,Adama,Fall,Arizona State,S,,2026,,2026-01-11T13:27:00.000Z
,Immediate,Zeke,Wimbush,Virginia Tech,TE,,2026,3,2025-12-30T16:48:00.000Z
,Immediate,Quaveon,Davis,Jackson State,OT,,2026,,2025-12-20T01:23:00.000Z
North Texas,Immediate,Jacob,Poff,App State,LS,,2026,,2026-01-07T23:12:00.000Z
,Immediate,Noah,Gibson,Coastal Carolina,CB,,2026,,2026-01-08T16:06:00.000Z
Kansas,Immediate,Connor,Stroh,Texas,IOL,0.87,2026,3,2026-01-04T23:59:00.000Z
Virginia,Immediate,Christian,Ellis,Virginia Tech,S,0.86,2026,3,2026-01-04T18:06:00.000Z
Texas Tech,Immediate,Donte,Lee Jr.,Liberty,WR,0.86,2026,3,2026-01-04T23:30:00.000Z
Kentucky,Immediate,Antonio,O'Berry,Gardner-Webb,EDGE,0.86,2026,3,2026-01-04T23:28:00.000Z
Oklahoma,Immediate,Caleb,Nitta,Western Kentucky,IOL,0.86,2026,3,2026-01-05T14:26:00.000Z
App State,Immediate,Chris,Lofton,Gardner-Webb,WR,,2026,,2026-01-11T16:58:00.000Z
Baylor,Immediate,Devon,Jordan,Oklahoma,CB,0.86,2026,3,2026-01-05T17:22:00.000Z
Oregon State,Immediate,DeCorion,Temple,Central Michigan,TE,,2026,3,2026-01-05T17:37:00.000Z
Boston College,Immediate,Demetrius,Ballard,Buffalo,EDGE,0.85,2026,3,2026-01-04T17:35:00.000Z
Western Kentucky,Immediate,Jyzaiah,Rockwell,Prairie View A&M,WR,0.85,2026,3,2026-01-08T16:48:00.000Z
UCF,Immediate,Tackett,Curtis,Wisconsin,LB,0.85,2026,3,2026-01-06T23:13:00.000Z
Tulsa,Immediate,DJ,McKinney,New Mexico,RB,,2026,,2026-01-05T16:41:00.000Z
TCU,Immediate,John Hoyet,Chance,Louisiana Tech,P,,2026,,2026-01-04T22:57:00.000Z
,Immediate,Blake,Ruffin,Louisville,S,,2026,3,2026-01-10T16:40:00.000Z
Bowling Green,Immediate,Sanders,Ellis,Purdue,LB,,2026,,2026-01-08T17:19:00.000Z
San Diego State,Immediate,Solomon,Davis,Oregon,S,,2026,3,2026-01-05T18:10:00.000Z
Memphis,Immediate,Jaden,McKinney,Southern Miss,DL,,2026,3,2026-01-05T18:11:00.000Z
Washington,Immediate,Kolt,Dieterich,Sam Houston,OT,0.92,2026,4,2026-01-05T17:19:00.000Z
Illinois,Immediate,Maurice,Smith,Chowan,ATH,,2026,,2026-01-05T00:41:00.000Z
Boston College,Immediate,Kris,Jones,Georgia,LB,0.87,2026,3,2026-01-10T23:20:35.000Z
California,Immediate,Cooper,Perry,Oregon,WR,0.87,2026,3,2026-01-18T01:47:00.000Z
Austin Peay,Immediate,Kyler,Gibson,Troy,OT,,2026,3,2026-01-24T07:22:00.000Z
LSU,Immediate,Junior,Tuihalamaka,Notre Dame,EDGE,,2026,4,2026-08-20T20:22:00.000Z
Norfolk State,Immediate,Brevin,Caldwell,Johnson C. Smith,WR,,2026,,2026-01-16T01:26:00.000Z
Colorado State,Immediate,Elijah,Mc-Cantos,App State,S,0.85,2026,3,2026-01-17T00:06:00.000Z
Western Michigan,Immediate,DeJuan,Echoles Jr.,Ball State,LB,0.82,2026,3,2026-01-13T16:48:00.000Z
Sacramento State,Immediate,Ivan,Moore Jr.,Northern Illinois,EDGE,0.82,2026,3,2026-01-20T14:44:00.000Z
Middle Tennessee,Immediate,Reese,Tripp,Minnesota,IOL,0.85,2026,3,2026-01-14T01:15:00.000Z
Purdue,Immediate,Tre,Moore,San Diego,EDGE,0.85,2026,3,2026-01-23T20:35:00.000Z
North Carolina,Immediate,Jaxxon,Warren,Colorado State,TE,0.86,2026,3,2026-01-05T16:50:25.000Z
UCLA,Immediate,Dante,Lovett,Virginia Tech,CB,0.86,2026,3,2026-01-05T17:23:00.000Z
New Mexico,Immediate,Deven,Dyer,Western New Mexico,DL,,2026,,2026-01-11T20:48:00.000Z
Liberty,Immediate,Makai,Jackson,Indiana,WR,0.86,2026,3,2026-01-05T12:28:00.000Z
Wake Forest,Immediate,Chase,Tyler,Duke,WR,0.86,2026,3,2026-01-05T15:27:53.000Z
Duke,Immediate,Kyon,Loud,Montana,CB,0.86,2026,3,2026-01-04T20:06:00.000Z
Boston College,Immediate,Chandler,Jordan,Georgia State,S,0.86,2026,3,2026-01-11T02:02:48.000Z
UAB,Immediate,Keyon,Cox,Oregon State,OT,0.85,2026,3,2026-01-09T16:14:00.000Z
Arizona State,Immediate,Mikey,Keene,Michigan,QB,0.85,2026,3,2026-01-08T16:19:00.000Z
,Immediate,Chris,Pearson,Arkansas State,LB,,2026,3,2025-12-24T17:46:00.000Z
Indiana State,Immediate,Dane,Pardridge,Rutgers,WR,,2026,2,2026-01-09T21:31:00.000Z
,Immediate,Tavian,Coleman,Colorado,DL,,2026,,2025-12-22T14:39:00.000Z
Marshall,Immediate,Kelvon,McBride,NC State,LB,,2026,3,2026-01-07T02:07:00.000Z
Charlotte,Immediate,Tank,Boston,NC State,WR,0.85,2026,3,2026-01-12T16:42:00.000Z
Oklahoma State,Immediate,Johnny,Dickson III,North Texas,IOL,0.85,2026,3,2026-01-05T02:58:00.000Z
Kansas,Immediate,Eamon,Smalls,UAB,DL,0.85,2026,3,2026-01-04T22:21:00.000Z
UAB,Immediate,Raymond,Macias,Campbell,DL,0.82,2026,3,2026-01-11T22:52:00.000Z
,Immediate,Ali,Abbasi,Marshall,DL,,2026,,2025-12-24T06:44:00.000Z
Arkansas State,Immediate,Joshua,Burrell,Furman,WR,,2026,3,2026-01-08T21:25:59.000Z
,Withdrawn,Dashawn,Spears,LSU,S,,2026,4,2025-12-31T22:18:00.000Z
,Immediate,Kelby,Valsin,Texas Tech,WR,,2026,3,2025-12-26T21:43:00.000Z
Florida Atlantic,Immediate,Brooks,Johnson,Coastal Carolina,TE,,2026,3,2026-01-09T23:10:00.000Z
,Withdrawn,Jaiden,Braker,LSU,LB,,2026,4,2026-01-07T02:36:25.000Z
Michigan,Immediate,Max,Alford,BYU,LB,0.86,2026,3,2026-01-13T04:00:00.000Z
,Immediate,Micah,Wing,Ball State,LB,,2026,,2026-01-14T20:25:00.000Z
Rice,Immediate,Leo,Bluhm,Yale,IOL,0.83,2026,3,2026-01-13T16:52:00.000Z
LIU Post,Immediate,Khristian,Tyson,North Carolina A&T,S,,2026,,2026-02-02T20:55:00.000Z
Southeastern Louisiana,Immediate,Cole,Welliver,New Mexico,QB,0.84,2026,3,2026-01-17T04:24:00.000Z
,Immediate,JJ,Okate,Charlotte,LB,,2026,3,2026-01-14T14:01:00.000Z
Stephen F. Austin,Immediate,Evan,Odom,Tulsa,OT,,2026,3,2026-02-02T03:03:00.000Z
Western Carolina,Immediate,Noah,Lospinoso,Warner University,TE,,2026,,2026-01-13T03:00:00.000Z
New Mexico State,Immediate,Javon,Gillespie,East Texas A&M,CB,0.85,2026,3,2026-01-18T06:00:00.000Z
UConn,Immediate,Luke,Murphy,Coastal Carolina,LB,0.84,2026,3,2026-01-24T07:35:00.000Z
Colorado,Immediate,Boo,Carter,Tennessee,S,0.93,2026,4,2026-01-10T23:47:00.000Z
Penn State,Immediate,Caleb,Bacon,Iowa State,LB,0.91,2026,4,2026-01-04T22:29:00.000Z
,Immediate,Jay,Simon,Louisiana Tech,WR,,2026,3,2025-12-25T05:46:00.000Z
Boise State,Immediate,Darren,Morris,Southern,WR,,2026,,2026-01-06T20:43:00.000Z
LSU,Immediate,Tre',Brown III,Old Dominion,WR,0.9,2026,4,2026-01-07T16:48:42.000Z
Colorado,Immediate,Liona,Lefau,Texas,LB,0.9,2026,4,2026-01-08T19:07:00.000Z
Florida,Immediate,Emmanuel,Oyebadejo,Jacksonville State,DL,0.88,2026,3,2026-01-06T21:11:00.000Z
LSU,Immediate,Tyree,Holloway,West Florida,WR,0.85,2026,3,2026-01-10T19:15:00.000Z
Alabama,Immediate,Carmelo,O'Neal,Mercer,S,0.86,2026,3,2026-01-10T17:06:00.000Z
Tulane,Immediate,Zeon,Chriss-Gremillion,Houston,QB,,2026,3,2026-01-08T04:17:55.000Z
,Immediate,Fred,Johnson,Louisville,IOL,,2026,3,2026-01-02T14:38:00.000Z
Vanderbilt,Immediate,Kaden,Schickel,Michigan State,LS,,2026,,2026-01-10T18:26:00.000Z
,Immediate,Davis,Dotson,Oklahoma State,OT,,2026,3,2026-01-01T16:49:00.000Z
,Immediate,Aaron,Mattingly,UAB,TE,,2026,3,2026-01-02T13:46:00.000Z
Southern Miss,Immediate,Champ,Lewis,Tulsa,CB,,2026,3,2026-01-11T00:05:00.000Z
Fresno State,Immediate,Taylor,Powell,Northern Illinois,S,,2026,3,2026-01-11T00:09:00.000Z
Colorado State,Immediate,TreShawn,Moore,West Georgia,S,,2026,,2026-01-11T17:00:00.000Z
Rice,Immediate,Gael,Ochoa,UNLV,QB,,2026,3,2026-01-06T22:36:00.000Z
Ohio State,Immediate,Cam,Calhoun,Alabama,CB,0.88,2026,3,2026-01-15T19:50:00.000Z
Auburn,Immediate,Kenneth,McManus IV,Akron,IOL,0.86,2026,3,2026-01-19T19:54:00.000Z
Toledo,Immediate,Tucker,Kelleher,BYU,TE,0.85,2026,3,2026-03-12T23:48:00.000Z
Tulane,Immediate,Dalton,Hughes,South Alabama,LB,0.82,2026,3,2026-01-14T20:48:53.000Z
North Texas,Immediate,Davion,Rhodes,Georgia Southern,EDGE,0.84,2026,3,2026-01-13T17:00:00.000Z
,Withdrawn,Jackson,Wasserstrom,Indiana,WR,,2026,,2026-01-15T13:44:00.000Z
,Immediate,Cade,Trotter,Clemson,QB,,2026,,2026-01-16T20:41:00.000Z
Tennessee Tech,Immediate,Carter,Brown,Utah State,K,,2026,2,2026-01-15T02:23:00.000Z
Stephen F. Austin,Immediate,Avyonne,Jones,Coastal Carolina,S,,2026,3,2026-01-27T20:10:36.000Z
,Immediate,Aden,Willis,Marshall,CB,,2026,,2026-01-20T15:00:00.000Z
New Mexico,Immediate,Konner,Olson,Western Kentucky,K,0.8,2026,3,2026-01-20T17:32:43.000Z
Michigan State,Immediate,Kenny,Soares Jr.,NC State,LB,0.86,2026,3,2026-01-13T17:35:00.000Z
Tennessee,Immediate,Jadais,Richard,Miami,CB,0.86,2026,3,2026-01-22T20:19:00.000Z
,Withdrawn,Zahmari,Palode-Gary,Pittsburg State,RB,0.82,2026,3,2026-02-06T22:23:53.000Z
East Tennessee State,Immediate,Steven,Lizama,Merrimack,IOL,,2026,,2026-01-13T17:56:00.000Z
,Withdrawn,Malik,Moses,Bowling Green,DL,0.82,2026,3,2026-01-14T16:15:00.000Z
Florida State,Immediate,Ma'Khi,Jones,Duke,S,0.87,2026,3,2026-01-12T22:57:00.000Z
Colorado State,Immediate,Robby,Harrison,Western Kentucky,DL,0.84,2026,3,2026-01-15T17:48:00.000Z
Wake Forest,Immediate,Landon,Morris,California,TE,0.87,2026,3,2026-01-09T16:12:00.000Z
Florida,Immediate,Harrison,Moore,Georgia Tech,IOL,0.87,2026,3,2026-01-09T16:28:00.000Z
Oregon,Immediate,Andrew,Olesh,Penn State,TE,0.87,2026,3,2026-01-11T22:32:00.000Z
Tulane,Immediate,Ryan,Mickow,Boston College,OT,,2026,3,2026-01-09T16:47:00.000Z
,Immediate,Kobe,Black,Texas,CB,,2026,4,2026-01-09T15:00:00.000Z
Hawai'i,Immediate,Adam,Tomczyk,West Virginia,EDGE,0.84,2026,3,2026-01-29T01:28:00.000Z
Pittsburgh,Immediate,Raion,Strader,Auburn,CB,0.87,2026,3,2026-01-08T16:41:46.000Z
Missouri,Immediate,Brunno,Reus,Florida State,K,0.8,2026,3,2026-01-13T04:38:00.000Z
Florida Atlantic,Immediate,Joseph,Sipp Jr.,Kansas,LB,,2026,3,2026-01-10T17:06:00.000Z
,Immediate,Malaki,Te'o,Coastal Carolina,LB,,2026,,2026-01-05T19:27:00.000Z
SMU,Immediate,Caden,Marshall,Bowling Green,LB,0.86,2026,3,2026-01-06T22:05:00.000Z
North Carolina,Immediate,Rowan,Byrne,Clemson,IOL,0.86,2026,3,2026-01-10T23:00:00.000Z
UTSA,Immediate,Nate,Robinson Jr.,Marist,S,,2026,,2026-01-10T01:22:00.000Z
Georgia,Immediate,Dante,Dowdell,Kentucky,RB,0.9,2026,4,2026-01-12T18:22:00.000Z
Kansas State,Immediate,Jay,Harris,Oregon,RB,0.88,2026,3,2026-01-12T18:29:00.000Z
Central Michigan,Immediate,Darrell,Bryant Jr.,Northern Colorado,S,0.82,2026,3,2026-01-09T20:22:00.000Z
Houston,Immediate,Hayden,Wright,Northwestern,OT,,2026,3,2026-01-05T17:20:00.000Z
,Immediate,Matt,Lawson,Illinois State,RB,,2026,,2025-12-22T19:16:00.000Z
,Immediate,Dwight,Lewis III,Mississippi State,CB,,2026,,2025-12-23T03:03:00.000Z
North Texas,Immediate,Caden,Jenkins,Baylor,CB,,2026,3,2026-01-08T02:28:00.000Z
Austin Peay,Immediate,Caleb,Merritt,Wyoming,S,,2026,3,2026-01-24T19:14:00.000Z
Florida State,Immediate,Daniel,Hughes,New Mexico,P,,2026,,2026-01-08T17:31:00.000Z
,Immediate,LaVonte,Johnson,Rice,S,,2026,3,2025-12-25T05:19:00.000Z
,Immediate,Aiden,Valdez,New Mexico,TE,,2026,3,2025-12-28T03:03:00.000Z
Bowling Green,Immediate,JayT,Jackson,Louisiana Tech,CB,,2026,,2026-06-30T19:01:00.000Z
James Madison,Immediate,Noel,Portnjagin,Florida,IOL,0.85,2026,3,2026-01-16T22:02:00.000Z
North Alabama,Immediate,Cayden,Adkins,Georgia State,LB,,2026,3,2026-01-13T00:01:25.000Z
UAB,Immediate,Bam,McReynolds,UL Monroe,RB,0.84,2026,3,2026-01-13T18:50:00.000Z
Sam Houston,Immediate,Sam,Carpenter,Pittsburgh,K,,2026,,2026-01-15T22:57:00.000Z
,Withdrawn,CJ,Bass III,Missouri,S,,2026,3,2026-01-06T22:23:47.000Z
UCF,Immediate,Atticus,Bertrams,Wisconsin,P,,2026,2,2026-01-08T19:01:00.000Z
Arkansas,Immediate,Kyeaure,Magloire,West Georgia,CB,0.84,2026,3,2026-01-17T00:02:00.000Z
,Immediate,Zion,Grant,University of Calgary,WR,,2026,,2026-06-01T18:51:00.000Z
Georgia Southern,Immediate,Gregory,Delaine Jr.,Syracuse,CB,0.83,2026,3,2026-01-15T17:58:00.000Z
,Withdrawn,Darryll,Desir,Florida State,EDGE,0.94,2026,4,2026-01-16T02:35:49.000Z
South Alabama,Immediate,Everett,Hunter,Nicholls,TE,0.82,2026,3,2026-01-12T21:49:00.000Z
Alabama,Immediate,Terrance,Green,Oregon,DL,0.93,2026,4,2026-01-13T17:25:00.000Z
,Withdrawn,Leo,Pulalasi,Washington State,RB,,2026,3,2026-01-08T20:21:21.000Z
North Carolina Central,Immediate,KJ,Liles,App State,DL,,2026,,2026-01-11T18:01:00.000Z
,Immediate,Ashton,Hayes,Nevada,RB,,2026,3,2025-12-02T02:57:00.000Z
Georgia,Immediate,Isiah,Canion,Georgia Tech,WR,0.94,2026,4,2026-01-08T18:47:00.000Z
Florida State,Immediate,Xavier,Chaplin,Auburn,OT,0.92,2026,4,2026-01-09T15:31:00.000Z
,Immediate,Moh,Bility,Rice,CB,,2026,3,2026-01-05T19:26:00.000Z
Colorado,Immediate,Tyler,Moore,Coastal Carolina,DL,,2026,3,2026-01-05T19:38:00.000Z
,Immediate,Amos,Talalele,Kansas State,IOL,,2026,3,2026-01-02T23:33:00.000Z
,Immediate,Terrelle,Elmore,Eastern Michigan,LB,,2026,2,2026-01-02T18:35:00.000Z
,Immediate,Trevor,Newkirk,Cal Poly,OT,,2026,3,2025-12-28T18:25:00.000Z
,Immediate,Adam,Moore,SMU,TE,,2026,3,2026-01-05T22:31:00.000Z
,Immediate,Blake,Fann,North Texas,LB,,2026,,2025-12-29T02:50:00.000Z
Toledo,Immediate,Ben,Sahakian,Cornell,EDGE,0.83,2026,3,2026-01-21T21:35:00.000Z
Montana,Immediate,Ashton,Paine,South Dakota,S,,2026,2,2026-01-24T05:31:00.000Z
Memphis,Immediate,Justin,Wallace,Western Carolina,EDGE,0.83,2026,3,2026-01-19T02:19:00.000Z
Florida State,Immediate,Mikai,Gbayor,North Carolina,LB,0.91,2026,4,2026-01-15T22:16:00.000Z
Bowling Green,Immediate,Drey,Braxton,North Carolina Central,CB,0.82,2026,3,2026-01-17T20:47:00.000Z
,Immediate,Jalen,Emery,Western Kentucky,CB,,2026,3,2026-01-14T14:54:00.000Z
Cal Poly,Immediate,Luke,Leighton,Washington State,TE,,2026,3,2026-02-04T05:02:00.000Z
,Withdrawn,Kenton,Simmons,Florida International,EDGE,,2026,,2026-01-17T15:51:00.000Z
Florida,Immediate,Jordy,Lowery,East Carolina,CB,0.86,2026,3,2026-01-21T15:44:00.000Z
,Immediate,Ni,Mansell,South Alabama,IOL,,2026,,2026-01-10T00:48:00.000Z
Ball State,Immediate,Keldric,Luster,Texas State,QB,,2026,3,2026-01-09T16:06:00.000Z
,Immediate,Kenari,Wilcher,Florida A&M,WR,,2026,3,2026-01-10T16:33:00.000Z
,Immediate,Jayvin,Norman,Eastern Michigan,RB,,2026,,2025-12-09T15:45:00.000Z
Arkansas,Immediate,Braeden,McAlister,Georgia State,K,,2026,2,2026-01-04T19:18:46.000Z
App State,Immediate,Darrin,Fugitt,Lindenwood,TE,,2026,,2026-01-08T17:33:00.000Z
Memphis,Immediate,Koby,Keenum,Mississippi State,IOL,,2026,3,2026-01-08T16:40:50.000Z
,Immediate,Joey,Farthing,Hawai'i,WR,,2026,2,2025-12-28T02:49:00.000Z
,Immediate,Brian,Alston,East Tennessee State,DL,,2026,3,2025-12-18T01:27:00.000Z
,Withdrawn,Caden,Story,Clemson,DL,,2026,4,2026-01-10T18:48:00.000Z
Oklahoma State,Immediate,Justin,Bowick,Illinois,WR,0.9,2026,4,2026-01-08T16:26:00.000Z
,Immediate,Payton,Kirkland,UAB,IOL,,2026,4,2026-01-02T13:47:00.000Z
North Texas,Immediate,Justin,Benton,East Carolina,DL,,2026,3,2026-01-11T03:34:00.000Z
Florida Atlantic,Immediate,Kortez,Winslow,Lamar,OT,,2026,,2026-01-07T22:48:00.000Z
Florida Atlantic,Immediate,Aiden,Jones,VMI,OT,,2026,,2026-01-07T19:34:00.000Z
Florida Atlantic,Immediate,Amar,Reynolds,Illinois,CB,,2026,3,2026-01-07T17:02:00.000Z
,Immediate,Tyrece,Mills,UConn,S,,2026,3,2026-01-05T18:48:00.000Z
Florida Atlantic,Immediate,Aqil,Meredith-Smith,LIU Post,IOL,,2026,,2026-01-07T18:09:00.000Z
Penn State,Immediate,Carson,Hansen,Iowa State,RB,0.88,2026,3,2026-01-04T22:32:00.000Z
North Dakota State,Immediate,Keith,Williams Jr.,Cornell,LB,,2026,,2026-01-27T22:37:00.000Z
Memphis,Immediate,Carde,Smith,Colorado,OT,0.86,2026,3,2026-01-13T18:56:00.000Z
Monmouth,Immediate,Brady,O'Hara,Penn State,IOL,,2026,3,2026-01-21T13:30:00.000Z
,Withdrawn,Josiah,Thompson,South Carolina,OT,0.91,2026,4,2026-01-14T14:59:28.000Z
,Immediate,Tyler,Williams,South Florida,WR,,2026,4,2026-01-05T18:44:00.000Z
,Immediate,Myles,Jackson,Stanford,QB,,2026,3,2026-01-05T18:36:00.000Z
UAB,Immediate,Sean,Persson,Toledo,TE,0.82,2026,3,2026-01-14T18:13:00.000Z
Virginia Tech,Immediate,Mylachi,Williams,Penn State,EDGE,0.87,2026,3,2026-01-11T20:54:00.000Z
Utah State,Immediate,Grady,Brosterhous,Virginia,QB,0.82,2026,3,2026-01-20T19:14:00.000Z
South Florida,Immediate,Za'Quan,Bryan,Minnesota,CB,0.87,2026,3,2026-01-08T19:44:00.000Z
UL Monroe,Immediate,Don,Chaney Jr.,Charlotte,RB,0.86,2026,3,2026-01-22T22:20:00.000Z
LSU,Immediate,Kaden,Martin,Middle Tennessee,QB,,2026,,2026-05-06T15:58:00.000Z
Grambling,Immediate,Kingston,Jones,UTSA,WR,,2026,3,2026-01-17T00:43:00.000Z
Mississippi State,Immediate,Jayson,Jenkins,Florida State,EDGE,0.87,2026,3,2026-01-05T16:42:00.000Z
South Florida,Immediate,C.J.,Hicks,Ohio State,EDGE,0.87,2026,3,2026-01-05T18:11:00.000Z
Maryland,Immediate,Amari,Jackson,Boston College,CB,0.86,2026,3,2026-01-09T16:15:00.000Z
Kansas,Immediate,Trezelle,Jenkins Jr.,Wayne State,IOL,0.85,2026,3,2026-01-08T17:01:00.000Z
Oklahoma State,Immediate,Wyatt,Young,North Texas,WR,0.93,2026,4,2026-01-04T23:56:00.000Z
Ole Miss,Immediate,Edwin,Joseph,Florida State,S,0.92,2026,4,2026-01-10T17:47:00.000Z
Texas State,Immediate,Jordan,Sample,Arkansas State,LB,0.83,2026,3,2026-01-21T04:48:00.000Z
Virginia,Immediate,Ezekiel,Larry,Yale,EDGE,0.83,2026,3,2026-01-09T23:10:08.000Z
UTSA,Immediate,Jarrett,Henry,Oklahoma State,IOL,0.83,2026,3,2026-01-11T19:25:00.000Z
,Immediate,Amir,Jackson,Florida,TE,0.88,2026,3,2025-12-15T17:10:00.000Z
Miami,TBD,Keona,Davis,Nebraska,DL,0.93,2026,4,2026-01-14T14:01:00.000Z
Indiana,Immediate,Paddy,McAteer,Troy,K,0.83,2026,3,2026-01-13T20:15:00.000Z
Virginia,Immediate,Beau,Pribula,Missouri,QB,0.9,2026,4,2026-01-13T02:22:00.000Z
Southern Miss,Immediate,Kobi,Albert,UConn,S,0.83,2026,3,2026-02-01T20:55:00.000Z
Sacramento State,Immediate,Jaylen,Patterson,New Mexico State,QB,0.83,2026,3,2026-01-14T00:04:00.000Z
Marshall,Immediate,Khalil,Wilkins,West Virginia,QB,0.83,2026,3,2026-01-18T21:59:00.000Z
Missouri State,Immediate,Breezy,Dubar,Boise State,RB,0.84,2026,3,2026-01-16T04:38:00.000Z
Virginia,Immediate,Brandyn,Hillman,Michigan,S,0.88,2026,3,2026-01-14T21:43:46.000Z
App State,Immediate,Kevin,Henderson,Findlay,LB,0.84,2026,3,2026-01-12T20:08:00.000Z
Florida A&M,Immediate,Mike,Peterson Jr.,Florida,WR,,2026,3,2026-01-10T15:43:00.000Z
Auburn,Immediate,Nykahi,Davenport,South Florida,RB,0.87,2026,3,2026-01-05T16:07:00.000Z
Ottawa,Immediate,Rocco,Koch,Idaho,ATH,,2026,3,2026-01-07T11:54:00.000Z
Nevada,Immediate,Joshua,Scott,Eastern Michigan,CB,,2026,3,2026-01-11T16:16:00.000Z
,Immediate,Dominic,Grand,Truman State,CB,0.84,2026,3,2025-11-22T23:17:00.000Z
,Immediate,Carter,Herriman,Eastern Michigan,LB,,2026,3,2026-01-07T16:24:00.000Z
,Immediate,Tamez,Young,Florida Atlantic,TE,,2026,3,2026-01-02T12:26:00.000Z
Georgia Southern,Immediate,Max,Johnson,North Carolina,QB,,2026,3,2026-01-10T19:08:00.000Z
,Immediate,Joseph,Hagman,Baylor,RB,,2026,,2026-01-02T06:09:00.000Z
,Immediate,John,Long,Rice,IOL,,2026,3,2025-12-09T15:19:00.000Z
Wisconsin,Immediate,Justus,Boone,Arkansas,EDGE,0.87,2026,3,2026-01-04T22:53:00.000Z
Baylor,Immediate,Colby,McCalister,Kansas State,S,0.86,2026,3,2026-01-10T18:15:00.000Z
Florida International,Immediate,JJ,Kohl,App State,QB,0.86,2026,3,2026-01-10T15:02:00.000Z
Michigan State,Immediate,KK,Smith,Notre Dame,WR,0.86,2026,3,2026-01-11T19:14:00.000Z
UTSA,Immediate,Brandon,High Jr.,California,RB,0.86,2026,3,2026-01-09T23:33:00.000Z
Eastern Michigan,Immediate,Malachi,James,Syracuse,RB,0.83,2026,3,2026-01-12T15:49:00.000Z
,Immediate,Isaac,Brown,Louisville,RB,0.94,2026,4,2026-01-01T15:00:00.000Z
Missouri,Immediate,Josh,Atkins,Arizona State,OT,0.87,2026,3,2026-01-08T16:43:00.000Z
Jacksonville State,Immediate,Nii,Addy,Harding,DL,,2026,,2026-01-09T03:06:00.000Z
Colorado,Immediate,JaQuail,Smith,Sacramento State,RB,0.85,2026,3,2026-01-04T18:17:00.000Z
South Carolina,Immediate,Nitro,Tuggle,Purdue,WR,0.87,2026,3,2026-01-10T03:29:00.000Z
,Immediate,Maurice,Savage,Weber State,WR,,2026,,2025-12-23T15:10:00.000Z
Fresno State,Immediate,Preston,Okafor,Nebraska,S,,2026,,2026-01-09T20:10:00.000Z
Memphis,Immediate,Zach,Ruffin,Southern Miss,S,,2026,4,2026-01-05T18:10:00.000Z
,Immediate,Kamarion,Thomas,North Carolina,DL,,2026,3,2025-12-26T22:53:00.000Z
Texas A&M,Immediate,David,Olano,Illinois,K,,2026,3,2026-01-05T14:39:00.000Z
Florida,Immediate,Lacota,Dippre,James Madison,TE,0.87,2026,3,2026-01-05T14:55:00.000Z
Houston,Immediate,Shadre,Hurst,Tulane,IOL,0.87,2026,3,2026-01-04T20:21:00.000Z
,Immediate,Jaden,Mosley,Samford,LB,,2026,,2025-12-19T01:24:00.000Z
,Immediate,Miguel,Arenas,North Texas,K,,2026,,2026-01-01T15:35:00.000Z
Texas,Immediate,MJ,Morris,Coastal Carolina,QB,0.85,2026,3,2026-01-22T14:42:00.000Z
LSU,TBD,Aliou,Bah,Maryland,IOL,0.92,2026,4,2026-01-14T20:09:00.000Z
Oklahoma State,Immediate,Jack,Puckett,Central Oklahoma,LB,0.85,2026,3,2026-01-13T15:59:00.000Z
Florida A&M,Immediate,Chase,Gillespie,Vanderbilt,RB,,2026,3,2026-02-05T01:01:00.000Z
Florida International,Immediate,Jamorie,Flagg,Florida State,DL,0.85,2026,3,2026-01-17T20:42:00.000Z
Hawai'i,Immediate,Tre',Griffiths,Oklahoma State,WR,0.85,2026,3,2026-01-15T05:07:00.000Z
UCF,Immediate,Grayson,Brousseau,Oklahoma State,TE,0.84,2026,3,2026-01-15T13:29:00.000Z
Kennesaw State,Immediate,Kaleb,Gray,West Virginia,S,0.84,2026,3,2026-01-22T02:22:00.000Z
Missouri State,Immediate,Skyler,Locklear,UTEP,QB,0.84,2026,3,2026-01-16T18:14:00.000Z
North Texas,Immediate,Peyton,Taylor,Emporia State,CB,0.86,2026,3,2026-01-17T16:11:00.000Z
California,Immediate,Tristan,Jernigan,Texas A&M,LB,0.86,2026,3,2026-01-12T23:05:00.000Z
Washington,Immediate,Bodpegn,Miller,Ohio State,WR,0.86,2026,3,2026-01-28T18:44:00.000Z
UAB,Immediate,Diezel,Wilkinson,Montana,S,0.86,2026,3,2026-01-16T21:56:00.000Z
Wyoming,Immediate,Diore,Hubbard,West Virginia,RB,0.85,2026,3,2026-01-25T19:00:00.000Z
,TBD,Joe,Swen,Sam Houston,CB,,2026,3,2026-01-15T17:23:00.000Z
,Immediate,Jace,Petty,Arkansas,WR,,2026,,2026-01-02T12:59:00.000Z
College of San Mateo,Immediate,Brayden,Turner,Fresno State,QB,,2026,3,2026-01-09T01:18:00.000Z
,Immediate,Mickel,Clay,West Virginia,OT,,2026,,2026-01-12T22:50:00.000Z
,Immediate,James,Larson,SMU,TE,,2026,,2026-04-03T02:03:00.000Z
Louisville,Immediate,Jakob,Dixon,Eastern Kentucky,WR,0.83,2026,3,2026-01-12T21:52:00.000Z
Jacksonville State,Immediate,Bo,Burkes,North Carolina,IOL,,2026,3,2026-01-08T03:12:00.000Z
Charlotte,Immediate,Cam,Pedro,Southeast Missouri State,WR,,2026,3,2026-01-07T19:39:00.000Z
Tulsa,Immediate,Rylan,Leathers,Idaho State,S,,2026,,2026-01-07T19:19:00.000Z
Western Kentucky,Immediate,Tyreek,Major,South Florida,IOL,0.84,2026,3,2026-01-16T21:37:00.000Z
Tulsa,Immediate,Andrew,Hand,East Tennessee State,S,,2026,,2026-01-07T19:14:00.000Z
UTEP,Immediate,Brady,Braun,Gardner-Webb,P,,2026,,2026-01-07T16:40:00.000Z
,Withdrawn,Nijay,Gay,Hampton,S,,2026,,2026-05-12T02:17:12.000Z
,Immediate,Isiah,Revis,San José State,S,,2026,3,2026-01-14T15:23:00.000Z
Sam Houston,Immediate,Jayden,Fry,Boston College,EDGE,0.86,2026,3,2026-01-11T02:40:30.000Z
Rutgers,Immediate,Dylan,Lonergan,Boston College,QB,0.86,2026,3,2026-01-05T13:50:00.000Z
Nebraska,Immediate,Daniel,Kaelin,Virginia,QB,0.85,2026,3,2026-01-12T03:32:00.000Z
UCF,Immediate,Bruno,Dall,Akron,EDGE,0.85,2026,3,2026-01-10T02:06:00.000Z
Oregon,Immediate,Iverson,Hooks,UAB,WR,0.88,2026,3,2026-01-12T19:32:16.000Z
Penn State,Immediate,Benjamin,Brahmer,Iowa State,TE,0.94,2026,4,2026-01-03T20:34:00.000Z
USC,Immediate,Terrell,Anderson,NC State,WR,0.94,2026,4,2026-01-05T17:13:00.000Z
Ole Miss,Immediate,Jay,Crawford,Auburn,CB,0.93,2026,4,2026-01-03T14:05:00.000Z
Western Carolina,Immediate,Andre,Jackson Jr.,Hampton,CB,0.8,2026,3,2026-01-12T02:17:00.000Z
,Immediate,Omar,Graham Jr.,Florida State,LB,0.91,2026,4,2025-12-16T21:34:00.000Z
UConn,Immediate,Jediyah,Willoughby,Toledo,WR,0.82,2026,3,2026-01-24T07:54:00.000Z
San José State,Immediate,Ian,Shewell,Arizona State,DL,0.82,2026,3,2026-01-15T23:24:00.000Z
Virginia Tech,Immediate,Deed,Capper,Wisconsin,LS,0.8,2026,3,2026-01-21T17:02:00.000Z
Furman,Immediate,Luke,Shields,Tennessee Tech,WR,,2026,,2026-01-23T05:43:00.000Z
Coastal Carolina,Immediate,Nico,Cavanillas Alti,South Carolina State,K,,2026,,2026-01-20T22:08:00.000Z
,Immediate,Bryon,Threats,UCLA,S,,2026,3,2026-01-14T14:53:00.000Z
,Immediate,Kevin,Green Jr.,Washington,WR,,2026,4,2026-01-14T15:11:00.000Z
Utah State,Immediate,Harrison,Taggart,California,LB,0.86,2026,3,2026-01-19T21:31:00.000Z
Virginia,Immediate,Omillio,Agard,Wisconsin,CB,0.86,2026,3,2026-01-13T00:05:00.000Z
UCLA,Immediate,Malik,Hartford,Ohio State,S,0.86,2026,3,2026-01-14T04:17:22.000Z
South Florida,Immediate,Cameron,Seldon,Virginia Tech,WR,0.86,2026,3,2026-01-20T21:56:00.000Z
,Immediate,Austin,Bolt,Boise State,WR,,2026,3,2026-01-13T15:16:00.000Z
Gardner-Webb,Immediate,Anthony,Mebane,App State,EDGE,,2026,3,2026-01-04T18:19:00.000Z
Ball State,Immediate,Austin,Stief,Davenport,EDGE,0.83,2026,3,2026-02-04T17:07:00.000Z
Wisconsin,Immediate,Malachi,Coleman,Minnesota,WR,0.86,2026,3,2026-01-12T22:02:00.000Z
Western Kentucky,Immediate,Alex,Lopez,Mississippi State,IOL,,2026,3,2026-01-06T18:38:00.000Z
,Immediate,Chase,Carter,Memphis,DL,,2026,3,2025-12-25T05:09:00.000Z
,Immediate,Billy,Gilmore,Troy,IOL,,2026,,2025-12-29T05:47:00.000Z
,Withdrawn,Nikola,Milovac,Kennesaw State,OT,,2026,3,2026-01-05T02:34:38.000Z
Western Michigan,Immediate,Brenden,Anes,Tennessee,LB,,2026,3,2026-01-08T18:00:00.000Z
Penn State,Immediate,Cooper,Alexander,Iowa State,TE,0.88,2026,3,2026-01-10T00:36:00.000Z
California,Immediate,Solomon,Williams,Texas A&M,EDGE,0.87,2026,3,2026-01-09T20:37:00.000Z
Washington State,Immediate,Sione,Pasi,Montana Western,DL,,2026,,2026-01-09T19:05:00.000Z
,Immediate,Carl,Nesmith,Utah State,EDGE,,2026,3,2025-12-01T06:00:00.000Z
Florida State,Immediate,Rylan,Kennedy,Texas A&M,EDGE,0.87,2026,3,2026-01-07T00:08:00.000Z
Rutgers,Immediate,Malachi,Davis,Toledo,EDGE,0.86,2026,3,2026-01-04T20:02:00.000Z
,Immediate,Amorie,Morrison,UAB,EDGE,,2026,,2026-01-06T21:08:00.000Z
Temple,Immediate,Kolin,Dinkins,Penn State,S,,2026,,2026-01-10T21:48:00.000Z
,Immediate,Chase,Kibble,South Carolina,DL,,2026,,2025-12-24T22:00:00.000Z
Liberty,Immediate,Tyrell,Gainey,Albany State,CB,,2026,,2026-01-08T14:41:00.000Z
UCF,Immediate,Matt,Irwin,Idaho,S,0.86,2026,3,2026-01-10T02:03:00.000Z
,Immediate,Jacobe,Robinson,Southern Miss,QB,,2026,3,2025-12-25T00:41:00.000Z
North Texas,Immediate,Graham,Gillespie,Texas,S,,2026,,2026-01-10T01:16:00.000Z
Rice,Immediate,Charlie,Durkin,Kent State,P,,2026,,2026-01-07T22:34:00.000Z
,Withdrawn,Adepoju,Adebawore,Oklahoma,EDGE,,2026,5,2026-01-12T15:32:00.000Z
Ohio,Immediate,Cassius,Hulbert,Tiffin University,DL,0.8,2026,3,2026-01-17T22:06:00.000Z
,Immediate,Antonio,Robinson,Florida Atlantic,CB,,2026,3,2026-01-02T12:40:00.000Z
Northwest Missouri State,Immediate,Drake,Knobloch,Baylor,LS,,2026,,2026-02-05T02:29:00.000Z
,Immediate,Charlie,Leota,Texas State,DL,,2026,2,2026-01-16T15:50:00.000Z
East Tennessee State,Immediate,Jarvis,Johnson,Florida Atlantic,LB,,2026,3,2026-01-15T22:43:00.000Z
Campbell,Immediate,Jyron,Waiters,East Carolina,WR,,2026,3,2026-01-15T03:14:00.000Z
,Immediate,Justin,Smith-Brown,West Virginia,WR,,2026,,2026-01-17T05:32:00.000Z
,Immediate,Matt,Henry,Troy,IOL,,2026,,2026-01-16T15:16:00.000Z
Toledo,Immediate,Mo,Conteh,Ohio Dominican,CB,0.83,2026,3,2026-01-13T22:10:00.000Z
,Withdrawn,Darren,Burton II,New Hampshire,CB,,2026,,2026-01-09T16:18:00.000Z
UConn,Immediate,Kalieb,Osborne,Toledo,QB,,2026,3,2026-01-05T18:47:00.000Z
,Immediate,Joseph,McGinnis II,Arizona State,S,,2026,,2026-01-02T18:37:00.000Z
,Immediate,Jacob,Booth,Central Michigan,OT,,2026,3,2025-12-28T19:23:00.000Z
East Carolina,Immediate,Ethan,Kramer,Northern Arizona,IOL,,2026,,2026-01-07T19:18:00.000Z
Arkansas State,Immediate,Bryson,Ross,Portland State,CB,0.83,2026,3,2026-01-10T18:43:00.000Z
SMU,Immediate,Theo,Melin Ohrstrom,Texas A&M,TE,0.9,2026,4,2026-01-12T02:39:27.000Z
South Carolina,Immediate,Emmanuel,Poku,East Carolina,IOL,0.88,2026,3,2026-01-09T21:13:00.000Z
Clemson,Immediate,Chris,Johnson Jr.,SMU,RB,0.87,2026,3,2026-01-11T20:00:00.000Z
Oklahoma State,Immediate,Braylon,Rigsby,Texas Tech,DL,0.87,2026,3,2026-01-08T22:39:00.000Z
Texas Tech,Immediate,Jalen,Jones,Alabama State,WR,0.86,2026,3,2026-01-04T23:02:00.000Z
Oklahoma State,Immediate,Quinton,Hammonds,North Texas,S,0.86,2026,3,2026-01-04T22:06:00.000Z
East Carolina,Immediate,Cade,Law,Memphis,LB,0.81,2026,3,2026-01-12T20:27:00.000Z
Virginia Tech,Immediate,Jaquez,White,Troy,CB,0.86,2026,3,2026-01-07T18:01:00.000Z
North Dakota,Immediate,Kylyn,Macklin,Albany,EDGE,0.82,2026,3,2026-01-10T17:29:00.000Z
,Immediate,Sam,Turner,Auburn,WR,0.86,2026,3,2025-12-31T18:46:00.000Z
Ole Miss,Immediate,Brady,Prieskorn,Michigan,TE,0.86,2026,3,2026-01-11T00:44:00.000Z
South Florida,Immediate,Teddy,Foster,Florida,CB,0.86,2026,3,2026-01-06T13:21:00.000Z
Arizona,Immediate,DJ,Jordan,USC,WR,0.86,2026,3,2026-01-08T01:38:00.000Z
Wisconsin,Immediate,Bryan,Jackson,USC,RB,0.86,2026,3,2026-01-07T14:16:00.000Z
Kansas,Immediate,Daveon,Crouch,Boston College,LB,0.86,2026,3,2026-01-08T22:10:00.000Z
Kansas State,Immediate,Keiton,Jones,Missouri,IOL,0.86,2026,3,2026-01-05T15:27:00.000Z
West Virginia,Immediate,Geimere,Latimer Jr.,Wisconsin,CB,0.86,2026,3,2026-01-05T18:37:00.000Z
Penn State,Immediate,Alex,Manske,Iowa State,QB,0.86,2026,3,2026-01-04T21:49:00.000Z
North Carolina,Immediate,Billy,Edwards Jr.,Wisconsin,QB,0.86,2026,3,2026-01-04T15:10:00.000Z
Louisville,Immediate,DJ,Waller Jr.,Kentucky,CB,0.86,2026,3,2026-01-04T00:02:00.000Z
Wofford,Immediate,Moritz,Schmoranzer,App State,IOL,0.83,2026,3,2026-01-12T01:36:00.000Z
,Immediate,Rich,Benenge,Akron,LB,,2026,3,2026-01-02T12:43:00.000Z
Missouri,Immediate,Elijah,Dotson,Michigan,CB,0.9,2026,4,2026-01-14T00:52:00.000Z
Kennesaw State,Immediate,Devaughn,Slaughter,Tennessee State,WR,0.82,2026,3,2026-01-22T02:14:00.000Z
South Carolina,Immediate,Armando,Nieves,New Mexico State,OT,0.86,2026,3,2026-01-14T15:09:00.000Z
Miami (OH),Immediate,Devontae,Armstrong,Ohio State,IOL,0.86,2026,3,2026-01-20T17:43:00.000Z
Virginia Tech,Immediate,Tyseer,Denmark,Penn State,WR,0.86,2026,3,2026-01-16T00:08:00.000Z
Texas State,Immediate,Rasheed,Jackson,TCU,OT,0.86,2026,3,2026-01-20T15:01:00.000Z
Austin Peay,Immediate,Kendal,Howard,Wake Forest,EDGE,,2026,3,2026-01-24T07:18:00.000Z
Maryland,Immediate,Devin,Kargman,Kent State,QB,0.83,2026,3,2026-02-04T14:20:00.000Z
Austin Peay,Immediate,Mason,Fleming,Tulsa,DL,,2026,3,2026-01-24T05:27:00.000Z
South Florida,TBD,Devin,Davis,Charlotte,IOL,0.81,2026,3,2026-01-15T17:32:00.000Z
New Mexico,Immediate,Troy,Omeire,UNLV,WR,0.87,2026,3,2026-01-23T19:25:00.000Z
California,Immediate,Angus,Davies,Tulsa,P,,2026,,2026-01-16T16:32:00.000Z
UAB,Immediate,Draden,Fullbright,Oklahoma State,CB,0.86,2026,3,2026-01-12T21:27:00.000Z
Charlotte,Immediate,Jaden,Barnes,App State,WR,0.86,2026,3,2026-01-18T14:55:00.000Z
Arizona,Immediate,Jordan,Ross,Colorado State,WR,0.85,2026,3,2026-01-12T21:41:00.000Z
Auburn,Immediate,Bryson,Washington,Baylor,RB,0.92,2026,4,2026-01-11T02:10:00.000Z
Miami,Immediate,Jack,Olsen,Northwestern,K,0.85,2026,3,2026-01-17T00:59:00.000Z
Coastal Carolina,Immediate,Tamarion,LaFortune,Western Connecticut State,WR,0.85,2026,3,2026-04-10T05:00:00.000Z
,Withdrawn,Myles,Bradley,Bowling Green,EDGE,,2026,,2026-01-11T18:52:00.000Z
East Carolina,Immediate,Crews,Law,Memphis,LB,0.86,2026,3,2026-01-12T20:24:00.000Z
Northern Illinois,Immediate,Mathias,Davis,Central State,EDGE,0.8,2026,3,2025-12-15T15:30:00.000Z
California,Immediate,Michael,Hurst,Northern Arizona,S,0.88,2026,3,2026-01-10T04:45:00.000Z
App State,Immediate,Joseph,Reddish,Virginia Tech,CB,,2026,,2026-01-11T17:01:00.000Z
Stanford,Immediate,Leroy,Bryant,Washington,CB,0.86,2026,3,2026-01-10T02:35:40.000Z
,Immediate,Jessie,Campbell,McNeese,WR,,2026,,2026-01-02T22:54:00.000Z
,Immediate,Tyrek,Brown,Campbell,S,,2026,,2025-12-15T17:08:00.000Z
Ole Miss,Immediate,JT,Lindsey,LSU,RB,0.86,2026,3,2026-01-12T16:52:00.000Z
,Immediate,Josiah,Ayon,Fresno State,WR,,2026,,2025-12-14T21:48:00.000Z
,Immediate,Kai,Wheeler,New Mexico State,IOL,,2026,,2025-12-12T20:53:00.000Z
San José State,Immediate,Dominique,McKenzie,BYU,WR,,2026,3,2026-01-07T14:21:00.000Z
,Immediate,Jaylen,Blackwell,Boston College,LB,,2026,2,2026-01-03T20:49:00.000Z
,Immediate,Donquarius,Parker,North Carolina Central,DL,,2026,,2026-01-02T21:03:00.000Z
,Immediate,Fatt,Forrest,Mississippi State,LB,,2026,3,2025-12-12T17:24:00.000Z
,Immediate,Ahmarion,McLeod,Elon,IOL,,2026,,2025-12-04T21:45:00.000Z
Memphis,Immediate,Terrell,Timmons Jr.,Colorado,WR,,2026,3,2026-01-11T12:17:00.000Z
Toledo,Immediate,CJ,Miller,Mercer,RB,0.85,2026,3,2026-01-07T15:50:00.000Z
Colorado,Immediate,Bo,Hughley,Georgia,OT,0.88,2026,3,2026-01-12T19:41:00.000Z
North Texas,Immediate,Max,Reese,Mississippi State,TE,,2026,3,2026-01-10T16:46:00.000Z
,Immediate,Noah,Jenkins,Virginia Tech,LB,,2026,3,2026-01-02T14:51:00.000Z
Virginia,Immediate,Lukas,Ungar,New Mexico State,TE,0.85,2026,3,2026-01-26T23:33:00.000Z
,Withdrawn,Ben,Chandler,Howard,S,0.85,2026,3,2026-02-28T04:20:20.000Z
Louisiana Tech,Immediate,Jaden,Miller,Keiser (Fl),RB,0.85,2026,3,2026-01-23T15:55:00.000Z
Tarleton State,Immediate,Braedyn,Locke,Arizona,QB,0.85,2026,3,2026-01-13T14:34:00.000Z
,Immediate,Jeremiah,Shelby,Air Force,EDGE,,2026,,2025-12-15T06:00:00.000Z
Southern Miss,Immediate,Joe,Rounds,Virginia Union,IOL,0.8,2026,3,2026-01-14T18:50:00.000Z
Robert Morris,Immediate,Carson,Haggard,Abilene Christian,QB,,2026,3,2026-02-04T14:40:00.000Z
Notre Dame,Immediate,Keon,Keeley,Alabama,DL,0.93,2026,4,2026-01-12T16:01:00.000Z
James Madison,Immediate,Damier,Minkah,Shepherd,CB,0.86,2026,3,2026-01-13T17:03:00.000Z
San José State,Immediate,Brian,Dukes Jr.,Cal Poly,S,0.84,2026,3,2026-01-14T00:04:00.000Z
Troy,Immediate,August,Salvati,San Diego State,EDGE,0.84,2026,3,2026-05-02T02:02:00.000Z
South Alabama,Immediate,Christian,Ross,Holy Cross,EDGE,,2026,,2026-05-07T13:49:00.000Z
Mississippi State,Immediate,Terrance,Love,Colorado,S,0.84,2026,3,2026-04-25T12:25:00.000Z
Oklahoma,Immediate,Prince,Ijioma,Mississippi Valley State,CB,0.83,2026,3,2026-01-16T17:05:00.000Z
Massachusetts,Immediate,Justin,Krueger,William & Mary,EDGE,0.82,2026,3,2026-01-17T17:55:00.000Z
Memphis,Immediate,Alante,Brown,Michigan State,WR,,2026,4,2026-01-14T15:15:00.000Z
Houston,Immediate,Makhi,Hughes,Oregon,RB,0.88,2026,3,2026-01-04T19:28:00.000Z
Michigan State,Immediate,Charles,Brantley,Miami,CB,0.87,2026,3,2026-01-07T19:24:00.000Z
,Immediate,Aaron,Armitage,Florida International,DL,,2026,3,2026-01-02T13:13:00.000Z
,Immediate,Branden,Hollis,Western Kentucky,OT,,2026,,2025-12-01T21:32:00.000Z
Central Arkansas,Immediate,Walker,White,Baylor,QB,0.86,2026,3,2026-01-11T21:25:00.000Z
Illinois,Immediate,Jake,Renfro,Wisconsin,IOL,0.86,2026,3,2026-01-05T21:55:00.000Z
North Texas,Immediate,Brandon,Jones,McNeese,S,,2026,3,2026-01-10T00:55:00.000Z
Florida Atlantic,Immediate,Antonio,Johnson,Villanova,TE,,2026,3,2026-01-09T18:48:00.000Z
,Immediate,Dennious,Jackson,Colorado State,DL,,2026,,2026-01-03T18:56:00.000Z
,Immediate,Preston,Thompson,Florida International,S,,2026,3,2026-01-09T15:48:00.000Z
Tulane,Immediate,Johnnie,Daniels,Mississippi State,RB,,2026,3,2026-01-12T00:03:00.000Z
UConn,Immediate,Tahjae,Mullix,Oregon State,DL,,2026,,2026-01-12T15:14:00.000Z
Nicholls,Immediate,Malik,Ellis,Troy,IOL,,2026,3,2026-01-12T16:48:00.000Z
Nevada,Immediate,Jacob,Norcross,Memphis,IOL,,2026,2,2026-01-09T17:37:00.000Z
Massachusetts,Immediate,Khari,Bendolph,Jacksonville State,LB,0.83,2026,3,2026-01-12T18:38:00.000Z
UConn,Immediate,Dominic,Rivera,Toledo,OT,,2026,3,2026-01-08T00:51:00.000Z
UCLA,Immediate,Maxwell,Roy,Ohio State,DL,0.86,2026,3,2026-01-11T16:31:00.000Z
,Immediate,Josiah,Dye,Southern Utah,S,,2026,3,2026-01-02T20:39:00.000Z
,Immediate,Dennis,Lafferty,UTEP,OT,,2026,,2026-01-03T03:06:00.000Z
,Immediate,Keenan,Eck,West Virginia,EDGE,,2026,3,2026-01-03T01:25:00.000Z
,Immediate,Carl,Jenkins Jr.,UCF,WR,,2026,3,2026-01-03T00:41:00.000Z
,Immediate,Ezavier,Staples,UCLA,WR,,2026,3,2026-01-03T00:32:00.000Z
,Immediate,Ryker,Haff,Oklahoma State,OT,,2026,3,2026-01-03T00:32:00.000Z
LSU,Immediate,Malik,Elzy,Illinois,WR,0.86,2026,3,2026-01-09T18:52:00.000Z
,Immediate,Jamarion,Clark,Rice,CB,,2026,3,2025-12-02T15:22:00.000Z
San Diego State,Immediate,Dennis,Jones,Texas Southern,OT,,2026,,2026-01-09T18:44:00.000Z
Central Michigan,Immediate,Gavin,Spillers,Mars Hill,TE,,2026,,2026-01-08T22:13:00.000Z
Eastern Michigan,Immediate,Joseph,Oluwayemi,Harding,DL,,2026,,2026-01-08T21:01:00.000Z
Texas A&M,Immediate,Shea,Freibaum,Oklahoma State,LS,,2026,,2025-09-28T05:00:00.000Z
,Immediate,Danny,Novickas,Ohio,EDGE,,2026,3,2025-12-15T06:00:00.000Z
,Immediate,Delano,Townsend,Ole Miss,IOL,,2026,3,2026-01-11T17:12:00.000Z
Texas State,Immediate,Kaleb,James,Arkansas,DL,,2026,3,2026-01-11T01:14:23.000Z
Wyoming,Immediate,Donnie,Wingate,Southern Illinois,EDGE,,2026,,2026-01-08T22:06:00.000Z
,Immediate,Tony-Louis,Nkuba,Arizona State,S,,2026,3,2026-01-02T23:37:00.000Z
,Immediate,Nyier,Daniels,Georgia,OT,,2026,4,2026-01-02T18:58:00.000Z
,Immediate,James,Glover-Tyson,Louisville,OT,,2026,,2025-12-28T16:19:00.000Z
Maryland,Immediate,Lavon,Johnson,Texas,DL,0.88,2026,3,2026-01-11T20:17:00.000Z
Virginia Tech,Immediate,Justin,Terry,Ohio State,OT,0.86,2026,3,2026-01-18T00:14:00.000Z
Memphis,Immediate,Eric,Thomas,Syracuse,DL,0.86,2026,3,2026-01-16T23:14:00.000Z
Arkansas State,Immediate,Sultan,Badmus,Temple,EDGE,0.85,2026,3,2026-01-15T15:56:00.000Z
,Immediate,Tye,Edwards,West Virginia,RB,,2026,3,2026-01-15T17:27:00.000Z
North Texas,Immediate,Ja'Bree,Bickham,Boise State,S,0.86,2026,3,2026-01-12T21:08:00.000Z
Toledo,Immediate,Markus,Meincke,Mercer,P,,2026,,2026-01-15T03:11:00.000Z
Northwest Missouri State,Immediate,Maguire,Richman,Kansas State,LB,,2026,3,2026-01-14T20:27:00.000Z
LSU,Immediate,Darrin,Strey,Kentucky,OT,0.87,2026,3,2026-01-12T15:16:00.000Z
Tarleton State,Immediate,Derek,Joiner,Houston,IOL,,2026,3,2026-02-04T21:34:00.000Z
Arizona,Immediate,Carter,Schwartz,Louisville,P,,2026,,2026-02-05T01:53:00.000Z
UNLV,Immediate,Matthew,Choules,Kennesaw State,P,,2026,,2026-01-16T15:20:00.000Z
Austin Peay,Immediate,Jayke,Jones,Jacksonville State,CB,,2026,,2026-01-23T19:19:00.000Z
Western Kentucky,Immediate,Tai,Ray,Pittsburgh,OT,0.83,2026,3,2026-01-13T19:06:00.000Z
Penn State,Immediate,Siale,Taupaki,UCLA,DL,0.87,2026,3,2026-01-09T02:58:37.000Z
,Immediate,Tito,Glass Jr.,Miami (OH),RB,,2026,3,2026-01-17T05:12:00.000Z
North Alabama,Immediate,Dominique,Dixon,Tennessee State,S,,2026,,2026-01-29T17:08:00.000Z
Oregon,Immediate,Aaron,Scott Jr.,Ohio State,CB,0.88,2026,3,2026-01-17T19:31:00.000Z
Baylor,Immediate,DeBraun,Hampton,Florida,WR,0.83,2026,3,2026-01-18T00:14:00.000Z
New Mexico State,Immediate,Luke,Moise,Wofford,IOL,0.82,2026,3,2026-01-16T13:21:00.000Z
Central Michigan,Immediate,Dontae,Robinson,Sacramento State,TE,0.8,2026,3,2026-01-15T21:09:00.000Z
South Carolina,Immediate,Christian,Clark,Texas,RB,0.88,2026,3,2026-01-16T18:53:00.000Z
Merrimack,Immediate,Ethan,Crite,Middle Tennessee,WR,,2026,3,2026-01-21T01:13:00.000Z
Western Michigan,Immediate,Adam,Parks,New Mexico State,TE,0.79,2026,2,2026-01-12T17:22:00.000Z
Liberty,Immediate,Greg,Rivera,Grambling,LS,,2026,,2026-01-12T17:11:00.000Z
Miami,Immediate,Jarquez,Carter,Ohio State,DL,0.87,2026,3,2026-01-13T00:22:00.000Z
Ohio State,Immediate,Kyle,Parker,LSU,WR,0.87,2026,3,2026-01-16T16:25:00.000Z
Washington State,Immediate,Linus,Zunk,Vanderbilt,EDGE,0.87,2026,3,2026-01-09T02:56:45.000Z
TCU,Immediate,Teon,Parks,Colorado,CB,0.87,2026,3,2026-01-11T18:15:00.000Z
UTEP,Immediate,Parker,Cushing,Peru State,K,,2026,,2026-01-13T22:08:00.000Z
,Immediate,Elijah,Culp,James Madison,CB,,2026,,2026-01-04T18:55:00.000Z
Miami (OH),Immediate,Marcus,Moore Jr.,Purdue,DL,,2026,3,2026-01-10T00:24:00.000Z
James Madison,Immediate,DJ,Fox,Wisconsin-River Falls,OT,0.86,2026,3,2026-01-13T18:57:00.000Z
Oregon,Immediate,Carl,Williams IV,Baylor,S,0.87,2026,3,2026-01-12T21:46:00.000Z
,Withdrawn,Charlie,Mirer,Stanford,QB,,2026,3,2026-02-09T01:00:36.000Z
Stephen F. Austin,Immediate,Breck,Chambers,UTSA,P,,2026,3,2026-01-17T00:41:00.000Z
,Immediate,Moussa,Barry,Western Kentucky,WR,,2026,,2025-12-02T15:26:00.000Z
Incarnate Word,Immediate,Bukari,Miles Jr.,Ohio State,CB,,2026,3,2026-01-24T05:48:00.000Z
,Withdrawn,Brady,Kopetz,Colorado,TE,,2026,3,2026-01-17T00:11:17.000Z
,Withdrawn,Justin,Flowe,UNLV,LB,,2026,5,2026-04-04T03:36:39.000Z
New Mexico,Immediate,Michael,Kern,California,P,,2026,3,2026-02-02T02:18:00.000Z
Wyoming,Immediate,Junus,McGraw,West Liberty,CB,,2026,,2026-01-06T15:43:00.000Z
,Immediate,Paul,Billups II,North Carolina,WR,,2026,3,2025-12-02T01:31:00.000Z
,Immediate,Mitch,Verstegen,Indiana,IOL,,2026,3,2026-01-02T19:52:00.000Z
,Immediate,Eyitayo,Omotinugbon,Boise State,IOL,,2026,3,2025-12-28T18:37:00.000Z
,Immediate,Jarel,Williams,West Virginia,WR,,2026,3,2025-12-28T19:53:00.000Z
Penn State,Immediate,Cristiano,Rosa,James Madison,K,,2026,,2026-01-16T20:40:00.000Z
Austin Peay,Immediate,Jahvion,Jarmon,Bowling Green,CB,,2026,3,2026-01-24T19:15:00.000Z
Wyoming,Immediate,Tyler,Siddons,Central Arkansas,TE,,2026,3,2026-01-06T15:39:00.000Z
Ole Miss,Immediate,Horatio,Fields,Auburn,WR,0.9,2026,4,2026-01-29T17:17:05.000Z
North Texas,Immediate,Cedric,Roberts,Alcorn State,LB,0.82,2026,3,2026-01-13T21:00:00.000Z
Missouri State,Immediate,Malachi,Madison,Massachusetts,DL,0.82,2026,3,2026-01-13T02:36:00.000Z
Presbyterian,Immediate,Dru,McClough,East Carolina,IOL,,2026,,2026-07-01T12:37:00.000Z
Oklahoma State,Immediate,Jerry,Lawson,Louisville,DL,0.88,2026,3,2026-01-05T23:13:00.000Z
Kentucky,Immediate,Jamarrion,Harkless,Purdue,DL,0.87,2026,3,2026-01-07T04:05:00.000Z
Louisville,Immediate,Tommy,Ziesmer,Eastern Kentucky,DL,0.86,2026,3,2026-01-11T18:34:00.000Z
Liberty,Immediate,Kam,Davis,Florida State,RB,0.86,2026,3,2026-01-07T01:11:00.000Z
,TBD,Jamie,Felix,Georgia Tech,RB,,2026,3,2026-01-02T19:47:00.000Z
Texas A&M,Immediate,Ryan,Henderson,San Diego State,EDGE,0.86,2026,3,2026-01-06T22:42:00.000Z
Arkansas,Immediate,Matt,Adcock,Memphis,TE,0.86,2026,3,2026-01-08T18:19:00.000Z
Kansas State,Immediate,Austin,Ramsey,Kentucky,DL,0.86,2026,3,2026-01-07T03:03:00.000Z
Washington State,Immediate,Daniel,Blood,Missouri,WR,0.86,2026,3,2026-01-10T18:12:00.000Z
Florida,Immediate,DJ,Coleman,Baylor,S,0.86,2026,3,2026-01-04T20:36:00.000Z
Oklahoma State,Immediate,Braydon,Nelson,North Texas,OT,0.86,2026,3,2026-01-05T00:08:00.000Z
Illinois,Immediate,Jayshon,Platt,Florida Atlantic,WR,0.86,2026,3,2026-01-06T00:37:00.000Z
,Immediate,Clarence,Taylor,Colorado State,WR,,2026,3,2026-01-02T06:07:00.000Z
UTEP,Immediate,Esteban,Guillory,Western Illinois,S,,2026,2,2026-01-09T16:43:00.000Z
Southern Miss,Immediate,Braden,Cain,Texas Southern,OT,0.85,2026,3,2026-01-13T19:09:00.000Z
North Texas,Immediate,Andrew,Cunningham,Charlotte,IOL,,2026,3,2026-01-08T22:09:00.000Z
Temple,Immediate,Cookie,Desiderio,Massachusetts,LB,0.82,2026,3,2026-01-16T12:55:00.000Z
Liberty,Immediate,Kevin,Evehe,Saint Francis (PA),OT,,2026,,2026-01-10T18:10:00.000Z
,Immediate,Jayveon,Johnson,Sam Houston,LB,,2026,3,2025-12-14T21:24:00.000Z
North Carolina A&T,Immediate,Qae'Shon,Sapp,Florida Atlantic,IOL,,2026,3,2026-01-08T23:14:00.000Z
,Immediate,KJ,McCou,Tennessee State,IOL,,2026,3,2025-12-03T01:56:00.000Z
Lamar Christian School,Immediate,Devan,Williams,Houston,WR,,2026,3,2026-01-23T05:56:00.000Z
Marshall,Immediate,Jorge,Diaz Nicolas,Virginia,K,,2026,,2026-01-21T20:26:00.000Z
Florida International,Immediate,Greg,Gaines III,Rhode Island,WR,0.83,2026,3,2026-01-12T00:56:00.000Z
,Immediate,Elijah,Jackson,TCU,CB,,2026,3,2026-01-02T19:53:00.000Z
,Immediate,Trey,Firestone,Ball State,WR,,2026,,2026-01-02T17:20:00.000Z
,Immediate,Trenton Alan,Yowe,Arkansas State,CB,,2026,3,2025-12-28T17:55:00.000Z
Washington,Immediate,Hunter,Green,San Diego State,P,,2026,2,2026-01-05T21:54:00.000Z
,Immediate,Alexander,Capka-Jones,Illinois,WR,,2026,3,2026-01-15T17:30:00.000Z
Oregon,Immediate,Dylan,Raiola,Nebraska,QB,0.94,2026,4,2026-01-12T15:11:00.000Z
Austin Peay,Immediate,Ben,Marshall,California,TE,,2026,3,2026-01-17T15:05:00.000Z
Minnesota,Immediate,Sid,Kaba,Marshall,DL,0.89,2026,3,2026-01-12T00:31:00.000Z
,Withdrawn,Khamauri,Rogers,Jackson State,CB,,2026,4,2026-02-19T04:22:00.000Z
Eastern Washington,Immediate,JT,Taylor,San José State,CB,,2026,3,2026-01-30T23:11:24.000Z
Kansas,Immediate,Jailen,Butler,Old Dominion,TE,0.87,2026,3,2026-01-09T19:32:00.000Z
,Immediate,Mason,Howard,Wofford,OT,,2026,3,2026-01-15T21:52:00.000Z
Middle Tennessee,Immediate,Chris,Moreno,Monmouth,IOL,0.83,2026,3,2026-01-12T01:51:00.000Z
Arizona State,Immediate,Tana,Alo-Tupuola,Georgia Tech,IOL,0.87,2026,3,2026-01-08T23:29:00.000Z
,Immediate,Blake,Belin,Georgia Tech,DL,,2026,3,2026-01-17T05:36:00.000Z
Kentucky,Immediate,Jovantae,Barnes,Oklahoma,RB,0.86,2026,3,2026-01-06T18:49:00.000Z
California,Immediate,Mykeal,Rabess,Florida International,OT,0.86,2026,3,2026-01-08T04:23:53.000Z
Iowa State,Immediate,Tyler,Fortenberry,Arkansas State,TE,0.86,2026,3,2026-01-05T20:29:00.000Z
Oklahoma State,Immediate,Tre,Page III,Tarleton State,RB,0.86,2026,3,2026-01-10T16:33:00.000Z
Idaho State,Immediate,Zoom,Esplin,Weber State,OT,,2026,3,2026-02-01T01:00:00.000Z
Rutgers,Immediate,Isaiah,Cook,Delaware State,IOL,,2026,,2026-01-09T03:41:00.000Z
UConn,Immediate,Desmond,Aladuge,Duke,DL,,2026,3,2026-01-09T00:15:00.000Z
Montana,Immediate,Dylan,Paine,Washington State,RB,,2026,2,2026-01-20T23:40:00.000Z
,Immediate,Cooper,Ackerman,UConn,DL,,2026,3,2026-01-16T15:25:00.000Z
,Immediate,Phillip,Harris,James Madison,S,,2026,2,2026-01-17T05:39:00.000Z
Northwestern State,Immediate,Donovan,Dozier,Liberty,EDGE,,2026,,2026-01-27T18:55:00.000Z
,Immediate,Josiah,Robinson,Georgia State,LB,,2026,3,2026-01-15T17:10:00.000Z
,Withdrawn,Wilfredo,Aybar,Stanford,EDGE,,2026,4,2026-01-20T01:09:05.000Z
LIU Post,Immediate,Loren,Hall,Florida Atlantic,S,,2026,,2026-02-02T20:56:00.000Z
,Immediate,Dakotah,Terrell,Missouri,TE,,2026,3,2026-01-09T00:15:00.000Z
Georgia State,Immediate,Matt,Buron,Fordham,TE,,2026,,2026-01-08T22:43:08.000Z
Central Washington,Immediate,Skyler,Cassel,Utah Tech,QB,,2026,2,2026-01-11T16:20:00.000Z
,Immediate,Ui,Ale,Troy,QB,,2026,,2026-01-08T16:16:00.000Z
,Immediate,Danny,Saili,Arkansas,DL,,2026,3,2026-01-02T19:47:00.000Z
,Immediate,Abiathar,Curry,Northern Illinois,OT,,2026,3,2025-12-28T18:37:00.000Z
App State,Immediate,Jehchys,Brown,Southeast Missouri State,DL,,2026,,2026-01-05T21:57:00.000Z
Mercer,Immediate,Cameron,Goggins,Florida Atlantic,CB,,2026,3,2026-02-04T13:37:00.000Z
,Immediate,Kris,Hughes,Louisville,WR,,2026,,2025-12-29T17:00:00.000Z
,Immediate,Rodney,Newsom Jr.,South Carolina,IOL,,2026,2,2025-12-29T15:23:00.000Z
Notre Dame,Immediate,Quincy,Porter,Ohio State,WR,0.94,2026,4,2026-01-12T15:45:00.000Z
Texas A&M,Immediate,Coen,Echols,LSU,IOL,0.87,2026,3,2026-01-04T23:10:00.000Z
Texas,Immediate,Justin,Cryer,Florida State,LB,0.87,2026,3,2026-01-09T13:01:00.000Z
Arkansas,Immediate,Braydon,Lee,Maryland,CB,0.87,2026,3,2026-01-08T17:31:00.000Z
Michigan State,Immediate,Jaziun,Patterson,Iowa,RB,0.87,2026,3,2026-01-08T20:49:00.000Z
Georgia Tech,Immediate,Taje,McCoy,Oklahoma State,EDGE,0.87,2026,3,2026-01-11T01:20:00.000Z
Kansas,Immediate,Dylan,Edwards,Kansas State,RB,0.88,2026,3,2026-01-18T16:53:00.000Z
Miami,Immediate,Johnathan,Cline,East Tennessee State,IOL,0.83,2026,3,2026-01-26T06:00:00.000Z
Southern Miss,Immediate,Melvin,Spriggs,Akron,LB,0.83,2026,3,2026-01-17T20:37:00.000Z
Furman,Immediate,Joshua,Tarver,Yale,S,0.83,2026,3,2026-01-23T05:46:00.000Z
Massachusetts,Immediate,William,DePaepe,Indiana,EDGE,0.84,2026,3,2026-01-12T16:10:00.000Z
Southern,Immediate,Kiwaun,Davis,Eastern Illinois,CB,,2026,3,2026-01-08T23:34:00.000Z
LSU,Immediate,Ja’Quan,Sprinkle,North Carolina Central,IOL,0.86,2026,3,2026-01-08T21:48:00.000Z
App State,Immediate,Tommy,Ulatowski,Kennesaw State,QB,0.83,2026,3,2026-01-19T21:37:00.000Z
Arkansas,Immediate,Lucas,Possenti,Temple,IOL,0.8,2026,3,2026-02-01T13:04:00.000Z
Southern Miss,Immediate,Michael,Robinson III,UConn,CB,0.8,2026,3,2026-02-04T20:54:00.000Z
UL Monroe,Immediate,Bryson,Roland,Arkansas Tech,RB,0.85,2026,3,2026-01-22T21:53:00.000Z
Baylor,Immediate,Lawson,Petty,Incarnate Word,IOL,0.84,2026,3,2026-01-16T00:59:00.000Z
Sacramento State,Immediate,Cedric,Anton,Tiffin University,TE,0.82,2026,3,2026-01-21T13:36:00.000Z
Kennesaw State,Immediate,Keon,Davis,Virginia Union,WR,0.82,2026,3,2026-01-22T02:29:00.000Z
James Madison,Immediate,Andrew,Bennett,Charlotte,P,,2026,,2026-01-12T18:58:00.000Z
Minnesota,Immediate,Bennett,Warren,Tennessee,OT,0.87,2026,3,2026-01-04T23:40:00.000Z
Rice,Immediate,Phoenix,Derichsweiler,Tulane,LS,,2026,,2026-01-09T22:30:00.000Z
Florida Atlantic,Immediate,Wallace,Foster IV,LSU,CB,,2026,3,2026-01-09T17:49:00.000Z
Tulane,Immediate,Reshad,Sterling,Houston,EDGE,,2026,3,2026-01-09T17:18:00.000Z
East Carolina,Immediate,Mitch,Griffis,Texas Tech,QB,,2026,3,2026-01-09T00:43:00.000Z
,Immediate,Hayden,Hanks,Boise State,EDGE,,2026,3,2025-12-23T13:48:00.000Z
South Florida,Immediate,Marshon,Oxley,West Virginia,EDGE,,2026,,2026-01-08T16:36:00.000Z
Lamar,Immediate,Brennen,Bailey,Massachusetts,CB,,2026,,2026-01-22T13:16:00.000Z
Florida,Immediate,Hunter,Solwold,Washington,LS,0.8,2026,3,2026-01-14T15:05:00.000Z
Austin Peay,Immediate,Chance,Fitzgerald,Vanderbilt,WR,,2026,4,2026-01-23T19:14:00.000Z
Bryant,Immediate,Noah,Braham,West Virginia,TE,,2026,3,2026-02-02T21:49:00.000Z
Idaho,Immediate,Javen,Augustus,Coastal Carolina,EDGE,,2026,3,2026-01-27T20:09:50.000Z
South Dakota,Immediate,Kael,Kolarik,Iowa,S,,2026,,2026-01-13T17:56:00.000Z
Boston College,Immediate,Trevon,Humphrey,North Carolina Central,OT,0.86,2026,3,2026-01-07T21:19:22.000Z
Midwestern State,Immediate,Leivi,Semaia,East Carolina,IOL,,2026,2,2026-01-27T02:41:00.000Z
,Immediate,Amani,Givens,Louisiana Tech,RB,,2026,,2026-01-17T20:01:00.000Z
LIU Post,Immediate,Josiah,Brown,Penn State,WR,,2026,3,2026-02-02T17:53:00.000Z
Northwest Missouri State,Immediate,Jaidyn,Doss,Kansas,WR,,2026,3,2026-02-13T13:40:03.000Z
Mercer,Immediate,Eric,Rasheed,North Greenville,WR,0.83,2026,3,2026-02-04T22:59:00.000Z
,Immediate,Dyson,Sims,Michigan State,ATH,,2026,2,2026-01-08T15:58:00.000Z
UAB,Immediate,Anta'Veon,McKenzie,Sacramento State,S,0.83,2026,3,2026-01-12T19:32:00.000Z
,Immediate,Tymere,Jackson,Texas State,EDGE,,2026,,2026-01-08T15:59:00.000Z
,Immediate,Bobby,Crosby,Texas State,S,,2026,3,2026-01-08T16:27:00.000Z
,Immediate,Darrion,Dalton,Washington State,DL,,2026,3,2026-01-08T16:20:00.000Z
,Immediate,AJ,Davis,Washington State,CB,,2026,3,2026-01-08T16:18:00.000Z
,Immediate,Wilky,Denaud,Florida Atlantic,DL,,2026,3,2025-12-05T16:33:00.000Z
,Immediate,Mason,Baker,San Diego State,OT,,2026,,2025-12-31T23:19:00.000Z
,Immediate,Tyrell,Reed Jr.,UL Monroe,RB,,2026,3,2026-01-02T19:17:00.000Z
,Immediate,Desmond,Brown,Findlay,EDGE,,2026,,2025-12-02T15:19:00.000Z
East Tennessee State,Immediate,TJ,Peyton,Georgia State,RB,,2026,3,2026-01-08T17:50:57.000Z
,Immediate,Terry,Lockett,Eastern Michigan,WR,,2026,3,2026-01-08T15:47:00.000Z
Florida,Immediate,Patrick,Durkin,Tulane,K,,2026,,2026-01-06T16:02:00.000Z
,Immediate,Maurice,Davis,Louisville,EDGE,,2026,3,2026-01-06T06:57:00.000Z
Arizona State,Immediate,Nick,McLarty,Ohio State,P,,2026,,2026-01-06T04:40:06.000Z
Michigan,Immediate,Jonah,Leaea,Utah,DL,0.87,2026,3,2026-01-12T03:44:02.000Z
Temple,Immediate,Reis,Stocksdale,Bowling Green,WR,,2026,,2026-01-08T02:33:00.000Z
Oklahoma State,Immediate,Sam,Keltner,SMU,K,,2026,,2026-01-08T02:52:51.000Z
,Immediate,Trey,McDonald,Virginia,LB,,2026,3,2025-12-29T18:46:00.000Z
,Immediate,Jaedon,Matthews,Cal Poly,RB,,2026,3,2025-12-28T15:39:00.000Z
Ole Miss,Immediate,Carius,Curne,LSU,OT,0.94,2026,4,2026-01-06T15:14:00.000Z
Arkansas,Immediate,Bryant,Williams,Louisiana,OT,0.93,2026,4,2026-01-09T04:33:00.000Z
Alabama,Immediate,Ty,Haywood,Michigan,OT,0.9,2026,4,2026-01-12T21:24:00.000Z
Ohio,Immediate,Eli,Thompson,Holy Cross,CB,0.83,2026,3,2026-01-13T17:02:00.000Z
Akron,Immediate,Carlos,Slayden,Southern Miss,IOL,0.83,2026,3,2026-01-16T05:10:00.000Z
Texas,Immediate,Nick,Hudson,Brown,CB,0.83,2026,3,2026-04-17T15:47:00.000Z
Bowling Green,Immediate,Ryan,Kingston,Southeast Missouri State,P,0.83,2026,3,2026-01-17T21:18:00.000Z
Georgia Southern,Immediate,Aidan,McCowan,Nicholls,CB,0.82,2026,3,2026-01-28T22:40:00.000Z
,Immediate,Derek,Jensen,Iowa State,OT,,2026,3,2026-01-13T02:05:00.000Z
Rhode Island,Immediate,Joshua,Schuetzmann,Old Dominion,OT,,2026,3,2026-01-29T15:21:00.000Z
Oregon,Immediate,Koi,Perich,Minnesota,S,0.95,2026,4,2026-01-13T03:29:00.000Z
Wisconsin,Immediate,Ethan,Tranel,Wisconsin La Crosse,P,0.83,2026,3,2026-01-16T06:00:00.000Z
Minnesota,Immediate,Parker,Knutson,Southwest Minnesota State,CB,0.86,2026,3,2026-01-06T01:55:00.000Z
Cincinnati,Immediate,JaVonnie,Gibson,Oklahoma,WR,0.89,2026,3,2026-01-11T18:07:00.000Z
Florida,Immediate,London,Montgomery,East Carolina,RB,0.89,2026,3,2026-01-08T23:34:00.000Z
,Immediate,Alijah,Alexander,Eastern Michigan,DL,,2026,,2025-12-14T06:00:00.000Z
UConn,Immediate,Terris,Dudley,NC State,LB,,2026,3,2026-01-11T23:15:00.000Z
,Immediate,Travon,Pankey,Washington State,RB,,2026,3,2026-01-02T19:31:00.000Z
,Immediate,Christian,Aiken,Virginia Union,LB,,2026,,2025-12-02T23:06:00.000Z
,Immediate,Jackson,Harper,UConn,WR,,2026,,2025-12-30T15:40:00.000Z
,Immediate,Zavian,Tibbs,Houston,EDGE,,2026,,2025-12-30T15:37:00.000Z
,Immediate,Jermy,Jackson Jr.,Texas State,EDGE,,2026,3,2026-01-05T23:46:00.000Z
,Immediate,Kevin,Longstreet,USC,CB,,2026,,2026-01-05T23:44:00.000Z
,Immediate,Lamont,Johnson-Burrell,Sacramento State,CB,,2026,3,2025-12-30T13:11:00.000Z
,Immediate,Jimmy,Valsin III,Oregon State,WR,,2026,3,2026-01-05T23:37:00.000Z
,Immediate,Thomas,McCoy,Northern Illinois,WR,,2026,,2025-12-30T02:13:00.000Z
Tulane,Immediate,Ed,Smith IV,South Alabama,DL,0.83,2026,3,2026-01-12T01:57:00.000Z
,Immediate,Shannon,Blair,Memphis,CB,,2026,3,2025-12-30T02:01:00.000Z
UCLA,Immediate,Curtis,Gerrand,Sam Houston,P,,2026,,2026-01-10T12:50:00.000Z
,Immediate,Trey,Tremba,Army,RB,,2026,,2025-12-29T22:48:00.000Z
,Immediate,Derek,Houston,Sacramento State,LB,,2026,3,2025-12-29T23:37:00.000Z
,Immediate,CJ,Tiller,Utah State,QB,,2026,3,2026-01-07T19:58:00.000Z
Marshall,Immediate,Kendell,Anderson,Morgan State,S,,2026,,2026-01-07T19:32:36.000Z
Temple,Immediate,Kevin,Hornbeak,Tiffin University,DL,0.84,2026,3,2026-01-08T21:41:00.000Z
Memphis,Immediate,Denzel,Gardner,Southern Miss,QB,,2026,3,2026-01-05T18:10:00.000Z
,Immediate,Tanner,Rinderknecht,Northern Illinois,IOL,,2026,2,2026-01-05T23:29:00.000Z
,Immediate,Roy,Alexander,Texas Tech,WR,,2026,,2026-01-05T23:20:00.000Z
UL Monroe,Immediate,CJ,Wilson Jr.,Butler,EDGE,0.83,2026,3,2026-01-22T21:59:00.000Z
Coastal Carolina,Immediate,Reggie,Jean,Northern Illinois,DL,0.82,2026,3,2026-01-22T03:47:00.000Z
West Georgia,Immediate,Freddie,Pelling,Campbell,OT,,2026,3,2026-01-29T16:15:00.000Z
,Withdrawn,Anthony,Robinson III,Ole Miss,S,,2026,3,2026-01-15T16:36:00.000Z
,Immediate,Tre',Hartwell,Western Michigan,RB,,2026,3,2025-12-29T18:49:00.000Z
Fresno State,Immediate,Dylan,Hampsten,Sacramento State,EDGE,0.83,2026,3,2026-01-10T04:10:00.000Z
San Diego State,Immediate,Charlton,Luniewski,Michigan State,IOL,,2026,3,2026-01-04T15:26:00.000Z
,Immediate,Terry,Kirksey Jr.,Arkansas State,LB,,2026,3,2026-01-07T16:47:00.000Z
,Immediate,Michael,Gravely Jr.,Ball State,S,,2026,3,2026-01-02T16:32:00.000Z
,Immediate,Akim,Lanieux,Arizona State,WR,,2026,,2026-01-02T16:35:00.000Z
,Immediate,Fitzroy,Ledgister,Western Michigan,CB,,2026,3,2026-01-02T16:39:00.000Z
,Withdrawn,AJ,Johnson,UAB,WR,,2026,3,2026-01-09T19:06:00.000Z
,Immediate,Cheick,Kaba,Charlotte,DL,,2026,,2026-01-07T16:53:00.000Z
,Immediate,James,Ash,Auburn,DL,,2026,3,2026-01-02T16:47:00.000Z
,Immediate,Kenji,Christian,Toledo,RB,,2026,3,2026-01-02T16:50:00.000Z
,Immediate,Ailama,Morton,Nevada,IOL,,2026,3,2026-01-02T16:54:00.000Z
Oregon State,Immediate,Xayvion,Noland,Texas-Rio Grande Valley,WR,,2026,,2026-01-05T17:46:00.000Z
,Immediate,Kyle,Carpenter,Colorado,CB,,2026,,2026-01-02T16:56:00.000Z
South Dakota,Immediate,Bryce,Cohoon,Kansas,WR,,2026,3,2026-01-15T14:09:00.000Z
Sacramento State,Immediate,Donovan,Turner,Illinois,CB,0.83,2026,3,2026-01-15T17:29:00.000Z
UConn,Immediate,Odera,Orizu,NC State,EDGE,0.8,2026,3,2026-01-24T20:06:00.000Z
Jacksonville State,Immediate,Jamill,Williams,Albany State,WR,0.84,2026,3,2026-01-12T22:23:00.000Z
Florida State,Immediate,Carter,Jula,UNLV,P,,2026,,2026-01-19T13:21:00.000Z
Monmouth,Immediate,Omar,Ibrahim,Temple,CB,,2026,,2026-01-24T01:11:00.000Z
East Tennessee State,Immediate,Devin,Hunter,Tennessee Tech,S,,2026,,2026-01-21T17:47:00.000Z
,Immediate,Krypto,Norwood,Southeastern Louisiana,CB,,2026,,2025-12-28T15:37:00.000Z
,Immediate,Gavin,Garcia,Kent State,RB,,2026,3,2025-12-28T00:56:00.000Z
,Immediate,Jeron,Askren,Missouri State,TE,,2026,2,2025-12-28T01:21:00.000Z
,Immediate,Fabian,Duncan,Allen University,RB,0.82,2026,3,2025-12-02T21:00:00.000Z
Iowa State,Immediate,Caleb,Schmidt,Minot State,LS,,2026,,2025-12-28T01:06:00.000Z
,Immediate,Jaydyn,Johnson,Marshall,LB,,2026,,2025-12-28T01:31:00.000Z
,Immediate,Jamarcus,Smith,Illinois State,LB,,2026,,2025-12-27T19:45:00.000Z
,Immediate,Jacob,Saurbeck,Central Michigan,OT,,2026,3,2025-12-27T21:15:00.000Z
,Immediate,Travis,Gray,New Mexico,OT,,2026,3,2025-12-27T22:33:00.000Z
,Immediate,Lex,Thomas,NC State,QB,,2026,3,2026-01-10T16:47:00.000Z
,Immediate,Jacoby,Davis,Kansas,CB,,2026,3,2025-12-28T02:35:00.000Z
,Immediate,Bryan,Whitehead,Arkansas State,EDGE,,2026,2,2025-12-28T14:33:00.000Z
,Immediate,Melvin,Jordan IV,Georgia Tech,LB,,2026,3,2026-01-02T19:55:00.000Z
,Immediate,Popeye,Williams,Western Michigan,EDGE,,2026,4,2026-01-02T17:27:00.000Z
,Immediate,Jaedon,Wilson,UCLA,WR,,2026,3,2026-01-05T21:32:00.000Z
Iowa State,Immediate,Trevor,Bindel,Washington State,IOL,,2026,3,2026-01-05T21:18:00.000Z
Ohio,Immediate,Matt,Vezza,New Hampshire,QB,,2026,,2026-01-10T01:46:00.000Z
Ohio,Immediate,Cody,Raymond,Wisconsin,EDGE,,2026,3,2026-01-10T00:25:00.000Z
,Immediate,Isaiah,Hackett,Youngstown State,CB,,2026,3,2025-12-01T18:09:00.000Z
,Immediate,Eric,Weatherly,Ball State,WR,,2026,3,2025-12-01T18:36:00.000Z
UAB,Immediate,Que,Billingsley,Gardner-Webb,CB,,2026,,2026-01-11T22:57:00.000Z
Liberty,Immediate,Val,Erickson,NC State,OT,,2026,3,2026-01-04T20:23:00.000Z
,Immediate,Truman,Griffith,Kansas State,EDGE,,2026,2,2025-12-02T22:04:00.000Z
,Immediate,Marquis,Cooper,Buffalo,CB,,2026,,2025-12-27T15:10:00.000Z
UCLA,Immediate,JD,Rayner,James Madison,OT,,2026,3,2026-01-05T17:43:05.000Z
Wyoming,Immediate,Jason,Maciejczak,Nebraska,IOL,,2026,3,2026-01-08T22:11:00.000Z
,Immediate,Brad,Baur,Rice,OT,,2026,3,2026-01-07T16:40:00.000Z
,Immediate,Kam,Weaver,Troy,LB,,2026,3,2025-12-27T22:08:00.000Z
Florida Atlantic,Immediate,Bo,Simpson-Nealy,Western Carolina,S,0.83,2026,3,2026-01-06T20:32:00.000Z
,Immediate,Jayvan,Boggs,Florida State,WR,0.89,2026,3,2025-12-27T16:00:00.000Z
Washington State,Immediate,Beau,Phillips,Central Washington,RB,,2026,3,2026-01-09T17:34:00.000Z
West Virginia,Immediate,Bryan,Hansen,Colorado State,P,,2026,,2026-01-09T17:46:00.000Z
,Immediate,Myles,Norwood,South Carolina,CB,,2026,,2025-12-27T22:51:00.000Z
California,Immediate,Jericho,Johnson,Oregon,DL,0.9,2026,4,2026-01-19T00:37:00.000Z
North Texas,Immediate,Jahzari,Priester,Virginia Tech,DL,,2026,,2026-01-11T23:33:00.000Z
Austin Peay,Immediate,Joshua,Lloyd,Western Michigan,EDGE,,2026,3,2026-01-25T20:54:00.000Z
UCF,Immediate,Kyle,Hicks,Tennessee State,LS,,2026,,2026-01-19T22:38:00.000Z
App State,Immediate,Jakob,Gude,UCF,S,,2026,3,2026-01-09T17:31:00.000Z
UL Monroe,Immediate,Willie,Wilson,American International,S,0.83,2026,3,2026-01-22T22:08:00.000Z
UL Monroe,Immediate,Jase,Hoath,Tennessee State,TE,0.83,2026,3,2026-01-22T20:08:00.000Z
Old Dominion,Immediate,Martez,Curry,Lincoln (MO),OT,0.83,2026,3,2025-12-02T22:26:00.000Z
UL Monroe,Immediate,Cade,Callahan,Merrimack,TE,0.82,2026,3,2026-01-22T20:37:00.000Z
App State,Immediate,Devon,Manuel,Florida,OT,0.86,2026,3,2026-01-15T01:08:00.000Z
Iowa,Immediate,Cody,Haddad,Ohio State,S,0.86,2026,3,2026-01-16T17:17:00.000Z
,Immediate,Easton,Baker,Illinois,LB,0.83,2026,3,2025-12-02T19:50:00.000Z
Louisville,Immediate,Joshua,Donald,Houston,DL,0.84,2026,3,2026-01-16T00:12:00.000Z
Auburn,Immediate,Arlis,Boardingham,Bowling Green,TE,0.86,2026,3,2026-01-23T15:53:00.000Z
Tulsa,Immediate,Damari,Alston,Auburn,RB,0.86,2026,3,2026-01-13T16:15:00.000Z
Alabama A&M,Immediate,Javeon,Campbell,Kentucky,EDGE,0.86,2026,3,2026-02-05T21:16:00.000Z
South Carolina,Immediate,Seth,Smith,Northern Arizona,OT,0.87,2026,3,2026-01-11T19:20:00.000Z
,Immediate,Tabias,Hinton,Alcorn State,EDGE,0.83,2026,3,2025-12-01T16:26:34.000Z
Texas Tech,Immediate,Davin,Martin,UTSA,CB,0.87,2026,3,2026-01-05T20:07:00.000Z
UCF,Immediate,Ty,Bartrum,Harvard,S,0.83,2026,3,2026-01-08T18:15:00.000Z
South Florida,Immediate,Kade,Caton,Oregon,TE,0.86,2026,3,2026-01-12T22:20:00.000Z
Eastern Kentucky,Immediate,Jayden,Marable,Memphis,DL,0.83,2026,3,2026-01-16T06:00:00.000Z
Florida Atlantic,Immediate,Kenyon,Garner,Livingstone,EDGE,0.84,2026,3,2025-12-01T18:45:00.000Z
Georgia State,Immediate,Peter,Diaz,Shippensburg,IOL,0.83,2026,3,2025-12-01T06:00:00.000Z
,Immediate,Jordan,Pigram,Northwest Missouri State,DL,0.83,2026,3,2025-12-01T18:26:00.000Z
Auburn,Immediate,Andre,Jordan Jr.,UCLA,CB,0.87,2026,3,2026-01-10T17:15:00.000Z
,Immediate,Toric,Goins Jr.,UTEP,WR,,2026,2,2026-01-02T18:35:00.000Z
Montana,Immediate,Tanner,Williams,San Diego State,LB,,2026,3,2026-01-11T20:47:00.000Z
,Immediate,David,Dellenbach,Ohio,K,,2026,,2026-01-05T23:09:00.000Z
Colorado,Immediate,Emory,Floyd,App State,CB,0.86,2026,3,2026-01-12T02:53:00.000Z
Southern Miss,Immediate,Will,Smith,North Texas,EDGE,0.86,2026,3,2026-01-10T23:38:00.000Z
,Withdrawn,Amar,Thomas,James Madison,EDGE,0.86,2026,3,2026-01-06T19:52:00.000Z
Kansas,Immediate,Corey,Gordon Jr.,Louisville,S,0.86,2026,3,2026-01-12T02:09:00.000Z
,Immediate,Esean,Carter,Toledo,DL,0.86,2026,3,2025-12-27T20:02:00.000Z
,Immediate,Derrick,Carroll,TCU,RB,,2026,,2026-01-08T21:34:00.000Z
Liberty,Immediate,Justin,Marshall,Colorado State,RB,0.83,2026,3,2026-01-11T01:45:00.000Z
,Withdrawn,Samuel,Dankah,East Carolina,LB,,2026,3,2026-01-18T18:33:00.000Z
,Immediate,Cameron,Wright,Coastal Carolina,WR,,2026,3,2026-01-16T15:26:00.000Z
Ole Miss,Immediate,Blake,Purchase,Oregon,EDGE,0.93,2026,4,2026-01-16T17:06:00.000Z
Florida State,Immediate,Gemari,Sands,Florida Atlantic,RB,0.86,2026,3,2026-01-16T15:04:00.000Z
California,Immediate,Marquis,Groves-Killebrew,Arizona,CB,0.86,2026,3,2026-01-13T19:47:00.000Z
Western Michigan,Immediate,Trey,Petty,Illinois,QB,0.83,2026,3,2026-01-10T20:55:00.000Z
Sacramento State,Immediate,Amari,Wallace,Miami,CB,0.86,2026,3,2026-01-20T20:38:00.000Z
McNeese,Immediate,Omiri,Wiggins,Louisiana Tech,RB,0.83,2026,3,2026-02-04T22:20:00.000Z
Old Dominion,Immediate,Montrell,Chapman,Mississippi State,LB,0.83,2026,3,2026-01-18T20:48:00.000Z
,Immediate,Corey,Reddick Jr.,Valdosta State,RB,0.83,2026,3,2025-12-02T18:13:00.000Z
Delaware,Immediate,Quincy,Smith,Lenoir-Rhyne,DL,0.84,2026,3,2026-01-17T17:11:00.000Z
Western Kentucky,Immediate,Jacob,Cosby-Mosley,Wake Forest,S,0.83,2026,3,2026-01-20T15:25:00.000Z
Memphis,Immediate,Stone,Chaney,Michigan State,EDGE,0.8,2026,3,2026-01-12T23:30:00.000Z
San José State,Immediate,Jonathan,Watts,Idaho State,S,0.8,2026,3,2026-02-02T22:53:00.000Z
,Immediate,Jaidan,Scott,Sam Houston,S,,2026,3,2026-01-07T16:59:00.000Z
Liberty,Immediate,John,Custis,Emory & Henry,DL,0.84,2026,3,2026-01-17T16:54:00.000Z
Michigan,Immediate,JJ,Buchanan,Utah,WR,0.94,2026,4,2026-01-12T03:21:45.000Z
Missouri,Immediate,Austin,Simmons,Ole Miss,QB,0.93,2026,4,2026-01-06T13:52:00.000Z
Auburn,Immediate,Jeremiah,Koger,South Florida,WR,0.89,2026,3,2026-01-05T21:17:00.000Z
Louisville,Immediate,Cason,Henry,South Carolina,OT,0.87,2026,3,2026-01-07T20:21:00.000Z
,Withdrawn,Zach,Cochnauer,Nevada,OT,0.87,2026,3,2026-01-05T19:16:00.000Z
Purdue,Immediate,Jaden,Mangham,Michigan,S,0.87,2026,3,2026-01-05T21:00:00.000Z
Tulane,Immediate,Jaylin,Lucas,Florida State,RB,0.87,2026,3,2026-01-06T18:40:00.000Z
Utah State,Immediate,Kadin,Lynch,William & Mary,IOL,0.83,2026,3,2026-01-11T21:57:00.000Z
NC State,Immediate,Ondre,Evans,Georgia,CB,0.87,2026,3,2026-01-08T16:49:15.000Z
Mississippi State,Immediate,Jamroc,Grimsley,Florida,CB,0.86,2026,3,2026-01-07T22:01:00.000Z
Wisconsin,Immediate,Hammond,Russell IV,West Virginia,DL,0.86,2026,3,2026-01-08T15:37:00.000Z
Colorado,Immediate,Isaac,Wilson,Utah,QB,0.86,2026,3,2026-01-07T23:29:00.000Z
Vanderbilt,Immediate,Cole,Adams,Alabama,WR,0.86,2026,3,2026-01-09T22:44:00.000Z
Colorado State,Immediate,Quinton,Harris,TCU,OT,0.86,2026,3,2026-01-22T17:32:00.000Z
,Immediate,Qua,Ashley,Ball State,RB,0.82,2026,3,2025-12-01T16:11:00.000Z
,Immediate,DJay,Braswell,Georgia State,RB,,2026,4,2026-01-08T21:42:00.000Z
Tarleton State,Immediate,Ja'Mareion,Gipson,Nebraska Kearney,CB,0.84,2026,3,2026-01-07T23:28:00.000Z
Vanderbilt,Immediate,Cobey,Sellers,Texas A&M,CB,0.86,2026,3,2026-01-06T00:46:00.000Z
Iowa State,Immediate,Jake,Taylor,Oklahoma,OT,0.86,2026,3,2026-01-06T02:43:00.000Z
North Carolina,Immediate,Jaylen,Harvey,Penn State,EDGE,0.86,2026,3,2026-01-05T19:26:00.000Z
Kansas,Immediate,Nahzae,Cox,Middle Tennessee,WR,0.86,2026,3,2026-01-12T03:23:00.000Z
,Immediate,DeAree,Rogers,Northern Illinois,WR,0.86,2026,3,2025-12-01T16:00:00.000Z
Arkansas,Immediate,Terence,Roberson Jr.,Ouachita Baptist,OT,0.87,2026,3,2026-01-09T17:21:35.000Z
Michigan State,Immediate,Carson,Gulker,Ferris State,TE,0.86,2026,3,2026-01-07T23:19:00.000Z
UTSA,Immediate,Monjaro,Senegal,Colorado State,OT,,2026,,2026-01-07T23:21:00.000Z
New Mexico State,Immediate,RJ,Chapman,Merrimack,S,,2026,,2026-01-21T02:56:00.000Z
,Withdrawn,Ja'Marion,Wayne,Coastal Carolina,CB,,2026,4,2026-01-09T18:51:00.000Z
Northern Colorado,Immediate,Luke,Womack,South Dakota State,ATH,,2026,3,2026-01-13T18:45:00.000Z
UTSA,Immediate,Eze,Osondu,California,LB,,2026,3,2026-01-07T19:00:00.000Z
Nicholls,Immediate,Devin,Scura,UTSA,TE,,2026,2,2026-01-17T00:44:00.000Z
Austin Peay,Immediate,William,Fowles,App State,WR,,2026,3,2026-01-24T20:25:00.000Z
Indiana,Immediate,Josh,Hoover,TCU,QB,0.93,2026,4,2026-01-04T22:00:00.000Z
,Immediate,Devyn,Curtis,Arkansas State,LB,,2026,3,2026-01-13T15:12:00.000Z
South Dakota,Immediate,Harrison,Brun,Minnesota,S,,2026,2,2026-01-14T00:51:00.000Z
,Immediate,Jalen,Wright,Alabama A&M,LB,0.83,2026,3,2025-12-27T01:11:00.000Z
,Immediate,Morrow,Evans,UCLA,LS,,2026,2,2026-01-17T05:18:00.000Z
Minnesota,Immediate,Elisha,West,Michigan State,CB,0.83,2026,3,2026-01-06T15:00:00.000Z
San Diego State,Immediate,Cameron,Cooper,Western Colorado,LB,0.85,2026,3,2026-01-09T16:05:00.000Z
Wyoming,Immediate,Tyler,Hughes,William & Mary,QB,0.83,2026,3,2026-01-06T03:05:00.000Z
Pittsburgh,Immediate,Sam,Hunsaker,Northern Arizona,K,0.83,2026,3,2026-01-14T01:34:49.000Z
South Carolina,Immediate,Tomiwa,Durojaiye,Illinois,DL,0.93,2026,4,2026-01-10T17:28:00.000Z
Indiana State,Immediate,Tyler,Stewart,Temple,WR,,2026,3,2026-01-12T16:06:00.000Z
Charlotte,Immediate,Khamani,Alexander,App State,RB,,2026,3,2026-01-05T22:26:00.000Z
,Immediate,Jake,Davis,Pennsylvania,EDGE,,2026,,2025-12-01T14:17:00.000Z
,Immediate,Jackson,Stratton,Iowa,QB,0.83,2026,3,2025-11-30T22:16:00.000Z
Delaware,Immediate,Josh,Humes,Coastal Carolina,TE,0.79,2026,2,2026-01-22T22:07:00.000Z
Western Michigan,Immediate,Ben,Roebuck,Michigan,IOL,,2026,3,2026-01-08T16:25:00.000Z
Marshall,Immediate,Xavier,Bausley,West Virginia,OT,,2026,,2026-01-05T03:37:00.000Z
Oklahoma,Immediate,Jack,Van Dorselaer,Tennessee,TE,0.9,2026,4,2026-01-14T18:52:00.000Z
Arizona,Immediate,Daylen,Austin,Oregon,S,0.89,2026,3,2026-01-16T00:17:00.000Z
Utah State,Immediate,Marcus,McKenzie,BYU,CB,,2026,3,2026-01-09T20:51:00.000Z
,Immediate,Andre,Thomas,Central Michigan,LB,,2026,3,2025-12-29T04:57:00.000Z
,Immediate,Ryan,Blum,Central Michigan,IOL,,2026,3,2025-12-29T15:50:00.000Z
Louisville,Immediate,Davin,Wydner,West Georgia,QB,0.82,2026,3,2026-01-11T20:50:00.000Z
Buffalo,Immediate,Elijah,Holmes,Wingate,QB,0.83,2026,3,2026-01-09T15:01:00.000Z
California,Immediate,Ian,Strong,Rutgers,WR,0.92,2026,4,2026-01-06T04:46:13.000Z
,Withdrawn,Jake,Guarnera,Michigan,IOL,0.92,2026,4,2026-01-12T03:47:20.000Z
Miami,Immediate,Vandrevius,Jacobs,South Carolina,WR,0.92,2026,4,2026-01-11T01:10:00.000Z
Tulsa,Immediate,Kyran,Duhon,Oklahoma State,EDGE,0.88,2026,3,2026-01-08T20:43:00.000Z
Kansas State,Immediate,Kaleb,Patterson,Illinois,CB,0.87,2026,3,2026-01-05T20:14:00.000Z
Colorado,Immediate,Cree,Thomas,Notre Dame,CB,0.87,2026,3,2026-01-07T22:16:00.000Z
Northwestern,Immediate,Brenden,Deasfernandes,Central Michigan,CB,0.87,2026,3,2026-01-06T00:46:00.000Z
Memphis,Immediate,Xavier,Miles,Charlotte,DL,,2026,3,2026-01-07T18:05:06.000Z
Oklahoma,Immediate,Cole,Sullivan,Michigan,LB,0.87,2026,3,2026-01-07T17:19:00.000Z
Indiana,Immediate,Brock,Schott,Miami,TE,0.87,2026,3,2026-01-05T22:15:00.000Z
Nebraska,Immediate,Kwazi,Gilmer,UCLA,WR,0.87,2026,3,2026-01-09T17:20:00.000Z
Iowa State,Immediate,Isaac,Terrell,Washington State,EDGE,0.87,2026,3,2026-01-09T18:59:00.000Z
UCLA,Immediate,Aiden,Gobaira,James Madison,EDGE,0.88,2026,3,2026-01-05T22:39:00.000Z
,Immediate,Cardrece,Mobley,Shorter,WR,0.8,2026,3,2025-12-02T22:35:00.000Z
Temple,Immediate,Ransom,McDermott,Louisville,OT,,2026,3,2026-01-07T18:28:00.000Z
,Immediate,Marshall,Washington Jr.,LIU Post,CB,0.83,2026,3,2025-12-02T00:47:00.000Z
Miami (OH),Immediate,Shaun,Shahu,Saginaw Valley State,OT,0.83,2026,3,2026-01-08T15:08:00.000Z
,Withdrawn,Andrew,Sprague,Michigan,OT,,2026,4,2026-01-07T23:17:21.000Z
Louisville,Immediate,Eryx,Daugherty,Boston College,IOL,0.88,2026,3,2026-01-06T14:11:00.000Z
Oregon State,Immediate,Ja’Bari,Odoemenem,Duquesne,LB,0.85,2026,3,2026-01-13T15:19:23.000Z
,Immediate,Jaylyn,Monds,Eastern Michigan,CB,,2026,2,2026-01-14T15:07:00.000Z
North Texas,Immediate,Ian,Ratliff,App State,P,,2026,,2026-01-07T23:14:00.000Z
Tarleton State,Immediate,Kenyan,Kelly,UTSA,S,,2026,3,2026-01-08T21:20:00.000Z
,Immediate,Tamarley,Smith,Eastern Michigan,IOL,,2026,3,2025-12-29T06:00:00.000Z
Montana,Immediate,Landon,Ransom-Goelz,Rice,WR,,2026,3,2026-01-24T05:33:00.000Z
,Immediate,Steven,Shannon,Florida International,DL,,2026,3,2025-12-29T20:21:00.000Z
South Florida,Immediate,Asani,Redwood,West Virginia,DL,,2026,3,2026-01-06T00:04:00.000Z
North Alabama,Immediate,Leavy,Johnson,South Alabama,IOL,,2026,,2026-01-14T20:55:55.000Z
Merrimack,Immediate,AJ,Hairston,Massachusetts,QB,,2026,3,2026-01-15T00:25:00.000Z
,Withdrawn,Lawrence,Hattar,Michigan,IOL,,2026,,2026-01-15T17:22:00.000Z
,Immediate,Josh,Baka,UAB,S,,2026,2,2026-01-15T17:22:00.000Z
East Carolina,Immediate,Elliot,Huether,St. Thomas,P,0.84,2026,3,2026-01-23T23:44:00.000Z
Texas,Immediate,Sterling,Berkhalter,Wake Forest,WR,0.91,2026,4,2026-01-15T17:24:00.000Z
Arizona,Immediate,Lee,Molette III,UConn,S,0.86,2026,3,2026-01-13T23:05:00.000Z
Northwestern,Immediate,Nicco,Marchiol,West Virginia,QB,0.86,2026,3,2026-03-17T03:32:00.000Z
,Immediate,Martavious,Collins,Florida Atlantic,TE,,2026,3,2025-12-01T19:04:00.000Z
Georgia Southern,Immediate,Alex,Taylor,North Carolina,WR,0.86,2026,3,2026-01-18T21:46:00.000Z
Rutgers,Immediate,Sekou,Kromah,Temple,DL,0.86,2026,3,2026-08-02T17:52:00.000Z
James Madison,Immediate,Jakolbi,Wilson,Fort Hays,DL,,2026,,2026-01-10T20:09:00.000Z
Vanderbilt,Immediate,Micah,DeBose,Alabama,IOL,0.87,2026,3,2026-01-11T16:57:00.000Z
Georgia State,Immediate,Braylon,Alexander,Washburn,CB,0.82,2026,3,2025-12-03T06:00:00.000Z
Arkansas,Immediate,Hunter,Osborne,Virginia,DL,0.87,2026,3,2026-01-06T22:02:00.000Z
Vanderbilt,Immediate,Ricardo,Jones,Clemson,S,0.87,2026,3,2026-01-12T01:58:00.000Z
Wisconsin,Immediate,Colton,Joseph,Old Dominion,QB,0.87,2026,3,2026-01-04T15:29:00.000Z
Auburn,Immediate,Saint,Farrior,App State,DL,0.87,2026,3,2026-01-10T20:27:00.000Z
Montana,Immediate,Justin,Eklund,Bowling Green,LB,,2026,3,2026-01-10T13:26:00.000Z
,Immediate,Ghee,Evans,Arkansas Monticello,LB,0.85,2026,3,2025-12-01T22:40:00.000Z
,Immediate,Jayden,Bass,UConn,OT,,2026,3,2026-01-10T17:43:00.000Z
Florida Atlantic,Immediate,Reed,Chandley,Georgia State,P,,2026,,2026-01-05T18:26:57.000Z
Minnesota,Immediate,Xion,Chapman,Florida International,DL,0.92,2026,4,2026-01-10T17:42:00.000Z
Old Dominion,Immediate,Khi'len,Gates,Lincoln (MO),IOL,0.83,2026,3,2025-12-01T22:13:00.000Z
UCLA,Immediate,Landon,Ellis,James Madison,WR,0.86,2026,3,2026-01-07T16:59:00.000Z
UCLA,Immediate,Leland,Smith,San José State,WR,0.86,2026,3,2026-01-07T16:59:00.000Z
Baylor,Immediate,Jamaal,Whyce Jr.,Marshall,DL,0.86,2026,3,2026-01-07T17:05:41.000Z
Iowa State,Immediate,Caden,Crawford,South Dakota,EDGE,0.86,2026,3,2026-01-07T18:37:00.000Z
Louisville,Immediate,Jacob,Smith,Kentucky,EDGE,0.86,2026,3,2026-01-07T01:36:00.000Z
Houston,Immediate,De'Marion,Thomas,Oklahoma State,DL,0.86,2026,3,2026-01-07T19:21:11.000Z
Kansas,Immediate,Kasen,Carpenter,Oklahoma State,IOL,0.86,2026,3,2026-01-10T22:23:00.000Z
North Carolina,Immediate,Donovan,Hoilette,Richmond,EDGE,0.86,2026,3,2026-01-11T16:10:00.000Z
Oklahoma State,Immediate,Terrence,Lewis,North Texas,WR,0.86,2026,3,2026-01-05T03:35:00.000Z
Penn State,Immediate,Chase,Sowell,Iowa State,WR,0.93,2026,4,2026-01-05T14:30:00.000Z
,Immediate,Landon,Hammond,Tulane,CB,,2026,3,2026-01-12T16:40:00.000Z
,Immediate,Jackson,Murray,Colorado State,DL,,2026,3,2025-12-11T06:00:00.000Z
,Immediate,Micah,Pryor,Delaware,DL,,2026,,2025-12-11T20:14:00.000Z
,Immediate,Ashton,Wolff,Colorado State,K,,2026,2,2025-12-20T17:01:00.000Z
,Immediate,Connie,Hewitt II,Liberty,TE,,2026,3,2025-12-11T20:51:00.000Z
Florida State,Immediate,Quintrevion,Wisner,Texas,RB,0.93,2026,4,2026-01-05T19:14:00.000Z
LSU,Immediate,Eugene,Wilson III,Florida,WR,0.93,2026,4,2026-01-07T16:28:16.000Z
Northwestern State,Immediate,Zach,Wilcke,Charlotte,QB,,2026,,2026-01-10T01:31:00.000Z
,Immediate,Nick,Hawthorne,Massachusetts,EDGE,,2026,3,2025-12-12T06:00:00.000Z
,Immediate,Kemari,Nix,Arkansas State,S,,2026,3,2025-12-13T05:08:00.000Z
South Carolina,Immediate,Upton,Bellenfant,Texas Tech,K,,2026,,2026-01-08T20:31:38.000Z
,Immediate,Ta'kai,Chisolm,Maine,EDGE,,2026,,2025-12-12T01:38:00.000Z
,Immediate,Bruno,Zandamela,Jackson State,OT,,2026,3,2025-12-12T01:40:00.000Z
,Immediate,Raleigh,Collins III,New Hampshire,S,,2026,3,2025-12-15T01:44:00.000Z
Western Michigan,Immediate,AJ,Green,Arkansas,RB,,2026,4,2026-01-10T01:38:00.000Z
Illinois State,Immediate,Key,Crowell,East Carolina,CB,,2026,,2026-01-18T14:17:00.000Z
Indiana,Immediate,Joe,Brunner,Wisconsin,IOL,0.93,2026,4,2026-01-14T20:24:00.000Z
Michigan State,Immediate,Nick,Duzansky,Oregon,LS,,2026,,2026-01-18T17:55:00.000Z
Utah,Immediate,Steve,Chavez-Soto,San José State,RB,0.88,2026,3,2026-01-13T02:37:00.000Z
Boise State,Immediate,Roman,Tillmon,South Dakota,S,0.86,2026,3,2026-01-14T00:24:04.000Z
Louisville,Immediate,Brycen,Scott,Elon,CB,0.86,2026,3,2026-01-19T00:06:00.000Z
Purdue,Immediate,Jatavius,Shivers,South Carolina,OT,0.86,2026,3,2026-01-16T15:09:00.000Z
,Withdrawn,AJ,Green,Louisville,EDGE,0.91,2026,4,2026-01-06T17:47:43.000Z
Minnesota,Immediate,Perry,Thompson,Auburn,WR,0.9,2026,4,2026-01-06T01:31:00.000Z
Arkansas,Immediate,Jahiem,Johnson,Tulane,CB,0.9,2026,4,2026-01-06T22:52:00.000Z
Miami,Immediate,Cam,Vaughn,West Virginia,WR,0.9,2026,4,2026-01-11T17:46:00.000Z
Virginia,Immediate,Matthew,Fobbs-White,Baylor,EDGE,0.89,2026,3,2026-01-07T22:31:00.000Z
Ohio State,Immediate,Christian,Alliegro,Wisconsin,LB,0.88,2026,3,2026-01-08T15:02:29.000Z
Ole Miss,Immediate,Jonathan,Maldonado,Nevada,EDGE,0.87,2026,3,2026-01-04T14:08:00.000Z
,Immediate,Dominic,Diaz,Air Force,LS,,2026,,2025-12-11T06:00:00.000Z
,Immediate,Semaj,James,Hawai'i,S,,2026,,2025-12-30T02:49:00.000Z
North Texas,Immediate,Cameren,Jenkins,Baylor,S,,2026,,2026-01-10T01:06:00.000Z
Texas,Immediate,Michael,Masunas,Michigan State,TE,0.86,2026,3,2026-01-05T22:38:00.000Z
UConn,Immediate,K'Von,Sherman,Toledo,LB,0.86,2026,3,2026-01-07T02:31:51.000Z
Baylor,Immediate,Daniel,Cobbs,Kansas State,S,0.86,2026,3,2026-01-11T18:50:09.000Z
Georgia Tech,Immediate,Vincent,Carroll-Jackson,UConn,DL,0.86,2026,3,2026-01-08T17:46:00.000Z
Arkansas,Immediate,Shelton,Lewis,Clemson,CB,0.86,2026,3,2026-01-07T19:00:00.000Z
Minnesota,Immediate,Kaden,Helms,Oklahoma,TE,0.86,2026,3,2026-01-07T20:10:00.000Z
Pittsburgh,Immediate,La'Vell,Wright,Western Kentucky,RB,0.85,2026,3,2026-01-10T15:03:00.000Z
Arizona,Immediate,Cooper,Blomstrom,Georgetown,EDGE,0.85,2026,3,2026-01-06T17:52:00.000Z
Pittsburgh,Immediate,DeMarco,Ward,Memphis,LB,0.85,2026,3,2026-01-10T23:39:00.000Z
Marshall,Immediate,Jaquez,Joiner,UCF,IOL,0.85,2026,3,2026-01-11T03:15:58.000Z
LSU,Immediate,Achilles,Woods,South Alabama,DL,0.85,2026,3,2026-01-11T14:30:00.000Z
Jacksonville State,Immediate,Vernon,Woodward III,Illinois,CB,0.85,2026,3,2026-01-12T16:47:00.000Z
Houston,Immediate,Drew,Terrill,Miami (OH),OT,0.85,2026,3,2026-01-04T18:01:00.000Z
Bryant,Immediate,O'Shawn,Ross Jr.,LIU Post,RB,0.82,2026,3,2026-02-02T21:50:00.000Z
Kansas,Immediate,Christian,Pritchett,Georgia Tech,S,0.85,2026,3,2026-01-08T01:27:00.000Z
Southern Miss,Immediate,Caleb,Williams,Faulkner University,S,0.83,2026,3,2026-01-20T15:53:00.000Z
Stony Brook,Immediate,Lance,Byndon,Morgan State,EDGE,0.82,2026,3,2026-01-18T14:16:00.000Z
UCF,Immediate,L A Jessie,Harrold,Florida State,EDGE,0.87,2026,3,2026-01-13T15:07:00.000Z
Sacramento State,Immediate,Malikai,Nichols,Saint Francis (PA),CB,0.85,2026,3,2026-01-20T22:43:00.000Z
Western Illinois,Immediate,Nick,Reinicke,Iowa State,LB,,2026,,2026-01-13T15:38:00.000Z
Stephen F. Austin,Immediate,Landon,Williams,New Mexico,EDGE,,2026,3,2026-02-02T03:05:00.000Z
Colorado,Immediate,Richard,Young,Alabama,RB,0.86,2026,3,2026-01-18T01:46:00.000Z
East Carolina,Immediate,Landon,Sides,North Texas,WR,,2026,3,2026-01-07T18:01:00.000Z
,Immediate,Jack,Goheen,Bucknell,LB,,2026,,2025-12-11T23:43:00.000Z
North Carolina,Immediate,Jelani,Thurman,Ohio State,TE,0.89,2026,3,2026-01-11T16:36:00.000Z
UCLA,Immediate,Wayne,Knight,James Madison,RB,0.87,2026,3,2026-01-07T21:47:49.000Z
Penn State,Immediate,Dallas,Vakalahi,Utah,DL,0.87,2026,3,2026-01-08T19:29:00.000Z
Syracuse,Immediate,Keyshawn,Johnson,UT Martin,EDGE,0.86,2026,3,2026-01-10T04:56:00.000Z
Arizona,Immediate,Tyrese,Boss,Wyoming,CB,0.86,2026,3,2026-01-08T01:39:00.000Z
Iowa State,Immediate,Salahadin,Allah,Oregon State,RB,0.86,2026,3,2026-01-11T21:14:00.000Z
Kansas State,Immediate,Ja'Son,Prevard,Virginia,CB,0.86,2026,3,2026-01-09T18:44:00.000Z
Syracuse,Immediate,Chris,D'Appolonia,Toledo,LB,0.86,2026,3,2026-01-08T17:33:00.000Z
Arkansas,Immediate,Jasper,Parker,Michigan,RB,0.86,2026,3,2026-01-06T15:47:00.000Z
Purdue,Immediate,Asaad,Waseem,Florida Atlantic,WR,0.86,2026,3,2026-01-06T21:48:00.000Z
UCLA,Immediate,Ryan,McCulloch,California,EDGE,0.86,2026,3,2026-01-04T19:08:16.000Z
Texas Tech,Immediate,Bryce,Butler,Washington,DL,0.86,2026,3,2026-01-05T14:51:00.000Z
Colorado,Immediate,Justin,Eaglin,James Madison,CB,0.86,2026,3,2026-01-07T02:33:01.000Z
Texas A&M,Immediate,Brandon,Davis-Swain,Colorado,DL,0.86,2026,3,2026-01-06T02:28:00.000Z
Wake Forest,Immediate,Will,Way,Weber State,IOL,0.85,2026,3,2026-01-07T15:06:00.000Z
Sam Houston,Immediate,Justin,Terrell,NC State,DL,0.85,2026,3,2026-01-10T17:02:00.000Z
Oklahoma State,Immediate,Jacob,Sexton,Oklahoma,OT,0.86,2026,3,2026-01-07T05:49:00.000Z
UCLA,Immediate,Ta'Shawn,James,Iowa State,S,0.86,2026,3,2026-01-05T20:54:00.000Z
UCLA,Immediate,DJ,Barksdale,James Madison,CB,0.86,2026,3,2026-01-07T21:27:33.000Z
UCF,Immediate,Caleb,Flagg,Missouri,S,0.85,2026,3,2026-01-06T22:54:00.000Z
Minnesota,Immediate,Jaron,Thomas,Purdue,RB,0.85,2026,3,2026-01-03T02:52:00.000Z
Memphis,Immediate,Air,Noland,South Carolina,QB,0.86,2026,3,2026-01-13T21:06:00.000Z
Western Illinois,Immediate,Chance,Harrison,Colorado State,CB,,2026,3,2026-01-19T22:33:00.000Z
Tarleton State,Immediate,Kenyon,Partridge,Western Carolina,DL,,2026,,2026-02-05T01:17:00.000Z
Southeast Missouri State,Immediate,Tymere,Burton,Utah State,LB,,2026,3,2026-01-15T01:13:00.000Z
LSU,Immediate,Devin,Harper,Ole Miss,IOL,0.92,2026,4,2026-01-16T22:19:14.000Z
UNLV,Immediate,Landyn,Cleveland,Oklahoma State,S,0.86,2026,3,2026-01-13T19:08:00.000Z
Wake Forest,Immediate,Antonio,Meeks,Louisville,WR,0.86,2026,3,2026-01-15T17:18:00.000Z
Missouri,Immediate,Mark,Hensley,Northern Illinois,DL,0.86,2026,3,2026-03-21T19:26:00.000Z
Nevada,Immediate,Donnie,Cheers,Southeast Missouri State,WR,0.86,2026,3,2026-01-19T18:29:00.000Z
Kent State,Immediate,Mason,King,Illinois State,RB,,2026,,2026-01-11T19:31:00.000Z
Cincinnati,Immediate,Liam,O'Brien,Pennsylvania,QB,,2026,,2026-01-11T18:07:00.000Z
Liberty,Immediate,Terron,Kellman,Wyoming,RB,,2026,3,2026-01-10T18:10:00.000Z
Memphis,Immediate,Joseph,Head Jr.,Mississippi State,EDGE,,2026,3,2026-01-09T18:15:00.000Z
Kansas,Immediate,Rino,Monteforte,California,LS,,2026,2,2026-01-09T22:24:00.000Z
,Withdrawn,Ryan,Nolan,Texas State,S,,2026,2,2026-01-11T19:24:00.000Z
Texas A&M,Immediate,Anto,Saka,Northwestern,EDGE,0.92,2026,4,2026-01-07T17:36:00.000Z
Houston,Immediate,Ejiroghene,Egodogbare,Yale,DL,0.87,2026,3,2026-01-08T01:51:00.000Z
USC,Immediate,Deven,Bryant,Washington,LB,0.87,2026,3,2026-01-04T18:28:00.000Z
Ohio State,Immediate,John,Walker,UCF,DL,0.87,2026,3,2026-01-06T17:31:00.000Z
Alabama A&M,Immediate,Hollis,Davidson III,Auburn,TE,0.86,2026,3,2026-02-06T19:37:02.000Z
North Carolina,Immediate,Ade,Willie,Michigan State,CB,0.86,2026,3,2026-01-08T22:16:00.000Z
NC State,Immediate,Tyran,Warren,Alcorn State,WR,0.86,2026,3,2026-01-11T18:19:00.000Z
Oklahoma State,Immediate,Kollin,Lewis,North Texas,CB,0.86,2026,3,2026-01-05T14:21:00.000Z
UConn,Immediate,Terrence,Moore,Toledo,IOL,0.86,2026,3,2026-01-24T07:41:00.000Z
UCLA,Immediate,Marcus,Harris,Washington,WR,0.86,2026,3,2026-01-10T23:57:00.000Z
Nebraska,Immediate,Owen,Stoudmire,Boston College,DL,0.86,2026,3,2026-01-14T15:18:00.000Z
UCLA,Immediate,Tyson,Ford,California,DL,0.86,2026,3,2026-01-12T00:28:58.000Z
Arkansas State,Immediate,Tre,Stevens,Lafayette,LB,0.85,2026,3,2026-01-16T17:12:00.000Z
West Virginia,Immediate,Prince,Strachan,USC,WR,0.86,2026,3,2026-01-05T02:21:00.000Z
Boise State,Immediate,Tyler,Ethridge,CSU-Pueblo,OT,0.83,2026,3,2026-01-10T17:57:00.000Z
Vanderbilt,Immediate,Lyndon,Cooper,Pittsburgh,IOL,0.86,2026,3,2026-01-07T15:39:00.000Z
Florida State,Immediate,Desirrio,Riles,East Carolina,TE,0.86,2026,3,2026-01-06T19:21:00.000Z
Colorado,Immediate,Vili,Taufatofua,San José State,EDGE,0.86,2026,3,2026-01-09T14:52:00.000Z
Boston College,Immediate,Grayson,Wilson,Arkansas,QB,0.86,2026,3,2026-01-07T19:19:53.000Z
Texas Tech,Immediate,Trey,White,San Diego State,EDGE,0.86,2026,3,2026-01-05T14:56:00.000Z
South Carolina,Immediate,Jayden,Gibson,Oklahoma,WR,0.86,2026,3,2026-01-05T02:53:00.000Z
Kentucky,Immediate,Mark,Manfred III,Missouri,CB,0.86,2026,3,2026-01-11T21:12:00.000Z
Utah,Immediate,Nick,Brown,Lamar,CB,0.84,2026,3,2026-01-13T18:40:00.000Z
Georgia,Immediate,Bryson,Beaver,Oregon,QB,0.91,2026,4,2026-01-15T01:13:00.000Z
Penn State,Immediate,Keanu,Williams,UCLA,DL,0.86,2026,3,2026-01-06T03:13:00.000Z
Cincinnati,Immediate,Chidera,Otutu,UTSA,DL,0.86,2026,3,2026-01-04T21:58:00.000Z
Virginia Tech,Immediate,Logan,Howland,Oklahoma,OT,0.86,2026,3,2026-01-08T23:33:00.000Z
Florida State,Immediate,Paul,Bowling,Troy,IOL,0.86,2026,3,2026-01-07T16:33:00.000Z
Kent State,Immediate,Dylan,Armentrout,Defiance College,RB,,2026,2,2026-01-11T20:04:00.000Z
Kentucky,Immediate,Ahmad,Breaux,LSU,DL,0.85,2026,3,2026-01-06T17:56:00.000Z
Cincinnati,Immediate,Flynn,Schiele,Colorado School of Mines,WR,,2026,2,2026-01-11T22:03:00.000Z
Southern Miss,Immediate,Baron,Taylor,Southern Utah,S,0.82,2026,3,2026-01-29T01:33:00.000Z
Michigan,Immediate,Smith,Snowden,Utah,CB,0.92,2026,4,2026-01-13T22:31:00.000Z
Charlotte,Immediate,D'Mariun,Perteet,Coastal Carolina,RB,0.8,2026,3,2026-01-11T18:43:00.000Z
Coastal Carolina,Immediate,Roland,Podesta,Boise State,P,,2026,3,2026-01-17T03:41:00.000Z
Montana,Immediate,Chris,Johnson II,Arizona State,CB,,2026,3,2026-01-18T14:12:00.000Z
,Withdrawn,Bryce,Anderson,Texas A&M,S,,2026,4,2026-01-14T14:39:39.000Z
Ole Miss,Immediate,Jordan,Renaud,Alabama,EDGE,0.92,2026,4,2026-01-13T22:53:00.000Z
Louisiana Tech,Immediate,Harrison,Williams,Harding,RB,0.82,2026,3,2026-01-29T17:43:00.000Z
Auburn,Immediate,Deryc,Plazz,Miami,OT,0.86,2026,3,2026-01-20T23:50:00.000Z
Auburn,Immediate,TJ,Hedrick,Ole Miss,OT,0.86,2026,3,2026-01-15T22:57:00.000Z
Ole Miss,Immediate,Michai,Boireau,Florida,DL,0.92,2026,4,2026-01-06T00:29:00.000Z
North Texas,Immediate,Justin,Stevenson,Utah,WR,,2026,3,2026-01-11T03:10:00.000Z
,Immediate,Semaj,Bridgeman,Michigan State,LB,,2026,4,2025-12-12T00:26:00.000Z
,Withdrawn,Willis,McGahee IV,Nebraska,EDGE,,2026,3,2026-01-11T18:56:00.000Z
,Immediate,D'Shaun,Ford,UL Monroe,RB,,2026,3,2026-01-10T16:01:00.000Z
East Carolina,Immediate,Michael,Allen,Marshall,RB,,2026,4,2026-01-08T18:34:00.000Z
North Texas,Immediate,Jason,Cross Jr.,West Virginia,S,,2026,3,2026-01-07T23:11:00.000Z
Florida,Immediate,Aaron,Philo,Georgia Tech,QB,0.89,2026,3,2026-01-06T15:56:00.000Z
Arkansas,Immediate,AJ,Hill,Memphis,QB,0.87,2026,3,2026-01-05T19:54:00.000Z
Nebraska,Immediate,Tree,Babalade,South Carolina,OT,0.87,2026,3,2026-01-06T16:32:00.000Z
Georgia,Immediate,Khalil,Barnes,Clemson,S,0.87,2026,3,2026-01-04T21:01:00.000Z
Coastal Carolina,Immediate,Donovan,Grayson,Samford,EDGE,0.86,2026,3,2026-01-12T16:41:00.000Z
Arkansas,Immediate,La'khi,Roland,Maryland,CB,0.86,2026,3,2026-01-08T18:50:00.000Z
Colorado,Immediate,Balansama,Kamara,Albany,EDGE,0.85,2026,3,2026-01-04T22:13:00.000Z
,Immediate,Shepherd,Bowling,Rice,LB,,2026,3,2026-01-17T19:44:00.000Z
Jacksonville State,Immediate,Angel,Toombs,Wisconsin,EDGE,,2026,,2026-01-11T18:39:00.000Z
,Withdrawn,A.J.,Fuimaono,UCLA,DL,,2026,3,2026-01-11T19:59:00.000Z
,Immediate,Pierre,Royster,UAB,S,,2026,,2026-01-12T22:07:00.000Z
Bryant,Immediate,Jaden,Roper,Georgia State,DL,,2026,3,2026-01-18T00:07:45.000Z
,Immediate,Gary,Turner Jr.,Georgia State,S,,2026,,2026-01-02T17:41:00.000Z
Washington,Immediate,Tyler,Robles,Texas State,K,,2026,,2026-01-07T21:07:00.000Z
,Immediate,Jordan,Buckley,Western Michigan,DL,,2026,3,2026-01-02T17:46:00.000Z
,Immediate,Maddox,Marcotte,Toledo,IOL,,2026,3,2026-01-02T17:59:00.000Z
,Immediate,Donovan,Nevils,Memphis,DL,,2026,3,2026-01-02T18:33:00.000Z
Abilene Christian,Immediate,Plae,Wyatt,Rice,S,,2026,3,2026-01-15T17:21:00.000Z
Jacksonville State,Immediate,Jackson,Bunn,Kentucky,IOL,0.81,2026,3,2026-01-12T22:49:00.000Z
LSU,Immediate,Sam,Leavitt,Arizona State,QB,0.98,2026,5,2026-01-12T17:52:42.000Z
SMU,Immediate,Malcolm,Alcorn-Crowder,Kansas State,DL,0.86,2026,3,2026-01-12T22:07:22.000Z
LSU,Immediate,Dilin,Jones,Wisconsin,RB,0.86,2026,3,2026-01-13T17:36:00.000Z
Texas A&M,Immediate,Wilkin,Formby,Alabama,OT,0.93,2026,4,2026-01-07T22:20:00.000Z
Baylor,Immediate,Jayden,Rowe,Kansas State,CB,0.85,2026,3,2026-01-09T20:34:00.000Z
Michigan State,Immediate,Trent,Fraley,North Dakota State,IOL,0.86,2026,3,2026-01-07T17:45:00.000Z
Kansas State,Immediate,Rodney,Fields Jr.,Oklahoma State,RB,0.86,2026,3,2026-01-05T21:40:00.000Z
Boston College,Immediate,Kristian,Phillips,Michigan State,IOL,0.86,2026,3,2026-01-07T19:11:41.000Z
UConn,Immediate,Moussa,Kane,Duke,CB,0.86,2026,3,2026-01-24T07:59:00.000Z
New Mexico State,Immediate,James,Jones,Delaware State,RB,0.86,2026,3,2026-01-07T20:29:00.000Z
California,Immediate,Carter,Vargas,UC Davis,RB,0.86,2026,3,2026-01-07T22:34:00.000Z
Arkansas State,Immediate,Makai,Shahid,Youngstown State,S,0.86,2026,3,2026-01-11T20:27:00.000Z
Mississippi State,Immediate,Jardin,Gilbert,LSU,S,0.86,2026,3,2026-01-12T23:40:00.000Z
Florida,Immediate,Cam,Dooley,Kentucky,S,0.86,2026,3,2026-01-07T23:34:00.000Z
Purdue,Immediate,Curt,Neal,Illinois,DL,0.86,2026,3,2026-01-07T23:42:00.000Z
Houston,Immediate,Muizz,Tounkara,Florida,WR,0.86,2026,3,2026-01-15T17:40:00.000Z
Wake Forest,Immediate,Vincent,Firenze,Dayton,S,0.86,2026,3,2026-01-09T18:31:00.000Z
Michigan,Immediate,Colin,Hurley,LSU,QB,0.85,2026,3,2026-01-13T18:53:00.000Z
,Immediate,JJ,Hawkins,Southern Miss,EDGE,0.86,2026,3,2025-12-27T19:56:00.000Z
Georgia Tech,Immediate,Joseph,Ionata,Alabama,IOL,0.86,2026,3,2026-01-06T19:22:00.000Z
Missouri,Immediate,Jahlil,Florence,Oregon,CB,0.86,2026,3,2026-01-05T21:47:00.000Z
App State,Immediate,Cary,Grant,Charlotte,S,0.85,2026,3,2026-01-12T18:12:00.000Z
East Carolina,Immediate,Jeremiah,Melvin,Wake Forest,WR,0.86,2026,3,2026-01-11T16:46:00.000Z
Cincinnati,Immediate,Jacob,Finley,Northern Illinois,CB,0.86,2026,3,2026-01-08T18:01:00.000Z
Kentucky,Immediate,Hasaan,Sykes,Western Carolina,CB,0.86,2026,3,2026-01-05T04:12:00.000Z
Wake Forest,Immediate,Ryan,Berger,Oregon State,OT,0.86,2026,3,2026-01-08T13:36:00.000Z
Troy,Immediate,Kavion,Henderson,Arkansas,EDGE,0.85,2026,3,2026-01-17T19:18:00.000Z
Kansas State,Immediate,Makari,Bodiford,Memphis,RB,0.85,2026,3,2026-01-21T17:16:00.000Z
New Mexico,Immediate,Clay,Martineau,Boise State,LB,0.85,2026,3,2026-01-20T20:39:00.000Z
UTEP,Immediate,Kaleb,Miles,East Texas A&M,CB,0.85,2026,3,2026-01-21T16:54:00.000Z
Auburn,Immediate,Shamar,Arnoux,Florida State,CB,0.86,2026,3,2026-01-12T19:32:00.000Z
Iowa,Immediate,Xavier,Styles,Robert Morris,S,0.85,2026,3,2026-01-11T20:30:00.000Z
Alabama State,Immediate,Dylan,Vickerson,Western Kentucky,WR,,2026,3,2025-12-15T06:01:00.000Z
Temple,Immediate,Joey,Schlaffer,Penn State,TE,0.85,2026,3,2026-01-08T21:40:00.000Z
UAB,Immediate,KJ,Daniels,Oklahoma,WR,0.84,2026,3,2026-01-11T02:35:00.000Z
Pittsburgh,Immediate,Kanye,Thompson,Slippery Rock,CB,0.85,2026,3,2026-01-08T23:47:00.000Z
New Hampshire,Immediate,Ryan,Ricketti,Valparaiso,WR,0.8,2026,3,2026-02-04T04:25:00.000Z
Tennessee,Immediate,TJ,Metcalf,Michigan,S,0.87,2026,3,2026-01-13T15:10:00.000Z
UL Monroe,Immediate,Armoni,Rue,Michigan State,CB,0.79,2026,2,2026-01-22T22:12:00.000Z
Howard,Immediate,Semaj,Pierre,Rice,WR,,2026,3,2026-02-05T16:31:00.000Z
Holy Cross,Immediate,Myles,Abernathy,Georgia State,WR,,2026,,2026-01-14T02:35:58.000Z
Miami (OH),Immediate,Damarion,Witten,Ohio State,WR,0.86,2026,3,2026-01-16T15:10:00.000Z
Cincinnati,Immediate,Josh,Hough,California (PA),DL,0.85,2026,3,2026-01-09T02:19:11.000Z
Ohio State,Immediate,Earl,Little Jr.,Florida State,S,0.93,2026,4,2026-01-11T19:34:00.000Z
Missouri,Immediate,Robert,Woodyard Jr.,Auburn,LB,0.89,2026,3,2026-01-06T04:42:00.000Z
LSU,Immediate,Malik,Blocton,Auburn,DL,0.89,2026,3,2026-01-08T15:26:00.000Z
Clemson,Immediate,Donovan,Starr,Auburn,CB,0.87,2026,3,2026-01-07T03:30:00.000Z
UNLV,Immediate,Taz,Reddicks,Oregon State,WR,0.87,2026,3,2026-01-08T20:25:25.000Z
Oklahoma,Immediate,Dakoda,Fields,Oregon,CB,0.87,2026,3,2026-01-05T22:03:00.000Z
Missouri,Immediate,Caleb,Goodie,Cincinnati,WR,0.87,2026,3,2026-01-06T04:43:00.000Z
Virginia Tech,Immediate,Javion,Hilson,Missouri,EDGE,0.87,2026,3,2026-01-06T06:36:00.000Z
Montana,Immediate,Braeden,Orlandi,Carroll College,S,0.86,2026,3,2026-01-11T20:09:00.000Z
Colorado,Immediate,Santana,Hopper,Tulane,DL,0.87,2026,3,2026-01-05T18:12:00.000Z
Texas Tech,Immediate,Austin,Romaine,Kansas State,LB,0.87,2026,3,2026-01-04T21:08:00.000Z
,Immediate,Nick,Herzog,Northwestern,OT,,2026,3,2026-01-08T21:22:00.000Z
,Immediate,Kyran,Bourda,Texas State,DL,,2026,3,2026-01-08T21:24:00.000Z
Florida Atlantic,Immediate,Jay,Crable,Ohio,EDGE,,2026,3,2026-01-05T19:59:00.000Z
Temple,Immediate,Saboor,Karriem,Illinois,S,,2026,3,2026-01-10T20:40:00.000Z
Tulsa,Immediate,Max,Tulen,Bethune-Cookman,P,,2026,,2026-01-09T19:10:00.000Z
Charlotte,Immediate,Zyheem,Collick,Bryant,WR,,2026,,2026-01-09T20:18:00.000Z
Delaware,Immediate,James,Steel,UAB,DL,,2026,3,2026-01-09T22:13:00.000Z
James Madison,Immediate,Arrington,Maiden,Memphis,QB,,2026,3,2026-01-08T16:05:00.000Z
North Texas,Immediate,Colin,Page,Texas,RB,,2026,,2026-01-09T22:26:00.000Z
,Immediate,Mihalis,Santorineos,New Mexico,LB,,2026,2,2026-01-08T21:20:00.000Z
North Alabama,Immediate,Banks,Bowen,Oklahoma State,QB,,2026,3,2026-01-08T23:49:00.000Z
Ball State,Immediate,Jovan,Clark,Washington State,LB,,2026,3,2026-01-06T19:27:00.000Z
App State,Immediate,Henry,Hasselbeck,UCLA,QB,,2026,3,2026-01-09T00:26:00.000Z
,Immediate,Nic,Reeves,Temple,IOL,,2026,,2025-12-10T22:54:00.000Z
,Immediate,Tyrell,Lewis,Arkansas State,QB,,2026,3,2025-12-13T22:57:00.000Z
Houston,Immediate,Trent,Walker,Oregon State,WR,0.87,2026,3,2026-01-07T19:26:00.000Z
Nebraska,Immediate,Dwayne,McDougle,San Diego State,S,0.87,2026,3,2026-01-07T00:22:00.000Z
Iowa,Immediate,Lance,Ingold,Northern Illinois,EDGE,0.87,2026,3,2026-01-09T00:17:00.000Z
,Immediate,Marquez,Spells,Newberry,RB,,2026,,2025-12-15T17:36:00.000Z
,Immediate,Terrence,Enos Jr.,Kansas State,OT,,2026,3,2026-01-17T05:40:00.000Z
,Immediate,Gavin,Magorien,Marshall,LS,,2026,,2026-01-14T15:06:00.000Z
Montana,Immediate,Devin,Dunn,Arizona,S,,2026,,2026-01-16T15:18:00.000Z
Oregon State,Immediate,Jadyn,Oh,Syracuse,K,0.8,2026,3,2026-01-15T23:57:04.000Z
Michigan,Immediate,Christian,Pierce,Michigan,LB,,2026,3,2026-01-13T18:05:00.000Z
Vanderbilt,Immediate,Mike,Diatta,Oklahoma State,DL,0.86,2026,3,2026-01-19T18:42:00.000Z
,Immediate,David,Ndukwe,Houston,OT,,2026,3,2026-01-16T20:59:00.000Z
,Withdrawn,Chase,Meyer,California,K,,2026,,2026-01-13T16:15:24.000Z
Montana,Immediate,Campbell,Vandiver,South Carolina,OT,,2026,,2026-01-17T16:01:00.000Z
Kentucky,Immediate,Ja'Kayden,Ferguson,Arkansas,WR,0.86,2026,3,2026-01-11T21:53:00.000Z
UTSA,Immediate,Eddy,Smith,Texas Tech,DL,,2026,3,2026-01-09T18:19:00.000Z
Western Kentucky,Immediate,Alec,Johnson,Georgia State,IOL,,2026,2,2026-01-12T00:45:16.000Z
Charlotte,Immediate,Chance,Williams,Cincinnati,RB,,2026,3,2026-01-11T02:33:00.000Z
Colorado,Immediate,Immanuel,Ezeogu,James Madison,EDGE,0.86,2026,3,2026-01-05T22:49:00.000Z
,Immediate,Daniel,Mincey,UAB,IOL,,2026,3,2026-01-12T16:23:00.000Z
Iowa State,Immediate,Donovan,Fitzmaurice,Washington State,DL,,2026,3,2026-01-05T21:04:00.000Z
Eastern Kentucky,Immediate,Cristian,Conyer,App State,CB,,2026,3,2026-01-10T17:55:00.000Z
App State,Immediate,Eric,Adams,North Carolina Central,S,,2026,,2026-01-12T00:29:00.000Z
Kansas State,Immediate,Koy,Beasley,Miami (OH),S,0.86,2026,3,2026-01-05T19:52:00.000Z
South Florida,Immediate,Grayson,Howard,Florida,LB,0.86,2026,3,2026-01-06T00:17:00.000Z
Florida State,Immediate,Bradyn,Joiner,Purdue,IOL,0.86,2026,3,2026-01-06T15:09:00.000Z
South Florida,Immediate,Michael,Wooten,Arizona,IOL,0.85,2026,3,2026-01-05T20:24:00.000Z
Washington State,Immediate,Jeremiah,Bernard,Cal Poly,S,0.85,2026,3,2026-01-05T20:41:00.000Z
Georgia State,Immediate,Connor,Jones,Michigan,OT,0.85,2026,3,2026-01-06T15:28:31.000Z
Michigan State,Immediate,Michael,Richard,Louisiana Tech,S,0.85,2026,3,2026-01-05T21:07:00.000Z
South Florida,Immediate,Jaron,Glover,Mississippi State,WR,,2026,3,2026-01-05T22:44:00.000Z
California,Immediate,Chase,Hendricks,Ohio,WR,0.93,2026,4,2026-01-08T23:18:00.000Z
South Carolina,Immediate,Kelby,Collins,Alabama,DL,0.88,2026,3,2026-01-11T19:31:00.000Z
Kansas,Immediate,David,Santiago,Michigan State,EDGE,0.86,2026,3,2026-01-07T05:59:00.000Z
Cincinnati,Immediate,JC,French IV,Georgia Southern,QB,0.86,2026,3,2026-01-07T01:45:00.000Z
NC State,Immediate,Victor,Snow,Buffalo,WR,0.86,2026,3,2026-01-05T17:18:00.000Z
Utah,Immediate,Isaiah,Kema,Ohio State,IOL,0.86,2026,3,2026-01-08T02:40:00.000Z
Wisconsin,Immediate,Javan,Robinson,Arizona State,CB,0.86,2026,3,2026-01-05T22:22:00.000Z
Colorado,Immediate,Gideon,Lampron,Bowling Green,LB,0.85,2026,3,2026-01-06T16:05:00.000Z
Oklahoma State,Immediate,Donovan,Green,LSU,TE,0.86,2026,3,2026-01-08T16:46:00.000Z
Louisville,Immediate,Daylen,Russell,Miami,DL,0.85,2026,3,2026-01-05T23:17:00.000Z
Iowa State,Immediate,Damarius,Russell,Washington State,S,0.85,2026,3,2026-01-05T23:15:00.000Z
Pittsburgh,Immediate,Keylen,Davis,Akron,IOL,0.85,2026,3,2026-01-08T23:48:00.000Z
,Withdrawn,Gavin,Willis,Charlotte,LB,,2026,,2026-01-06T19:01:00.000Z
California,Immediate,Rico,Walker,Purdue,TE,0.86,2026,3,2026-01-23T02:44:00.000Z
San José State,Immediate,Isaiah,Buxton,San Diego State,CB,0.86,2026,3,2026-01-11T00:54:00.000Z
Boston College,Immediate,Landon,Wright,Washington State,WR,0.86,2026,3,2026-01-13T03:57:00.000Z
Iowa State,Immediate,Malcolm,Jones,Jacksonville State,S,0.86,2026,3,2026-01-21T20:57:00.000Z
Georgia State,Immediate,Isaiah,Stone,LSU,WR,0.82,2026,3,2026-01-13T00:07:00.000Z
Vanderbilt,Immediate,Tyler,Ebel,South Dakota,P,,2026,,2026-01-07T20:41:00.000Z
,Immediate,Daniel,Taumoepeau,Eastern Washington,LB,,2026,3,2025-12-15T17:20:00.000Z
Oklahoma State,Immediate,Billy,Walton III,SMU,EDGE,0.86,2026,3,2026-01-07T17:50:00.000Z
Utah State,Immediate,Tyler,Masdea,Shippensburg,DL,0.84,2026,3,2026-01-26T01:33:00.000Z
The Citadel,Immediate,Trevor,Duncan,Tennessee,OT,0.85,2026,3,2026-03-03T04:44:00.000Z
,Immediate,Marko,Luera,New Mexico,IOL,,2026,3,2026-01-06T20:51:00.000Z
,Immediate,Jaylen,Jenkins,Texas State,RB,,2026,3,2025-12-14T18:51:00.000Z
,Immediate,Gekyle,Baker,TCU,WR,0.86,2026,3,2025-12-28T02:37:00.000Z
Alabama,Immediate,Caleb,Smith,Washington,DL,0.86,2026,3,2026-01-13T20:11:00.000Z
,Immediate,Javen,Johnson,Coastal Carolina,DL,,2026,,2026-01-06T20:52:00.000Z
,Immediate,Ja'Meer,Thomas,Syracuse,WR,,2026,3,2026-01-06T20:52:00.000Z
Georgia Southern,Immediate,Kam,Mikell,Colorado,WR,0.86,2026,3,2026-01-20T02:44:00.000Z
,Immediate,Yasir,Muhammad,UNLV,CB,,2026,3,2026-01-06T20:52:00.000Z
,Immediate,Emmett,Brown,Coastal Carolina,QB,,2026,3,2026-01-06T20:52:00.000Z
Duke,Immediate,Jonah,Burton,Idaho State,WR,0.86,2026,3,2026-03-23T05:00:00.000Z
,Immediate,Floyd,Williams,Missouri State,CB,,2026,,2025-12-15T17:47:00.000Z
South Carolina,Immediate,DJ,Black,UCF,WR,0.86,2026,3,2026-01-19T17:26:00.000Z
Middle Tennessee,Immediate,Trashun,Griffin,Troy,EDGE,,2026,3,2026-01-10T15:52:00.000Z
Pittsburgh,Immediate,Alex,Sanford Jr.,Purdue,LB,0.86,2026,3,2026-01-14T01:04:00.000Z
Duke,Immediate,Wilhelm,Daal II,Yale,RB,0.86,2026,3,2026-01-13T06:00:00.000Z
USC,Immediate,Carrington,Pierce,Oklahoma State,CB,0.8,2026,3,2025-12-14T21:32:00.000Z
Marshall,Immediate,Jamarion,Wilcox,Kentucky,RB,0.85,2026,3,2026-01-15T16:00:33.000Z
Miami (OH),Immediate,Mason,Ellens,Iowa State,CB,0.85,2026,3,2026-01-22T21:04:00.000Z
Liberty,Immediate,Izaiah,Guy,South Florida,CB,,2026,3,2026-01-11T17:29:00.000Z
,Immediate,Chizara,Alegbe,Wofford,IOL,,2026,,2025-12-15T18:21:00.000Z
,Immediate,Derek,Pennington,Western Michigan,LB,,2026,3,2026-01-06T20:56:00.000Z
Tennessee,Immediate,Chaz,Coleman,Penn State,EDGE,0.98,2026,5,2026-01-10T19:40:00.000Z
Arkansas,Immediate,Ben,Bogle,West Virginia,LB,0.87,2026,3,2026-01-11T20:00:00.000Z
Colorado,Immediate,Taj,White,Rutgers,OT,0.87,2026,3,2026-01-07T22:40:00.000Z
Florida State,Immediate,Ashton,Daniels,Auburn,QB,0.86,2026,3,2026-01-06T14:40:00.000Z
Wisconsin,Immediate,Cai,Bates,Florida State,CB,0.86,2026,3,2026-01-05T16:11:00.000Z
Marshall,Immediate,Owen,Sweeney,VMI,WR,,2026,,2026-01-05T19:37:00.000Z
,Immediate,Codie,Hornsby,Tulsa,IOL,,2026,,2026-01-05T19:48:00.000Z
San José State,Immediate,Luke,Weaver,Hawai'i,QB,,2026,3,2026-01-09T18:32:00.000Z
North Alabama,Immediate,Jaylon,Calhoun,App State,RB,,2026,3,2026-01-05T16:18:00.000Z
Coastal Carolina,Immediate,Daniel,Porto,Florida A&M,K,,2026,,2026-01-10T22:08:00.000Z
Memphis,Immediate,K.J.,Miles,Temple,DL,,2026,3,2026-01-07T18:00:38.000Z
,Immediate,Janier,Armstead,South Alabama,DL,,2026,,2025-12-12T12:58:00.000Z
,Immediate,Jackson,Biser,West Virginia,EDGE,,2026,,2025-12-12T14:47:00.000Z
Northern Illinois,Immediate,Mathias,Smith-Davis,Central State,EDGE,,2026,,2025-12-15T17:22:00.000Z
USC,Immediate,Lachlan,Carrigan,Memphis,P,,2026,,2026-01-09T02:51:13.000Z
,Immediate,Adom,LeDuc,Saginaw Valley State,EDGE,,2026,,2025-12-11T15:48:00.000Z
,Immediate,Reginald,Hughes,Colorado,LB,0.86,2026,3,2025-12-29T19:41:00.000Z
Wisconsin,Immediate,PJ,Wilkins,Ole Miss,IOL,0.86,2026,3,2026-01-07T21:32:00.000Z
South Florida,Immediate,Shamar,Meikle,Oregon State,EDGE,0.85,2026,3,2026-01-05T21:09:00.000Z
,Immediate,JJ,O'Neal,Missouri State,S,,2026,,2025-12-12T20:45:00.000Z
UConn,Immediate,Julian,Allen,Toledo,WR,0.82,2026,3,2026-01-24T07:57:00.000Z
Stephen F. Austin,Immediate,Larry,Jones III,New Mexico State,EDGE,,2026,3,2026-02-02T03:04:00.000Z
,Immediate,Zy'Terrio,Lee,Campbell,OT,,2026,,2026-01-13T18:42:00.000Z
UTRGV,Immediate,Jaydon,Smith,North Texas,S,,2026,3,2026-01-21T13:56:00.000Z
Eastern Washington,Immediate,Jordan,Pierro,Louisiana Tech,CB,,2026,3,2026-02-04T18:44:00.000Z
Austin Peay,Immediate,Hamilton,DiBoyan,South Alabama,K,,2026,,2026-01-25T21:50:00.000Z
Auburn,Immediate,Jacob,Strand,Oregon State,OT,0.88,2026,3,2026-01-15T19:00:00.000Z
Ole Miss,Immediate,Tah'j,Butler,Georgia Tech,LB,0.87,2026,3,2026-01-16T02:34:48.000Z
East Tennessee State,Immediate,Billy,Lyons,Florida Atlantic,TE,,2026,,2026-01-26T17:59:00.000Z
Georgia Tech,Immediate,Gavin,Harris,New Mexico State,TE,0.86,2026,3,2026-01-16T01:07:00.000Z
Duke,Immediate,Braden,Miller,California,OT,0.88,2026,3,2026-01-08T16:01:00.000Z
Georgia State,Immediate,Kelze,Howard,Oregon State,DL,,2026,4,2026-01-12T00:14:00.000Z
,Immediate,Josh,Alexander-Felton,NC State,DL,,2026,3,2025-12-12T17:46:00.000Z
Northern Colorado,Immediate,Marcus,Mozer,San Diego State,WR,,2026,3,2026-01-09T01:11:00.000Z
,Immediate,Tyrecus,Davis,Colorado,CB,,2026,3,2026-01-05T18:52:00.000Z
North Carolina,Immediate,Trech,Kekahuna,Wisconsin,WR,0.88,2026,3,2026-01-05T21:35:00.000Z
,Immediate,Jalil,Martin,Syracuse,S,,2026,3,2026-01-05T18:58:00.000Z
,Immediate,Damari,Jefferson,Western Kentucky,WR,,2026,,2026-01-05T19:17:00.000Z
Kansas State,Immediate,Robert,Hammond III,Toledo,K,,2026,,2026-01-07T20:31:00.000Z
,Immediate,Lo'Kavion,Jackson,Mississippi State,S,,2026,3,2025-12-15T17:25:00.000Z
,Immediate,Ferzell,Shepard,Mississippi State,WR,,2026,4,2025-12-15T17:25:00.000Z
,Immediate,Darius,Jones,Wake Forest,LB,,2026,3,2025-12-14T18:11:00.000Z
Oklahoma State,Immediate,James,Williams,Florida State,EDGE,0.87,2026,3,2026-01-09T15:51:00.000Z
Illinois,Immediate,Robert,Edmonson,Colorado State,LB,0.87,2026,3,2026-01-10T02:18:00.000Z
Wisconsin,Immediate,Marvin,Burks Jr.,Missouri,S,0.87,2026,3,2026-01-08T02:04:00.000Z
Louisville,Immediate,Tyler,Thompson,North Carolina,EDGE,0.87,2026,3,2026-01-08T23:37:00.000Z
Tennessee,Immediate,Xavier,Gilliam,Penn State,DL,0.94,2026,4,2026-01-09T00:50:00.000Z
Ole Miss,Immediate,Jehiem,Oatis,Colorado,DL,0.87,2026,3,2026-01-06T00:28:00.000Z
Oklahoma,Immediate,E'Marion,Harris,Arkansas,OT,0.93,2026,4,2026-01-05T19:07:00.000Z
Louisville,Immediate,Marquise,Davis,Missouri,RB,0.87,2026,3,2026-01-05T17:01:26.000Z
Syracuse,Immediate,Ju'Juan,Johnson,LSU,RB,0.87,2026,3,2026-01-06T15:25:00.000Z
Alabama,Immediate,Caleb,Woodson,Virginia Tech,LB,0.86,2026,3,2026-01-06T22:29:00.000Z
Minnesota,Immediate,Naquan,Crowder,Marshall,DL,0.86,2026,3,2026-01-05T21:57:00.000Z
Maryland,Immediate,Derrick,LeBlanc,UCF,DL,0.86,2026,3,2026-01-09T15:53:00.000Z
Penn State,Immediate,Omarion,Davis,Boston College,S,0.86,2026,3,2026-01-09T02:53:00.000Z
Virginia,Immediate,Devon,Baxter,Michigan,EDGE,0.86,2026,3,2026-01-11T01:31:00.000Z
Iowa State,Immediate,Cody,Jackson,Tarleton State,WR,0.86,2026,3,2026-01-05T03:30:00.000Z
Massachusetts,Immediate,Isaiah,Reed,UCF,CB,0.8,2026,3,2026-01-13T18:24:00.000Z
,Immediate,Zah'eed,Pierre,Eastern Michigan,CB,,2026,3,2026-01-12T23:27:00.000Z
,Immediate,Leyton,Nelson,Wisconsin,OT,,2026,3,2026-01-17T05:26:00.000Z
Kentucky,Immediate,Nic,Anderson,LSU,WR,0.88,2026,3,2026-01-14T16:22:00.000Z
Tulsa,Immediate,David,Wells Jr.,Oregon State,WR,0.87,2026,3,2026-01-13T18:45:00.000Z
Portland State,Immediate,Darius,Bailey,Puget Sound,WR,0.82,2026,3,2026-01-21T22:51:00.000Z
Toledo,Immediate,Rico,Bond,Lindenwood,WR,0.86,2026,3,2026-01-21T03:17:00.000Z
Duke,Immediate,Walker,Eget,San José State,QB,0.86,2026,3,2026-01-26T02:06:00.000Z
Northwestern,Immediate,Gavin,Sawchuk,Florida State,RB,0.86,2026,3,2026-01-19T17:30:00.000Z
Southwest Mississippi C.C.,Immediate,Bernard,Lackey Jr.,East Carolina,S,,2026,,2026-02-12T04:02:00.000Z
Nevada,Immediate,Luke,Duncan,UCLA,QB,,2026,3,2026-01-07T22:12:00.000Z
South Dakota,Immediate,Ethan,Carrier,Minnesota,S,,2026,,2026-01-09T16:10:00.000Z
UTEP,Immediate,Elijah,Fields,Stephen F. Austin,DL,,2026,,2026-01-12T16:30:00.000Z
North Dakota,Immediate,Cameron,Weir,Washington State,WR,,2026,,2026-01-09T06:01:00.000Z
,Immediate,Josiah,Davis,Florida,S,,2026,3,2025-12-15T17:10:00.000Z
Missouri,Immediate,Luke,Work,Mississippi State,OT,0.89,2026,3,2026-01-07T22:34:00.000Z
Texas A&M,Immediate,Angelo,McCullom,Illinois,DL,0.88,2026,3,2026-01-11T19:50:00.000Z
Vanderbilt,Immediate,Ja'Cory,Thomas,Old Dominion,WR,0.9,2026,4,2026-01-12T19:08:00.000Z
Kansas State,Immediate,Joshua,Manning,Missouri,WR,0.87,2026,3,2026-01-07T20:46:00.000Z
Iowa State,Immediate,Carter,Pabst,Washington State,WR,0.85,2026,3,2026-01-06T16:03:00.000Z
Arkansas,Immediate,Josiah,Clemons,Memphis,IOL,0.85,2026,3,2026-01-09T14:31:00.000Z
,Withdrawn,Horace,Lockett,UCF,DL,0.87,2026,3,2026-01-05T21:39:36.000Z
Nebraska,Immediate,Owen,Chambliss,San Diego State,LB,0.87,2026,3,2026-01-06T01:57:00.000Z
Northwestern,Immediate,David,Anchondo,Saginaw Valley State,OT,0.84,2026,3,2025-12-11T17:52:00.000Z
Cincinnati,Immediate,Cole,Tabb,Stanford,RB,0.85,2026,3,2026-01-05T19:04:00.000Z
Vanderbilt,Immediate,Talan,Carter,Jacksonville State,DL,0.85,2026,3,2026-01-05T19:57:00.000Z
,Withdrawn,Vince,Fiacable,Florida Atlantic,IOL,0.86,2026,3,2026-01-12T10:37:38.000Z
Oklahoma State,Immediate,Evan,Jackson,North Texas,S,0.86,2026,3,2026-01-05T21:07:00.000Z
Colorado,Immediate,Ezra,Christensen,New Mexico State,DL,0.86,2026,3,2026-01-10T06:00:20.000Z
Arizona State,Immediate,Lyrik,Rawls,Kansas,S,0.86,2026,3,2026-01-08T20:35:00.000Z
Michigan State,Immediate,Cam,Edwards,UConn,RB,0.86,2026,3,2026-01-07T17:35:00.000Z
NC State,Immediate,Jimarion,McCrimon,East Carolina,OT,0.86,2026,3,2026-01-05T22:50:00.000Z
Wisconsin,Immediate,Blake,Cherry,Arkansas,OT,0.86,2026,3,2026-01-06T15:24:00.000Z
South Carolina,Immediate,Quay'sheed,Scott,Kentucky,CB,0.86,2026,3,2026-01-09T00:11:00.000Z
UCLA,Immediate,Anthony,Sacca,Notre Dame,LB,0.86,2026,3,2026-01-11T15:19:00.000Z
UCF,Immediate,Alonza,Barnett III,James Madison,QB,0.86,2026,3,2026-01-04T20:01:00.000Z
Oklahoma State,Immediate,Fatafehi,Vailea II,North Texas,DL,0.85,2026,3,2026-01-05T20:58:00.000Z
Illinois,Immediate,Alex,Perry,Florida International,WR,0.86,2026,3,2026-01-08T16:32:00.000Z
Kentucky,Immediate,Max,Anderson,Tennessee,IOL,0.86,2026,3,2026-01-06T16:44:00.000Z
Cincinnati,Immediate,Damaine,Wilson,Georgia State,LB,0.85,2026,3,2026-01-08T21:21:27.000Z
Oregon State,Immediate,Ish,Findlayter,Duquesne,DL,0.85,2026,3,2026-01-08T21:58:12.000Z
Furman,Immediate,Connor,Ackerley,Western New Mexico,QB,0.82,2026,3,2026-01-07T23:43:00.000Z
Lamar,Immediate,DeMone,Green,Rice,DL,,2026,3,2026-01-23T05:54:00.000Z
,Immediate,Juwon,Gaston,Middle Tennessee,S,,2026,3,2026-01-13T22:34:00.000Z
Tennessee,Immediate,Ian,Duarte,Idaho State,WR,0.85,2026,3,2026-01-25T17:39:00.000Z
California,Immediate,Emmanuel,Okoye,Tennessee,EDGE,0.86,2026,3,2026-01-17T16:06:00.000Z
Texas State,Immediate,Chancellor,Owens,Arizona,DL,0.85,2026,3,2026-01-12T22:46:00.000Z
Coastal Carolina,Immediate,Clayton,Coppock,Kennesaw State,WR,0.85,2026,3,2026-01-15T00:17:00.000Z
Southern Miss,Immediate,Toby,Mealer,Louisiana Tech,IOL,,2026,3,2026-01-07T15:06:00.000Z
Cal Poly,Immediate,Nicholas,Fernandez,UTRGV,DL,,2026,3,2026-01-26T20:59:00.000Z
Louisville,Immediate,Kaleb,Beasley,Tennessee,S,0.86,2026,3,2026-01-13T04:00:00.000Z
Southern Miss,Immediate,Brandon,Hood,Massachusetts,RB,0.84,2026,3,2026-01-19T21:19:00.000Z
,Immediate,Gary,Givens III,Northern Illinois,WR,,2026,,2025-12-25T03:12:00.000Z
,Immediate,Jarrett,Reeser,Boise State,P,,2026,,2025-12-25T04:12:00.000Z
,Immediate,Skyler,Sholder,Delaware,K,,2026,,2025-12-25T20:12:00.000Z
,Immediate,Josh,Flowers,Arkansas State,QB,,2026,3,2025-12-27T05:05:00.000Z
North Texas,Immediate,Steven,Curtis,Minnesota,DL,,2026,3,2026-01-12T00:39:00.000Z
,Immediate,Giovanni,Adopte,Gardner-Webb,WR,,2026,3,2025-12-16T17:04:00.000Z
New Mexico,Immediate,Jalen,Charles,Memphis,EDGE,,2026,3,2026-01-05T22:17:00.000Z
Abilene Christian,Immediate,Wes,Tucker,Baylor,IOL,,2026,3,2026-01-10T16:29:00.000Z
,Immediate,Tonga,Lolohea,Baylor,DL,,2026,3,2025-12-10T17:26:00.000Z
Iowa,Immediate,Trent,Wilson,James Madison,IOL,0.85,2026,3,2026-01-08T14:13:00.000Z
Charlotte,Immediate,Devin,Ancrum,North Carolina,DL,0.85,2026,3,2026-01-10T16:12:00.000Z
Louisville,Immediate,Brody,Foley,Tulsa,TE,0.92,2026,4,2026-01-07T03:33:00.000Z
,Immediate,Damarrion,White,Fresno State,EDGE,,2026,3,2025-12-19T05:57:00.000Z
,Withdrawn,Alvon,Isaac,South Florida,RB,0.85,2026,3,2026-01-04T16:28:47.000Z
LSU,Immediate,Raycine,Guillory,Utah,RB,0.85,2026,3,2026-01-05T17:20:00.000Z
UCLA,Immediate,Riley,Robell,James Madison,IOL,0.88,2026,3,2026-01-05T22:24:00.000Z
Auburn,Immediate,Keshaun,Singleton,South Florida,WR,0.87,2026,3,2026-01-09T16:11:00.000Z
Clemson,Immediate,Elliot,Washington II,Penn State,CB,0.87,2026,3,2026-01-05T16:00:00.000Z
Ole Miss,Immediate,Cameron,Miller,Kentucky,WR,0.87,2026,3,2026-01-12T16:10:00.000Z
Oklahoma State,Immediate,Maurion,Horn,Texas Tech,CB,0.86,2026,3,2026-01-06T23:18:00.000Z
UCF,Immediate,Dean,Miller,Kansas,EDGE,0.86,2026,3,2026-06-22T11:59:00.000Z
,Withdrawn,Derek,Williams Jr.,Texas,S,0.86,2026,3,2026-01-07T03:27:44.000Z
Auburn,Immediate,Chas,Nimrod,South Florida,WR,0.86,2026,3,2026-01-07T14:29:08.000Z
North Dakota State,Immediate,Kene,Anene,Kansas,IOL,0.85,2026,3,2026-01-05T15:56:00.000Z
TCU,Immediate,Michael,Short,Virginia Tech,LB,0.86,2026,3,2026-01-05T22:43:00.000Z
Middle Tennessee,Immediate,La'Garrius,Sims,East Central,EDGE,,2026,,2026-01-21T03:16:00.000Z
Iowa State,Immediate,Braden,Awls,Toledo,S,0.86,2026,3,2026-01-06T16:45:00.000Z
Arkansas,Immediate,Christian,Harrison,Cincinnati,S,0.86,2026,3,2026-01-04T14:36:00.000Z
North Texas,Immediate,Henry,Fenuku,Missouri,IOL,0.86,2026,3,2026-01-06T23:07:00.000Z
Auburn,Immediate,Gavin,Jenkins,South Florida,CB,0.86,2026,3,2026-01-05T19:11:00.000Z
UCF,Immediate,Thomas,Collins,Oregon State,DL,0.86,2026,3,2026-01-10T02:12:00.000Z
Middle Tennessee,Immediate,Hogan,Wasson,Central Missouri,WR,0.82,2026,3,2026-01-09T18:31:00.000Z
Pittsburgh,Immediate,Eliyt,Nairne,Tulane,DL,0.85,2026,3,2026-01-11T18:50:00.000Z
Illinois,Immediate,William,Holmes,Utah State,EDGE,0.86,2026,3,2026-01-08T16:32:00.000Z
Purdue,Immediate,Rodney,Lora,UCF,DL,0.86,2026,3,2026-01-08T22:01:00.000Z
Oklahoma State,Immediate,Keviyan,Huddleston,North Texas,EDGE,0.86,2026,3,2026-01-05T18:50:00.000Z
Alabama,Immediate,Kaden,Strayhorn,Michigan,IOL,0.86,2026,3,2026-01-07T00:22:00.000Z
Iowa,Immediate,Kahmari,Brown,Elon,EDGE,0.86,2026,3,2026-01-06T17:58:00.000Z
Tulane,Immediate,Justin,Agu,Louisville,CB,0.86,2026,3,2026-01-16T23:47:00.000Z
New Mexico State,Immediate,Mark,Chapman,Columbia,IOL,0.82,2026,3,2026-01-12T23:34:00.000Z
Utah State,Immediate,Rex,Haynes,Arizona,WR,0.82,2026,3,2026-01-11T19:43:00.000Z
Fresno State,Immediate,Darrian,Anderson,Oregon,WR,0.82,2026,3,2026-02-04T21:32:00.000Z
Bowling Green,Immediate,Timothy,Taylor Jr.,Jacksonville State,DL,0.8,2026,3,2026-01-17T21:14:00.000Z
East Tennessee State,Immediate,Reed,Blake-Thomas,Eastern Illinois,LB,,2026,2,2026-01-22T14:32:00.000Z
Florida A&M,Immediate,Caden,Brown,Syracuse,EDGE,,2026,3,2026-02-02T01:36:00.000Z
,Withdrawn,Fitzgerald,West Jr.,Louisiana,DL,,2026,3,2026-01-20T21:26:00.000Z
,Immediate,Choe,Bryant-Strother,BYU,EDGE,,2026,3,2026-01-16T15:17:00.000Z
Stephen F. Austin,Immediate,Chauncey,Davis,Colorado State,CB,,2026,3,2026-01-13T18:51:00.000Z
Cal Poly,Immediate,Gavin,Nelson,Sacramento State,TE,,2026,,2026-02-04T03:12:00.000Z
Cal Poly,Immediate,Payton,Hoff,Grambling,LS,,2026,,2026-02-04T03:15:00.000Z
Arkansas State,Immediate,Daniel,Vuckovic,Northern Illinois,P,,2026,,2026-01-14T17:25:00.000Z
Eastern Kentucky,Immediate,Chenellson,Exume,Florida Atlantic,DL,,2026,3,2026-01-20T14:03:00.000Z
LSU,Immediate,Princewill,Umanmielen,Ole Miss,EDGE,0.98,2026,5,2026-01-15T23:55:00.000Z
,Withdrawn,Arion,Carter,Tennessee,LB,0.93,2026,4,2026-01-16T23:31:00.000Z
NC State,Immediate,Popo,Aguirre,Miami,LB,0.89,2026,3,2026-01-25T17:51:00.000Z
West Virginia,Immediate,Tobi,Haastrup,Oregon,EDGE,0.87,2026,3,2026-01-16T22:58:00.000Z
Auburn,Immediate,Tae,Meadows,Troy,RB,0.86,2026,3,2026-01-23T01:33:00.000Z
Delaware,Immediate,Kaderris,Roberts,Bowling Green,RB,0.86,2026,3,2026-01-18T19:14:00.000Z
Northwestern State,Immediate,Jamal,Cooney,Dartmouth,WR,,2026,3,2026-01-31T21:37:00.000Z
East Tennessee State,Immediate,Ayden,Guess,Northeastern State,EDGE,,2026,,2026-01-26T18:13:00.000Z
Youngstown State,Immediate,Lynn,Wyche-El,Grand Valley State,WR,0.82,2026,3,2026-01-18T05:42:00.000Z
Florida State,Immediate,Conor,McAneney,Quincy,K,0.8,2026,3,2026-01-16T23:02:00.000Z
Toledo,Immediate,Kari,Jackson,Penn State,LB,0.85,2026,3,2026-01-18T05:58:00.000Z
South Florida,Immediate,Lawson,Thorn,Wingate,K,,2026,,2026-01-13T19:07:00.000Z
New Mexico State,Immediate,Myles,Libman,Stanford,WR,,2026,3,2026-01-11T21:24:00.000Z
,Withdrawn,Eli,Samples,Charlotte,OT,,2026,,2026-01-09T18:31:00.000Z
Temple,Immediate,JaMair,Diaz,Sam Houston,LB,,2026,,2026-01-06T15:51:00.000Z
Indiana State,Immediate,Willy,Suarez,Florida State,WR,,2026,,2026-01-08T12:54:00.000Z
Texas A&M,Immediate,Isaiah,Horton,Alabama,WR,0.96,2026,4,2026-01-11T23:05:00.000Z
SMU,Immediate,Yannick,Smith,East Carolina,WR,0.92,2026,4,2026-01-05T15:17:00.000Z
Northwestern,Immediate,Aidan,Chiles,Michigan State,QB,0.9,2026,4,2026-01-07T02:28:22.000Z
Michigan,Immediate,Jaime,Ffrench Jr.,Texas,WR,0.87,2026,3,2026-01-11T20:09:00.000Z
Syracuse,Immediate,Elijah,Moore,Florida State,WR,0.86,2026,3,2026-01-09T18:36:00.000Z
Baylor,Immediate,Kamren,Washington,Texas State,DL,0.86,2026,3,2026-01-06T03:38:39.000Z
Wake Forest,Immediate,KD,Daniels,Florida,RB,0.86,2026,3,2026-01-05T22:13:00.000Z
Mississippi State,Immediate,LJ,Prudhomme,Arkansas,IOL,0.86,2026,3,2026-01-09T18:05:00.000Z
Georgia,Immediate,Braylon,Conley,USC,CB,0.86,2026,3,2026-01-08T19:04:00.000Z
Auburn,Immediate,Christian,Neptune,South Florida,WR,0.86,2026,3,2026-01-04T23:23:00.000Z
Penn State,Immediate,Kooper,Ebel,Iowa State,LB,0.86,2026,3,2026-01-05T02:28:00.000Z
Arizona State,Immediate,Luke,Baklenko,Oklahoma,OT,0.86,2026,3,2026-01-10T15:05:00.000Z
North Texas,Immediate,C.J.,Coombes,Wofford,S,0.85,2026,3,2026-01-06T15:02:00.000Z
NC State,Immediate,Chance,Robinson,Miami,WR,0.86,2026,3,2026-01-09T16:53:21.000Z
Ohio State,Immediate,Devin,McCuin,UTSA,WR,0.86,2026,3,2026-01-07T17:29:00.000Z
UCLA,Immediate,Dylan,Lee,Iowa State,RB,0.86,2026,3,2026-01-06T12:02:00.000Z
Iowa State,Immediate,Sullivan,Schlimgen,Washington State,LB,0.86,2026,3,2026-01-06T03:00:00.000Z
Auburn,Immediate,Locklan,Hewlett,South Florida,QB,0.85,2026,3,2026-01-03T17:24:00.000Z
Liberty,Immediate,Alex,Birchmeier,Penn State,IOL,0.85,2026,3,2026-01-05T22:36:00.000Z
Wake Forest,Immediate,Tolu,Olajide,New Hampshire,OT,0.85,2026,3,2026-01-06T19:50:29.000Z
Ohio State,Immediate,Terry,Moore,Duke,S,0.94,2026,4,2026-01-12T20:07:00.000Z
New Mexico State,Immediate,Ilya,Uvaydov,Utah Tech,K,,2026,,2026-01-12T18:47:00.000Z
UAB,Immediate,Chris,Spencer,Old Dominion,DL,0.82,2026,3,2026-01-16T22:47:00.000Z
UL Monroe,Immediate,Abram,Murray,California,K,0.8,2026,3,2026-01-22T22:09:00.000Z
San José State,Immediate,Brian,Tapu,Nebraska,OT,0.86,2026,3,2026-01-21T19:49:00.000Z
Cal Poly,Immediate,Ray,Hall,Western Michigan,WR,,2026,,2026-02-05T03:18:00.000Z
Mississippi State,Immediate,Mario,Nash Jr.,Florida State,OT,0.86,2026,3,2026-01-06T23:43:00.000Z
East Tennessee State,Immediate,Mason,Mims,Louisville,QB,,2026,3,2026-01-19T16:10:00.000Z
,Withdrawn,MJ,Stroud,Georgia Southern,EDGE,,2026,3,2026-01-14T21:15:09.000Z
,Immediate,Brayden,Ramey,South Alabama,OT,,2026,3,2026-01-15T02:10:00.000Z
Michigan,Immediate,Aisea,Moa,Michigan State,LB,0.86,2026,3,2026-01-17T15:55:00.000Z
Western Michigan,Immediate,Austin,Alexander,North Carolina,EDGE,0.86,2026,3,2026-01-21T16:23:00.000Z
Georgia State,Immediate,Gage,Stanaland,Oklahoma State,IOL,,2026,3,2026-01-06T18:34:05.000Z
East Tennessee State,Immediate,Brandon,Winton,South Florida,WR,,2026,3,2026-01-09T18:22:00.000Z
Portland State,Immediate,Gio,Kafentzis,Utah State,S,,2026,3,2026-01-07T19:24:00.000Z
,Withdrawn,Jayden,Woods,Florida,EDGE,0.96,2026,4,2026-01-08T03:09:44.000Z
Texas Tech,Immediate,Mateen,Ibirogba,Wake Forest,DL,0.96,2026,4,2026-01-07T15:41:03.000Z
Arizona State,Immediate,Reed,Harris,Boston College,WR,0.94,2026,4,2026-01-08T00:46:00.000Z
Utah,Immediate,Braden,Pegan,Utah State,WR,0.92,2026,4,2026-01-07T21:53:00.000Z
Texas Tech,Immediate,Adam,Trick,Miami (OH),EDGE,0.9,2026,4,2026-01-07T18:11:00.000Z
Kentucky,Immediate,Jordan,Castell,Florida,S,0.87,2026,3,2026-01-08T04:04:00.000Z
Kansas,Immediate,Yasin,Willis,Syracuse,RB,0.86,2026,3,2026-01-07T15:37:00.000Z
Kennesaw State,Immediate,Tony,Williams,UCF,S,0.86,2026,3,2026-01-11T20:07:00.000Z
Temple,Immediate,Jayce,Freeman,Stony Brook,WR,0.86,2026,3,2026-01-07T15:52:00.000Z
Cincinnati,Immediate,Thomas,Johnson,North Carolina Central,EDGE,0.86,2026,3,2026-01-09T18:03:00.000Z
Maryland,Immediate,Harry,Dalton III,USC,RB,0.86,2026,3,2026-01-06T18:36:00.000Z
South Carolina,Immediate,Carter,Miller,UCF,IOL,0.86,2026,3,2026-01-06T21:29:00.000Z
Utah,Immediate,Kyri,Shoels,San José State,WR,0.86,2026,3,2026-01-08T02:38:00.000Z
Arkansas,Immediate,Steven,Soles Jr.,Kentucky,LB,0.86,2026,3,2026-01-07T21:09:00.000Z
Texas Tech,Immediate,Jojo,Johnson,Oregon State,DL,0.86,2026,3,2026-01-07T02:34:18.000Z
Alabama,Immediate,Kedrick,Bingley-Jones,Mississippi State,DL,0.86,2026,3,2026-01-12T02:15:00.000Z
Kentucky,Immediate,Cyrus,Reyes,Mississippi State,S,0.85,2026,3,2026-01-11T03:34:00.000Z
South Carolina State,Immediate,Zayveon,Wells,Western Carolina,S,0.8,2026,3,2026-02-04T23:48:00.000Z
Miami,Immediate,Damon,Wilson II,Missouri,EDGE,0.97,2026,4,2026-01-22T20:09:00.000Z
UCF,Immediate,TJ,Branch,Colorado,S,0.85,2026,3,2026-01-15T16:36:00.000Z
UNLV,Immediate,Jackson,Brown,Pittsburgh,IOL,0.85,2026,3,2026-01-15T22:58:00.000Z
Texas Southern,Immediate,Daveon,Walker,Alabama A&M,WR,0.85,2026,3,2026-01-21T02:35:00.000Z
Stephen F. Austin,Immediate,Jayden,Fortier,Arizona State,TE,0.85,2026,3,2026-01-13T13:00:00.000Z
Georgia Tech,Immediate,Tim,Griffin,Cincinnati,DL,0.85,2026,3,2026-01-15T20:18:00.000Z
Sacramento State,Immediate,Cincere,Rhaney,San Diego State,RB,0.85,2026,3,2026-01-14T00:45:00.000Z
UConn,Immediate,Rickey,Williams,Toledo,LB,0.85,2026,3,2026-01-24T17:34:00.000Z
Baylor,Immediate,Austin,Ausberry,LSU,S,0.85,2026,3,2026-01-19T02:50:24.000Z
Youngstown State,Immediate,Conlan,Greene,Temple,DL,,2026,2,2026-01-11T02:26:00.000Z
Kentucky,Immediate,Elijah,Barnes,Texas,LB,0.9,2026,4,2026-01-11T03:34:00.000Z
Iowa State,Immediate,Evan,Boyd,Michigan State,WR,0.85,2026,3,2026-01-09T20:58:00.000Z
UCF,Immediate,Jailen,Duffie,North Dakota State,CB,0.85,2026,3,2026-01-08T03:32:00.000Z
Clemson,Immediate,Corey,Myrick,Southern Miss,S,0.85,2026,3,2026-01-07T15:37:00.000Z
Georgia State,Immediate,Deuce,Lee,Monmouth,S,0.85,2026,3,2026-01-07T21:28:29.000Z
Oklahoma State,Immediate,Kanijal,Thomas,Kansas State,CB,0.85,2026,3,2026-01-05T05:38:09.000Z
East Carolina,Immediate,Brandon,Best,Kennesaw State,IOL,0.85,2026,3,2026-01-10T02:58:00.000Z
Colorado,Immediate,Naeten,Mitchell,New Mexico State,S,0.85,2026,3,2026-01-05T03:52:12.000Z
West Virginia,Immediate,Isaiah,Patterson,UNLV,LB,0.85,2026,3,2026-01-05T01:23:00.000Z
Wisconsin,Immediate,Lucas,Simmons,Florida State,OT,0.85,2026,3,2026-01-07T14:16:00.000Z
Washington,Immediate,DeSean,Watts,Sacramento State,DL,0.85,2026,3,2026-01-06T20:25:00.000Z
South Florida,Immediate,Amarion,Fortenberry,Kansas State,CB,0.85,2026,3,2026-01-11T17:07:00.000Z
Mississippi State,Immediate,Isaiah,Dent,Oklahoma,OT,0.86,2026,3,2026-01-12T16:54:00.000Z
North Texas,Immediate,Josiah,Martin,Oklahoma,WR,,2026,3,2026-01-09T22:19:00.000Z
Central Michigan,Immediate,Donavan,Philord,Campbell,CB,,2026,3,2026-01-09T21:28:00.000Z
Central Michigan,Immediate,Trevor,Swan,Georgetown,OT,,2026,,2026-01-09T21:35:00.000Z
Central Michigan,Immediate,Losini,Maka,Georgetown,IOL,,2026,,2026-01-09T21:40:00.000Z
Central Michigan,Immediate,Jayden,Clerveaux,Holy Cross,RB,,2026,,2026-01-09T22:03:00.000Z
Wyoming,Immediate,Nathan,Curry,North Alabama,LS,,2026,,2026-01-09T21:58:00.000Z
Michigan State,Immediate,Kenneth,Williams,Nebraska,RB,0.85,2026,3,2026-01-18T01:13:00.000Z
Purdue,Immediate,Dee,Newsome,Samford,CB,0.85,2026,3,2026-01-11T13:59:00.000Z
,Withdrawn,Jack,Foster,Nevada,OT,0.85,2026,3,2026-01-06T20:04:00.000Z
Syracuse,Immediate,Danny,Lauter,Georgetown,QB,0.84,2026,3,2026-01-16T11:45:00.000Z
Duke,Immediate,Nick,Del Grande,Coastal Carolina,OT,0.85,2026,3,2026-01-05T20:10:00.000Z
Houston,Immediate,Tyson,Turner,Texas Tech,WR,0.85,2026,3,2026-01-10T16:43:00.000Z
Memphis,Immediate,Harrison,Tuck,Alabama State,P,0.83,2026,3,2026-01-21T23:03:00.000Z
Purdue,Immediate,Wisdom,Simms,North Carolina Central,DL,0.85,2026,3,2026-01-04T22:49:00.000Z
Rutgers,Immediate,Everett,Small,Eastern Michigan,OT,0.85,2026,3,2026-01-09T21:03:00.000Z
Purdue,Immediate,Fame,Ijeboi,Minnesota,RB,0.85,2026,3,2026-01-09T23:26:00.000Z
Utah State,Immediate,David,Kabongo,Oklahoma State,S,0.85,2026,3,2026-01-08T17:46:00.000Z
Wisconsin,Immediate,James,Roe,Toledo,LS,0.8,2026,3,2026-01-13T20:23:00.000Z
Mercer,Immediate,Jeremy,Richardson,Shorter,S,0.83,2026,3,2026-01-13T02:44:00.000Z
North Texas,Immediate,Keshawn,Davila,Arkansas,CB,0.85,2026,3,2026-01-07T23:11:00.000Z
Louisville,Immediate,Johnnie,Brown III,Georgia Southern,IOL,0.85,2026,3,2026-01-07T02:29:10.000Z
Nevada,Immediate,Ethan,Newman,Memphis,IOL,0.85,2026,3,2026-01-09T16:10:00.000Z
East Tennessee State,Immediate,Tommy,Winton III,Tennessee,WR,,2026,3,2026-01-14T19:00:00.000Z
Northern Arizona,Immediate,Carter,Lavrusky,Kansas,OT,,2026,3,2026-01-13T23:29:00.000Z
Kentucky,Immediate,Tegra,Tshabola,Ohio State,IOL,0.93,2026,4,2026-01-12T21:32:00.000Z
Memphis,Immediate,Michael,Montgomery,Southern Miss,LB,0.85,2026,3,2026-01-05T18:07:00.000Z
Boston College,Immediate,Veguer,Jean-Jumeau,Tennessee State,OT,0.85,2026,3,2026-01-11T16:34:00.000Z
Rhode Island,Immediate,Tyler,Budge,Georgia Southern,QB,,2026,2,2026-01-12T01:29:00.000Z
Northwestern,Immediate,Jackson,Kleather,Bowling Green,K,,2026,2,2026-01-10T00:35:50.000Z
San José State,Immediate,Aizik,Mahuka,Weber State,LB,,2026,3,2026-01-11T03:12:00.000Z
Purdue,Immediate,Kylan,Fox,UCF,TE,0.86,2026,3,2026-01-11T23:02:00.000Z
Wisconsin,Immediate,Jake,Anderson,Illinois State,DL,0.86,2026,3,2026-01-09T20:27:00.000Z
Walsh,Immediate,Brendan,Zurbrugg,Utah,QB,,2026,3,2026-02-02T01:07:00.000Z
East Tennessee State,Immediate,Sam,Browder,Memphis,OT,,2026,3,2026-01-16T21:16:00.000Z
East Tennessee State,Immediate,Trey,Weary,Tennessee,WR,,2026,,2026-01-17T17:15:00.000Z
Southern Utah,Immediate,Lamason,Waller III,BYU,WR,,2026,3,2026-01-13T03:56:00.000Z
,Immediate,Jaxon,Lee,Tulsa,EDGE,,2026,3,2026-01-16T15:58:00.000Z
South Carolina State,Immediate,Marquis,Lane-Owens,App State,LB,,2026,,2026-01-17T19:59:00.000Z
Ohio State,Immediate,James,Smith,Alabama,DL,0.94,2026,4,2026-01-13T00:43:00.000Z
Maryland,Immediate,Tellek,Lockette,Texas State,IOL,0.86,2026,3,2026-01-21T21:06:00.000Z
UAB,Immediate,Marlin,Dean,Georgia State,EDGE,0.86,2026,3,2026-01-13T18:23:00.000Z
Kansas State,Immediate,Tyler,Johnson,Auburn,OT,0.86,2026,3,2026-01-19T03:22:00.000Z
Kansas,Immediate,Kevin,Oatis,Arkansas,DL,0.86,2026,3,2026-01-12T22:29:31.000Z
Colorado,Immediate,Sean,Kinney,Lafayette,IOL,0.86,2026,3,2026-01-16T15:51:00.000Z
Penn State,Immediate,Tyshon,Huff,Tiffin University,IOL,0.83,2026,3,2026-01-13T01:35:00.000Z
James Madison,Immediate,Davi,Belfort,UCF,QB,0.83,2026,3,2026-01-13T02:03:00.000Z
UConn,Immediate,Jayden,Davis,Fresno State,S,0.83,2026,3,2026-01-24T08:05:00.000Z
Oklahoma,Immediate,Fred,Hinton,Eastern Kentucky,OT,0.83,2026,3,2026-01-31T22:16:00.000Z
Tulsa,Immediate,Jayden,Madkins,Louisiana Tech,DL,0.83,2026,3,2026-01-15T20:49:00.000Z
,Immediate,Ryan,Harris,Washington State,K,0.83,2026,3,2026-01-13T01:51:00.000Z
Austin Peay,Immediate,William,Wiebush,Wake Forest,S,0.83,2026,3,2026-01-23T19:16:00.000Z
Arkansas,Immediate,Ja'Quavion,Smith,Howard,LB,0.85,2026,3,2026-01-05T21:29:00.000Z
Arizona State,Immediate,Caleb,Chester,Texas,CB,0.85,2026,3,2026-01-04T23:19:00.000Z
UTSA,Immediate,James,Madison II,Missouri,WR,0.85,2026,3,2026-01-08T18:21:00.000Z
Syracuse,Immediate,Ahmad,Miller,Jackson State,RB,0.85,2026,3,2026-01-08T04:07:00.000Z
South Carolina,Immediate,Hank,Purvis,Purdue,IOL,0.85,2026,3,2026-01-06T22:39:00.000Z
LSU,Immediate,Josh,Jackson,McNeese,WR,0.85,2026,3,2026-01-09T18:10:00.000Z
Penn State,Immediate,Will,Tompkins,Iowa State,OT,0.85,2026,3,2026-01-04T03:13:00.000Z
South Florida,Immediate,Israel,Boyce,West Virginia,S,0.85,2026,3,2026-01-05T18:45:00.000Z
Kentucky,Immediate,JacQai,Long,Marshall,QB,0.84,2026,3,2026-01-12T01:13:00.000Z
Massachusetts,Immediate,Joshua,Iseah,North Carolina A&T,LB,0.83,2026,3,2026-01-11T02:10:00.000Z
Cincinnati,Immediate,Malachi,Henry,Central Arkansas,WR,0.83,2026,3,2026-01-09T20:56:00.000Z
New Mexico,Immediate,Bear,Tenney,Sacramento State,TE,0.85,2026,3,2026-02-05T16:08:00.000Z
Kennesaw State,Immediate,Precious,Ekeh,Central Connecticut,IOL,0.85,2026,3,2026-01-21T17:54:00.000Z
Middle Tennessee,Immediate,Trevaris,Edwards,West Florida,IOL,0.83,2026,3,2026-01-10T02:02:00.000Z
Bowling Green,Immediate,Ke'Marion,Baldwin,Charleston Southern,RB,0.85,2026,3,2026-01-13T19:48:00.000Z
Georgia State,Immediate,Jordan,Brown,Arizona,OT,0.85,2026,3,2026-01-13T00:13:00.000Z
Ole Miss,Immediate,Joshua,Dye,Southern Utah,RB,0.82,2026,3,2026-01-18T21:26:00.000Z
Tennessee Tech,Immediate,Malaki,Pegues,Troy,DL,,2026,3,2026-02-04T21:48:00.000Z
,Immediate,Dennis,Moody,North Texas,RB,,2026,,2026-01-13T15:10:00.000Z
Wisconsin,Immediate,DeNigel,Cooper,App State,DL,0.86,2026,3,2026-01-16T15:35:00.000Z
,Withdrawn,Chase,Hatton,Marist,S,0.85,2026,3,2026-01-13T16:47:20.000Z
UConn,Immediate,Zion,Paret,Florida Atlantic,CB,0.85,2026,3,2026-01-22T22:29:00.000Z
Ferris State,Immediate,Rashawn,Rogers,Michigan State,OT,,2026,,2026-01-09T22:14:00.000Z
Hawai'i,Immediate,Audric,Harris,Washington,WR,,2026,3,2026-01-09T22:03:00.000Z
West Georgia,Immediate,Luke,Marble,South Dakota State,QB,,2026,2,2026-01-10T01:43:00.000Z
Penn State,Immediate,Keith,Jones Jr.,Grambling,WR,0.86,2026,3,2026-01-12T16:00:00.000Z
Rutgers,Immediate,Bradlee,Jones,The Citadel,CB,0.86,2026,3,2026-01-10T00:55:00.000Z
,Immediate,Sione,Perkins,Iowa State,OT,0.85,2026,3,2025-12-20T20:48:00.000Z
Boston College,Immediate,Christian,Hudson,Colorado,DL,0.85,2026,3,2026-01-11T00:28:00.000Z
Kentucky,Immediate,Jesse,Anderson,Pittsburgh,S,0.85,2026,3,2026-01-09T19:43:00.000Z
West Virginia,Immediate,Amare,Grayson,Jacksonville State,IOL,0.85,2026,3,2026-01-10T23:34:00.000Z
Penn State,Immediate,Armstrong,Nnodim,Oklahoma State,DL,0.85,2026,3,2026-01-06T17:00:00.000Z
Virginia Tech,Immediate,Marlion,Jackson,Louisiana Tech,WR,0.85,2026,3,2026-01-11T01:24:00.000Z
UCF,Immediate,Jonathan,Bibbs,UL Monroe,WR,0.85,2026,3,2026-01-08T18:22:00.000Z
Michigan State,Immediate,Caleb,Wheatland,Auburn,LB,0.85,2026,3,2026-01-05T17:25:00.000Z
Boston College,Immediate,Kameron,Howard,Alabama,S,0.85,2026,3,2026-01-07T18:32:00.000Z
TCU,Immediate,Jaheim,Buchanon,Florida International,IOL,0.85,2026,3,2026-01-08T20:35:21.000Z
,Withdrawn,Mychal,McMullin,James Madison,DL,0.85,2026,3,2026-01-07T20:05:00.000Z
Cincinnati,Immediate,Filip,Maciorowski,Northern Illinois,LB,0.85,2026,3,2026-01-08T18:00:00.000Z
Pittsburgh,Immediate,Gabe,Russo,Idaho State,P,,2026,2,2026-01-09T23:43:00.000Z
UCF,Immediate,Will,Stone,Texas,K,,2026,2,2026-01-10T01:48:00.000Z
UConn,Immediate,Trey,Cornist,Central Michigan,RB,,2026,3,2026-01-11T01:49:00.000Z
Vanderbilt,Immediate,CJ,Jackson,LSU,EDGE,0.86,2026,3,2026-01-09T20:58:00.000Z
Purdue,Immediate,Nuku,Mafi,Oklahoma State,OT,0.85,2026,3,2026-01-08T22:10:00.000Z
,Immediate,Kamryn,Jones,Boise State,WR,0.85,2026,3,2025-12-19T16:28:00.000Z
Fresno State,Immediate,Khristian,Martin,Maryland,QB,0.85,2026,3,2026-01-10T00:27:00.000Z
UConn,Immediate,Renick,Dorilas,Rutgers,CB,0.85,2026,3,2026-01-12T16:23:00.000Z
Iowa State,Immediate,Zane,Flores,Oklahoma State,QB,0.85,2026,3,2026-01-10T00:42:00.000Z
West Virginia,Immediate,Maliek,Hawkins,Oklahoma,CB,0.85,2026,3,2026-01-05T16:49:00.000Z
Washington State,Immediate,Nylan,Brown,Kent State,LB,0.85,2026,3,2026-01-04T21:45:51.000Z
UCLA,Immediate,Darold,DeNgohe,Rutgers,DL,0.85,2026,3,2026-01-09T20:14:53.000Z
Washington State,Immediate,DJ,Warner,SMU,EDGE,0.85,2026,3,2026-01-08T23:47:00.000Z
Miami (OH),Immediate,David,McComb,Kansas,QB,0.85,2026,3,2026-01-11T18:56:00.000Z
Virginia,Immediate,Tyson,Davis,Central Michigan,WR,0.85,2026,3,2026-01-18T18:41:00.000Z
BYU,Immediate,Jr,Sia,Utah State,OT,0.85,2026,3,2026-01-12T23:50:00.000Z
Utah State,Immediate,Kasen,Long,Texas Tech,DL,0.85,2026,3,2026-01-27T18:01:00.000Z
Arizona,Immediate,Zuri,Watson,Howard,CB,0.85,2026,3,2026-01-15T06:51:00.000Z
North Texas,Immediate,Zakye,Barker,SMU,LB,0.85,2026,3,2026-01-15T15:00:00.000Z
,Withdrawn,Keith,Brown,Washington State,LB,0.85,2026,3,2025-12-17T16:43:00.000Z
Louisiana Tech,Immediate,Ahkhari,Johnson,Arkansas,CB,0.85,2026,3,2026-01-11T20:20:00.000Z
Boston College,Immediate,Nolan,Ray,Maryland,RB,0.85,2026,3,2026-01-08T02:10:00.000Z
South Florida,Immediate,Ethan,Green,Cincinnati,OT,0.85,2026,3,2026-01-05T23:47:00.000Z
Michigan State,Immediate,Carlos,Hazelwood,Toledo,DL,0.85,2026,3,2026-01-08T22:51:00.000Z
Pittsburgh,Immediate,Elijah,Lagg,UAB,TE,0.84,2026,3,2026-01-10T23:40:00.000Z
North Texas,Immediate,Neto,Umeozulu,Texas,IOL,0.84,2026,3,2026-01-12T02:20:00.000Z
South Florida,Immediate,Malcolm,Ziglar,North Carolina,S,0.84,2026,3,2026-01-06T16:52:00.000Z
James Madison,Immediate,Terrence,Jones II,Fordham,CB,0.84,2026,3,2026-01-09T20:27:00.000Z
Temple,Immediate,Samuel,Brown V,Rutgers,RB,0.84,2026,3,2026-01-07T23:12:00.000Z
North Carolina,Immediate,Peyton,Seelmann,Richmond,LB,0.84,2026,3,2026-01-07T03:43:17.000Z
,Withdrawn,Jamar,Curtis,Sacramento State,RB,0.8,2026,3,2026-01-11T01:52:53.000Z
Idaho,Immediate,Ishaan,Daniels,Weber State,CB,0.8,2026,3,2026-01-10T00:10:00.000Z
TCU,Immediate,Kalen,Carroll,Central Michigan,CB,0.85,2026,3,2026-01-09T20:10:00.000Z
Buffalo,Immediate,Sedrick,Vessah,California (PA),EDGE,,2026,,2026-01-09T23:45:02.000Z
Duke,Immediate,Dakota,Quinonez,Dartmouth,DL,0.85,2026,3,2026-01-09T23:45:00.000Z
Illinois,Immediate,Deuce,Fillmore,Georgia State,CB,0.84,2026,3,2026-01-10T01:25:31.000Z
Temple,Immediate,Zach,Aamland,Rutgers,OT,0.83,2026,3,2026-01-11T01:46:00.000Z
Middle Tennessee,Immediate,Terrance,Brown Jr.,Saginaw Valley State,RB,,2026,2,2026-01-10T00:32:00.000Z
Baylor,Immediate,Anthony,Crenshaw Jr.,Delaware,S,0.85,2026,3,2026-01-19T18:31:37.000Z
Buffalo,Immediate,Andrew,VanSlyke,James Madison,P,0.8,2026,3,2026-01-17T18:14:00.000Z
,Immediate,Emmanual,Stevenson,Arkansas State,TE,,2026,2,2026-01-14T15:21:00.000Z
UConn,Immediate,David,LaGanga,Kentucky,LS,,2026,,2026-01-24T21:01:00.000Z
UConn,Immediate,Mike,Baker,Ole Miss,K,,2026,,2026-01-18T18:13:00.000Z
Incarnate Word,Immediate,Walt,Gray,Coastal Carolina,EDGE,,2026,2,2026-01-27T20:07:04.000Z
Notre Dame,Immediate,Tionne,Gray,Oregon,DL,0.94,2026,4,2026-01-15T15:25:19.000Z
California,Immediate,Kahlee,Tafai,Minnesota,OT,0.87,2026,3,2026-01-14T21:05:00.000Z
Virginia,Immediate,Eli,Holstein,Pittsburgh,QB,0.86,2026,3,2026-01-14T01:09:00.000Z
UNLV,Immediate,Troy,Stellato,Kentucky,WR,0.85,2026,3,2026-01-19T22:55:00.000Z
New Mexico State,Immediate,Carson,Su'esu'e,Oklahoma State,TE,0.85,2026,3,2026-01-12T21:47:00.000Z
App State,Immediate,Ki'Shawn,Harvey,East Tennessee State,DL,0.85,2026,3,2026-01-17T19:41:00.000Z
Mississippi State,Immediate,James,Heard Jr.,Syracuse,LB,0.85,2026,3,2026-03-26T20:24:00.000Z
UCLA,Immediate,Harry,Lodge,Wake Forest,TE,0.85,2026,3,2026-01-20T06:00:00.000Z
New Mexico State,Immediate,Armond,Owens,Grambling,IOL,0.85,2026,3,2026-01-21T02:47:00.000Z
Northwestern,Immediate,Evan,Boutorwick,Michigan,LS,,2026,,2026-01-09T19:31:00.000Z
Central Michigan,Immediate,Vaughn,Blue,Liberty,RB,,2026,,2026-01-09T21:23:00.000Z
App State,Immediate,Luke,Douglas,Florida State,TE,,2026,,2026-01-09T23:38:00.000Z
Nevada,Immediate,Brandon,Amaniampong,Indiana State,EDGE,,2026,,2026-01-10T00:33:00.000Z
Oklahoma State,Immediate,Chris,Barnes,Wake Forest,WR,0.9,2026,4,2026-01-11T01:51:00.000Z
Duke,Immediate,Javen,Nicholas,Charlotte,WR,0.87,2026,3,2026-01-09T23:30:00.000Z
UCLA,Immediate,Tao,Johnson,Utah,S,0.87,2026,3,2026-01-10T01:53:00.000Z
Minnesota,Immediate,Noah,Jennings,Cincinnati,WR,0.87,2026,3,2026-01-10T00:45:00.000Z
Kansas State,Immediate,Delvin,Morris,Akron,IOL,0.86,2026,3,2026-01-09T22:14:00.000Z
Northwestern,Immediate,Alex,Honig,UConn,TE,0.86,2026,3,2026-01-10T00:35:10.000Z
James Madison,Immediate,Kylan,Billiot,LSU,WR,0.86,2026,3,2026-01-09T23:30:00.000Z
Iowa State,Immediate,Jaylen,Raynor,Arkansas State,QB,0.85,2026,3,2026-01-04T03:38:45.000Z
,Withdrawn,Cameron,Epps,Oklahoma State,S,0.85,2026,3,2026-01-09T17:47:00.000Z
,Immediate,Jimmy,Wyrick,UTSA,S,0.85,2026,3,2025-12-20T01:46:00.000Z
Arizona,Immediate,Zachary,Henning,Washington,IOL,0.85,2026,3,2026-01-09T20:56:00.000Z
Kansas,Immediate,Elijah,Cannon,Mississippi State,CB,0.85,2026,3,2026-01-09T02:45:00.000Z
SMU,Immediate,Christian,Davis,Louisiana Tech,DL,0.85,2026,3,2026-01-04T23:41:00.000Z
Boise State,Immediate,Taebron,Bennie-Powell,Notre Dame,S,0.85,2026,3,2026-01-12T01:26:00.000Z
App State,Immediate,Malachi,Singleton,Purdue,QB,0.85,2026,3,2026-01-07T00:10:00.000Z
West Virginia,Immediate,David,Afogho,Bowling Green,EDGE,0.85,2026,3,2026-01-07T05:23:00.000Z
Liberty,Immediate,Jude,Foster,Ole Miss,IOL,0.85,2026,3,2026-01-11T14:40:00.000Z
Baylor,Immediate,Logan,Moore,UAB,OT,0.85,2026,3,2026-01-04T22:11:00.000Z
Missouri,Immediate,Kamauryn,Morgan,Baylor,EDGE,0.91,2026,4,2026-03-24T19:30:00.000Z
Tulane,Immediate,Gavin,Marks,Mercer,IOL,0.85,2026,3,2026-01-03T20:40:00.000Z
West Virginia,Immediate,Kamari,Wilson,Memphis,S,0.85,2026,3,2026-01-07T17:41:00.000Z
,Immediate,Mike,Sandjo,Washington State,DL,0.85,2026,3,2025-12-17T16:49:00.000Z
Michigan State,Immediate,Nick,Sharpe,South Carolina,IOL,0.85,2026,3,2026-01-06T22:25:00.000Z
Washington State,Immediate,Jaylen,Thomas,San José State,CB,0.85,2026,3,2026-01-04T22:58:00.000Z
Baylor,Immediate,Asher,Hale,South Alabama,IOL,0.85,2026,3,2026-01-06T22:54:33.000Z
,Immediate,Kevontay,Wells,UL Monroe,EDGE,0.85,2026,3,2025-12-10T17:10:00.000Z
Liberty,Immediate,D-Icey,Hopkins,Georgia State,S,0.85,2026,3,2026-01-10T23:37:59.000Z
Tulsa,Immediate,Malachi,Preciado,South Alabama,IOL,0.85,2026,3,2026-01-11T18:59:00.000Z
Iowa,Immediate,Emmanuel,Olagbaju,North Dakota,DL,0.87,2026,3,2026-01-16T19:48:00.000Z
Nebraska,Immediate,Paul,Mubenga,LSU,IOL,0.87,2026,3,2026-01-13T17:33:00.000Z
Missouri S&T,Immediate,Charlie,Woleben,Iowa State,EDGE,0.85,2026,3,2026-01-12T15:53:00.000Z
Rutgers,Immediate,Kevyn,Humes,Maryland,CB,0.86,2026,3,2026-01-22T14:11:00.000Z
UCF,Immediate,Brad,Gurley Jr.,Eastern Kentucky,DL,0.85,2026,3,2026-01-14T23:07:00.000Z
Cincinnati,Immediate,KK,Meier,UTSA,CB,0.85,2026,3,2026-01-07T17:58:00.000Z
Texas State,Immediate,Zechariah,Sample,Arizona State,WR,0.85,2026,3,2026-01-21T02:32:00.000Z
Boston College,Immediate,Reggie,Jackson,Jacksonville State,OT,0.85,2026,3,2026-01-05T20:58:00.000Z
South Carolina,Immediate,Lucian,Anderson III,Bowling Green,QB,0.85,2026,3,2026-01-16T17:37:00.000Z
Kansas,Immediate,Khijohnn,Cummings-Coleman,Iowa State,S,0.85,2026,3,2026-01-08T23:32:00.000Z
,Withdrawn,EJ,Caminong,California,QB,0.85,2026,3,2026-01-17T15:02:43.000Z
,Immediate,Curtis,Simpson,Charlotte,EDGE,0.85,2026,3,2025-12-30T21:17:00.000Z
Jacksonville State,Immediate,Darius,Cannon,Murray State,WR,0.85,2026,3,2026-01-12T16:55:00.000Z
Kansas State,Immediate,Jayden,Bryant,Coastal Carolina,EDGE,0.85,2026,3,2026-01-07T20:48:00.000Z
Kansas,Immediate,Jaron,Willis,South Carolina,LB,0.85,2026,3,2026-01-05T22:37:00.000Z
Texas A&M,Immediate,Trovon,Baugh,South Carolina,IOL,0.85,2026,3,2026-01-05T23:36:00.000Z
Wisconsin,Immediate,Nate,Palmer,TCU,RB,0.85,2026,3,2026-01-08T21:13:00.000Z
Rhode Island,Immediate,Jadon,Lafontant,Boston College,IOL,,2026,3,2026-01-11T02:39:22.000Z
Penn State,Immediate,Chris,Fileppo,West Virginia,S,0.85,2026,3,2026-01-10T20:02:00.000Z
Iowa,Immediate,L.J.,Phillips Jr.,South Dakota,RB,0.85,2026,3,2026-01-11T19:18:00.000Z
Marshall,Immediate,Robby,Martin,West Virginia,IOL,0.85,2026,3,2026-01-07T19:15:00.000Z
Temple,Immediate,Kenedy,Uzoma,North Carolina,WR,0.85,2026,3,2026-01-07T15:52:00.000Z
Stephen F. Austin,Immediate,Cordale,Russell,Miami (OH),WR,,2026,4,2026-02-02T03:00:00.000Z
Stephen F. Austin,Immediate,Christian,Pettway,North Texas,OT,,2026,3,2026-02-02T03:02:00.000Z
South Alabama,Immediate,Dylan,Freebury,Colorado State,K,,2026,3,2026-01-16T03:19:00.000Z
West Virginia,Immediate,Kameron,Reddic,Stephen F. Austin,S,0.86,2026,3,2026-01-22T04:56:00.000Z
,Withdrawn,Tristian,Smith,Arkansas State,IOL,0.85,2026,3,2026-01-16T20:54:52.000Z
Old Dominion,Immediate,Brayden,Walker,Elon,IOL,0.8,2026,3,2026-01-09T22:15:00.000Z
Michigan,Immediate,Chris,Bracy,Memphis,S,0.85,2026,3,2026-01-13T02:39:53.000Z
Colorado,Immediate,Jah Jah,Boyd,Indiana,S,0.85,2026,3,2026-01-18T21:51:00.000Z
Tennessee,Immediate,Drake,Martinez,UT Martin,TE,0.85,2026,3,2026-01-25T22:10:00.000Z
Memphis,Immediate,Phillip,Gray,Richmond,IOL,,2026,2,2026-01-11T17:09:00.000Z
Ohio,Immediate,Victor,Rosa,UConn,RB,,2026,3,2026-01-10T02:01:00.000Z
North Dakota State,Immediate,Caleb,McGrath,Minnesota,P,,2026,2,2026-01-11T03:43:00.000Z
Iowa,Immediate,Tyler,Brown,James Madison,S,0.86,2026,3,2026-01-09T22:05:00.000Z
Purdue,Immediate,Xavier,Townsend,Iowa State,WR,0.86,2026,3,2026-01-11T20:19:00.000Z
James Madison,Immediate,Tyler,Brown,Colorado,IOL,0.85,2026,3,2026-01-12T14:34:00.000Z
,Immediate,Ke'Breion,Winston,Baylor,LB,0.85,2026,3,2025-12-20T02:34:00.000Z
Purdue,Immediate,Anthony,Speca,Penn State,LB,0.85,2026,3,2026-01-07T01:50:00.000Z
Mississippi State,Immediate,Quentin,Taylor Jr.,Iowa State,CB,0.85,2026,3,2026-01-06T22:37:00.000Z
Houston,Immediate,Patrick,Overmyer,UTSA,TE,0.85,2026,3,2026-01-07T22:31:00.000Z
App State,Immediate,Kaleb,Purdy,Tennessee Tech,S,0.85,2026,3,2026-01-08T01:34:00.000Z
App State,Immediate,Ja'Cari,Henderson,UCF,CB,0.85,2026,3,2026-01-09T01:06:00.000Z
Oklahoma State,Immediate,Desmond,Magiya,North Texas,OT,0.85,2026,3,2026-01-04T23:07:00.000Z
UConn,Immediate,Melvin,Hills III,Texas,DL,0.85,2026,3,2026-01-09T16:15:00.000Z
SMU,Immediate,Jarvis,Lee,South Florida,CB,0.85,2026,3,2026-01-07T00:39:00.000Z
Michigan State,Immediate,Fredrick,Moore,Michigan,WR,0.85,2026,3,2026-01-09T18:55:00.000Z
Cincinnati,Immediate,Gi'Bran,Payne,Notre Dame,RB,0.85,2026,3,2026-01-05T15:03:00.000Z
Penn State,Immediate,Vaea,Ikakoula,Iowa State,IOL,0.85,2026,3,2026-01-06T15:42:00.000Z
Boston College,Immediate,Jackson,Wade,Florida,WR,0.85,2026,3,2026-01-05T19:34:00.000Z
,Immediate,Jaden,Perez,Oklahoma State,WR,0.85,2026,3,2025-12-28T19:30:00.000Z
Purdue,Immediate,Hudson,Miller,Toledo,LB,0.84,2026,3,2026-01-11T14:07:00.000Z
Kansas,Immediate,Quincy,Davis,New Mexico State,LB,0.85,2026,3,2026-01-05T17:40:00.000Z
Oklahoma,Immediate,Lloyd,Avant,Colorado State,RB,0.85,2026,3,2026-01-05T20:10:00.000Z
Louisville,Immediate,Santana,Wilson,Texas,CB,0.85,2026,3,2026-01-09T21:50:00.000Z
East Carolina,Immediate,Christian,Peterson,UCF,S,0.85,2026,3,2026-01-05T21:31:00.000Z
East Tennessee State,Immediate,Ty,Williams,Austin Peay,OT,,2026,,2026-01-12T15:28:00.000Z
Akron,Immediate,Caiden,Newsome,Holy Cross,CB,,2026,,2026-01-11T17:03:00.000Z
San Diego State,Immediate,Stone,Saunders,Kentucky,QB,0.85,2026,3,2026-01-06T04:16:00.000Z
Colorado,Immediate,Leon,Bell,California,OT,0.89,2026,3,2026-01-17T18:30:00.000Z
Missouri,Immediate,Nick,Evers,UConn,QB,0.85,2026,3,2026-01-13T15:48:00.000Z
Kansas State,Immediate,Adrian,Maddox,Georgia,S,0.86,2026,3,2026-01-12T17:54:00.000Z
SMU,Immediate,Jalen,Hale,Alabama,WR,0.86,2026,3,2026-01-12T17:25:00.000Z
Washington,Immediate,Elijah,Brown,Stanford,QB,0.85,2026,3,2026-01-14T01:55:00.000Z
Tennessee State,Immediate,Justin,Logan,Arkansas,LB,0.85,2026,3,2026-01-16T06:08:00.000Z
Temple,Immediate,Quante,Gillians,Syracuse,DL,0.85,2026,3,2026-01-15T23:05:00.000Z
Syracuse,Immediate,Noah,Meyers,Western Kentucky,TE,0.85,2026,3,2026-01-16T14:29:00.000Z
Utah,Immediate,Noah,Bennee,Weber State,TE,0.85,2026,3,2026-01-18T20:16:00.000Z
New Mexico,Immediate,Luke,Moga,Oregon,QB,0.85,2026,3,2026-01-23T20:10:00.000Z
Sacramento State,Immediate,Carson,Conklin,Fresno State,QB,0.85,2026,3,2026-01-15T00:14:00.000Z
UL Monroe,Immediate,Le'Kell,McGowan,Memphis,EDGE,0.85,2026,3,2026-01-18T06:02:00.000Z
Florida State,Immediate,Karson,Hobbs,Notre Dame,CB,0.87,2026,3,2026-01-09T19:54:00.000Z
South Dakota,Immediate,Neeo,Avery,Maryland,EDGE,0.85,2026,3,2026-01-08T02:08:00.000Z
Bryant,Immediate,Elijiah,Oehlke,Wake Forest,QB,0.85,2026,3,2026-01-11T16:09:00.000Z
West Virginia,Immediate,Josh,Sapp,Clemson,TE,0.85,2026,3,2026-01-11T22:00:00.000Z
Ball State,Immediate,Kendrick,Gilbert,Louisville,DL,0.85,2026,3,2026-01-17T05:40:00.000Z
Washington State,Immediate,CJ,Solis-Lumar,Cal Poly,CB,0.85,2026,3,2026-01-09T22:11:00.000Z
Southern Miss,Immediate,Jordan,Pride,Texas A&M,S,0.85,2026,3,2026-01-10T00:55:00.000Z
,Immediate,Jabriel,Rhodes-Nelson,Georgia State,EDGE,0.85,2026,3,2025-12-09T10:45:00.000Z
Michigan State,Immediate,Dion,Crawford,Buffalo,LB,0.85,2026,3,2026-01-11T22:27:00.000Z
,Withdrawn,Stephen,Gales,Toledo,OT,0.85,2026,3,2026-01-30T04:02:36.000Z
West Virginia,Immediate,Tyler,Stolsky,Florida Atlantic,LB,0.85,2026,3,2026-01-07T20:06:00.000Z
Kansas,Immediate,Jalen,Dupree,Colorado State,RB,0.85,2026,3,2026-01-05T01:41:00.000Z
Rutgers,Immediate,Clay,Thevenin,Louisiana Tech,RB,0.85,2026,3,2026-01-12T02:09:00.000Z
Kansas State,Immediate,Tanner,Morley,Colorado State,IOL,0.85,2026,3,2026-01-09T18:45:00.000Z
Iowa State,Immediate,DeAndre,Carter,Auburn,IOL,0.85,2026,3,2026-01-05T17:43:00.000Z
Baylor,Immediate,Ryan,Davis,Kansas State,EDGE,0.85,2026,3,2026-01-07T23:33:56.000Z
Oregon State,Immediate,Aeryn,Hampton,Alabama,WR,0.85,2026,3,2026-01-15T22:54:01.000Z
Louisville,Immediate,Ben,Perry,UCLA,LB,0.85,2026,3,2026-01-08T22:31:00.000Z
West Virginia,Immediate,Malachi,Hood,Illinois,LB,0.85,2026,3,2026-01-07T01:51:00.000Z
Oklahoma,Immediate,Rocky,Beers,Colorado State,TE,0.85,2026,3,2026-01-05T21:36:00.000Z
Indiana,Immediate,Joe,Hjelle,Tulsa,DL,0.85,2026,3,2026-01-08T15:04:36.000Z
Sam Houston,Immediate,Dimitry,Nicolas,Maryland,DL,0.85,2026,3,2026-01-12T16:13:00.000Z
Georgia State,Immediate,Toby,Bolton,Tennessee Tech,CB,0.85,2026,3,2026-01-13T00:06:00.000Z
UTSA,Immediate,Dylan,Spencer,Texas Tech,EDGE,0.85,2026,3,2026-01-07T19:04:00.000Z
Old Dominion,Immediate,Maarten,Woudsma,Old Dominion,IOL,0.85,2026,3,2026-01-08T20:27:10.000Z
Colorado State,Immediate,Oumar,Diomande,UConn,LB,0.85,2026,3,2026-01-16T05:21:00.000Z
Purdue,Immediate,Bisi,Owens,Pennsylvania,WR,0.86,2026,3,2026-01-12T18:50:00.000Z
Houston Christian,Immediate,Briley,Brown,UTSA,IOL,0.85,2026,3,2026-01-09T15:57:00.000Z
Washington,Immediate,Darin,Conley,Ball State,DL,0.85,2026,3,2026-01-07T21:23:00.000Z
Toledo,Immediate,Adjatay,Dabbs,Mercer,WR,0.85,2026,3,2026-01-08T20:36:09.000Z
Indiana State,Immediate,Brady,Allen,Louisville,QB,0.85,2026,3,2026-01-08T04:51:00.000Z
Iowa State,Immediate,Cameron,Pettaway,Bowling Green,RB,0.85,2026,3,2026-01-12T16:31:00.000Z
,Withdrawn,Dalesean,Staley,San Diego State,S,0.85,2026,3,2026-01-11T19:48:00.000Z
Arizona State,Immediate,Anthony,Miller,Tulane,TE,0.85,2026,3,2026-01-09T23:16:00.000Z
Texas,Immediate,Cam,Coleman,Auburn,WR,0.98,2026,5,2026-01-11T18:19:00.000Z
Texas Tech,Immediate,Jett,Carpenter,Nevada,TE,0.85,2026,3,2026-01-09T21:47:00.000Z
Utah,Immediate,Elijah,Reed,Akron,CB,0.85,2026,3,2026-01-10T01:49:00.000Z
Oklahoma State,Immediate,Saadiq,Clements,North Texas,DL,0.85,2026,3,2026-01-10T00:56:00.000Z
Utah,Immediate,Cedric,Jefferson,Montana State,OT,0.85,2026,3,2026-01-12T03:23:00.000Z
Toledo,Immediate,Israel,Petite,Robert Morris,CB,,2026,2,2026-01-11T15:58:00.000Z
,Immediate,Jackson,Veasy,Jacksonville State,DL,,2026,,2026-01-12T19:53:00.000Z
BYU,Immediate,Roger,Saleapaga II,Oregon,TE,0.91,2026,4,2026-01-17T00:54:00.000Z
James Madison,Immediate,Jeremiah,Harrison,East Tennessee State,WR,0.87,2026,3,2026-01-11T20:42:00.000Z
Washington State,Immediate,Darrius,Clemons,Oregon State,WR,0.86,2026,3,2026-01-09T21:46:00.000Z
Arizona State,Immediate,Antoine,Belgrave-Shorter,Penn State,S,0.86,2026,3,2026-01-12T23:52:00.000Z
Arizona,Immediate,Shane,King,Southern Miss,TE,0.85,2026,3,2026-01-07T18:46:00.000Z
Wake Forest,Immediate,Sydir,Mitchell,LSU,DL,0.85,2026,3,2026-01-11T16:54:00.000Z
South Florida,Immediate,Kenny,Odom,UTEP,WR,0.85,2026,3,2026-01-09T17:45:00.000Z
App State,Immediate,Greydon,Grimes,Kansas,OT,0.85,2026,3,2026-01-10T16:23:00.000Z
Florida International,Immediate,RJ,Moss Jr.,South Alabama,DL,0.85,2026,3,2026-01-10T17:49:00.000Z
Wyoming,Immediate,Travis,Franklin Jr.,Jacksonville State,S,0.85,2026,3,2026-01-15T18:23:00.000Z
Arkansas State,Immediate,Nicolas,Kalume,Maine,EDGE,0.85,2026,3,2026-01-15T16:20:00.000Z
Southern,Immediate,Roger,Gradney,Nebraska,LB,0.85,2026,3,2026-01-23T02:13:00.000Z
Tulane,Immediate,Gabe,Daniels,Syracuse,WR,0.85,2026,3,2026-01-17T00:37:00.000Z
,Immediate,Cole,Martin,UCLA,S,0.85,2026,3,2025-12-02T22:17:00.000Z
Kansas,Immediate,Jaden,Harris,Georgia,S,0.85,2026,3,2026-01-05T23:04:00.000Z
UCLA,Immediate,Ty,Dieffenbach,Cal Poly,QB,0.85,2026,3,2026-01-10T00:12:00.000Z
San José State,Immediate,Anthony,Ivey,Penn State,WR,0.85,2026,3,2026-01-18T05:45:00.000Z
Wake Forest,Immediate,D.J.,Johnson,New Hampshire,EDGE,0.85,2026,3,2026-01-07T20:51:12.000Z
Coastal Carolina,Immediate,Tyler,Woodard,Mississippi State,S,0.85,2026,3,2026-01-18T05:56:00.000Z
Baylor,Immediate,JJ,Shelton,Arkansas,LB,0.85,2026,3,2026-01-07T18:07:05.000Z
Virginia,Immediate,Darrion,Henry-Young,Coastal Carolina,DL,0.85,2026,3,2026-01-17T22:40:00.000Z
App State,Immediate,Keshawn,Thomas,Old Dominion,LB,0.85,2026,3,2026-01-09T01:16:00.000Z
Ohio State,Immediate,Mason,Williams,Ohio,TE,0.85,2026,3,2026-01-04T19:41:00.000Z
,Immediate,Dorian,Hoze,Nevada,RB,,2026,3,2026-01-12T18:26:00.000Z
,Immediate,Jayden,York,Houston,TE,,2026,,2026-01-12T20:52:00.000Z
Utah Tech,Immediate,Jaxson,Jones,Utah,EDGE,0.85,2026,3,2026-01-11T17:22:00.000Z
Illinois,Immediate,Christian,Martin,Colorado State,OT,0.85,2026,3,2026-01-06T00:37:00.000Z
Cincinnati,Immediate,Kenny,Worthy III,Washington State,CB,0.85,2026,3,2026-01-11T18:07:00.000Z
Oklahoma State,Immediate,DJ,Jackson Jr.,Troy,EDGE,0.85,2026,3,2026-01-10T01:10:00.000Z
UCF,Immediate,Jahleel,Culbreath,Old Dominion,LB,0.85,2026,3,2026-01-10T15:48:00.000Z
Boise State,Immediate,Logan,Brantley,Kansas,LB,0.84,2026,3,2026-01-05T23:06:00.000Z
Florida International,Immediate,Spencer,Webb,Eastern Michigan,IOL,,2026,,2026-01-11T19:04:00.000Z
,Withdrawn,SaVeon,Brown,Buffalo,S,,2026,3,2026-01-10T19:00:00.000Z
San Diego State,Immediate,Isaac,Lucas,Ball State,IOL,,2026,2,2026-01-10T20:26:00.000Z
,Withdrawn,Bam,Booker,Bowling Green,EDGE,,2026,3,2026-01-11T19:09:00.000Z
Cal Poly,Immediate,Jaden,Green,Lehigh,RB,0.85,2026,3,2026-01-09T21:08:24.000Z
,Withdrawn,Kenton,Jerido,South Alabama,IOL,0.85,2026,3,2026-01-09T20:08:00.000Z
Wake Forest,Immediate,Josh,Patterson,Iowa State,S,0.85,2026,3,2026-01-05T17:03:54.000Z
Nebraska,Immediate,Victor,Evans III,Florida International,CB,0.85,2026,3,2026-01-10T22:32:00.000Z
North Texas,Immediate,Chandler,Strong,Georgia Southern,IOL,0.85,2026,3,2026-01-07T01:41:28.000Z
Iowa State,Immediate,Gavin,Broscious,Michigan State,IOL,0.85,2026,3,2026-01-07T12:35:00.000Z
,Immediate,Carver,Cheeks,Northern Colorado,WR,0.85,2026,3,2025-11-27T21:14:00.000Z
Iowa State,Immediate,Keyon,Washington,Bowling Green,CB,0.85,2026,3,2026-01-05T03:03:00.000Z
Houston,Immediate,Miller,Malone,Western Kentucky,LB,0.85,2026,3,2026-01-09T20:43:00.000Z
Florida,Immediate,DK,Kalu,Baylor,DL,0.85,2026,3,2026-01-05T22:59:00.000Z
Oregon State,Immediate,Adonis,McDaniel,Mercer,WR,0.85,2026,3,2026-01-12T16:38:22.000Z
Illinois,Immediate,Ty,Robinson,Ball State,WR,0.85,2026,3,2026-01-07T22:46:00.000Z
Western Kentucky,Immediate,Brock,Glenn,Florida State,QB,0.85,2026,3,2026-01-08T21:31:28.000Z
Elon,Immediate,Remington,Moss,Wisconsin,S,0.85,2026,3,2026-01-09T20:27:00.000Z
West Virginia,Immediate,Andrew,Powdrell,UNLV,CB,0.85,2026,3,2026-01-07T23:07:00.000Z
Oklahoma,Immediate,Mackenzie,Alleyne,Washington State,WR,0.85,2026,3,2026-01-11T19:35:00.000Z
Minnesota,Immediate,Michael,Merdinger,Liberty,QB,0.85,2026,3,2026-01-02T20:21:00.000Z
Kansas State,Immediate,De'Arieun,Hicks,Gardner-Webb,DL,0.85,2026,3,2026-01-06T00:23:00.000Z
Michigan State,Immediate,Keahnist,Thompson,Weber State,EDGE,0.85,2026,3,2026-01-08T23:47:00.000Z
Minnesota,Immediate,Zion,Steptoe,Tulsa,WR,0.85,2026,3,2026-01-10T15:46:00.000Z
South Florida,Immediate,Caleb,Cook,Georgia Southern,IOL,0.85,2026,3,2026-01-06T20:48:00.000Z
Utah Tech,Immediate,Abe,Jager,Utah State,CB,0.84,2026,3,2026-01-12T02:52:00.000Z
Western Kentucky,Immediate,Sincere,Baines,Maine,RB,0.84,2026,3,2026-01-08T04:23:26.000Z
California,Immediate,Jacob,Arop,South Dakota,OT,0.84,2026,3,2026-01-05T19:46:00.000Z
Washington State,Immediate,Khamari,Terrell,Texas State,CB,0.85,2026,3,2026-01-14T15:11:00.000Z
Jacksonville State,Immediate,Kaden,Cook,California,CB,0.85,2026,3,2026-01-21T03:01:00.000Z
Illinois,Immediate,Eddie,Kasper,Illinois State,WR,0.85,2026,3,2026-03-05T01:56:00.000Z
Penn State,Immediate,Hunter,Sowell,Iowa State,S,0.84,2026,3,2026-01-05T17:27:00.000Z
Arizona State,Immediate,Chance,Rucker,Michigan State,CB,0.85,2026,3,2026-01-17T18:00:00.000Z
Missouri,Immediate,Xai'Shaun,Edwards,Houston Christian,RB,0.84,2026,3,2026-01-07T01:39:00.000Z
Purdue,Immediate,Mister,Clark,Florida International,S,0.84,2026,3,2026-01-08T03:43:00.000Z
,Immediate,Decari,Prater,Tulsa,S,0.84,2026,3,2025-12-30T13:50:00.000Z
Iowa State,Immediate,Gavin,Proudfoot,Northern Iowa,OT,0.84,2026,3,2026-01-04T04:09:02.000Z
Ball State,Immediate,Maverick,Gracio,Pittsburgh,EDGE,0.84,2026,3,2026-01-10T23:49:00.000Z
Iowa,Immediate,Brice,Stevenson,Holy Cross,DL,0.83,2026,3,2026-01-05T14:31:00.000Z
Liberty,Immediate,Kyle,Ferm,SMU,LB,0.83,2026,3,2026-01-08T04:14:34.000Z
Tulsa,Immediate,Javon,Ross,Bethune-Cookman,WR,0.85,2026,3,2026-01-12T18:49:00.000Z
South Carolina,Immediate,Drew,Collins,Arkansas State,EDGE,0.86,2026,3,2026-01-11T19:34:00.000Z
Kansas,Immediate,Nik,McMillan,Buffalo,WR,0.85,2026,3,2026-01-08T15:10:00.000Z
Arizona State,Immediate,Jessiah,McGrew,Florida International,S,0.85,2026,3,2026-01-11T17:21:00.000Z
Arkansas,Immediate,Tyler,Scott,Georgia State,CB,0.85,2026,3,2026-01-08T18:55:10.000Z
Temple,Immediate,John,Stone,Rutgers,IOL,0.85,2026,3,2026-01-07T19:20:37.000Z
Missouri State,Immediate,King,Large,SMU,OT,0.85,2026,3,2026-01-11T20:18:00.000Z
,Immediate,Jason,Hewlett Jr.,Boston College,LB,0.85,2026,3,2025-12-02T23:03:00.000Z
Iowa State,Immediate,Trillion,Sorrell,Washington State,CB,0.85,2026,3,2026-01-05T20:49:00.000Z
Cincinnati,Immediate,Patrick,Bauer,Illinois State,LB,0.85,2026,3,2026-01-09T18:04:00.000Z
Boston College,Immediate,Javarius,Green,North Carolina,WR,0.85,2026,3,2026-01-06T02:31:36.000Z
Maryland,Immediate,Chris,Durr Jr.,Wyoming,WR,0.85,2026,3,2026-01-07T19:08:00.000Z
UCLA,Immediate,Semaj,Morgan,Michigan,WR,0.85,2026,3,2026-01-07T22:42:36.000Z
,Immediate,Mekhi,Buchanan,Virginia,EDGE,0.84,2026,3,2025-12-14T16:07:00.000Z
Eastern Michigan,Immediate,Cole,Dellinger,Michigan State,IOL,0.84,2026,3,2026-01-11T20:46:00.000Z
Northern Illinois,Immediate,Avery,Jones,Lafayette,S,0.84,2026,3,2026-01-08T02:03:00.000Z
UTSA,Immediate,Zahn,Coakley,App State,WR,0.8,2026,3,2026-01-16T06:00:00.000Z
Arkansas,Immediate,Braeden,Fuller,Angelo State,QB,0.83,2026,3,2026-01-10T18:57:00.000Z
Memphis,Immediate,Aaron,Karas,Colorado State,OT,0.85,2026,3,2026-01-13T16:57:00.000Z
Arkansas State,Immediate,Five,Hamilton,Kennesaw State,CB,0.84,2026,3,2026-01-09T02:57:20.000Z
LSU,Immediate,Zach,Grace,Oregon,TE,0.85,2026,3,2026-01-16T00:24:00.000Z
Colorado,Immediate,Jose,Soto,Sacramento State,IOL,0.84,2026,3,2026-01-09T14:53:00.000Z
,Immediate,JB,Price,Kansas State,RB,0.84,2026,3,2025-11-30T20:07:00.000Z
San José State,Immediate,Lavaka,Taukeiaho,Oklahoma State,IOL,0.85,2026,3,2026-01-20T04:54:00.000Z
Vanderbilt,Immediate,Maurice,Veney,Morehouse,TE,0.84,2026,3,2025-11-17T21:47:00.000Z
Coastal Carolina,Immediate,Jordan,Thompson,Western Carolina,LB,0.85,2026,3,2026-01-17T03:56:00.000Z
Coastal Carolina,Immediate,Xzavier,Booker,Alabama A&M,DL,0.85,2026,3,2026-01-16T21:52:00.000Z
Sacramento State,Immediate,Dionte,Thornton,Portland State,S,0.85,2026,3,2026-01-21T13:34:00.000Z
Georgia State,Immediate,Ayden,Pereira,Merrimack,QB,0.84,2026,3,2026-01-12T00:10:00.000Z
Wake Forest,Immediate,Bernard,Causey III,Georgia State,CB,0.84,2026,3,2026-01-05T23:49:57.000Z
Temple,Immediate,Lamar,Fairfax Jr.,Memphis,DL,0.84,2026,3,2026-01-12T18:17:00.000Z
Georgetown,Immediate,Brady,McDonough,Navy,QB,,2026,2,2026-01-10T19:11:00.000Z
Tennessee State,Immediate,Tre,Berry,Minnesota,RB,,2026,3,2026-01-11T18:06:00.000Z
Ball State,Immediate,Chris,Jackson,Colorado State,CB,,2026,,2026-01-11T18:53:00.000Z
Florida State,Immediate,Chimdia,Nwaiwu,Stephen F. Austin,OT,0.87,2026,3,2026-01-10T19:30:00.000Z
Houston,Immediate,Jaden,Yates,Ole Miss,LB,0.86,2026,3,2026-01-10T19:30:00.000Z
Sam Houston,Immediate,Elijah,Groves,NC State,LB,0.86,2026,3,2026-01-10T20:18:00.000Z
Coastal Carolina,Immediate,Chandavian,Bradley,Oklahoma State,EDGE,0.85,2026,3,2026-01-16T22:26:00.000Z
Duke,Immediate,Nate,Kurisky,Louisville,TE,0.85,2026,3,2026-01-04T19:24:00.000Z
LSU,Immediate,Roman,Mothershed,Troy,WR,0.85,2026,3,2026-01-12T15:57:00.000Z
San Diego State,Immediate,Carsten,Mamaril,Portland State,CB,0.85,2026,3,2026-01-19T16:12:00.000Z
Boston College,Immediate,Cameron,Kossmann,Florida,TE,0.85,2026,3,2026-01-11T02:01:19.000Z
Massachusetts,Immediate,Aubrey,Melvin,UConn,DL,0.85,2026,3,2026-01-16T15:49:00.000Z
Iowa State,Immediate,Duhron,Goodman,Washington State,S,0.85,2026,3,2026-01-05T21:27:00.000Z
Mississippi State,Immediate,Riley,Williams,Oregon State,TE,0.85,2026,3,2026-01-10T16:30:00.000Z
Northern Arizona,Immediate,Aundre,Gibson,Kansas,CB,0.85,2026,3,2026-01-06T18:06:00.000Z
,Withdrawn,Isaac,Paul,Kennesaw State,S,0.85,2026,3,2026-01-07T19:55:00.000Z
Oregon State,Immediate,Dylan,Layne,Idaho,LB,0.85,2026,3,2026-01-05T19:37:00.000Z
Cincinnati,Immediate,Zylan,Perry,Louisiana,RB,0.85,2026,3,2026-01-08T20:33:29.000Z
Memphis,Immediate,Jemyri,Davis,Kansas State,WR,0.85,2026,3,2026-01-21T20:19:00.000Z
Iowa,Immediate,Evan,James,Furman,WR,0.85,2026,3,2026-01-11T14:13:00.000Z
Penn State,Immediate,Zay,Robinson,Iowa State,WR,0.85,2026,3,2026-01-05T21:31:00.000Z
Nebraska,Immediate,Dexter,Foster,Oregon State,LB,0.85,2026,3,2026-01-07T02:37:00.000Z
Hawai'i,Immediate,Khalil,Walker,South Florida,IOL,0.85,2026,3,2026-01-22T03:59:00.000Z
Utah State,Immediate,Javon,Robinson,Georgia State,WR,0.85,2026,3,2026-01-20T20:24:00.000Z
Mississippi State,Immediate,Zion,Ragins,Oklahoma,WR,0.85,2026,3,2026-01-11T17:34:00.000Z
Boston College,Immediate,Bodie,Kahoun,Notre Dame,LB,0.85,2026,3,2026-01-10T19:24:00.000Z
Colorado,Immediate,Fisher,Clements,Northern Colorado,TE,0.85,2026,3,2026-01-10T19:40:00.000Z
Florida International,Immediate,Vontae,Floyd,Duke,CB,0.84,2026,3,2026-01-12T00:44:00.000Z
West Virginia,Immediate,Chams,Diagne,Georgia State,CB,0.84,2026,3,2026-01-10T23:20:54.000Z
South Florida,Immediate,Michael,Harris,Maryland,LB,0.85,2026,3,2026-05-19T18:24:32.000Z
West Florida,Immediate,Donovan,Leary,Tulane,QB,0.85,2026,3,2026-04-14T19:26:00.000Z
Tarleton State,Immediate,Miequle,Brock Jr.,Nicholls,RB,0.84,2026,3,2026-01-10T03:44:00.000Z
Michigan State,Immediate,Tyran,Chappell,Houston Christian,CB,0.84,2026,3,2026-01-04T20:47:00.000Z
North Texas,Immediate,Aaron,Alexander,Arkansas State,LB,0.84,2026,3,2026-01-09T22:17:00.000Z
,Immediate,Donelius,Johnson,Kennesaw State,LB,0.84,2026,3,2025-12-17T16:46:00.000Z
Memphis,Immediate,Dylan,Smith,Oklahoma State,S,0.84,2026,3,2026-01-11T18:05:00.000Z
Virginia Tech,Immediate,Cam,Chadwick,UConn,CB,0.84,2026,3,2026-01-06T23:36:00.000Z
Arkansas,Immediate,Jeremy,Evans,Baylor,LB,0.84,2026,3,2026-01-09T18:05:00.000Z
Buffalo,Immediate,Joe,Crocker,Baylor,IOL,0.84,2026,3,2026-01-11T23:40:00.000Z
Louisville,Immediate,Ryan,Manis,Liberty,LS,0.83,2026,3,2026-01-10T20:11:00.000Z
Miami (OH),Immediate,Brian,Beidatsch Jr.,Duquesne,OT,0.83,2026,3,2026-01-09T18:34:00.000Z
Washington State,Immediate,Ike,Okafor,California,DL,0.85,2026,3,2026-01-08T19:51:00.000Z
Iowa State,Immediate,Montreze,Smith Jr.,Austin Peay,LB,0.85,2026,3,2026-01-05T03:22:00.000Z
East Tennessee State,Immediate,Suderian,Harrison,Virginia,WR,0.85,2026,3,2026-01-11T17:15:00.000Z
,Immediate,Landen,Thomas,Florida State,TE,0.85,2026,3,2025-12-22T01:04:00.000Z
,Withdrawn,Ty,Cortes,Pennsylvania,S,0.85,2026,3,2026-01-30T04:09:36.000Z
Rice,Immediate,Max,Mosey,Holy Cross,WR,0.85,2026,3,2026-01-13T20:56:00.000Z
Utah,Immediate,Will,Monney,Oklahoma State,TE,0.85,2026,3,2026-01-21T15:23:00.000Z
App State,Immediate,Alex,Mitchell,Middle Tennessee,LB,0.85,2026,3,2026-01-09T18:52:00.000Z
Duke,Immediate,Patrick,Smith-Young,North Texas,S,0.85,2026,3,2026-01-07T21:19:00.000Z
Oregon,Immediate,Bleu,Dantzler,Oregon State,EDGE,0.85,2026,3,2026-01-14T14:01:00.000Z
Clemson,Immediate,Jerome,Carter III,Old Dominion,S,0.85,2026,3,2026-01-06T22:38:00.000Z
Austin Peay,Immediate,David,Portu,Charleston Southern,EDGE,0.85,2026,3,2026-01-17T05:32:00.000Z
North Carolina Central,Immediate,Taeshawn,Alston,South Carolina,EDGE,0.85,2026,3,2026-02-11T04:09:00.000Z
Clemson,Immediate,CJ,Wesley,Howard,EDGE,0.85,2026,3,2026-01-11T19:30:00.000Z
Virginia Tech,Immediate,Kenny,Woseley Jr.,Penn State,CB,0.85,2026,3,2026-01-14T14:06:00.000Z
Marshall,Immediate,Cole,Funderburk,Wake Forest,EDGE,0.84,2026,3,2026-01-06T23:07:00.000Z
Kennesaw State,Immediate,Latrelle,Murrell,West Georgia,RB,0.84,2026,3,2026-01-08T02:56:00.000Z
Northwestern,Immediate,Jamaal,Johnson,UCF,EDGE,0.84,2026,3,2026-01-06T22:09:00.000Z
Iowa State,Immediate,Christian,Greenlaw,Hampton,TE,0.84,2026,3,2026-01-12T16:35:00.000Z
Auburn,Immediate,Cody,Sigler,Arkansas State,DL,0.84,2026,3,2026-01-08T20:23:00.000Z
UConn,Immediate,Zakaih,Saez,Oregon State,EDGE,0.84,2026,3,2026-01-11T18:25:00.000Z
Iowa State,Immediate,Malaki,Ta'ase,Washington State,EDGE,0.84,2026,3,2026-01-08T18:10:37.000Z
Ohio,Immediate,KJ,Sejour,Chattanooga,CB,0.84,2026,3,2026-01-12T13:27:00.000Z
Georgia Tech,Immediate,Chris,Corbo,Dartmouth,TE,0.84,2026,3,2026-01-06T03:04:00.000Z
Clemson,Immediate,Kourtney,Kelly,West Georgia,DL,0.83,2026,3,2026-01-07T17:20:00.000Z
Colorado State,Immediate,Oliver,Lundberg Coleman,UConn,RB,0.83,2026,3,2026-01-11T17:16:00.000Z
,Immediate,Quincy,Briggs,Georgetown,CB,0.83,2026,3,2025-11-27T15:36:00.000Z
Arkansas State,Immediate,Jaylen,Heyward,UCF,S,0.83,2026,3,2026-01-11T00:00:00.000Z
Tulsa,Immediate,Marlon,Hauck,Mississippi State,K,0.83,2026,3,2026-01-10T19:05:00.000Z
Tennessee Tech,Immediate,Zolten,Osborne,Charleston Southern,QB,0.82,2026,3,2026-01-10T19:44:00.000Z
Prairie View A&M,Immediate,Damani,Maxson,Kansas,S,0.85,2026,3,2026-01-28T14:23:00.000Z
Akron,Immediate,Reese,Poffenbarger,North Texas,QB,0.85,2026,3,2026-01-16T19:29:00.000Z
West Virginia,Immediate,Peter,Notaro,Alabama,K,0.8,2026,3,2026-01-10T20:13:00.000Z
Oklahoma State,Immediate,Rodney,Harris II,Ohio,WR,0.85,2026,3,2026-01-16T20:26:00.000Z
Virginia,Immediate,Kervins,Choute,UConn,DL,0.85,2026,3,2026-01-16T15:53:00.000Z
Sacramento State,Immediate,Ellijah,Washington,Oregon State,WR,0.85,2026,3,2026-01-23T13:25:00.000Z
South Carolina,Immediate,Charly,Mullaly,Holy Cross,WR,0.85,2026,3,2026-01-17T22:39:00.000Z
Sam Houston,Immediate,Ishmel,Atkins,Elon,CB,0.85,2026,3,2026-01-20T16:37:00.000Z
Akron,Immediate,Shamar,McNeil,Missouri,CB,0.85,2026,3,2026-01-19T16:24:00.000Z
LSU,Immediate,Mason,Dossett,Baylor,S,0.85,2026,3,2026-01-14T15:07:00.000Z
New Mexico State,Immediate,Tyler,Keinath,Boise State,IOL,0.85,2026,3,2026-01-21T02:49:00.000Z
Troy,Immediate,Ty,Clemons,Boston College,DL,0.84,2026,3,2026-01-23T00:01:07.000Z
Hawai'i,Immediate,Joenel,Figueroa,West Georgia,S,0.84,2026,3,2026-01-14T01:14:00.000Z
Kennesaw State,Immediate,Cam,Miller,Memphis,S,0.84,2026,3,2026-01-22T02:19:00.000Z
UAB,Immediate,CJ,Smith,Memphis,WR,0.84,2026,3,2026-01-16T18:20:00.000Z
Sam Houston,Immediate,Brian,Bates,Delaware State,LB,0.84,2026,3,2026-01-18T02:13:00.000Z
Western Michigan,Immediate,Tahj,Owens,Princeton,S,0.84,2026,3,2026-01-20T17:15:00.000Z
Delaware,Immediate,Bryson,Graves,Coastal Carolina,WR,0.84,2026,3,2026-01-21T02:44:00.000Z
UTEP,Immediate,Sterling,Miles,Eastern Michigan,EDGE,0.84,2026,3,2026-01-18T17:09:00.000Z
Texas State,Immediate,Dexter,Ricks Jr.,Liberty,CB,0.84,2026,3,2026-01-16T19:10:00.000Z
UAB,Immediate,Ike,Esonwune,Oklahoma State,LB,0.84,2026,3,2026-01-13T19:13:00.000Z
South Florida,Immediate,Luke,Clyburn,Furman,TE,,2026,,2026-01-12T16:04:00.000Z
Iowa State,Immediate,Colin,Amick,Montana,OT,0.85,2026,3,2026-01-06T03:37:00.000Z
Kansas State,Immediate,Jacobi,Oliphant Jr.,Oklahoma State,LB,0.85,2026,3,2026-01-05T23:31:00.000Z
California,Immediate,Ashun,Shepphard,Mississippi State,DL,0.85,2026,3,2026-01-11T04:41:00.000Z
Virginia Tech,Immediate,Justin,Bell,Michigan State,OT,0.85,2026,3,2026-01-05T23:12:00.000Z
Purdue,Immediate,Makai,Saina,USC,IOL,0.85,2026,3,2026-01-05T22:52:00.000Z
UCLA,Immediate,Osiris,Gilbert,UConn,CB,0.85,2026,3,2026-01-10T20:38:35.000Z
Memphis,Immediate,Stonka,Burnside,Mississippi State,S,0.84,2026,3,2026-01-06T22:00:00.000Z
Oklahoma State,Immediate,Christian,Bodnar,Liberty,CB,0.84,2026,3,2026-01-11T17:18:00.000Z
Duke,Immediate,Jon,Morris,UConn,LB,0.84,2026,3,2026-01-09T00:30:00.000Z
Utah State,Immediate,Markie,Grant,Wyoming,CB,0.84,2026,3,2026-01-08T02:19:00.000Z
Central Michigan,Immediate,Justin,Taylor,Wyoming,S,0.84,2026,3,2026-01-10T02:08:00.000Z
Charlotte,Immediate,Nicolas,Cruji,Maine,IOL,0.84,2026,3,2026-01-04T19:43:00.000Z
Auburn,Immediate,Xavier,Newsom,Howard,TE,0.84,2026,3,2026-01-06T19:41:00.000Z
Memphis,Immediate,Darius,Malcolm Jr.,Wofford,CB,0.84,2026,3,2026-01-05T18:06:00.000Z
Liberty,Immediate,Deshawn,Purdie,Wake Forest,QB,0.84,2026,3,2026-01-12T02:44:00.000Z
Southern Miss,Immediate,Laquan,Robinson,Kansas,S,0.84,2026,3,2026-01-08T12:48:00.000Z
Kansas State,Immediate,Charlie,Adams,Cal Poly,OT,0.83,2026,3,2026-01-07T18:30:00.000Z
,Immediate,Kamrin,Canterbury,UL Monroe,S,0.83,2026,3,2025-12-11T22:19:00.000Z
North Texas,Immediate,James,Tyre,Western Carolina,WR,0.84,2026,3,2026-01-12T17:42:00.000Z
Tulsa,Immediate,Arias,Nash,Virginia Tech,DL,,2026,,2026-01-10T19:00:00.000Z
Syracuse,Immediate,Amari,Odom,Kennesaw State,QB,0.86,2026,3,2026-01-10T18:49:00.000Z
,Immediate,David,Washington Jr.,Kentucky,WR,0.84,2026,3,2025-12-16T20:16:00.000Z
Fresno State,Immediate,Manaki,Watanabe,Ashland University,K,0.8,2026,3,2026-01-10T20:16:00.000Z
Akron,Immediate,Miles,Burris,Charlotte,WR,0.84,2026,3,2026-01-12T02:26:00.000Z
Charlotte,Immediate,Jameel,Croft Jr.,Kansas,CB,0.84,2026,3,2026-01-04T18:23:00.000Z
UConn,Immediate,Cam,Abshire,Oklahoma State,WR,0.84,2026,3,2026-01-09T19:19:00.000Z
Arizona,Immediate,Nate,Hale,San José State,OT,0.84,2026,3,2026-01-11T21:23:00.000Z
Delaware,Immediate,Jaquise,Alexander,North Dakota State,CB,0.84,2026,3,2026-01-11T02:01:00.000Z
Toledo,Immediate,Luke,Rector,Gardner-Webb,IOL,0.84,2026,3,2026-01-09T14:02:24.000Z
,Immediate,Khalil,Poteat,Temple,DL,0.84,2026,3,2025-12-02T18:18:00.000Z
Rutgers,Immediate,Rondo,Porter,App State,DL,0.84,2026,3,2026-01-08T01:40:00.000Z
Tennessee Tech,Immediate,Jax,Leatherwood,Southeast Missouri State,QB,0.84,2026,3,2026-01-11T21:23:00.000Z
Baylor,Immediate,Daemian,Wimberly,UTSA,DL,0.84,2026,3,2026-01-12T15:40:01.000Z
,Immediate,Dallas,Payne,Florida International,TE,0.84,2026,3,2025-12-29T21:49:00.000Z
Holy Cross,Immediate,Datrell,Jones,Boston College,RB,0.84,2026,3,2026-01-11T02:41:27.000Z
Rutgers,Immediate,Jaedin,Lee,Maine,DL,0.84,2026,3,2026-01-05T18:52:00.000Z
UTSA,Immediate,Elijah,Baldwin,UTEP,EDGE,0.84,2026,3,2026-01-07T16:00:00.000Z
UConn,Immediate,Jaden,Hart,Syracuse,RB,0.84,2026,3,2026-01-18T17:17:00.000Z
,Withdrawn,Derrell,Johnson II,Wake Forest,IOL,0.83,2026,3,2026-01-10T18:36:00.000Z
Western Michigan,Immediate,Willard,Ferrell,Presbyterian,CB,0.84,2026,3,2026-01-22T16:55:00.000Z
Western Carolina,Immediate,Ja'Torian,Mack,App State,S,0.83,2026,3,2026-01-10T16:07:00.000Z
Iowa State,Immediate,Kaleb,Bilal-Jones,Arizona,DL,0.84,2026,3,2026-01-20T22:16:00.000Z
Western Carolina,Immediate,Aaron,McIver,Gardner-Webb,IOL,0.84,2026,3,2026-01-15T13:16:00.000Z
Charlotte,Immediate,Logan,Mauldin,McNeese,TE,0.83,2026,3,2026-01-10T17:37:00.000Z
Buffalo,Immediate,Nathan,Natoli,Bucknell,OT,0.84,2026,3,2026-01-23T16:35:00.000Z
Colorado State,Immediate,Nykobi,Brown,UConn,EDGE,0.84,2026,3,2026-01-16T15:14:00.000Z
,Immediate,Cejai,Parson,Southern Illinois,S,0.83,2026,3,2025-12-03T16:40:00.000Z
Troy,Immediate,Jonathan,Pennix,Southern Miss,CB,0.84,2026,3,2026-01-17T19:50:00.000Z
UNLV,Immediate,Amorion,Walker,Middle Tennessee,WR,0.84,2026,3,2026-01-14T12:38:00.000Z
Ohio State,Immediate,Connor,Hawkins,Baylor,K,0.84,2026,3,2026-01-14T18:07:00.000Z
Missouri,Immediate,Malae,Fonoti,Montana,RB,0.84,2026,3,2026-01-16T04:05:00.000Z
Buffalo,Immediate,Nino,Francavilla,Miami,IOL,0.84,2026,3,2026-01-29T01:27:00.000Z
UTEP,Immediate,EJ,Colson,Incarnate Word,QB,0.86,2026,3,2026-01-17T04:19:00.000Z
Eastern Michigan,Immediate,Tyler,Brumfield,Oklahoma State,OT,0.86,2026,3,2026-01-14T16:30:00.000Z
Georgia Southern,Immediate,Anthony,Bynum,Middle Tennessee,EDGE,0.83,2026,3,2026-01-12T23:33:00.000Z
Miami (OH),Immediate,Evan,Malcore,Northern Illinois,OT,0.85,2026,3,2026-01-20T02:29:00.000Z
Hawai'i,Immediate,Carson,Brown,Iowa State,WR,0.85,2026,3,2026-01-19T15:54:00.000Z
New Mexico State,Immediate,Vic,Shaw,UTSA,EDGE,0.85,2026,3,2026-01-21T00:41:00.000Z
,Withdrawn,Kam,Sallis,Jackson State,S,0.85,2026,3,2026-01-13T16:44:49.000Z
Southern Miss,Immediate,Landon,Sylvie,Southeast Missouri State,S,0.84,2026,3,2026-01-16T19:16:00.000Z
Sam Houston,Immediate,Kyan,Berry-Johnson,Wisconsin,WR,0.84,2026,3,2026-01-13T02:46:00.000Z
,Withdrawn,Cahari,Haynes,Gardner-Webb,LB,0.84,2026,3,2026-02-03T14:30:00.000Z
Western Kentucky,Immediate,Nathan,Gonzales,Indiana State,EDGE,0.84,2026,3,2026-01-18T03:09:00.000Z
Auburn,Immediate,Cole,Skinner,South Florida,IOL,0.88,2026,3,2026-01-12T20:08:00.000Z
James Madison,Immediate,DJ,Kelly,Toledo,CB,,2026,3,2026-01-11T16:14:00.000Z
Missouri State,Immediate,Mekhi,Miller,Tulsa,WR,,2026,3,2026-01-11T18:15:00.000Z
Coastal Carolina,Immediate,Ahmad,Poole,Missouri State,DL,,2026,,2026-01-11T18:30:00.000Z
,Withdrawn,Mojo,Dortch,Troy,WR,,2026,4,2026-01-10T19:12:00.000Z
Bryant,Immediate,Jack,Funke,Boston College,IOL,,2026,3,2026-01-11T02:39:52.000Z
Ole Miss,Immediate,Deuce,Knight,Auburn,QB,0.94,2026,4,2026-01-11T15:52:00.000Z
California,Immediate,Jimothy,Lewis Jr.,Mississippi State,OT,0.86,2026,3,2026-01-10T18:48:00.000Z
Memphis,Immediate,J'Mond,Tapp,Southern Miss,EDGE,0.85,2026,3,2026-01-11T22:50:00.000Z
Georgia Tech,Immediate,Favour Ebuka,Edwin,Auburn,OT,0.85,2026,3,2026-01-10T18:23:00.000Z
Southern Miss,Immediate,Kelby,Hampton,New Hampshire,CB,0.85,2026,3,2026-01-11T01:12:46.000Z
Toledo,Immediate,Kalvin,Gilbert Jr.,Southeast Missouri State,WR,0.82,2026,3,2026-01-11T01:19:06.000Z
Oklahoma State,Immediate,Joseph,Hanson,Coastal Carolina,OT,0.84,2026,3,2026-01-08T20:40:32.000Z
Old Dominion,Immediate,Bucci,Farmer,App State,DL,0.84,2026,3,2026-01-08T16:13:00.000Z
,Immediate,Quincy,Brown,Florida Atlantic,WR,0.84,2026,3,2025-12-09T20:07:00.000Z
Akron,Immediate,Vaughn,Highland,Arkansas-Pine Bluff,DL,0.84,2026,3,2026-01-12T16:54:00.000Z
,Immediate,Caden,Johnson,Ball State,LB,0.84,2026,3,2025-12-02T16:40:00.000Z
TCU,Immediate,Jacob,Fields,Louisiana Tech,S,0.84,2026,3,2026-01-05T03:53:00.000Z
UCF,Immediate,Tyler,Gibson,Charlotte,OT,0.84,2026,3,2026-01-06T23:20:00.000Z
North Texas,Immediate,Wesley,Hudson,Central Oklahoma,DL,0.85,2026,3,2026-01-10T23:06:00.000Z
South Dakota State,Immediate,Cooper,Starks,Vanderbilt,IOL,0.84,2026,3,2026-01-07T02:58:00.000Z
,Immediate,Tate,Carney,Wake Forest,RB,0.83,2026,3,2025-12-10T00:30:00.000Z
Missouri State,Immediate,Markell,Chapman,Iowa State,DL,0.83,2026,3,2026-01-10T21:57:00.000Z
,Immediate,Khari,Gee,Chattanooga,S,0.83,2026,3,2025-11-24T21:26:00.000Z
,Immediate,Traevon,Mitchell,South Florida,DL,0.84,2026,3,2025-12-20T21:52:00.000Z
Missouri State,Immediate,Joel,Kpassou,Duquesne,CB,0.84,2026,3,2026-01-11T00:43:00.000Z
South Florida,Immediate,Kahari,Finley,Morgan State,OT,0.84,2026,3,2026-01-07T00:56:00.000Z
Marshall,Immediate,Chris,Culliver,North Carolina,WR,0.84,2026,3,2026-01-07T01:23:00.000Z
Oregon State,Immediate,Eric,Olsen,Utah Tech,TE,0.84,2026,3,2026-01-07T18:40:29.000Z
Baylor,Immediate,Kedrick,Walker,Georgia State,LB,0.84,2026,3,2026-01-12T15:40:38.000Z
Pittsburgh,Immediate,Malik,Knight,Western Carolina,WR,0.83,2026,3,2026-01-07T20:49:59.000Z
Rice,Immediate,Zach,Cody,Coastal Carolina,CB,0.83,2026,3,2026-01-05T21:13:00.000Z
,Withdrawn,Derek,Fields,Ball State,S,0.83,2026,3,2026-01-06T18:32:00.000Z
Nevada,Immediate,Poasa,Utu,Oklahoma State,LB,0.84,2026,3,2026-01-15T16:09:00.000Z
Utah State,Immediate,Seth,Wilfred,Auburn,IOL,0.84,2026,3,2026-02-04T17:28:00.000Z
,Withdrawn,Isaiah,Scott,Wofford,WR,0.84,2026,3,2026-01-30T04:12:47.000Z
Sacramento State,Immediate,Jamel,Howard Jr.,Wisconsin,DL,0.84,2026,3,2026-01-21T14:21:00.000Z
Wagner,Immediate,Zion,Fowler-El,Pittsburgh,WR,0.84,2026,3,2026-01-23T19:12:00.000Z
UAB,Immediate,Eli,Hall,Liberty,EDGE,0.84,2026,3,2026-01-19T02:08:00.000Z
UConn,Immediate,Dashun,Reeder,Northwestern,RB,0.84,2026,3,2026-01-24T19:31:00.000Z
UTSA,Immediate,Ibrahim,Kebe,Ohio,OT,0.84,2026,3,2026-01-16T22:57:00.000Z
Eastern Michigan,Immediate,Tyler,McMillan,Illinois,OT,0.84,2026,3,2026-01-13T20:42:00.000Z
Missouri State,Immediate,Stratton,Shufelt,UTEP,LB,0.84,2026,3,2026-01-20T21:48:00.000Z
Rutgers,Immediate,Mikey,Munn,South Dakota,CB,0.84,2026,3,2026-02-16T18:04:00.000Z
Southern Miss,Immediate,Mario,Sanders II,Illinois,WR,0.84,2026,3,2026-01-13T01:28:00.000Z
Washington State,Immediate,Jirah,Leaupepetele,Eastern Washington,DL,0.84,2026,3,2026-01-15T06:00:00.000Z
Eastern Michigan,Immediate,Brogan,McCaughey,Yale,QB,0.83,2026,3,2026-02-20T21:12:00.000Z
Sam Houston,Immediate,Elijah,Collins,Western Carolina,IOL,0.83,2026,3,2026-01-16T13:19:00.000Z
Massachusetts,Immediate,Greg,Klingensmith,William & Mary,OT,0.83,2026,3,2026-01-17T18:04:00.000Z
,Withdrawn,Javon,Davis,McNeese,CB,0.83,2026,3,2026-02-07T02:03:42.000Z
App State,Immediate,Ricky,Lolohea,Oklahoma,DL,0.83,2026,3,2026-05-14T17:50:00.000Z
Robert Morris,Immediate,Amanuel,Dickson,Chattanooga,LB,0.83,2026,3,2026-02-04T14:09:00.000Z
Missouri State,Immediate,Henry,Belin IV,Duke,QB,0.83,2026,3,2026-01-16T02:58:00.000Z
Tennessee Tech,Immediate,Gabe,Nunez,Southern Utah,WR,0.83,2026,3,2026-01-21T02:23:00.000Z
Michigan State,Immediate,Devin,Vaught,Maine,S,0.84,2026,3,2026-01-04T22:51:00.000Z
Utah State,Immediate,John,Randle Jr.,Purdue,OT,0.84,2026,3,2026-01-11T23:06:00.000Z
Western Michigan,Immediate,Kouri,Crump,VMI,S,0.84,2026,3,2026-01-07T03:33:00.000Z
Central Michigan,Immediate,Nic,DiSanto,Eastern Illinois,OT,0.83,2026,3,2026-01-08T04:15:47.000Z
Iowa State,Immediate,Max,Baloun,Washington State,DL,0.83,2026,3,2026-01-05T21:35:00.000Z
Sam Houston,Immediate,Zion,Taylor,Houston,EDGE,0.83,2026,3,2026-01-12T16:53:00.000Z
Illinois,Immediate,Carter,Janki,Pennsylvania,DL,0.83,2026,3,2026-01-04T17:52:00.000Z
UCLA,Immediate,Hall,Schmidt,Boise State,OT,0.83,2026,3,2026-01-05T21:58:00.000Z
Tennessee Tech,Immediate,Garrett,Masterson,Kent State,OT,0.83,2026,3,2026-01-09T04:50:00.000Z
UL Monroe,Immediate,Derrick,Jameson,Utah State,RB,0.84,2026,3,2026-01-22T21:17:00.000Z
Western Michigan,Immediate,Daeh,McCullough,Louisville,S,0.84,2026,3,2026-01-23T17:11:00.000Z
Ball State,Immediate,Misael,Sandoval,Vanderbilt,OT,0.84,2026,3,2026-01-12T23:52:00.000Z
Massachusetts,Immediate,Joseph,Griffin Jr.,Wisconsin,WR,0.84,2026,3,2026-01-17T20:42:00.000Z
Kent State,Immediate,Rocco,Nicholl,South Florida,LB,0.84,2026,3,2026-01-24T01:14:00.000Z
Eastern Michigan,Immediate,Braydon,Bennett,Virginia Tech,RB,0.84,2026,3,2026-01-20T18:46:00.000Z
Ball State,Immediate,Johnny,Thompson Jr.,Kansas,RB,0.84,2026,3,2026-01-25T00:45:00.000Z
Liberty,Immediate,LaKelsey,Johnson Jr.,Baylor,TE,0.84,2026,3,2026-01-13T20:58:00.000Z
Ole Miss,Immediate,Tony,Mitchell,Mississippi State,S,0.84,2026,3,2026-01-20T18:25:40.000Z
Missouri State,Immediate,Kellen,Lindstrom,Tennessee,EDGE,0.84,2026,3,2026-01-15T18:00:00.000Z
Hutchinson C.C.,Immediate,Temerrick,Johnson,Oklahoma State,EDGE,0.84,2026,3,2026-01-20T01:58:00.000Z
Colorado State,Immediate,Caleb,Otlewski,Montana,EDGE,0.84,2026,3,2026-01-19T17:20:00.000Z
Rice,Immediate,Jesus,Machado,Houston,LB,0.84,2026,3,2026-01-12T22:06:00.000Z
UConn,Immediate,Chamberlain,Campbell,Toledo,EDGE,0.84,2026,3,2026-01-24T07:49:00.000Z
Utah State,Immediate,Kye,Stokes,Cincinnati,S,0.83,2026,3,2026-02-04T17:08:00.000Z
North Texas,Immediate,David,Onuoha,Massachusetts,EDGE,0.83,2026,3,2026-01-27T17:34:00.000Z
Troy,Immediate,Darion,Rivers,NC State,OT,0.83,2026,3,2026-01-17T20:03:00.000Z
Iowa,Immediate,Lance,Beeghley,SMU,WR,0.83,2026,3,2026-01-18T05:41:00.000Z
Duke,Immediate,CJ,Campbell Jr.,Rutgers,RB,0.84,2026,3,2026-01-08T01:10:00.000Z
Pittsburgh,Immediate,Netinho,Olivieri,Pennsylvania,OT,0.83,2026,3,2026-01-04T17:58:00.000Z
App State,Immediate,Aaron,Clark,Towson,DL,0.83,2026,3,2026-01-09T17:01:00.000Z
Tulane,Immediate,Vance,Bolyard,Duke,TE,0.83,2026,3,2026-01-10T22:09:00.000Z
Buffalo,Immediate,Caleb,Oliver,Wofford,EDGE,0.83,2026,3,2026-01-10T04:08:00.000Z
Tulsa,Immediate,Devin,Hightower,UAB,LB,0.84,2026,3,2026-02-02T22:12:00.000Z
Colorado State,Immediate,Brandon,Kelley,UConn,EDGE,0.84,2026,3,2026-01-15T18:32:00.000Z
Cal Poly,Immediate,Chase,Martin,Boise State,LB,0.84,2026,3,2026-01-12T18:05:25.000Z
,Withdrawn,Mikey,D'Amato,Cal Poly,LB,0.84,2026,3,2026-01-30T04:19:30.000Z
Miami (OH),Immediate,Blayne,Myrick,South Alabama,LB,0.84,2026,3,2026-01-14T20:52:02.000Z
Texas State,Immediate,John,Smith,Colorado State,S,0.84,2026,3,2026-01-21T04:47:00.000Z
Eastern Michigan,Immediate,Elijha,Payne,Delaware State,OT,0.84,2026,3,2026-01-14T16:31:00.000Z
North Texas,Immediate,Jaden,Allen,Arkansas,CB,0.84,2026,3,2026-01-13T22:32:00.000Z
Florida State,Immediate,Gabe,Panikowski,Oklahoma State,K,0.84,2026,3,2026-01-16T21:04:00.000Z
Jacksonville State,Immediate,Amarii,Atchison,Mercer,OT,0.84,2026,3,2026-01-12T22:39:00.000Z
James Madison,Immediate,Rasheed,Lovelace,Nicholls,DL,0.83,2026,3,2026-01-06T16:55:00.000Z
,Immediate,JJ,Talo,Boise State,IOL,0.83,2026,3,2025-12-09T14:12:00.000Z
,Immediate,Jay,Carter,West Georgia,LB,0.83,2026,3,2025-11-25T22:56:00.000Z
James Madison,Immediate,Seth,Cromwell,Northern Arizona,RB,0.83,2026,3,2026-01-05T21:03:00.000Z
Wyoming,Immediate,Logan,Mackey,Weber State,CB,0.83,2026,3,2026-01-08T15:34:00.000Z
Akron,Immediate,Khory,Moss,Miami (OH),CB,0.83,2026,3,2026-01-20T18:20:00.000Z
California,Immediate,Towns,McGough,Auburn,K,0.83,2026,3,2026-01-14T00:57:00.000Z
Sacramento State,Immediate,Darson,Jeanty,Lafayette,S,0.83,2026,3,2026-01-23T05:53:00.000Z
Rice,Immediate,Davis,Lane Jr.,Virginia,WR,0.83,2026,3,2026-01-19T19:15:00.000Z
Troy,Immediate,TJ,Lott,Old Dominion,WR,0.83,2026,3,2026-01-17T19:39:00.000Z
Southern Miss,Immediate,Kolby,Peavy,Alabama,S,0.83,2026,3,2026-01-13T01:05:00.000Z
Toledo,Immediate,Caden,Camese,Mercer,DL,0.83,2026,3,2026-01-20T04:59:00.000Z
Kilgore College,Immediate,Jax,Brown,Arkansas State,QB,0.83,2026,3,2026-01-12T20:41:00.000Z
Wyoming,Immediate,Jack,Dunkley,Duquesne,EDGE,0.83,2026,3,2026-01-07T15:35:00.000Z
Western Kentucky,Immediate,Nonso,Omezi,Houston Christian,IOL,0.83,2026,3,2026-01-10T18:33:00.000Z
Fresno State,Immediate,Jake,Appleget,Northern Illinois,TE,0.83,2026,3,2026-01-14T23:16:00.000Z
South Carolina,Immediate,Ebubedike,Nnabugwu,Missouri State,IOL,0.83,2026,3,2026-01-19T22:48:00.000Z
Kennesaw State,Immediate,Brock,Walters,Marshall,LS,0.83,2026,3,2026-01-22T02:09:00.000Z
UCLA,Immediate,Chase,Barry,Oklahoma State,P,0.83,2026,3,2026-01-13T14:45:26.000Z
Louisiana Tech,Immediate,MJ,Moultrie II,Hampton,S,0.83,2026,3,2026-01-20T21:51:00.000Z
Temple,Immediate,Kaleb,Artis,Penn State,DL,0.83,2026,3,2026-01-12T03:40:00.000Z
UCF,Immediate,Josh,Schell,Tennessee,DL,0.83,2026,3,2026-01-11T00:34:00.000Z
Eastern Kentucky,Immediate,Yusef,Sanogo-Kendrick,Southeast Missouri State,IOL,0.83,2026,3,2026-01-12T01:43:00.000Z
Toledo,Immediate,Kaleb,Hutchinson,Mercer,S,0.83,2026,3,2026-01-06T04:00:00.000Z
Austin Peay,Immediate,Justin,Wimpye,Youngstown State,CB,0.83,2026,3,2026-01-25T21:52:00.000Z
,Withdrawn,Camden,Byrd,Richmond,EDGE,0.83,2026,3,2026-02-28T04:12:36.000Z
Pittsburgh,Immediate,Holden,Geriner,Texas State,QB,0.83,2026,3,2026-01-16T22:49:00.000Z
