event_id,provider,details,spread_current,spread_open_home,spread_close_home,spread_open_away,spread_close_away,total_current,total_open,total_close,ml_home,ml_away,home_favorite,leg_swap_corrected
401756846,ESPN BET,KSU -2.5,-2.5,-3.0,-2.5,3.0,2.5,51.5,49.5,51.5,-140.0,120.0,True,False
401760371,ESPN BET,UNLV -30.5,-30.5,-26.5,-30.5,26.5,30.5,67.5,63.5,67.5,-10000.0,2500.0,True,False
401756847,ESPN BET,KU -14.5,-14.5,-12.5,-14.5,12.5,14.5,50.5,51.5,50.5,-700.0,450.0,True,False
401757218,ESPN BET,WKU -10.5,-10.5,-10.5,-10.5,10.5,10.5,60.5,61.5,60.5,-400.0,300.0,True,False
401754516,ESPN BET,HAW -1.5,-1.5,2.5,-1.5,-2.5,1.5,50.5,53.5,50.5,-120.0,100.0,True,False
401761588,ESPN BET,ULM -30.5,-30.5,-26.5,-30.5,26.5,30.5,47.5,45.5,47.5,,,True,False
401756876,ESPN BET,,,,,,,56.5,55.5,56.5,-4000.0,1300.0,False,False
401754517,ESPN BET,,,,,,,50.5,47.5,50.5,,,False,False
401752674,ESPN BET,MIZ -39.5,-39.5,-36.5,-39.5,36.5,39.5,53.5,51.5,53.5,,,True,False
401757219,ESPN BET,DEL -30.5,-30.5,-32.5,-30.5,32.5,30.5,55.5,54.5,55.5,-10000.0,2500.0,True,False
401762789,ESPN BET,WYO -4.5,4.5,6.5,4.5,-6.5,-4.5,47.5,48.5,47.5,170.0,-200.0,False,False
401754373,ESPN BET,NCSU -13.5,-13.5,-14.5,-13.5,14.5,13.5,61.5,61.5,61.5,-550.0,380.0,True,False
401756848,ESPN BET,UCF -20.5,-20.5,-18.5,-20.5,18.5,20.5,52.5,52.5,52.5,-1600.0,800.0,True,False
401762790,ESPN BET,BGSU -21.5,-21.5,-13.5,-21.5,13.5,21.5,53.5,52.5,53.5,-1600.0,800.0,True,False
401752794,ESPN BET,RUTG -15.5,-15.5,-15.5,-15.5,15.5,15.5,53.5,49.5,53.5,-750.0,475.0,True,False
401762522,ESPN BET,BOIS -5.5,5.5,5.5,5.5,-5.5,-5.5,60.5,63.5,60.5,170.0,-200.0,False,False
401756854,ESPN BET,KU -45.5,-45.5,-45.5,-45.5,45.5,45.5,57.5,56.5,57.5,,,True,False
401761589,ESPN BET,APP -19.5,19.5,6.5,19.5,-6.5,-19.5,,,,1300.0,-5000.0,False,False
401754374,ESPN BET,WAKE -18.5,-18.5,-17.5,-18.5,17.5,18.5,51.5,51.5,51.5,-1200.0,700.0,True,False
401762432,ESPN BET,ARMY -14.5,-14.5,-15.5,-14.5,15.5,14.5,47.5,51.5,47.5,-600.0,400.0,True,False
401752795,ESPN BET,ILL -48.5,-48.5,-45.5,-48.5,45.5,48.5,63.5,61.5,63.5,,,True,False
401752802,ESPN BET,MSU -22.5,-22.5,-20.5,-22.5,20.5,22.5,50.5,49.5,50.5,-2000.0,1000.0,True,False
401762791,ESPN BET,WIS -18.5,-18.5,-17.5,-18.5,17.5,18.5,41.5,39.5,41.5,-1400.0,750.0,True,False
401752796,ESPN BET,NEB -5.5,5.5,6.5,5.5,-6.5,-5.5,50.5,54.5,50.5,175.0,-210.0,False,False
401762430,ESPN BET,UAB -21.5,-21.5,-18.5,-21.5,18.5,21.5,53.5,53.5,53.5,-2000.0,1000.0,True,False
401756852,ESPN BET,HOU -23.5,-23.5,-22.5,-23.5,22.5,23.5,54.5,55.5,54.5,-3000.0,1200.0,True,False
401752793,ESPN BET,MINN -16.5,-16.5,-17.5,-16.5,17.5,16.5,41.5,44.5,41.5,-900.0,550.0,True,False
401760357,ESPN BET,,,,,,,53.5,53.5,53.5,-1600.0,800.0,False,False
401762793,ESPN BET,NIU -13.5,-13.5,-10.5,-13.5,10.5,13.5,48.5,51.5,48.5,-425.0,320.0,True,False
401762456,ESPN BET,TEM -2.5,2.5,2.5,2.5,-2.5,-2.5,48.5,47.5,48.5,110.0,-130.0,False,False
401760359,ESPN BET,AF -30.5,-30.5,-31.5,-30.5,31.5,30.5,53.5,55.5,53.5,-20000.0,3000.0,True,False
401754519,ESPN BET,LOU -37.5,-37.5,-38.5,-37.5,38.5,37.5,57.5,56.5,57.5,,,True,False
401756878,ESPN BET,WVU -43.5,-43.5,-38.5,-43.5,38.5,43.5,58.5,55.5,58.5,,,True,False
401754518,ESPN BET,BC -34.5,-34.5,-37.5,-34.5,37.5,34.5,52.5,53.5,52.5,-100000.0,4000.0,True,False
401752670,ESPN BET,UK -9.5,-9.5,-9.5,-9.5,9.5,9.5,48.5,48.5,48.5,-360.0,280.0,True,False
401757220,ESPN BET,LIB -25.5,-25.5,-26.0,-25.5,26.0,25.5,50.5,52.5,50.5,-2500.0,1100.0,True,False
401757167,ESPN BET,CONN -29.5,-29.5,-28.5,-29.5,28.5,29.5,51.5,51.5,51.5,-100000.0,4000.0,True,False
401752666,ESPN BET,ARK -45.5,-45.5,-46.5,-45.5,46.5,45.5,62.5,61.5,62.5,,,True,False
401761591,ESPN BET,ARST -15.5,-15.5,-10.0,-15.5,10.0,15.5,59.5,59.5,59.5,-700.0,450.0,True,False
401525434,ESPN BET,ND -20.5,-20.5,,-20.5,,20.5,49.5,,49.5,-1600.0,900.0,True,False
401520145,ESPN BET,JXST -0.5,-0.5,,-0.5,,0.5,54.5,,54.5,-115.0,-110.0,True,False
401525450,ESPN BET,NMSU -6.5,-6.5,,-6.5,,6.5,44.5,,44.5,-275.0,225.0,True,False
401532392,ESPN BET,SDSU -2.5,-2.5,,-2.5,,2.5,47.5,,47.5,-125.0,105.0,True,False
401523986,ESPN BET,USC -31,-31.0,,-31.0,,31.0,59.5,,59.5,-15000.0,2200.0,True,False
401520146,ESPN BET,LT -12.5,-12.5,,-12.5,,12.5,56.5,,56.5,-475.0,375.0,True,False
401520147,ESPN BET,VAN -17,-17.0,,-17.0,,17.0,54.5,,54.5,-1000.0,700.0,True,False
401525461,ESPN BET,WAKE -33.5,-33.5,,-33.5,,33.5,53.5,,53.5,-20000.0,4000.0,True,False
401525816,ESPN BET,UCF -34.5,-34.5,,-34.5,,34.5,52.5,,52.5,-20000.0,2000.0,True,False
401531834,ESPN BET,GAST -18.5,-18.5,,-18.5,,18.5,60.5,,60.5,-900.0,600.0,True,False
401532393,ESPN BET,WMU -21.5,-21.5,,-21.5,,21.5,54.5,,54.5,-4000.0,1500.0,True,False
401520174,ESPN BET,NCSU -14.5,14.5,,14.5,,-14.5,47.5,,47.5,500.0,-700.0,False,False
401525462,ESPN BET,LOU -7.5,7.5,,7.5,,-7.5,48.5,,48.5,250.0,-300.0,False,False
401525463,ESPN BET,MIA -16.5,-16.5,,-16.5,,16.5,44.5,,44.5,-850.0,600.0,True,False
401520163,ESPN BET,MSU -14.5,-14.5,,-14.5,,14.5,44.5,,44.5,-550.0,425.0,True,False
401532394,ESPN BET,EMU -20.5,-20.5,,-20.5,,20.5,55.5,,55.5,-1800.0,800.0,True,False
401523987,ESPN BET,ASU -34.5,-34.5,,-34.5,,34.5,61.5,,61.5,-10000.0,3000.0,True,False
401531337,ESPN BET,TLSA -41.5,-41.5,,-41.5,,41.5,53.5,,53.5,,,True,False
401520165,ESPN BET,MIZ -27.5,-27.5,,-27.5,,27.5,44.5,,44.5,-6000.0,2000.0,True,False
401520148,ESPN BET,MINN -7.5,-7.5,,-7.5,,7.5,42.5,,42.5,-300.0,240.0,True,False
401520176,ESPN BET,UTAH -6.5,-6.5,,-6.5,,6.5,44.5,,44.5,-220.0,190.0,True,False
401531377,ESPN BET,UAB -24.5,-24.5,,-24.5,,24.5,44.5,,44.5,-2500.0,1300.0,True,False
401532572,ESPN BET,UNLV -15.5,-15.5,,-15.5,,15.5,65.5,,65.5,-900.0,500.0,True,False
401525466,ESPN BET,SYR -40.5,-40.5,,-40.5,,40.5,48.5,,48.5,,,True,False
401523991,ESPN BET,CAL -5.5,5.5,,5.5,,-5.5,52.5,,52.5,190.0,-230.0,False,False
401520164,ESPN BET,MSST -32.5,-32.5,,-32.5,,32.5,58.5,,58.5,-10000.0,3000.0,True,False
401531835,ESPN BET,APP -24.5,-24.5,,-24.5,,24.5,51.5,,51.5,-2000.0,1100.0,True,False
401525818,ESPN BET,CIN -20.5,-20.5,,-20.5,,20.5,57.5,,57.5,-1400.0,800.0,True,False
401520161,ESPN BET,MD -35.5,-35.5,,-35.5,,35.5,54.5,,54.5,,,True,False
401520181,ESPN BET,WKU -13.5,-13.5,,-13.5,,13.5,68.5,,68.5,-500.0,375.0,True,False
401520151,ESPN BET,AUB -35.5,-35.5,,-35.5,,35.5,50.5,,50.5,-20000.0,2500.0,True,False
401531387,ESPN BET,TEM -9.5,-9.5,,-9.5,,9.5,55.5,,55.5,-375.0,290.0,True,False
401525820,ESPN BET,ISU -7.5,-7.5,,-7.5,,7.5,41.5,,41.5,-275.0,225.0,True,False
401525465,ESPN BET,PITT -36.5,-36.5,,-36.5,,36.5,47.5,,47.5,,,True,False
401531402,ESPN BET,CLT -24.5,-24.5,,-24.5,,24.5,44.5,,44.5,-3500.0,1300.0,True,False
401525823,ESPN BET,OKST -24.5,-24.5,,-24.5,,24.5,58.5,,58.5,-3000.0,1100.0,True,False
401531836,ESPN BET,GASO -33.5,-33.5,,-33.5,,33.5,53.5,,53.5,-15000.0,3500.0,True,False
401531837,ESPN BET,JMU -47.5,-47.5,,-47.5,,47.5,54.5,,54.5,,,True,False
401531838,ESPN BET,MRSH -22.5,-22.5,,-22.5,,22.5,46.5,,46.5,-2500.0,1000.0,True,False
401520153,ESPN BET,FIU -14.5,-14.5,,-14.5,,14.5,44.5,,44.5,-600.0,450.0,True,False
401520175,ESPN BET,ARMY -8.5,8.5,,8.5,,-8.5,45.5,,45.5,270.0,-340.0,False,False
401520178,ESPN BET,VAN -34.5,-34.5,,-34.5,,34.5,53.5,,53.5,-20000.0,4000.0,True,False
401523990,ESPN BET,WSU -9.5,9.5,,9.5,,-9.5,53.5,,53.5,280.0,-350.0,False,False
401525817,ESPN BET,BAY -27.5,-27.5,,-27.5,,27.5,58.5,,58.5,-3500.0,1500.0,True,False
401525819,ESPN BET,UTSA -2.5,2.5,,2.5,,-2.5,59.5,,59.5,120.0,-140.0,False,False
401520158,ESPN BET,JXST -20,-20.0,,-20.0,,20.0,54.5,,54.5,-1200.0,750.0,True,False
401531426,ESPN BET,MEM -47.5,-47.5,,-47.5,,47.5,58.5,,58.5,,,True,False
401531840,ESPN BET,USM -24.5,-24.5,,-24.5,,24.5,47.5,,47.5,-2500.0,1300.0,True,False
401531841,ESPN BET,TROY -26.5,-26.5,,-26.5,,26.5,48.5,,48.5,-3500.0,1800.0,True,False
401531418,ESPN BET,FAU -25.5,-25.5,,-25.5,,25.5,55.5,,55.5,-3000.0,1100.0,True,False
401532570,ESPN BET,AF -46.5,-46.5,,-46.5,,46.5,51.5,,51.5,,,True,False
401520168,ESPN BET,MISS -33.5,-33.5,,-33.5,,33.5,57.5,,57.5,-8000.0,2500.0,True,False
401532395,ESPN BET,OHIO -37.5,-37.5,,-37.5,,37.5,58.5,,58.5,,,True,False
401525815,ESPN BET,KU -32.5,-32.5,,-32.5,,32.5,59.5,,59.5,-7500.0,2500.0,True,False
401523988,ESPN BET,STAN -2.5,2.5,,2.5,,-2.5,53.5,,53.5,115.0,-135.0,False,False
401520154,ESPN BET,UGA -50.5,-50.5,,-50.5,,50.5,55.5,,55.5,,,True,False
401520162,ESPN BET,MICH -35.5,-35.5,,-35.5,,35.5,52.5,,52.5,,,True,False
401520156,ESPN BET,OSU -28.5,28.5,,28.5,,-28.5,58.5,,58.5,2000.0,-9000.0,False,False
401520149,ESPN BET,ALA -39.5,-39.5,,-39.5,,39.5,52.5,,52.5,,,True,False
401523996,ESPN BET,USC -36.5,-36.5,,-36.5,,36.5,61.5,,61.5,-20000.0,2500.0,True,False
401520169,ESPN BET,PSU -20.5,-20.5,,-20.5,,20.5,48.5,,48.5,-1800.0,800.0,True,False
401523997,ESPN BET,WASH -14.5,-14.5,,-14.5,,14.5,59.5,,59.5,-600.0,450.0,True,False
401525824,ESPN BET,TEX -36.5,-36.5,,-36.5,,36.5,59.5,,59.5,-15000.0,2000.0,True,False
401520179,ESPN BET,TENN -27.5,-27.5,,-27.5,,27.5,55.5,,55.5,-4500.0,1800.0,True,False
401525435,ESPN BET,ND -46.5,-46.5,,-46.5,,46.5,54.5,,54.5,,,True,False
401523992,ESPN BET,ORE -48.5,-48.5,,-48.5,,48.5,65.5,,65.5,,,True,False
401525821,ESPN BET,KSU -29,-29.0,,-29.0,,29.0,55.5,,55.5,-3500.0,1800.0,True,False
401523994,ESPN BET,TCU -20.5,-20.5,,-20.5,,20.5,63.5,,63.5,-1000.0,650.0,True,False
401520180,ESPN BET,WIS -27.5,-27.5,,-27.5,,27.5,51.5,,51.5,-3500.0,1450.0,True,False
401525822,ESPN BET,OU -37.5,-37.5,,-37.5,,37.5,58.5,,58.5,-30000.0,2500.0,True,False
401520167,ESPN BET,UNC -2.5,2.5,,2.5,,-2.5,62.5,,62.5,115.0,-135.0,False,False
401520155,ESPN BET,ILL -7.5,-7.5,,-7.5,,7.5,44.5,,44.5,-350.0,250.0,True,False
401520173,ESPN BET,TA&M -30.5,-30.5,,-30.5,,30.5,43.5,,43.5,,,True,False
401520157,ESPN BET,IOWA -24.5,-24.5,,-24.5,,24.5,43.5,,43.5,-3000.0,1200.0,True,False
401520159,ESPN BET,UK -25.5,-25.5,,-25.5,,25.5,48.5,,48.5,-4000.0,1500.0,True,False
401520160,ESPN BET,LIB -7.5,-7.5,,-7.5,,7.5,48.5,,48.5,-300.0,250.0,True,False
401520170,ESPN BET,PUR -3.5,-3.5,,-3.5,,3.5,46.5,,46.5,-185.0,155.0,True,False
401520172,ESPN BET,SMU -21.5,-21.5,,-21.5,,21.5,65.5,,65.5,-1200.0,750.0,True,False
401525464,ESPN BET,BC -7.5,-7.5,,-7.5,,7.5,48.5,,48.5,-375.0,260.0,True,False
401520150,ESPN BET,ARK -38.5,-38.5,,-38.5,,38.5,61.5,,61.5,,,True,False
401532571,ESPN BET,SDSU -34.5,-34.5,,-34.5,,34.5,51.5,,51.5,-20000.0,4000.0,True,False
401520182,ESPN BET,LSU -2.5,2.5,,2.5,,-2.5,56.5,,56.5,,-120.0,False,False
401520171,ESPN BET,RUTG -3.5,-3.5,,-3.5,,3.5,38.5,,38.5,-200.0,170.0,True,False
401523995,ESPN BET,UCLA -16.5,-16.5,,-16.5,,16.5,65.5,,65.5,-750.0,500.0,True,False
401532573,ESPN BET,ORST -16.5,16.5,,16.5,,-16.5,55.5,,55.5,450.0,-600.0,False,False
401520152,ESPN BET,BYU -19.5,-19.5,,-19.5,,19.5,45.5,,45.5,-1000.0,700.0,True,False
401520177,ESPN BET,UTEP -7.5,-7.5,,-7.5,,7.5,56.5,,56.5,-290.0,240.0,True,False
401520166,ESPN BET,NMSU -21,-21.0,,-21.0,,21.0,54.5,,54.5,-1600.0,900.0,True,False
401525825,ESPN BET,TTU -13.5,13.5,,13.5,,-13.5,50.5,,50.5,425.0,-550.0,False,False
401531839,ESPN BET,UL -35.5,-35.5,,-35.5,,35.5,55.5,,55.5,-20000.0,4000.0,True,False
401525467,ESPN BET,VT -15.5,-15.5,,-15.5,,15.5,47.5,,47.5,-750.0,525.0,True,False
401531347,ESPN BET,TULN -5.5,-5.5,,-5.5,,5.5,51.5,,51.5,-220.0,190.0,True,False
401523989,ESPN BET,ARIZ -28.5,-28.5,,-28.5,,28.5,59.5,,59.5,-8000.0,2500.0,True,False
401525468,ESPN BET,CLEM -11.5,11.5,,11.5,,-11.5,54.5,,54.5,360.0,-450.0,False,False
401525469,ESPN BET,LOU -44.5,-44.5,,-44.5,,44.5,55.5,,55.5,,,True,False
401520193,ESPN BET,IU -30.5,-30.5,,-30.5,,30.5,44.5,,44.5,,,True,False
401520195,ESPN BET,KU -3.5,-3.5,,-3.5,,3.5,56.5,,56.5,-175.0,150.0,True,False
401532580,ESPN BET,WYO -29.5,-29.5,,-29.5,,29.5,51.5,,51.5,-4000.0,1800.0,True,False
401531844,ESPN BET,USA -23.5,-23.5,,-23.5,,23.5,58.5,,58.5,,,True,False
401525828,ESPN BET,BYU -30.5,-30.5,,-30.5,,30.5,46.5,,46.5,-5000.0,2000.0,True,False
401525833,ESPN BET,WVU -38.5,-38.5,,-38.5,,38.5,55.5,,55.5,,,True,False
401532578,ESPN BET,SJSU -23.5,-23.5,,-23.5,,23.5,59.5,,59.5,,,True,False
401520198,ESPN BET,LIB -10.5,-10.5,,-10.5,,10.5,53.5,,53.5,-390.0,270.0,True,False
401531411,ESPN BET,MRSH -2.5,2.5,,2.5,,-2.5,43.5,,43.5,120.0,-140.0,False,False
401531395,ESPN BET,UTSA -14.5,-14.5,,-14.5,,14.5,65.5,,65.5,-500.0,380.0,True,False
401532398,ESPN BET,TOL -40.5,-40.5,,-40.5,,40.5,63.5,,63.5,,,True,False
401532397,ESPN BET,NIU -9.5,-9.5,,-9.5,,9.5,58.5,,58.5,-290.0,240.0,True,False
401531432,ESPN BET,NAVY -40.5,-40.5,,-40.5,,40.5,50.5,,50.5,,,True,False
401531378,ESPN BET,GASO -7.5,-7.5,,-7.5,,7.5,63.5,,63.5,-250.0,190.0,True,False
401526833,ESPN BET,M-OH -7,7.0,,7.0,,-7.0,44.5,,44.5,225.0,-275.0,False,False
401525497,ESPN BET,SYR -25.5,-25.5,,-25.5,,25.5,56.5,,56.5,-2500.0,1200.0,True,False
401520184,ESPN BET,ARK -38.5,-38.5,,-38.5,,38.5,57.5,,57.5,-20000.0,4000.0,True,False
401531419,ESPN BET,FAU -3.5,-3.5,,-3.5,,3.5,60.5,,60.5,-170.0,135.0,True,False
401520187,ESPN BET,CCU -13.5,-13.5,,-13.5,,13.5,59.5,,59.5,-600.0,425.0,True,False
401532399,ESPN BET,AKR -26.5,-26.5,,-26.5,,26.5,46.5,,46.5,,,True,False
401520200,ESPN BET,MD -24.5,-24.5,,-24.5,,24.5,50.5,,50.5,-3000.0,1100.0,True,False
401520190,ESPN BET,FLA -48.5,-48.5,,-48.5,,48.5,55.5,,55.5,,,True,False
401532576,ESPN BET,IDHO -4.5,4.5,,4.5,,-4.5,50.5,,50.5,,,False,False
401531427,ESPN BET,MEM -21.5,21.5,,21.5,,-21.5,58.5,,58.5,900.0,-1500.0,False,False
401531422,ESPN BET,USF -19.5,-19.5,,-19.5,,19.5,64.5,,64.5,,,True,False
401525831,ESPN BET,HOU -1.5,1.5,,1.5,,-1.5,58.5,,58.5,,-130.0,False,False
401531842,ESPN BET,UL -6.5,6.5,,6.5,,-6.5,51.5,,51.5,180.0,-240.0,False,False
401525827,ESPN BET,UCF -3.5,3.5,,3.5,,-3.5,58.5,,58.5,125.0,-145.0,False,False
401520206,ESPN BET,MIZ -21.5,-21.5,,-21.5,,21.5,46.5,,46.5,-1800.0,800.0,True,False
401520197,ESPN BET,LT -23.5,-23.5,,-23.5,,23.5,57.5,,57.5,,,True,False
401520192,ESPN BET,GAST -3.5,-3.5,,-3.5,,3.5,54.5,,54.5,-155.0,130.0,True,False
401525496,ESPN BET,PITT -6.5,-6.5,,-6.5,,6.5,44.5,,44.5,-240.0,180.0,True,False
401520189,ESPN BET,UNT -11.5,11.5,,11.5,,-11.5,51.5,,51.5,380.0,-500.0,False,False
401532401,ESPN BET,BUF -21.5,-21.5,,-21.5,,21.5,53.5,,53.5,,,True,False
401520218,ESPN BET,WKU -42.5,-42.5,,-42.5,,42.5,64.5,,64.5,,,True,False
401520207,ESPN BET,NU -1.5,-1.5,,-1.5,,1.5,39.5,,39.5,-125.0,-105.0,True,False
401532396,ESPN BET,CMU -7.5,-7.5,,-7.5,,7.5,48.5,,48.5,-340.0,270.0,True,False
401520194,ESPN BET,IOWA -3.5,3.5,,3.5,,-3.5,34.5,,34.5,155.0,-190.0,False,False
401525829,ESPN BET,KSU -15.5,-15.5,,-15.5,,15.5,49.5,,49.5,-750.0,450.0,True,False
401520199,ESPN BET,LSU -58.5,-58.5,,-58.5,,58.5,61.5,,61.5,,,True,False
401524002,ESPN BET,ORE -4.5,4.5,,4.5,,-4.5,68.5,,68.5,175.0,-210.0,False,False
401523999,ESPN BET,UTAH -7.5,7.5,,7.5,,-7.5,45.5,,45.5,240.0,-290.0,False,False
401525436,ESPN BET,ND -7.5,7.5,,7.5,,-7.5,48.5,,48.5,240.0,-290.0,False,False
401520213,ESPN BET,TENN -49,-49.0,,-49.0,,49.0,65.5,,65.5,,,True,False
401520210,ESPN BET,RUTG -8.5,-8.5,,-8.5,,8.5,43.5,,43.5,-330.0,265.0,True,False
401524004,ESPN BET,WASH -32.5,-32.5,,-32.5,,32.5,65.5,,65.5,-6000.0,2000.0,True,False
401520212,ESPN BET,SC -17.5,-17.5,,-17.5,,17.5,51.5,,51.5,,,True,False
401520208,ESPN BET,OSU -45.5,-45.5,,-45.5,,45.5,56.5,,56.5,,,True,False
401524001,ESPN BET,UCLA -12.5,12.5,,12.5,,-12.5,49.5,,49.5,380.0,-500.0,False,False
401520183,ESPN BET,ALA -7.5,-7.5,,-7.5,,7.5,53.5,,53.5,-290.0,235.0,True,False
401520202,ESPN BET,MICH -37.5,-37.5,,-37.5,,37.5,54.5,,54.5,,,True,False
401520191,ESPN BET,UGA -41.5,-41.5,,-41.5,,41.5,52.5,,52.5,,,True,False
401520209,ESPN BET,PSU -43.5,-43.5,,-43.5,,43.5,56.5,,56.5,,,True,False
401520203,ESPN BET,MSU -28.5,-28.5,,-28.5,,28.5,43.5,,43.5,-10000.0,3000.0,True,False
401525495,ESPN BET,UNC -19.5,-19.5,,-19.5,,19.5,58.5,,58.5,-1000.0,650.0,True,False
401520217,ESPN BET,WIS -5.5,5.5,,5.5,,-5.5,57.5,,57.5,170.0,-200.0,False,False
401520196,ESPN BET,UK -35.5,-35.5,,-35.5,,35.5,62.5,,62.5,-20000.0,4000.0,True,False
401532400,ESPN BET,BGSU -16.5,-16.5,,-16.5,,16.5,47.5,,47.5,-1200.0,750.0,True,False
401520204,ESPN BET,MINN -19.5,-19.5,,-19.5,,19.5,47.5,,47.5,-1200.0,750.0,True,False
401525494,ESPN BET,GT -43.5,-43.5,,-43.5,,43.5,52.5,,52.5,,,True,False
401525498,ESPN BET,JMU -5.5,5.5,,5.5,,-5.5,39.5,,39.5,190.0,-240.0,False,False
401525490,ESPN BET,BC -10.5,-10.5,,-10.5,,10.5,52.5,,52.5,-350.0,280.0,True,False
401525830,ESPN BET,OU -15.5,-15.5,,-15.5,,15.5,66.5,,66.5,-700.0,500.0,True,False
401520215,ESPN BET,PUR -0.5,0.5,,0.5,,-0.5,48.5,,48.5,-110.0,-105.0,False,False
401520216,ESPN BET,WAKE -10.5,-10.5,,-10.5,,10.5,56.5,,56.5,-415.0,320.0,True,False
401525491,ESPN BET,CLEM -50.5,-50.5,,-50.5,,50.5,54.5,,54.5,,,True,False
401520201,ESPN BET,TA&M -2.5,2.5,,2.5,,-2.5,48.5,,48.5,105.0,-135.0,False,False
401520188,ESPN BET,COLO -2.5,-2.5,,-2.5,,2.5,57.5,,57.5,-135.0,115.0,True,False
401525492,ESPN BET,DUKE -41.5,-41.5,,-41.5,,41.5,47.5,,47.5,,,True,False
401520214,ESPN BET,MISS -12.5,12.5,,12.5,,-12.5,60.5,,60.5,380.0,-500.0,False,False
401520185,ESPN BET,ARMY -39,-39.0,,-39.0,,39.0,44.5,,44.5,,,True,False
401520205,ESPN BET,MSST -8.5,-8.5,,-8.5,,8.5,59.5,,59.5,-320.0,260.0,True,False
401532574,ESPN BET,FRES -30.5,-30.5,,-30.5,,30.5,63.5,,63.5,-3500.0,1500.0,True,False
401523998,ESPN BET,OKST -2.5,2.5,,2.5,,-2.5,51.5,,51.5,110.0,-140.0,False,False
401532575,ESPN BET,HAW -10.5,-10.5,,-10.5,,10.5,58.5,,58.5,-350.0,280.0,True,False
401520186,ESPN BET,AUB -5.5,5.5,,5.5,,-5.5,55.5,,55.5,170.0,-200.0,False,False
401532577,ESPN BET,UNM -16.5,-16.5,,-16.5,,16.5,51.5,,51.5,,,True,False
401532579,ESPN BET,USU -23.5,-23.5,,-23.5,,23.5,61.5,,61.5,,,True,False
401525832,ESPN BET,TCU -42.5,-42.5,,-42.5,,42.5,60.5,,60.5,,,True,False
401531843,ESPN BET,ULM -24.5,-24.5,,-24.5,,24.5,47.5,,47.5,,,True,False
401520211,ESPN BET,AF -12.5,12.5,,12.5,,-12.5,35.5,,35.5,450.0,-650.0,False,False
401524000,ESPN BET,ORST -23.5,-23.5,,-23.5,,23.5,57.5,,57.5,-1800.0,1000.0,True,False
401524003,ESPN BET,USC -27.5,-27.5,,-27.5,,27.5,68.5,,68.5,-7500.0,1700.0,True,False
401525493,ESPN BET,FSU -29.5,-29.5,,-29.5,,29.5,53.5,,53.5,-6000.0,2000.0,True,False
401525499,ESPN BET,MIA -54.5,-54.5,,-54.5,,54.5,63.5,,63.5,,,True,False
401531428,ESPN BET,MEM -12.5,-12.5,,-12.5,,12.5,47.5,,47.5,-450.0,360.0,True,False
401520231,ESPN BET,MD -15.5,-15.5,,-15.5,,15.5,47.5,,47.5,-700.0,500.0,True,False
401531396,ESPN BET,UTSA -7.5,-7.5,,-7.5,,7.5,41.5,,41.5,-280.0,220.0,True,False
401520221,ESPN BET,AUB -38.5,-38.5,,-38.5,,38.5,63.5,,63.5,,,True,False
401525843,ESPN BET,UCF -27.5,-27.5,,-27.5,,27.5,54.5,,54.5,,,True,False
401531403,ESPN BET,GAST -5.5,5.5,,5.5,,-5.5,51.5,,51.5,170.0,-220.0,False,False
401531348,ESPN BET,TULN -7.5,7.5,,7.5,,-7.5,46.5,,46.5,250.0,-350.0,False,False
401524006,ESPN BET,CAL -15.5,-15.5,,-15.5,,15.5,52.5,,52.5,,,True,False
401520245,ESPN BET,TA&M -36.5,-36.5,,-36.5,,36.5,54.5,,54.5,-20000.0,4000.0,True,False
401531388,ESPN BET,TEM -31.5,-31.5,,-31.5,,31.5,54.5,,54.5,,,True,False
401520246,ESPN BET,CONN -6.5,-6.5,,-6.5,,6.5,42.5,,42.5,-290.0,220.0,True,False
401520243,ESPN BET,RUTG -6.5,-6.5,,-6.5,,6.5,37.5,,37.5,-255.0,205.0,True,False
401532402,ESPN BET,BALL -26.5,-26.5,,-26.5,,26.5,44.5,,44.5,,,True,False
401520229,ESPN BET,LT -4.5,-4.5,,-4.5,,4.5,66.5,,66.5,-175.0,150.0,True,False
401526834,ESPN BET,EMU -7.5,-7.5,,-7.5,,7.5,49.5,,49.5,-350.0,250.0,True,False
401531412,ESPN BET,APP -7.5,-7.5,,-7.5,,7.5,47.5,,47.5,-320.0,260.0,True,False
401520237,ESPN BET,NEB -11.5,-11.5,,-11.5,,11.5,42.5,,42.5,-450.0,360.0,True,False
401531379,ESPN BET,UAB -1.5,-1.5,,-1.5,,1.5,59.5,,59.5,-130.0,,True,False
401525835,ESPN BET,CIN -14.5,-14.5,,-14.5,,14.5,43.5,,43.5,-600.0,450.0,True,False
401525839,ESPN BET,OKST -6.5,-6.5,,-6.5,,6.5,48.5,,48.5,-275.0,225.0,True,False
401525841,ESPN BET,TTU -36.5,-36.5,,-36.5,,36.5,75.5,,75.5,,,True,False
401525502,ESPN BET,NCSU -43.5,-43.5,,-43.5,,43.5,51.5,,51.5,,,True,False
401531438,ESPN BET,SMU -44.5,-44.5,,-44.5,,44.5,63.5,,63.5,,,True,False
401531441,ESPN BET,RICE -35.5,-35.5,,-35.5,,35.5,60.5,,60.5,,,True,False
401531845,ESPN BET,CCU -35.5,-35.5,,-35.5,,35.5,57.5,,57.5,,,True,False
401531846,ESPN BET,ARST -24.5,-24.5,,-24.5,,24.5,47.5,,47.5,,,True,False
401531848,ESPN BET,TROY -2.5,-2.5,,-2.5,,2.5,45.5,,45.5,-135.0,115.0,True,False
401532403,ESPN BET,TOL -8.5,-8.5,,-8.5,,8.5,55.5,,55.5,-330.0,240.0,True,False
401520220,ESPN BET,ARK -7.5,-7.5,,-7.5,,7.5,47.5,,47.5,-330.0,240.0,True,False
401520228,ESPN BET,UK -25.5,-25.5,,-25.5,,25.5,48.5,,48.5,-3500.0,1300.0,True,False
401520242,ESPN BET,SYR -1.5,1.5,,1.5,,-1.5,56.5,,56.5,-105.0,-125.0,False,False
401525503,ESPN BET,WVU -2.5,-2.5,,-2.5,,2.5,47.5,,47.5,-135.0,105.0,True,False
401520247,ESPN BET,VAN -4.5,4.5,,4.5,,-4.5,56.5,,56.5,140.0,-180.0,False,False
401532582,ESPN BET,BOIS -14.5,-14.5,,-14.5,,14.5,58.5,,58.5,,,True,False
401520234,ESPN BET,MTSU -33.5,-33.5,,-33.5,,33.5,48.5,,48.5,,,True,False
401525838,ESPN BET,ISU -2.5,2.5,,2.5,,-2.5,41.5,,41.5,105.0,-135.0,False,False
401532581,ESPN BET,AF -9.5,-9.5,,-9.5,,9.5,45.5,,45.5,-370.0,280.0,True,False
401520225,ESPN BET,UGA -26.5,-26.5,,-26.5,,26.5,54.5,,54.5,-3500.0,1500.0,True,False
401520232,ESPN BET,MICH -40.5,-40.5,,-40.5,,40.5,53.5,,53.5,,,True,False
401525500,ESPN BET,FSU -26.5,26.5,,26.5,,-26.5,47.5,,47.5,1300.0,-3500.0,False,False
401532404,ESPN BET,KENT -22.5,-22.5,,-22.5,,22.5,47.5,,47.5,,,True,False
401520240,ESPN BET,OSU -29.5,-29.5,,-29.5,,29.5,65.5,,65.5,-5500.0,1600.0,True,False
401520226,ESPN BET,PSU -14.5,14.5,,14.5,,-14.5,47.5,,47.5,475.0,-650.0,False,False
401520233,ESPN BET,WASH -15.5,15.5,,15.5,,-15.5,56.5,,56.5,550.0,-800.0,False,False
401525437,ESPN BET,ND -34.5,-34.5,,-34.5,,34.5,51.5,,51.5,-10000.0,2000.0,True,False
401520244,ESPN BET,ALA -34.5,34.5,,34.5,,-34.5,60.5,,60.5,3000.0,-10000.0,False,False
401520224,ESPN BET,TENN -5.5,5.5,,5.5,,-5.5,56.5,,56.5,170.0,-200.0,False,False
401524012,ESPN BET,UTAH -28.5,-28.5,,-28.5,,28.5,44.5,,44.5,,,True,False
401520235,ESPN BET,LSU -9.5,9.5,,9.5,,-9.5,54.5,,54.5,300.0,-380.0,False,False
401524009,ESPN BET,ORST -25.5,-25.5,,-25.5,,25.5,48.5,,48.5,-3500.0,1300.0,True,False
401520236,ESPN BET,KSU -2.5,2.5,,2.5,,-2.5,47.5,,47.5,145.0,-175.0,False,False
401524011,ESPN BET,UCLA -35.5,-35.5,,-35.5,,35.5,59.5,,59.5,,,True,False
401520241,ESPN BET,MISS -15.5,-15.5,,-15.5,,15.5,60.5,,60.5,-900.0,600.0,True,False
401525834,ESPN BET,BAY -44.5,-44.5,,-44.5,,44.5,53.5,,53.5,,,True,False
401525504,ESPN BET,WAKE -13.5,13.5,,13.5,,-13.5,60.5,,60.5,380.0,-600.0,False,False
401525842,ESPN BET,OU -28.5,28.5,,28.5,,-28.5,59.5,,59.5,2000.0,-7500.0,False,False
401520239,ESPN BET,UNC -6.5,-6.5,,-6.5,,6.5,51.5,,51.5,-270.0,220.0,True,False
401520223,ESPN BET,DUKE -17.5,-17.5,,-17.5,,17.5,47.5,,47.5,-900.0,500.0,True,False
401524013,ESPN BET,WSU -47.5,-47.5,,-47.5,,47.5,55.5,,55.5,,,True,False
401520249,ESPN BET,WIS -20.5,-20.5,,-20.5,,20.5,65.5,,65.5,-1100.0,650.0,True,False
401520227,ESPN BET,IOWA -28.5,-28.5,,-28.5,,28.5,42.5,,42.5,-9000.0,1700.0,True,False
401520222,ESPN BET,LIB -2.5,2.5,,2.5,,-2.5,52.5,,52.5,120.0,-150.0,False,False
401520230,ESPN BET,LOU -10.5,10.5,,10.5,,-10.5,49.5,,49.5,290.0,-360.0,False,False
401525836,ESPN BET,TCU -7.5,7.5,,7.5,,-7.5,63.5,,63.5,240.0,-290.0,False,False
401520219,ESPN BET,ARIZ -17.5,-17.5,,-17.5,,17.5,57.5,,57.5,-800.0,550.0,True,False
401524005,ESPN BET,FRES -3.5,3.5,,3.5,,-3.5,47.5,,47.5,140.0,-160.0,False,False
401525837,ESPN BET,KU -28.5,28.5,,28.5,,-28.5,58.5,,58.5,1500.0,-4000.0,False,False
401525501,ESPN BET,CLEM -24.5,-24.5,,-24.5,,24.5,51.5,,51.5,-3000.0,1100.0,True,False
401531847,ESPN BET,TXST -18.5,-18.5,,-18.5,,18.5,61.5,,61.5,,,True,False
401520238,ESPN BET,UNM -2.5,-2.5,,-2.5,,2.5,51.5,,51.5,-135.0,115.0,True,False
401525840,ESPN BET,TEX -28.5,-28.5,,-28.5,,28.5,48.5,,48.5,-5000.0,2000.0,True,False
401524008,ESPN BET,ORE -38.5,-38.5,,-38.5,,38.5,69.5,,69.5,,,True,False
401524010,ESPN BET,STAN -6.5,-6.5,,-6.5,,6.5,59.5,,59.5,,,True,False
401524007,ESPN BET,COLO -24.5,-24.5,,-24.5,,24.5,63.5,,63.5,-1800.0,1000.0,True,False
401531849,ESPN BET,CCU -5.5,-5.5,,-5.5,,5.5,61.5,,61.5,-190.0,150.0,True,False
401520266,ESPN BET,WIS -6.5,6.5,,6.5,,-6.5,53.5,,53.5,200.0,-240.0,False,False
401525505,ESPN BET,NCSU -8.5,8.5,,8.5,,-8.5,47.5,,47.5,250.0,-350.0,False,False
401520257,ESPN BET,JXST -6.5,-6.5,,-6.5,,6.5,48.5,,48.5,-250.0,205.0,True,False
401531423,ESPN BET,RICE -2.5,2.5,,2.5,,-2.5,56.5,,56.5,120.0,-140.0,False,False
401525846,ESPN BET,ISU -3.5,-3.5,,-3.5,,3.5,35.5,,35.5,-170.0,145.0,True,False
401532408,ESPN BET,M-OH -40.5,-40.5,,-40.5,,40.5,49.5,,49.5,,,True,False
401856766,DraftKings,TCU -7.5,-7.5,-6.5,-7.5,6.5,7.5,47.5,49.5,47.5,-325.0,260.0,True,False
401532405,ESPN BET,OHIO -12.5,12.5,,12.5,,-12.5,44.5,,44.5,380.0,-500.0,False,False
401864494,DraftKings,USC -38.5,-38.5,-35.5,-38.5,35.5,38.5,60.5,57.5,60.5,,,True,False
401525850,ESPN BET,TTU -6.5,6.5,,6.5,,-6.5,53.5,,53.5,170.0,-220.0,False,False
401858202,DraftKings,UVA -5.5,-5.5,-3.0,-5.5,3.0,5.5,53.5,53.5,53.5,-218.0,180.0,True,False
401526835,ESPN BET,MASS -2.5,-2.5,,-2.5,,2.5,48.5,,48.5,-165.0,140.0,True,False
401864577,DraftKings,NDSU -7,-7.0,-10.0,-7.0,10.0,7.0,47.5,48.5,47.5,-270.0,220.0,True,False
401531876,ESPN BET,USA -16.5,-16.5,,-16.5,,16.5,46.5,,46.5,-700.0,500.0,True,False
401866408,DraftKings,EMU -8.5,-8.5,-8.5,-8.5,8.5,8.5,52.5,52.5,52.5,-310.0,250.0,True,False
401525847,ESPN BET,KU -8.5,-8.5,,-8.5,,8.5,55.5,,55.5,-400.0,280.0,True,False
401858201,DraftKings,STAN -6,-6.0,-3.0,-6.0,3.0,6.0,49.5,50.5,49.5,-225.0,185.0,True,False
401525506,ESPN BET,LOU -15.5,-15.5,,-15.5,,15.5,52.5,,52.5,-550.0,425.0,True,False
401520263,ESPN BET,NEB -20.5,-20.5,,-20.5,,20.5,44.5,,44.5,-1400.0,800.0,True,False
401531873,ESPN BET,ODU -25.5,-25.5,,-25.5,,25.5,48.5,,48.5,-4000.0,1800.0,True,False
401531413,ESPN BET,ECU -13.5,-13.5,,-13.5,,13.5,51.5,,51.5,-600.0,450.0,True,False
401520262,ESPN BET,MTSU -3.5,-3.5,,-3.5,,3.5,50.5,,50.5,-175.0,150.0,True,False
401525508,ESPN BET,WAKE -3.5,-3.5,,-3.5,,3.5,58.5,,58.5,-160.0,125.0,True,False
401856678,DraftKings,MIZ -7,7.0,7.0,7.0,-7.0,-7.0,52.5,53.5,52.5,195.0,-238.0,False,False
401520254,ESPN BET,HOU -11.5,-11.5,,-11.5,,11.5,37.5,,37.5,-450.0,360.0,True,False
401524016,ESPN BET,ARIZ -12.5,12.5,,12.5,,-12.5,58.5,,58.5,360.0,-450.0,False,False
401531349,ESPN BET,TULN -38.5,-38.5,,-38.5,,38.5,55.5,,55.5,,,True,False
401856811,DraftKings,TTU -13.5,-13.5,-12.5,-13.5,12.5,13.5,,,,,,True,False
401531870,ESPN BET,WYO -3.5,-3.5,,-3.5,,3.5,44.5,,44.5,-150.0,130.0,True,False
401531874,ESPN BET,USM -6.5,6.5,,6.5,,-6.5,45.5,,45.5,215.0,-260.0,False,False
401531877,ESPN BET,TXST -17.5,-17.5,,-17.5,,17.5,59.5,,59.5,-900.0,600.0,True,False
401531875,ESPN BET,UL -9.5,-9.5,,-9.5,,9.5,56.5,,56.5,-400.0,320.0,True,False
401520256,ESPN BET,IU -16.5,-16.5,,-16.5,,16.5,44.5,,44.5,-900.0,600.0,True,False
401520259,ESPN BET,MIZ -6.5,-6.5,,-6.5,,6.5,52.5,,52.5,-240.0,200.0,True,False
401520264,ESPN BET,MINN -11.5,11.5,,11.5,,-11.5,39.5,,39.5,340.0,-425.0,False,False
401520267,ESPN BET,SC -6.5,-6.5,,-6.5,,6.5,47.5,,47.5,-220.0,185.0,True,False
401520261,ESPN BET,MD -7.5,7.5,,7.5,,-7.5,51.5,,51.5,240.0,-290.0,False,False
401520275,ESPN BET,LIB -10.5,10.5,,10.5,,-10.5,53.5,,53.5,300.0,-380.0,False,False
401520255,ESPN BET,ILL -13.5,-13.5,,-13.5,,13.5,44.5,,44.5,-700.0,500.0,True,False
401525844,ESPN BET,TEX -17.5,17.5,,17.5,,-17.5,49.5,,49.5,550.0,-800.0,False,False
401532406,ESPN BET,TOL -21.5,-21.5,,-21.5,,21.5,50.5,,50.5,-1400.0,800.0,True,False
401532584,ESPN BET,AF -6.5,6.5,,6.5,,-6.5,44.5,,44.5,200.0,-240.0,False,False
401520252,ESPN BET,UGA -40.5,-40.5,,-40.5,,40.5,55.5,,55.5,,,True,False
401520260,ESPN BET,MICH -24.5,-24.5,,-24.5,,24.5,44.5,,44.5,-2000.0,1100.0,True,False
401525507,ESPN BET,FSU -1.5,1.5,,1.5,,-1.5,55.5,,55.5,,-120.0,False,False
401531871,ESPN BET,GASO -5.5,5.5,,5.5,,-5.5,59.5,,59.5,170.0,-200.0,False,False
401521330,ESPN BET,OSU -3.5,3.5,,3.5,,-3.5,56.5,,56.5,135.0,-155.0,False,False
401520265,ESPN BET,PSU -14.5,-14.5,,-14.5,,14.5,38.5,,38.5,-650.0,475.0,True,False
401524015,ESPN BET,ORE -21.5,-21.5,,-21.5,,21.5,68.5,,68.5,-800.0,550.0,True,False
401524017,ESPN BET,UTAH -2.5,-2.5,,-2.5,,2.5,50.5,,50.5,-165.0,140.0,True,False
401520258,ESPN BET,LSU -18.5,-18.5,,-18.5,,18.5,55.5,,55.5,-900.0,500.0,True,False
401520250,ESPN BET,ALA -6.5,-6.5,,-6.5,,6.5,55.5,,55.5,-260.0,215.0,True,False
401532583,ESPN BET,BOIS -5.5,5.5,,5.5,,-5.5,46.5,,46.5,160.0,-190.0,False,False
401524019,ESPN BET,ORST -2.5,2.5,,2.5,,-2.5,57.5,,57.5,115.0,-145.0,False,False
401520272,ESPN BET,DUKE -22.5,22.5,,22.5,,-22.5,44.5,,44.5,1000.0,-1800.0,False,False
401525509,ESPN BET,MIA -24.5,24.5,,24.5,,-24.5,46.5,,46.5,1100.0,-3000.0,False,False
401520269,ESPN BET,TENN -24.5,-24.5,,-24.5,,24.5,58.5,,58.5,-2500.0,1000.0,True,False
401520251,ESPN BET,FLA -28.5,-28.5,,-28.5,,28.5,48.5,,48.5,-4000.0,1500.0,True,False
401520268,ESPN BET,SYR -13.5,-13.5,,-13.5,,13.5,50.5,,50.5,-490.0,375.0,True,False
401520270,ESPN BET,TA&M -9.5,-9.5,,-9.5,,9.5,51.5,,51.5,-375.0,290.0,True,False
401520271,ESPN BET,TROY -4.5,-4.5,,-4.5,,4.5,58.5,,58.5,-175.0,150.0,True,False
401520274,ESPN BET,UK -13.5,13.5,,13.5,,-13.5,50.5,,50.5,340.0,-500.0,False,False
401525511,ESPN BET,MRSH -6.5,-6.5,,-6.5,,6.5,42.5,,42.5,-215.0,180.0,True,False
401525849,ESPN BET,TCU -6.5,-6.5,,-6.5,,6.5,61.5,,61.5,-260.0,210.0,True,False
401531338,ESPN BET,NIU -3.5,-3.5,,-3.5,,3.5,54.5,,54.5,-185.0,155.0,True,False
401525845,ESPN BET,OU -13.5,13.5,,13.5,,-13.5,57.5,,57.5,360.0,-450.0,False,False
401520253,ESPN BET,HAW -3.5,-3.5,,-3.5,,3.5,54.5,,54.5,-165.0,140.0,True,False
401532407,ESPN BET,FRES -27.5,-27.5,,-27.5,,27.5,47.5,,47.5,-3000.0,1300.0,True,False
401531872,ESPN BET,JMU -5.5,5.5,,5.5,,-5.5,52.5,,52.5,175.0,-210.0,False,False
401520273,ESPN BET,UTEP -2.5,-2.5,,-2.5,,2.5,49.5,,49.5,-125.0,105.0,True,False
401524014,ESPN BET,USC -34.5,34.5,,34.5,,-34.5,61.5,,61.5,3000.0,-10000.0,False,False
401524018,ESPN BET,WASH -20.5,-20.5,,-20.5,,20.5,56.5,,56.5,-1000.0,700.0,True,False
401525510,ESPN BET,UNC -6.5,6.5,,6.5,,-6.5,49.5,,49.5,240.0,-290.0,False,False
401525848,ESPN BET,KSU -5.5,-5.5,,-5.5,,5.5,52.5,,52.5,-220.0,170.0,True,False
401520277,ESPN BET,WKU -6.5,-6.5,,-6.5,,6.5,60.5,,60.5,-250.0,210.0,True,False
401531339,ESPN BET,TLSA -3.5,-3.5,,-3.5,,3.5,54.5,,54.5,-160.0,125.0,True,False
401520276,ESPN BET,JXST -6.5,6.5,,6.5,,-6.5,35.5,,35.5,225.0,-275.0,False,False
401525512,ESPN BET,LOU -3.5,3.5,,3.5,,-3.5,56.5,,56.5,145.0,-175.0,False,False
401532413,ESPN BET,M-OH -14.5,14.5,,14.5,,-14.5,50.5,,50.5,450.0,-600.0,False,False
401531424,ESPN BET,NAVY -3.5,-3.5,,-3.5,,3.5,54.5,,54.5,-175.0,150.0,True,False
401526836,ESPN BET,MASS -2.5,-2.5,,-2.5,,2.5,56.5,,56.5,-135.0,105.0,True,False
401525856,ESPN BET,UCF -7.5,-7.5,,-7.5,,7.5,55.5,,55.5,-320.0,260.0,True,False
401525855,ESPN BET,TTU -8.5,-8.5,,-8.5,,8.5,51.5,,51.5,-330.0,240.0,True,False
401520283,ESPN BET,MD -14.5,-14.5,,-14.5,,14.5,48.5,,48.5,-700.0,425.0,True,False
401520290,ESPN BET,RUTG -46.5,-46.5,,-46.5,,46.5,53.5,,53.5,,,True,False
401520289,ESPN BET,ILL -2.5,2.5,,2.5,,-2.5,54.5,,54.5,-120.0,-110.0,False,False
401531881,ESPN BET,MRSH -14.5,-14.5,,-14.5,,14.5,46.5,,46.5,-600.0,450.0,True,False
401524022,ESPN BET,CAL -13.5,-13.5,,-13.5,,13.5,47.5,,47.5,-450.0,360.0,True,False
401525515,ESPN BET,GT -21.5,-21.5,,-21.5,,21.5,48.5,,48.5,-2000.0,900.0,True,False
401532409,ESPN BET,WMU -1.5,-1.5,,-1.5,,1.5,49.5,,49.5,-125.0,-105.0,True,False
401532588,ESPN BET,WYO -14.5,-14.5,,-14.5,,14.5,40.5,,40.5,-600.0,450.0,True,False
401531429,ESPN BET,MEM -2.5,-2.5,,-2.5,,2.5,57.5,,57.5,-150.0,130.0,True,False
401532586,ESPN BET,UNLV -10.5,-10.5,,-10.5,,10.5,58.5,,58.5,-400.0,320.0,True,False
401531414,ESPN BET,RICE -3.5,-3.5,,-3.5,,3.5,46.5,,46.5,-175.0,150.0,True,False
401531436,ESPN BET,UNT -16.5,-16.5,,-16.5,,16.5,68.5,,68.5,,,True,False
401531878,ESPN BET,GASO -6.5,-6.5,,-6.5,,6.5,66.5,,66.5,-225.0,190.0,True,False
401531879,ESPN BET,GAST -1.5,-1.5,,-1.5,,1.5,50.5,,50.5,-125.0,-105.0,True,False
401531883,ESPN BET,TXST -6.5,6.5,,6.5,,-6.5,60.5,,60.5,200.0,-240.0,False,False
401532585,ESPN BET,CSU -31.5,-31.5,,-31.5,,31.5,65.5,,65.5,,,True,False
401520281,ESPN BET,IOWA -10.5,-10.5,,-10.5,,10.5,36.5,,36.5,-400.0,320.0,True,False
401531404,ESPN BET,SMU -21.5,-21.5,,-21.5,,21.5,53.5,,53.5,-1800.0,800.0,True,False
401532411,ESPN BET,TOL -13.5,-13.5,,-13.5,,13.5,48.5,,48.5,-550.0,400.0,True,False
401525513,ESPN BET,BC -4.5,-4.5,,-4.5,,4.5,51.5,,51.5,-200.0,170.0,True,False
401520284,ESPN BET,MINN -9.5,-9.5,,-9.5,,9.5,48.5,,48.5,-360.0,290.0,True,False
401532412,ESPN BET,AKR -2.5,-2.5,,-2.5,,2.5,52.5,,52.5,-145.0,115.0,True,False
401525851,ESPN BET,BYU -1.5,-1.5,,-1.5,,1.5,46.5,,46.5,-125.0,-105.0,True,False
401520280,ESPN BET,UGA -14.5,14.5,,14.5,,-14.5,44.5,,44.5,475.0,-650.0,False,False
401520286,ESPN BET,MICH -17.5,17.5,,17.5,,-17.5,40.5,,40.5,700.0,-1000.0,False,False
401525854,ESPN BET,TEX -15.5,-15.5,,-15.5,,15.5,59.5,,59.5,-800.0,550.0,True,False
401520287,ESPN BET,PSU -26.5,26.5,,26.5,,-26.5,46.5,,46.5,1500.0,-4000.0,False,False
401524023,ESPN BET,USC -20.5,20.5,,20.5,,-20.5,72.5,,72.5,900.0,-1600.0,False,False
401524024,ESPN BET,ORE -26.5,26.5,,26.5,,-26.5,59.5,,59.5,1600.0,-4000.0,False,False
401525438,ESPN BET,ND -5.5,5.5,,5.5,,-5.5,52.5,,52.5,160.0,-200.0,False,False
401520278,ESPN BET,LT -1.5,1.5,,1.5,,-1.5,48.5,,48.5,,-130.0,False,False
401525852,ESPN BET,OU -20.5,-20.5,,-20.5,,20.5,48.5,,48.5,-1400.0,700.0,True,False
401520288,ESPN BET,LSU -2.5,2.5,,2.5,,-2.5,66.5,,66.5,,-130.0,False,False
401520282,ESPN BET,UK -1.5,-1.5,,-1.5,,1.5,43.5,,43.5,-125.0,-105.0,True,False
401520293,ESPN BET,MIZ -14.5,14.5,,14.5,,-14.5,53.5,,53.5,400.0,-525.0,False,False
401520279,ESPN BET,TA&M -6.5,6.5,,6.5,,-6.5,53.5,,53.5,160.0,-200.0,False,False
401532410,ESPN BET,CMU -9.5,-9.5,,-9.5,,9.5,43.5,,43.5,-350.0,280.0,True,False
401520292,ESPN BET,USU -3.5,3.5,,3.5,,-3.5,50.5,,50.5,160.0,-190.0,False,False
401525514,ESPN BET,CLEM -7.5,7.5,,7.5,,-7.5,53.5,,53.5,225.0,-310.0,False,False
401531370,ESPN BET,TULN -22.5,-22.5,,-22.5,,22.5,58.5,,58.5,-1600.0,900.0,True,False
401531880,ESPN BET,USA -3.5,3.5,,3.5,,-3.5,48.5,,48.5,-125.0,105.0,False,False
401520291,ESPN BET,TENN -12.5,-12.5,,-12.5,,12.5,59.5,,59.5,-425.0,340.0,True,False
401524020,ESPN BET,ORST -3.5,-3.5,,-3.5,,3.5,42.5,,42.5,-185.0,155.0,True,False
401531882,ESPN BET,APP -13.5,13.5,,13.5,,-13.5,50.5,,50.5,400.0,-525.0,False,False
401532589,ESPN BET,AF -11.5,-11.5,,-11.5,,11.5,43.5,,43.5,-380.0,300.0,True,False
401525516,ESPN BET,PITT -2.5,2.5,,2.5,,-2.5,40.5,,40.5,120.0,-150.0,False,False
401525853,ESPN BET,TCU -11.5,-11.5,,-11.5,,11.5,50.5,,50.5,-525.0,400.0,True,False
401520285,ESPN BET,ALA -16.5,16.5,,16.5,,-16.5,44.5,,44.5,550.0,-800.0,False,False
401532587,ESPN BET,FRES -25.5,-25.5,,-25.5,,25.5,50.5,,50.5,-2500.0,1200.0,True,False
401524021,ESPN BET,WASH -19.5,19.5,,19.5,,-19.5,64.5,,64.5,700.0,-1000.0,False,False
401520294,ESPN BET,MTSU -2.5,-2.5,,-2.5,,2.5,51.5,,51.5,-135.0,115.0,True,False
401520297,ESPN BET,NMSU -6.5,-6.5,,-6.5,,6.5,48.5,,48.5,-240.0,200.0,True,False
401520296,ESPN BET,LIB -21.5,-21.5,,-21.5,,21.5,45.5,,45.5,-1800.0,900.0,True,False
401520295,ESPN BET,WKU -6.5,6.5,,6.5,,-6.5,58.5,,58.5,185.0,-220.0,False,False
401525857,ESPN BET,KSU -11.5,11.5,,11.5,,-11.5,53.5,,53.5,360.0,-450.0,False,False
401525521,ESPN BET,NCSU -6.5,-6.5,,-6.5,,6.5,43.5,,43.5,-240.0,180.0,True,False
401531433,ESPN BET,NAVY -6.5,-6.5,,-6.5,,6.5,59.5,,59.5,-230.0,195.0,True,False
401525517,ESPN BET,CLEM -21.5,-21.5,,-21.5,,21.5,52.5,,52.5,-1600.0,750.0,True,False
401531389,ESPN BET,UTSA -14.5,14.5,,14.5,,-14.5,55.5,,55.5,360.0,-550.0,False,False
401520306,ESPN BET,NU -23.5,-23.5,,-23.5,,23.5,52.5,,52.5,,,True,False
401532415,ESPN BET,CMU -2.5,2.5,,2.5,,-2.5,51.5,,51.5,125.0,-145.0,False,False
401531884,ESPN BET,TXST -2.5,2.5,,2.5,,-2.5,66.5,,66.5,-120.0,-110.0,False,False
401520302,ESPN BET,IOWA -2.5,-2.5,,-2.5,,2.5,38.5,,38.5,-135.0,115.0,True,False
401532414,ESPN BET,EMU -1.5,-1.5,,-1.5,,1.5,43.5,,43.5,-120.0,,True,False
401520299,ESPN BET,FLA -17.5,-17.5,,-17.5,,17.5,51.5,,51.5,-1000.0,550.0,True,False
401532417,ESPN BET,OHIO -24.5,-24.5,,-24.5,,24.5,44.5,,44.5,-3000.0,1500.0,True,False
401532418,ESPN BET,NIU -3.5,3.5,,3.5,,-3.5,41.5,,41.5,160.0,-190.0,False,False
401525860,ESPN BET,UCF -2.5,2.5,,2.5,,-2.5,64.5,,64.5,105.0,-135.0,False,False
401531380,ESPN BET,USF -3.5,3.5,,3.5,,-3.5,68.5,,68.5,125.0,-160.0,False,False
401531887,ESPN BET,TROY -15.5,-15.5,,-15.5,,15.5,51.5,,51.5,-800.0,475.0,True,False
401520309,ESPN BET,RICE -10.5,-10.5,,-10.5,,10.5,47.5,,47.5,-380.0,300.0,True,False
401531340,ESPN BET,FAU -2.5,-2.5,,-2.5,,2.5,53.5,,53.5,-140.0,120.0,True,False
401532416,ESPN BET,M-OH -7.5,-7.5,,-7.5,,7.5,41.5,,41.5,-340.0,270.0,True,False
401526837,ESPN BET,TOL -19.5,19.5,,19.5,,-19.5,55.5,,55.5,700.0,-1100.0,False,False
401525861,ESPN BET,TEX -3.5,-3.5,,-3.5,,3.5,60.5,,60.5,-185.0,155.0,True,False
401520311,ESPN BET,WIS -11.5,-11.5,,-11.5,,11.5,43.5,,43.5,-500.0,380.0,True,False
401520301,ESPN BET,ILL -2.5,-2.5,,-2.5,,2.5,41.5,,41.5,-150.0,130.0,True,False
401520300,ESPN BET,UGA -14.5,-14.5,,-14.5,,14.5,47.5,,47.5,-600.0,450.0,True,False
401520303,ESPN BET,MICH -19.5,19.5,,19.5,,-19.5,45.5,,45.5,700.0,-1400.0,False,False
401524026,ESPN BET,COLO -3.5,3.5,,3.5,,-3.5,58.5,,58.5,135.0,-155.0,False,False
401520307,ESPN BET,OSU -17.5,-17.5,,-17.5,,17.5,55.5,,55.5,-1200.0,700.0,True,False
401525518,ESPN BET,FSU -23.5,-23.5,,-23.5,,23.5,51.5,,51.5,-2500.0,1000.0,True,False
401525439,ESPN BET,ND -6.5,6.5,,6.5,,-6.5,53.5,,53.5,170.0,-220.0,False,False
401525522,ESPN BET,UVA -7.5,-7.5,,-7.5,,7.5,41.5,,41.5,-300.0,250.0,True,False
401520310,ESPN BET,ALA -2.5,2.5,,2.5,,-2.5,45.5,,45.5,115.0,-135.0,False,False
401525520,ESPN BET,UNC -8.5,-8.5,,-8.5,,8.5,58.5,,58.5,-360.0,290.0,True,False
401520308,ESPN BET,MISS -13.5,-13.5,,-13.5,,13.5,60.5,,60.5,-500.0,380.0,True,False
401520305,ESPN BET,LSU -5.5,5.5,,5.5,,-5.5,62.5,,62.5,210.0,-250.0,False,False
401531886,ESPN BET,USM -2.5,-2.5,,-2.5,,2.5,55.5,,55.5,-140.0,110.0,True,False
401520298,ESPN BET,ARMY -2.5,-2.5,,-2.5,,2.5,47.5,,47.5,-130.0,110.0,True,False
401520304,ESPN BET,MSST -21.5,-21.5,,-21.5,,21.5,54.5,,54.5,-2500.0,1000.0,True,False
401524028,ESPN BET,UCLA -3.5,-3.5,,-3.5,,3.5,58.5,,58.5,-165.0,140.0,True,False
401531885,ESPN BET,USA -10.5,10.5,,10.5,,-10.5,51.5,,51.5,300.0,-380.0,False,False
401525859,ESPN BET,TCU -6.5,6.5,,6.5,,-6.5,51.5,,51.5,190.0,-250.0,False,False
401532590,ESPN BET,CSU -3.5,3.5,,3.5,,-3.5,62.5,,62.5,130.0,-165.0,False,False
401525858,ESPN BET,TTU -2.5,2.5,,2.5,,-2.5,59.5,,59.5,105.0,-135.0,False,False
401524025,ESPN BET,USC -22.5,-22.5,,-22.5,,22.5,69.5,,69.5,-2100.0,950.0,True,False
401525519,ESPN BET,MIA -19.5,-19.5,,-19.5,,19.5,56.5,,56.5,-1400.0,800.0,True,False
401524027,ESPN BET,ORST -7.5,7.5,,7.5,,-7.5,52.5,,52.5,270.0,-340.0,False,False
401532592,ESPN BET,BOIS -8.5,-8.5,,-8.5,,8.5,56.5,,56.5,-375.0,260.0,True,False
401532591,ESPN BET,FRES -5.5,5.5,,5.5,,-5.5,41.5,,41.5,180.0,-215.0,False,False
401531888,ESPN BET,APP -4.5,-4.5,,-4.5,,4.5,58.5,,58.5,-195.0,165.0,True,False
401520312,ESPN BET,LIB -6.5,6.5,,6.5,,-6.5,59.5,,59.5,215.0,-260.0,False,False
401520313,ESPN BET,MTSU -3.5,-3.5,,-3.5,,3.5,53.5,,53.5,-150.0,130.0,True,False
401520314,ESPN BET,FIU -3.5,-3.5,,-3.5,,3.5,41.5,,41.5,-175.0,150.0,True,False
401520315,ESPN BET,NMSU -3.5,-3.5,,-3.5,,3.5,42.5,,42.5,-195.0,165.0,True,False
401525862,ESPN BET,WVU -2.5,2.5,,2.5,,-2.5,48.5,,48.5,120.0,-140.0,False,False
401531415,ESPN BET,SMU -10.5,10.5,,10.5,,-10.5,48.5,,48.5,360.0,-450.0,False,False
401531371,ESPN BET,TULN -4.5,4.5,,4.5,,-4.5,54.5,,54.5,160.0,-200.0,False,False
401532422,ESPN BET,EMU -7.5,-7.5,,-7.5,,7.5,39.5,,39.5,-290.0,240.0,True,False
401531405,ESPN BET,NAVY -3.5,3.5,,3.5,,-3.5,43.5,,43.5,130.0,-165.0,False,False
401532419,ESPN BET,TOL -17.5,17.5,,17.5,,-17.5,48.5,,48.5,600.0,-900.0,False,False
401520317,ESPN BET,TROY -6.5,6.5,,6.5,,-6.5,41.5,,41.5,190.0,-230.0,False,False
401520320,ESPN BET,MD -13.5,-13.5,,-13.5,,13.5,50.5,,50.5,-600.0,380.0,True,False
401520325,ESPN BET,SC -1.5,-1.5,,-1.5,,1.5,49.5,,49.5,-120.0,-110.0,True,False
401525527,ESPN BET,VT -1.5,-1.5,,-1.5,,1.5,48.5,,48.5,-125.0,105.0,True,False
401525865,ESPN BET,TCU -5.5,-5.5,,-5.5,,5.5,52.5,,52.5,-210.0,175.0,True,False
401531420,ESPN BET,USF -2.5,-2.5,,-2.5,,2.5,60.5,,60.5,-140.0,110.0,True,False
401520328,ESPN BET,WIS -8.5,-8.5,,-8.5,,8.5,34.5,,34.5,-350.0,280.0,True,False
401532423,ESPN BET,M-OH -7.5,7.5,,7.5,,-7.5,45.5,,45.5,260.0,-320.0,False,False
401531890,ESPN BET,JMU -5.5,-5.5,,-5.5,,5.5,59.5,,59.5,-200.0,160.0,True,False
401532424,ESPN BET,OHIO -5.5,5.5,,5.5,,-5.5,45.5,,45.5,190.0,-225.0,False,False
401532597,ESPN BET,UNLV -7.5,7.5,,7.5,,-7.5,51.5,,51.5,200.0,-260.0,False,False
401532596,ESPN BET,SJSU -6.5,6.5,,6.5,,-6.5,53.5,,53.5,210.0,-250.0,False,False
401525866,ESPN BET,TTU -0.5,-0.5,,-0.5,,0.5,56.5,,56.5,-120.0,-110.0,True,False
401531889,ESPN BET,GAST -1.5,-1.5,,-1.5,,1.5,53.5,,53.5,-130.0,,True,False
401531891,ESPN BET,TXST -19.5,-19.5,,-19.5,,19.5,64.5,,64.5,-900.0,600.0,True,False
401532598,ESPN BET,AF -12.5,-12.5,,-12.5,,12.5,41.5,,41.5,-425.0,340.0,True,False
401532420,ESPN BET,CMU -10.5,-10.5,,-10.5,,10.5,43.5,,43.5,-400.0,320.0,True,False
401531390,ESPN BET,UNT -6.5,-6.5,,-6.5,,6.5,65.5,,65.5,-350.0,250.0,True,False
401532421,ESPN BET,BUF -2.5,-2.5,,-2.5,,2.5,44.5,,44.5,-165.0,140.0,True,False
401520324,ESPN BET,RUTG -3.5,-3.5,,-3.5,,3.5,38.5,,38.5,-175.0,150.0,True,False
401532594,ESPN BET,FRES -5.5,5.5,,5.5,,-5.5,55.5,,55.5,180.0,-220.0,False,False
401524029,ESPN BET,COLO -13.5,-13.5,,-13.5,,13.5,57.5,,57.5,-500.0,380.0,True,False
401520327,ESPN BET,UGA -33.5,33.5,,33.5,,-33.5,55.5,,55.5,2500.0,-12500.0,False,False
401520321,ESPN BET,MICH -32.5,-32.5,,-32.5,,32.5,45.5,,45.5,-7500.0,2500.0,True,False
401520323,ESPN BET,OSU -17.5,17.5,,17.5,,-17.5,52.5,,52.5,600.0,-900.0,False,False
401525524,ESPN BET,FSU -19.5,-19.5,,-19.5,,19.5,53.5,,53.5,-1400.0,800.0,True,False
401520322,ESPN BET,PSU -41.5,-41.5,,-41.5,,41.5,54.5,,54.5,,,True,False
401524034,ESPN BET,WASH -3.5,-3.5,,-3.5,,3.5,68.5,,68.5,-160.0,140.0,True,False
401524031,ESPN BET,ND -3.5,-3.5,,-3.5,,3.5,60.5,,60.5,-145.0,115.0,True,False
401520316,ESPN BET,ALA -19.5,-19.5,,-19.5,,19.5,44.5,,44.5,-1400.0,700.0,True,False
401525863,ESPN BET,CIN -3.5,-3.5,,-3.5,,3.5,41.5,,41.5,-190.0,160.0,True,False
401525525,ESPN BET,LOU -7.5,7.5,,7.5,,-7.5,46.5,,46.5,240.0,-290.0,False,False
401524033,ESPN BET,UTAH -9.5,-9.5,,-9.5,,9.5,43.5,,43.5,-380.0,300.0,True,False
401520326,ESPN BET,TENN -3.5,-3.5,,-3.5,,3.5,54.5,,54.5,-150.0,130.0,True,False
401524030,ESPN BET,WSU -7.5,-7.5,,-7.5,,7.5,56.5,,56.5,-300.0,220.0,True,False
401520319,ESPN BET,LSU -10.5,-10.5,,-10.5,,10.5,58.5,,58.5,-425.0,340.0,True,False
401525864,ESPN BET,KU -2.5,2.5,,2.5,,-2.5,52.5,,52.5,120.0,-140.0,False,False
401520318,ESPN BET,UK -2.5,-2.5,,-2.5,,2.5,50.5,,50.5,-135.0,105.0,True,False
401525526,ESPN BET,UNC -2.5,-2.5,,-2.5,,2.5,55.5,,55.5,-140.0,110.0,True,False
401532595,ESPN BET,SDSU -6.5,6.5,,6.5,,-6.5,53.5,,53.5,170.0,-220.0,False,False
401524032,ESPN BET,ORST -3.5,-3.5,,-3.5,,3.5,53.5,,53.5,-170.0,135.0,True,False
401525523,ESPN BET,DUKE -3.5,-3.5,,-3.5,,3.5,42.5,,42.5,-185.0,155.0,True,False
401531381,ESPN BET,UTSA -7.5,-7.5,,-7.5,,7.5,66.5,,66.5,-340.0,270.0,True,False
401532593,ESPN BET,BOIS -7.5,7.5,,7.5,,-7.5,59.5,,59.5,260.0,-320.0,False,False
401531892,ESPN BET,USA -17.5,-17.5,-17.5,-17.5,17.5,17.5,50.5,53.5,50.5,-900.0,600.0,True,False
401520329,ESPN BET,WKU -7.5,7.5,8.0,7.5,-8.0,-7.5,59.5,61.5,59.5,260.0,-320.0,False,False
401520330,ESPN BET,LIB -15.5,-15.5,-14.0,-15.5,14.0,15.5,55.5,54.5,55.5,-800.0,550.0,True,False
401520331,ESPN BET,SHSU -5.5,-5.5,-5.5,-5.5,5.5,5.5,41.5,40.5,41.5,-225.0,190.0,True,False
401520332,ESPN BET,NMSU -2.5,2.5,2.0,2.5,-2.0,-2.5,47.5,49.5,47.5,115.0,-135.0,False,False
401531341,ESPN BET,TLSA -3.5,-3.5,-2.0,-3.5,2.0,3.5,55.5,57.5,55.5,-165.0,140.0,True,False
401531893,ESPN BET,JMU -4.5,4.5,3.5,4.5,-3.5,-4.5,48.5,52.5,48.5,150.0,-190.0,False,False
401531391,ESPN BET,SMU -23.5,23.5,18.5,23.5,-18.5,-23.5,53.5,57.5,53.5,1100.0,-2000.0,False,False
401532428,ESPN BET,OHIO -16.5,-16.5,-16.0,-16.5,16.0,16.5,52.5,51.5,52.5,-900.0,500.0,True,False
401531406,ESPN BET,ECU -6.5,-6.5,-7.0,-6.5,7.0,6.5,38.5,41.5,38.5,-250.0,190.0,True,False
401531894,ESPN BET,GASO -15.5,-15.5,-17.0,-15.5,17.0,15.5,60.5,58.5,60.5,-800.0,550.0,True,False
401532429,ESPN BET,BGSU -7.5,-7.5,-7.5,-7.5,7.5,7.5,36.5,40.5,36.5,-290.0,240.0,True,False
401532602,ESPN BET,SJSU -4.5,-4.5,-5.0,-4.5,5.0,4.5,65.5,66.5,65.5,-180.0,140.0,True,False
401520342,ESPN BET,NEB -10.5,-10.5,-13.0,-10.5,13.0,10.5,40.5,44.5,40.5,-425.0,340.0,True,False
401520344,ESPN BET,USF -1.5,1.5,3.0,1.5,-3.0,-1.5,55.5,55.5,55.5,-105.0,-125.0,False,False
401525532,ESPN BET,PITT -2.5,2.5,-1.0,2.5,1.0,-2.5,44.5,48.5,44.5,,-130.0,False,False
401525872,ESPN BET,WVU -2.5,-2.5,-2.5,-2.5,2.5,2.5,48.5,50.5,48.5,-150.0,130.0,True,False
401532425,ESPN BET,CMU -5.5,5.5,3.5,5.5,-3.5,-5.5,42.5,43.5,42.5,180.0,-215.0,False,False
401532427,ESPN BET,TOL -2.5,2.5,1.5,2.5,-1.5,-2.5,45.5,50.5,45.5,,-130.0,False,False
401532430,ESPN BET,BUF -6.5,6.5,7.5,6.5,-7.5,-6.5,44.5,47.5,44.5,215.0,-265.0,False,False
401531397,ESPN BET,UTSA -2.5,2.5,2.5,2.5,-2.5,-2.5,58.5,58.5,58.5,110.0,-140.0,False,False
401532600,ESPN BET,HAW -1.5,1.5,-2.5,1.5,2.5,-1.5,59.5,57.5,59.5,,-130.0,False,False
401525867,ESPN BET,TTU -2.5,2.5,4.0,2.5,-4.0,-2.5,49.5,51.5,49.5,120.0,-150.0,False,False
401525870,ESPN BET,KSU -5.5,-5.5,-7.0,-5.5,7.0,5.5,59.5,56.5,59.5,-215.0,180.0,True,False
401531895,ESPN BET,APP -5.5,5.5,6.0,5.5,-6.0,-5.5,55.5,54.5,55.5,160.0,-200.0,False,False
401531896,ESPN BET,CCU -9.5,9.5,10.0,9.5,-10.0,-9.5,59.5,61.5,59.5,260.0,-340.0,False,False
401532599,ESPN BET,UNLV -6.5,-6.5,-9.0,-6.5,9.0,6.5,59.5,61.5,59.5,-250.0,190.0,True,False
401532426,ESPN BET,NIU -11.5,-11.5,-11.0,-11.5,11.0,11.5,43.5,45.5,43.5,-500.0,380.0,True,False
401531382,ESPN BET,MEM -7.5,7.5,5.0,7.5,-5.0,-7.5,63.5,63.5,63.5,230.0,-280.0,False,False
401520336,ESPN BET,WIS -3.5,3.5,4.0,3.5,-4.0,-3.5,40.5,43.5,40.5,120.0,-150.0,False,False
401525528,ESPN BET,GT -5.5,-5.5,-5.5,-5.5,5.5,5.5,56.5,57.5,56.5,-240.0,180.0,True,False
401525868,ESPN BET,CIN -2.5,-2.5,-1.0,-2.5,1.0,2.5,50.5,52.5,50.5,-130.0,,True,False
401520340,ESPN BET,MICH -24.5,24.5,24.0,24.5,-24.0,-24.5,46.5,48.5,46.5,1300.0,-3500.0,False,False
401520343,ESPN BET,OSU -4,-4.0,-4.0,-4.0,4.0,4.0,46.5,47.5,46.5,-190.0,160.0,True,False
401525530,ESPN BET,FSU -13.5,-13.5,-14.0,-13.5,14.0,13.5,48.5,48.5,48.5,-600.0,450.0,True,False
401525871,ESPN BET,OU -17.5,-17.5,-18.5,-17.5,18.5,17.5,67.5,64.5,67.5,-900.0,500.0,True,False
401525869,ESPN BET,TEX -23.5,23.5,22.0,23.5,-22.0,-23.5,60.5,61.5,60.5,1100.0,-2000.0,False,False
401524035,ESPN BET,ORE -20.5,-20.5,-19.5,-20.5,19.5,20.5,59.5,59.5,59.5,-1400.0,800.0,True,False
401525531,ESPN BET,UNC -23.5,-23.5,-25.5,-23.5,25.5,23.5,56.5,56.5,56.5,-2500.0,1300.0,True,False
401520335,ESPN BET,MISS -6.5,6.5,6.0,6.5,-6.0,-6.5,55.5,56.5,55.5,215.0,-260.0,False,False
401520333,ESPN BET,ALA -9,-9.0,-9.0,-9.0,9.0,9.0,47.5,47.5,47.5,-360.0,290.0,True,False
401520339,ESPN BET,LSU -33.5,-33.5,-30.5,-33.5,30.5,33.5,60.5,57.5,60.5,-8000.0,2500.0,True,False
401520341,ESPN BET,MIZ -7.5,-7.5,-6.5,-7.5,6.5,7.5,57.5,59.5,57.5,-300.0,250.0,True,False
401531434,ESPN BET,AF -10.5,10.5,10.0,10.5,-10.0,-10.5,34.5,37.5,34.5,340.0,-425.0,False,False
401531372,ESPN BET,TULN -20.5,-20.5,-20.0,-20.5,20.0,20.5,64.5,61.5,64.5,-1400.0,800.0,True,False
401520338,ESPN BET,IOWA -3.5,-3.5,-6.0,-3.5,6.0,3.5,30.5,32.5,30.5,-165.0,140.0,True,False
401520334,ESPN BET,ARK -6.5,-6.5,-7.0,-6.5,7.0,6.5,46.5,50.5,46.5,-240.0,180.0,True,False
401520337,ESPN BET,RUTG -6.5,6.5,4.5,6.5,-4.5,-6.5,39.5,42.5,39.5,190.0,-230.0,False,False
401531897,ESPN BET,UL -3.5,-3.5,-2.5,-3.5,2.5,3.5,62.5,58.5,62.5,-165.0,135.0,True,False
401524038,ESPN BET,WASH -27.5,-27.5,-28.5,-27.5,28.5,27.5,59.5,58.5,59.5,-3000.0,1500.0,True,False
401524036,ESPN BET,UCLA -17.5,17.5,16.5,17.5,-16.5,-17.5,51.5,55.5,51.5,500.0,-900.0,False,False
401525529,ESPN BET,CLEM -5.5,5.5,2.5,5.5,-2.5,-5.5,44.5,49.5,44.5,200.0,-240.0,False,False
401524037,ESPN BET,USC -7.5,-7.5,-6.0,-7.5,6.0,7.5,51.5,56.5,51.5,-280.0,210.0,True,False
401532601,ESPN BET,SDSU -11.5,-11.5,-13.5,-11.5,13.5,11.5,49.5,49.5,49.5,-450.0,360.0,True,False
401520346,ESPN BET,LIB -3.5,3.5,3.0,3.5,-3.0,-3.5,60.5,60.5,60.5,155.0,-180.0,False,False
401520345,ESPN BET,LT -2.5,-2.5,-2.5,-2.5,2.5,2.5,55.5,51.5,55.5,-145.0,115.0,True,False
401520347,ESPN BET,JXST -9.5,9.5,8.0,9.5,-8.0,-9.5,46.5,43.5,46.5,290.0,-360.0,False,False
401520348,ESPN BET,SHSU -3.5,-3.5,-3.0,-3.5,3.0,3.5,37.5,35.5,37.5,-185.0,155.0,True,False
401525533,ESPN BET,VT -2.5,-2.5,-3.0,-2.5,3.0,2.5,47.5,46.5,47.5,-135.0,115.0,True,False
401531929,ESPN BET,GASO -1,-1.0,-2.5,-1.0,2.5,1.0,62.5,62.5,62.5,-125.0,-105.0,True,False
401531407,ESPN BET,FAU -3.5,3.5,6.0,3.5,-6.0,-3.5,44.5,41.5,44.5,145.0,-170.0,False,False
401520359,ESPN BET,TA&M -16.5,-16.5,-13.5,-16.5,13.5,16.5,51.5,54.5,51.5,-900.0,500.0,True,False
401525875,ESPN BET,KSU -17.5,-17.5,-16.5,-17.5,16.5,17.5,59.5,60.5,59.5,-900.0,600.0,True,False
401531342,ESPN BET,SMU -20.5,-20.5,-19.5,-20.5,19.5,20.5,54.5,57.5,54.5,-1400.0,800.0,True,False
401532431,ESPN BET,WMU -3.5,3.5,1.0,3.5,-1.0,-3.5,49.5,43.5,49.5,120.0,-150.0,False,False
401525534,ESPN BET,CLEM -8.5,8.5,10.0,8.5,-10.0,-8.5,43.5,43.5,43.5,280.0,-350.0,False,False
401531430,ESPN BET,MEM -6.5,6.5,8.5,6.5,-8.5,-6.5,68.5,67.5,68.5,225.0,-275.0,False,False
401520350,ESPN BET,AUB -6.5,-6.5,-6.0,-6.5,6.0,6.5,40.5,43.5,40.5,-240.0,200.0,True,False
401520354,ESPN BET,MINN -6.5,-6.5,-7.0,-6.5,7.0,6.5,40.5,40.5,40.5,-250.0,205.0,True,False
401520355,ESPN BET,PUR -1.5,1.5,-2.5,1.5,2.5,-1.5,39.5,42.5,39.5,-105.0,-125.0,False,False
401531898,ESPN BET,APP -16.5,-16.5,-17.5,-16.5,17.5,16.5,55.5,55.5,55.5,-900.0,600.0,True,False
401525873,ESPN BET,ISU -3.5,3.5,-1.0,3.5,1.0,-3.5,46.5,47.5,46.5,125.0,-160.0,False,False
401531398,ESPN BET,UTSA -17.5,-17.5,-18.0,-17.5,18.0,17.5,47.5,46.5,47.5,-1000.0,700.0,True,False
401532432,ESPN BET,OHIO -7.5,-7.5,-7.0,-7.5,7.0,7.5,38.5,40.5,38.5,-290.0,240.0,True,False
401531901,ESPN BET,ULM -1.5,-1.5,-1.5,-1.5,1.5,1.5,55.5,57.5,55.5,-120.0,-110.0,True,False
401531902,ESPN BET,USA -11.5,-11.5,-10.0,-11.5,10.0,11.5,55.5,52.5,55.5,-420.0,290.0,True,False
401532607,ESPN BET,BOIS -4.5,-4.5,-4.5,-4.5,4.5,4.5,47.5,49.5,47.5,-190.0,160.0,True,False
401531899,ESPN BET,MRSH -3.5,3.5,3.5,3.5,-3.5,-3.5,47.5,46.5,47.5,135.0,-170.0,False,False
401531903,ESPN BET,TROY -6.5,6.5,5.5,6.5,-5.5,-6.5,52.5,52.5,52.5,180.0,-240.0,False,False
401525538,ESPN BET,MIA -18.5,-18.5,-18.0,-18.5,18.0,18.5,47.5,49.5,47.5,-1400.0,700.0,True,False
401520356,ESPN BET,MD -13.5,13.5,13.5,13.5,-13.5,-13.5,48.5,48.5,48.5,450.0,-600.0,False,False
401525878,ESPN BET,UCF -6.5,-6.5,-7.0,-6.5,7.0,6.5,59.5,59.5,59.5,-275.0,225.0,True,False
401520349,ESPN BET,ARMY -9.5,-9.5,-10.0,-9.5,10.0,9.5,49.5,48.5,49.5,-420.0,290.0,True,False
401520352,ESPN BET,UGA -14.5,14.5,14.5,14.5,-14.5,-14.5,50.5,48.5,50.5,450.0,-600.0,False,False
401520360,ESPN BET,OSU -14.5,14.5,14.0,14.5,-14.0,-14.5,47.5,43.5,47.5,485.0,-700.0,False,False
401525536,ESPN BET,FSU -21.5,21.5,20.0,21.5,-20.0,-21.5,51.5,53.5,51.5,750.0,-1400.0,False,False
401524042,ESPN BET,WASH -27.5,27.5,26.5,27.5,-26.5,-27.5,61.5,59.5,61.5,1500.0,-3000.0,False,False
401525874,ESPN BET,OU -7.5,7.5,10.0,7.5,-10.0,-7.5,65.5,67.5,65.5,230.0,-320.0,False,False
401525877,ESPN BET,TEX -20.5,-20.5,-18.5,-20.5,18.5,20.5,48.5,50.5,48.5,-1400.0,700.0,True,False
401524044,ESPN BET,ORE -5.5,5.5,5.0,5.5,-5.0,-5.5,47.5,49.5,47.5,195.0,-235.0,False,False
401520357,ESPN BET,MISS -23.5,-23.5,-25.5,-23.5,25.5,23.5,61.5,63.5,61.5,-3000.0,1100.0,True,False
401525440,ESPN BET,ND -21.5,-21.5,-18.0,-21.5,18.0,21.5,44.5,44.5,44.5,-1400.0,800.0,True,False
401520358,ESPN BET,PSU -30.5,-30.5,-32.0,-30.5,32.0,30.5,44.5,45.5,44.5,-7000.0,2000.0,True,False
401525535,ESPN BET,LOU -5.5,-5.5,-4.0,-5.5,4.0,5.5,46.5,46.5,46.5,-200.0,160.0,True,False
401520351,ESPN BET,BC -15.5,-15.5,-12.0,-15.5,12.0,15.5,50.5,51.5,50.5,-650.0,475.0,True,False
401524043,ESPN BET,UCLA -13.5,-13.5,-16.0,-13.5,16.0,13.5,60.5,64.5,60.5,-900.0,500.0,True,False
401531373,ESPN BET,TULN -10.5,10.5,11.5,10.5,-11.5,-10.5,55.5,54.5,55.5,320.0,-400.0,False,False
401524041,ESPN BET,USC -10.5,10.5,10.0,10.5,-10.0,-10.5,68.5,68.5,68.5,320.0,-400.0,False,False
401532603,ESPN BET,AF -15.5,15.5,11.5,15.5,-11.5,-15.5,46.5,49.5,46.5,450.0,-600.0,False,False
401520353,ESPN BET,TENN -3.5,3.5,3.5,3.5,-3.5,-3.5,50.5,52.5,50.5,135.0,-170.0,False,False
401524039,ESPN BET,ORST -2.5,2.5,4.5,2.5,-4.5,-2.5,57.5,56.5,57.5,120.0,-150.0,False,False
401525537,ESPN BET,UNC -12.5,12.5,11.5,12.5,-11.5,-12.5,65.5,63.5,65.5,320.0,-475.0,False,False
401531900,ESPN BET,JMU -19.5,-19.5,-17.5,-19.5,17.5,19.5,47.5,48.5,47.5,-1800.0,800.0,True,False
401524040,ESPN BET,WSU -5.5,5.5,6.0,5.5,-6.0,-5.5,47.5,51.5,47.5,170.0,-220.0,False,False
401525876,ESPN BET,OKST -7.5,-7.5,-7.5,-7.5,7.5,7.5,52.5,54.5,52.5,-310.0,225.0,True,False
401532604,ESPN BET,UNM -1.5,1.5,-1.0,1.5,1.0,-1.5,50.5,50.5,50.5,-105.0,-125.0,False,False
401532606,ESPN BET,FRES -10.5,-10.5,-8.5,-10.5,8.5,10.5,56.5,58.5,56.5,-350.0,280.0,True,False
401532605,ESPN BET,SJSU -11.5,11.5,,11.5,,-11.5,57.5,,57.5,280.0,-400.0,False,False
401532433,ESPN BET,NIU -6.5,6.5,3.5,6.5,-3.5,-6.5,48.5,46.5,48.5,200.0,-240.0,False,False
401532434,ESPN BET,TOL -14.5,-14.5,-15.5,-14.5,15.5,14.5,47.5,52.5,47.5,-700.0,500.0,True,False
401532436,ESPN BET,AKR -3.5,-3.5,-4.5,-3.5,4.5,3.5,39.5,38.5,39.5,-185.0,155.0,True,False
401532435,ESPN BET,BGSU -4.5,-4.5,-6.0,-4.5,6.0,4.5,39.5,39.5,39.5,-210.0,175.0,True,False
401525879,ESPN BET,TTU -2.5,-2.5,-3.0,-2.5,3.0,2.5,58.5,59.5,58.5,-145.0,115.0,True,False
401525539,ESPN BET,DUKE -6.5,-6.5,-12.5,-6.5,12.5,6.5,40.5,45.5,40.5,-260.0,215.0,True,False
401531904,ESPN BET,TROY -6.5,-6.5,-5.5,-6.5,5.5,6.5,42.5,39.5,42.5,-275.0,225.0,True,False
401525540,ESPN BET,SYR -0.5,-0.5,-3.0,-0.5,3.0,0.5,47.5,50.5,47.5,,,True,False
401531392,ESPN BET,NAVY -7.5,7.5,7.0,6.5,-7.0,-6.5,45.5,42.5,46.5,210.0,-250.0,False,False
401531906,ESPN BET,JMU -6.5,6.5,5.0,6.0,-5.0,-6.0,52.5,54.5,52.5,175.0,-210.0,False,False
401525881,ESPN BET,UCF -3.5,3.5,5.0,3.5,-5.0,-3.5,60.5,59.5,61.5,140.0,-165.0,False,False
401525880,ESPN BET,BAY -2.5,-2.5,-4.5,-2.5,4.5,2.5,58.5,57.5,58.5,-125.0,105.0,True,False
401520400,ESPN BET,MASS -16.5,-16.5,-17.0,-16.5,17.0,16.5,57.5,57.5,57.5,,,True,False
401531908,ESPN BET,UL -6.5,6.5,9.5,7.5,-9.5,-7.5,59.5,60.5,60.5,250.0,-300.0,False,False
401520370,ESPN BET,MINN -2.5,-2.5,-3.0,-3.0,3.0,3.0,44.5,42.5,43.5,-145.0,125.0,True,False
401531425,ESPN BET,MEM -13.5,-13.5,-13.5,-13.0,13.5,13.0,68.5,67.5,67.5,-525.0,400.0,True,False
401531399,ESPN BET,UTSA -7.5,7.5,7.0,7.5,-7.0,-7.5,68.5,69.5,70.5,250.0,-300.0,False,False
401531383,ESPN BET,FAU -2.5,2.5,2.0,0.5,-2.0,-0.5,59.5,59.5,59.5,-115.0,-105.0,False,False
401520373,ESPN BET,IOWA -5.5,5.5,5.5,5.0,-5.5,-5.0,32.5,30.5,31.5,170.0,-200.0,False,False
401531907,ESPN BET,ODU -0.5,-0.5,2.0,-0.5,-2.0,0.5,51.5,50.5,51.5,-105.0,-115.0,True,False
401531909,ESPN BET,USM -2.5,-2.5,-2.5,-3.0,2.5,3.0,56.5,55.5,55.5,-145.0,125.0,True,False
401531343,ESPN BET,TLSA -4.5,-4.5,-3.0,-4.5,3.0,4.5,47.5,49.5,47.5,-190.0,160.0,True,False
401532610,ESPN BET,NEV -3.5,-3.5,-3.5,-3.5,3.5,3.5,49.5,51.5,49.5,-170.0,145.0,True,False
401531910,ESPN BET,TXST -2.5,-2.5,2.0,-2.5,-2.0,2.5,68.5,71.5,68.5,-130.0,110.0,True,False
401520366,ESPN BET,LIB -14.5,-14.5,-17.0,-14.0,17.0,14.0,59.5,52.5,58.5,-500.0,380.0,True,False
401520372,ESPN BET,NMSU -3.5,-3.5,-3.0,-3.5,3.0,3.5,55.5,56.5,55.5,-150.0,130.0,True,False
401531905,ESPN BET,APP -2.5,-2.5,-3.5,-2.5,3.5,2.5,57.5,55.5,57.5,-130.0,110.0,True,False
401532611,ESPN BET,UNLV -14.5,14.5,11.0,14.5,-11.0,-14.5,57.5,59.5,57.5,380.0,-500.0,False,False
401525885,ESPN BET,WVU -12.5,-12.5,-8.5,-12.5,8.5,12.5,47.5,50.5,48.5,-500.0,380.0,True,False
401532612,ESPN BET,USU -2.5,2.5,1.5,2.5,-1.5,-2.5,56.5,56.5,56.5,110.0,-130.0,False,False
401520371,ESPN BET,UK -5.5,5.5,3.0,5.5,-3.0,-5.5,44.5,45.5,44.5,175.0,-210.0,False,False
401531440,ESPN BET,SMU -12.5,12.5,10.5,12.5,-10.5,-12.5,58.5,58.5,58.5,380.0,-500.0,False,False
401520379,ESPN BET,AUB -11.5,11.5,12.5,12.5,-12.5,-12.5,48.5,49.5,49.5,380.0,-500.0,False,False
401525542,ESPN BET,UVA -1.5,-1.5,-2.0,-1.5,2.0,1.5,55.5,55.5,55.5,-120.0,100.0,True,False
401532609,ESPN BET,WYO -5.5,-5.5,-7.5,-5.5,7.5,5.5,43.5,43.5,43.5,-240.0,200.0,True,False
401525545,ESPN BET,UNC -45.5,-45.5,-38.5,-38.5,38.5,38.5,68.5,67.5,68.5,,,True,False
401520375,ESPN BET,OSU -18.5,18.5,18.0,18.5,-18.0,-18.5,42.5,43.5,42.5,700.0,-1100.0,False,False
401520364,ESPN BET,UGA -14.5,-14.5,-16.5,-13.5,16.5,13.5,55.5,56.5,54.5,-600.0,450.0,True,False
401520368,ESPN BET,MICH -32.5,-32.5,-32.0,-32.5,32.0,32.5,54.5,48.5,54.5,-15000.0,3000.0,True,False
401525541,ESPN BET,FSU -20.5,20.5,22.0,20.5,-22.0,-20.5,48.5,51.5,50.5,800.0,-1400.0,False,False
401524048,ESPN BET,WASH -3.5,3.5,3.5,3.5,-3.5,-3.5,75.5,76.5,75.5,125.0,-145.0,False,False
401524047,ESPN BET,ORE -25.5,-25.5,-24.0,-26.5,24.0,26.5,61.5,59.5,61.5,-2500.0,1200.0,True,False
401525884,ESPN BET,TEX -3.5,-3.5,-5.0,-3.5,5.0,3.5,50.5,51.5,50.5,-165.0,140.0,True,False
401520362,ESPN BET,ALA -3.5,-3.5,-3.5,-3.5,3.5,3.5,60.5,59.5,60.5,-165.0,140.0,True,False
401525883,ESPN BET,OU -7.5,7.5,7.5,4.5,-7.5,-4.5,62.5,62.5,61.5,210.0,-250.0,False,False
401520367,ESPN BET,PSU -7.5,7.5,11.0,7.5,-11.0,-7.5,50.5,50.5,49.5,230.0,-280.0,False,False
401525543,ESPN BET,LOU -8.5,-8.5,-10.0,-8.5,10.0,8.5,46.5,48.5,46.5,-380.0,300.0,True,False
401520374,ESPN BET,MISS -3.5,-3.5,-4.0,-3.5,4.0,3.5,51.5,48.5,52.5,-155.0,135.0,True,False
401520363,ESPN BET,FLA -3.5,-3.5,-5.5,-3.5,5.5,3.5,49.5,50.5,49.5,-150.0,130.0,True,False
401520376,ESPN BET,SC -14.5,-14.5,-14.5,-14.5,14.5,14.5,54.5,54.5,54.5,-600.0,450.0,True,False
401520369,ESPN BET,NEB -3.5,3.5,4.0,3.5,-4.0,-3.5,34.5,34.5,34.5,135.0,-155.0,False,False
401520365,ESPN BET,WIS -7.5,7.5,10.0,7.5,-10.0,-7.5,44.5,44.5,44.5,260.0,-320.0,False,False
401525441,ESPN BET,ND -2.5,2.5,3.0,2.5,-3.0,-2.5,43.5,45.5,43.5,135.0,-155.0,False,False
401520361,ESPN BET,AF -17.5,-17.5,-15.5,-18.5,15.5,18.5,32.5,36.5,32.5,-1200.0,750.0,True,False
401525451,ESPN BET,SHSU -16.5,-16.5,-17.5,-16.5,17.5,16.5,41.5,41.5,42.5,,,True,False
401525882,ESPN BET,ISU -2.5,-2.5,-1.0,-2.5,1.0,2.5,53.5,53.5,53.5,-135.0,115.0,True,False
401524049,ESPN BET,UTAH -9.5,-9.5,-11.0,-9.5,11.0,9.5,37.5,41.5,37.5,-400.0,320.0,True,False
401520377,ESPN BET,TENN -35.5,-35.5,-35.0,-35.5,35.0,35.5,55.5,52.5,55.5,-20000.0,4000.0,True,False
401531374,ESPN BET,TULN -16.5,16.5,16.5,16.5,-16.5,-16.5,44.5,48.5,44.5,600.0,-900.0,False,False
401524045,ESPN BET,UCLA -2.5,2.5,1.5,2.5,-1.5,-2.5,49.5,53.5,49.5,115.0,-135.0,False,False
401532608,ESPN BET,FRES -2.5,-2.5,-3.5,-2.5,3.5,2.5,54.5,54.5,54.5,-135.0,115.0,True,False
401525544,ESPN BET,MIA -6,6.0,3.5,6.0,-3.5,-6.0,44.5,45.5,44.5,180.0,-215.0,False,False
401520378,ESPN BET,WKU -9.5,9.5,11.0,8.5,-11.0,-8.5,53.5,54.5,52.5,290.0,-360.0,False,False
401524050,ESPN BET,WSU -13.5,-13.5,-13.5,-14.5,13.5,14.5,57.5,59.5,58.5,-550.0,400.0,True,False
401524046,ESPN BET,ORST -13.5,13.5,13.0,13.5,-13.0,-13.5,59.5,62.5,59.5,380.0,-500.0,False,False
401532439,ESPN BET,OHIO -9.5,9.5,7.0,9.5,-7.0,-9.5,45.5,44.5,45.5,260.0,-320.0,False,False
401532437,ESPN BET,NIU -9.5,-9.5,-10.5,-9.5,10.5,9.5,43.5,43.5,43.5,-350.0,280.0,True,False
401532438,ESPN BET,WMU -3.5,-3.5,-3.5,-3.5,3.5,3.5,57.5,55.5,57.5,-155.0,135.0,True,False
401532441,ESPN BET,M-OH -17.5,-17.5,-17.0,-17.5,17.0,17.5,37.5,41.5,37.5,-900.0,600.0,True,False
401532442,ESPN BET,BGSU -10.5,10.5,8.5,10.5,-8.5,-10.5,41.5,41.5,41.5,300.0,-380.0,False,False
401532440,ESPN BET,TOL -19.5,-19.5,-18.0,-19.5,18.0,19.5,45.5,47.5,45.5,-1200.0,750.0,True,False
401525546,ESPN BET,LOU -20.5,-20.5,-19.5,-21.5,19.5,21.5,49.5,51.5,49.5,-1400.0,800.0,True,False
401531911,ESPN BET,UL -8.5,-8.5,-12.0,-8.5,12.0,8.5,51.5,53.5,51.5,-300.0,250.0,True,False
401525547,ESPN BET,VT -2.5,2.5,-2.5,2.5,2.5,-2.5,48.5,50.5,48.5,115.0,-135.0,False,False
401531915,ESPN BET,TROY -23.5,23.5,20.5,22.5,-20.5,-22.5,47.5,46.5,45.5,1200.0,-2500.0,False,False
401531913,ESPN BET,GAST -2.5,-2.5,-2.0,-2.5,2.0,2.5,62.5,60.5,62.5,-145.0,125.0,True,False
401531408,ESPN BET,MEM -9.5,9.5,11.0,9.5,-11.0,-9.5,51.5,53.5,51.5,320.0,-400.0,False,False
401520388,ESPN BET,LIB -13.5,-13.5,-13.5,-13.5,13.5,13.5,58.5,57.5,59.5,-525.0,400.0,True,False
401520385,ESPN BET,JMU -24.5,-24.5,-27.0,-25.0,27.0,25.0,47.5,48.5,48.5,-2500.0,1300.0,True,False
401520387,ESPN BET,LT -8.5,-8.5,-8.5,-7.5,8.5,7.5,49.5,48.5,49.5,-300.0,250.0,True,False
401531393,ESPN BET,USF -7.5,-7.5,-8.0,-7.0,8.0,7.0,70.5,66.5,69.5,-270.0,220.0,True,False
401525548,ESPN BET,CLEM -17.5,-17.5,-15.0,-14.5,15.0,14.5,55.5,54.5,54.5,-525.0,400.0,True,False
401525551,ESPN BET,WAKE -0.5,-0.5,3.0,-0.5,-3.0,0.5,42.5,44.5,42.5,-105.0,-115.0,True,False
401532615,ESPN BET,USU -14.5,-14.5,-15.5,-15.5,15.5,15.5,54.5,55.5,54.5,-550.0,425.0,True,False
401520398,ESPN BET,WIS -9.5,-9.5,-12.0,-11.5,12.0,11.5,43.5,42.5,43.5,-400.0,320.0,True,False
401520395,ESPN BET,MINN -1.5,1.5,1.5,1.5,-1.5,-1.5,48.5,45.5,47.5,100.0,-120.0,False,False
401520399,ESPN BET,WKU -4.5,-4.5,-5.0,-4.5,5.0,4.5,55.5,57.5,54.5,-185.0,155.0,True,False
401525552,ESPN BET,PITT -4.5,4.5,-1.0,3.5,1.0,-3.5,37.5,38.5,37.5,140.0,-165.0,False,False
401531384,ESPN BET,UAB -3.5,3.5,4.5,2.5,-4.5,-2.5,52.5,54.5,52.5,135.0,-155.0,False,False
401531912,ESPN BET,TXST -2.5,2.5,-1.5,2.5,1.5,-2.5,55.5,60.5,55.5,110.0,-130.0,False,False
401520380,ESPN BET,ARK -2.5,-2.5,-3.0,-2.5,3.0,2.5,46.5,50.5,47.5,-130.0,110.0,True,False
401524051,ESPN BET,CAL -1.5,-1.5,-1.5,-2.5,1.5,2.5,58.5,59.5,59.5,-135.0,115.0,True,False
401531416,ESPN BET,FAU -7.5,-7.5,-9.5,-8.0,9.5,8.0,44.5,45.5,43.5,-300.0,250.0,True,False
401531916,ESPN BET,USA -14.5,-14.5,-11.5,-15.0,11.5,15.0,54.5,55.5,55.5,-550.0,425.0,True,False
401520390,ESPN BET,MTSU -10.5,-10.5,-11.5,-10.0,11.5,10.0,50.5,52.5,52.5,-450.0,360.0,True,False
401520396,ESPN BET,SC -13.5,-13.5,-14.0,-13.5,14.0,13.5,53.5,57.5,54.5,-575.0,425.0,True,False
401520383,ESPN BET,ILL -4.5,-4.5,-5.0,-4.0,5.0,4.0,43.5,42.5,44.5,-185.0,155.0,True,False
401520391,ESPN BET,TENN -2.5,2.5,2.0,2.5,-2.0,-2.5,58.5,58.5,58.5,105.0,-125.0,False,False
401520394,ESPN BET,MICH -4.5,4.5,4.5,4.0,-4.5,-4.0,44.5,44.5,44.5,165.0,-195.0,False,False
401520386,ESPN BET,ALA -11.5,11.5,10.5,11.0,-10.5,-11.0,45.5,47.5,46.5,340.0,-450.0,False,False
401524054,ESPN BET,ORST -21.5,-21.5,-20.5,-21.5,20.5,21.5,51.5,54.5,51.5,-1600.0,900.0,True,False
401531437,ESPN BET,SMU -21.5,-21.5,-16.0,-20.0,16.0,20.0,67.5,68.5,66.5,-1400.0,800.0,True,False
401525892,ESPN BET,OKST -2.5,2.5,2.5,2.5,-2.5,-2.5,63.5,63.5,63.5,110.0,-130.0,False,False
401525888,ESPN BET,KU -3.5,-3.5,-4.0,-3.5,4.0,3.5,61.5,61.5,62.5,-150.0,130.0,True,False
401524056,ESPN BET,WASH -9.5,-9.5,-9.5,-8.5,9.5,8.5,49.5,54.5,48.5,-300.0,250.0,True,False
401525550,ESPN BET,FSU -15.5,-15.5,-15.0,-14.5,15.0,14.5,50.5,50.5,50.5,-700.0,500.0,True,False
401524052,ESPN BET,ARIZ -8,8.0,9.5,8.0,-9.5,-8.0,55.5,55.5,55.5,260.0,-320.0,False,False
401520384,ESPN BET,RUTG -2.5,2.5,-2.0,0.5,2.0,-0.5,27.5,28.5,27.5,-110.0,-110.0,False,False
401531344,ESPN BET,TULN -24.5,-24.5,-22.5,-24.5,22.5,24.5,52.5,52.5,52.5,-2000.0,1100.0,True,False
401520392,ESPN BET,MD -1.5,1.5,2.0,1.5,-2.0,-1.5,41.5,44.5,41.5,100.0,-120.0,False,False
401525889,ESPN BET,KSU -20.5,-20.5,-19.0,-21.5,19.0,21.5,55.5,55.5,54.5,-1400.0,800.0,True,False
401520381,ESPN BET,ARMY -11.5,-11.5,-11.0,-11.5,11.0,11.5,55.5,55.5,56.5,,,True,False
401532618,ESPN BET,UNLV -2.5,-2.5,-4.5,-2.5,4.5,2.5,48.5,51.5,48.5,-145.0,125.0,True,False
401531400,ESPN BET,UTSA -13.5,-13.5,-13.0,-13.5,13.0,13.5,53.5,59.5,55.5,-600.0,450.0,True,False
401520397,ESPN BET,TA&M -16.5,-16.5,-18.0,-16.5,18.0,16.5,40.5,44.5,40.5,-900.0,600.0,True,False
401532613,ESPN BET,AF -22.5,22.5,19.5,22.5,-19.5,-22.5,47.5,49.5,47.5,800.0,-1400.0,False,False
401532616,ESPN BET,BOIS -27.5,-27.5,-26.5,-27.5,26.5,27.5,58.5,60.5,59.5,-4000.0,1400.0,True,False
401525886,ESPN BET,ISU -7.5,7.5,7.0,7.5,-7.0,-7.5,40.5,43.5,40.5,250.0,-300.0,False,False
401532614,ESPN BET,SJSU -2.5,-2.5,1.0,-2.5,-1.0,2.5,51.5,56.5,52.5,-130.0,110.0,True,False
401524055,ESPN BET,UCLA -14,-14.0,-17.0,-14.0,17.0,14.0,45.5,47.5,45.5,-700.0,500.0,True,False
401531914,ESPN BET,GASO -1.5,1.5,1.5,1.5,-1.5,-1.5,56.5,56.5,56.5,105.0,-125.0,False,False
401532617,ESPN BET,CSU -3.5,-3.5,-4.5,-3.5,4.5,3.5,46.5,47.5,46.5,-170.0,145.0,True,False
401520393,ESPN BET,OSU -32.5,-32.5,-30.5,-32.5,30.5,32.5,48.5,46.5,48.5,-10000.0,3000.0,True,False
401520382,ESPN BET,UGA -10.5,-10.5,-11.5,-10.5,11.5,10.5,58.5,58.5,59.5,-360.0,290.0,True,False
401524053,ESPN BET,ORE -16.5,-16.5,-14.5,-16.0,14.5,16.0,78.5,74.5,78.5,-800.0,550.0,True,False
401525891,ESPN BET,TEX -12.5,12.5,10.5,12.5,-10.5,-12.5,56.5,53.5,56.5,380.0,-500.0,False,False
401525890,ESPN BET,OU -13.5,-13.5,-12.5,-13.5,12.5,13.5,59.5,59.5,59.5,-500.0,375.0,True,False
401520389,ESPN BET,LSU -16.5,-16.5,-13.5,-16.5,13.5,16.5,68.5,61.5,68.5,-650.0,475.0,True,False
401525549,ESPN BET,UNC -10.5,-10.5,-11.0,-10.5,11.0,10.5,52.5,50.5,52.5,-400.0,320.0,True,False
401525887,ESPN BET,HOU -3.5,-3.5,-2.0,-3.5,2.0,3.5,53.5,55.5,54.5,-155.0,135.0,True,False
401532444,ESPN BET,NIU -4.5,-4.5,-3.0,-4.5,3.0,4.5,55.5,55.5,55.5,-190.0,160.0,True,False
401532443,ESPN BET,TOL -9.5,9.5,10.5,9.5,-10.5,-9.5,48.5,51.5,48.5,260.0,-320.0,False,False
401532445,ESPN BET,EMU -3.5,-3.5,-4.0,-3.5,4.0,3.5,39.5,39.5,39.5,-170.0,145.0,True,False
401532447,ESPN BET,M-OH -7.5,-7.5,-8.5,-7.5,8.5,7.5,36.5,41.5,36.5,-360.0,290.0,True,False
401532446,ESPN BET,OHIO -11.5,-11.5,-8.0,-11.5,8.0,11.5,48.5,46.5,48.5,-450.0,360.0,True,False
401525553,DraftKings,PITT -1.5,-1.5,-1.0,-1.5,1.0,1.5,45.5,47.0,45.5,-122.0,102.0,True,False
401531918,DraftKings,JMU -10,-10.0,-11.5,-10.0,11.5,10.0,56.5,56.0,56.5,-395.0,310.0,True,False
401525899,ESPN BET,WVU -4.5,-4.5,-6.5,-4.5,6.5,4.5,52.5,55.5,52.5,-190.0,160.0,True,False
401532620,ESPN BET,WYO -13.5,-13.5,-14.5,-13.5,14.5,13.5,45.5,44.5,45.5,-550.0,425.0,True,False
401532448,ESPN BET,BALL -10.5,-10.5,-13.0,-10.5,13.0,10.5,41.5,41.5,41.5,-425.0,340.0,True,False
401531409,ESPN BET,CLT -0.5,-0.5,2.0,-0.5,-2.0,0.5,46.5,47.5,46.5,-105.0,-115.0,True,False
401525555,DraftKings,DUKE -3,3.0,4.5,3.0,-4.5,-3.0,45.5,48.5,45.5,124.0,-148.0,False,False
401520407,ESPN BET,JXST -8.5,-8.5,-9.0,-8.5,9.0,8.5,53.5,55.5,54.5,-350.0,280.0,True,False
401520408,ESPN BET,LIB -26.5,-26.5,-28.0,-26.5,28.0,26.5,64.5,61.5,64.5,-6000.0,2000.0,True,False
401531431,ESPN BET,SMU -9.5,9.5,7.0,9.5,-7.0,-9.5,64.5,67.5,64.5,280.0,-350.0,False,False
401531417,ESPN BET,NAVY -2.5,-2.5,-2.5,-2.5,2.5,2.5,30.5,33.5,30.5,-140.0,120.0,True,False
401520411,ESPN BET,MTSU -8.5,-8.5,-8.0,-7.5,8.0,7.5,48.5,48.5,48.5,-320.0,260.0,True,False
401531345,ESPN BET,UNT -1.5,1.5,3.0,1.5,-3.0,-1.5,69.5,66.5,69.5,100.0,-120.0,False,False
401520404,ESPN BET,AUB -25.5,-25.5,-22.0,-26.0,22.0,26.0,48.5,48.5,47.5,-3500.0,1500.0,True,False
401531919,DraftKings,TXST -3,3.0,3.5,3.0,-3.5,-3.0,59.5,59.5,59.5,130.0,-155.0,False,False
401532621,ESPN BET,CSU -12.5,-12.5,-11.0,-12.5,11.0,12.5,45.5,47.5,45.5,-480.0,360.0,True,False
401520423,DraftKings,WKU -10,-10.0,-13.5,-10.0,13.5,10.0,52.5,52.0,52.5,-360.0,285.0,True,False
401524062,ESPN BET,USC -5,-5.0,-6.0,-5.0,6.0,5.0,62.5,65.5,62.5,-210.0,175.0,True,False
401525897,ESPN BET,TCU -13.5,-13.5,-12.0,-13.5,12.0,13.5,61.5,58.5,61.5,-525.0,400.0,True,False
401531921,ESPN BET,TROY -17.5,-17.5,-14.5,-16.5,14.5,16.5,47.5,47.5,46.5,-800.0,550.0,True,False
401532624,ESPN BET,AF -2.5,-2.5,-4.0,-3.0,4.0,3.0,46.5,47.5,46.5,-145.0,125.0,True,False
401525898,DraftKings,TTU -1.5,-1.5,-2.5,-1.5,2.5,1.5,59.0,60.0,59.0,-125.0,105.0,True,False
401531920,ESPN BET,USA -10.5,-10.5,-8.0,-10.0,8.0,10.0,44.5,51.5,44.5,-400.0,320.0,True,False
401531917,ESPN BET,GASO -4.5,-4.5,-7.0,-5.5,7.0,5.5,61.5,60.5,62.5,-215.0,180.0,True,False
401524061,ESPN BET,CAL -6.5,6.5,4.5,6.5,-4.5,-6.5,52.5,57.5,53.5,210.0,-250.0,False,False
401520421,ESPN BET,CONN -25.5,-25.5,-24.5,-25.5,24.5,25.5,40.5,41.5,40.5,,,True,False
401531385,ESPN BET,UAB -8,-8.0,-7.5,-8.0,7.5,8.0,61.5,64.5,61.5,-300.0,250.0,True,False
401520420,ESPN BET,TA&M -40.5,-40.5,-40.5,-40.5,40.5,40.5,54.5,54.5,54.5,,,True,False
401525559,ESPN BET,VT -2.5,-2.5,-3.0,-2.5,3.0,2.5,40.5,45.5,41.5,-130.0,110.0,True,False
401520412,ESPN BET,MSST -18.5,-18.5,-14.0,-18.5,14.0,18.5,47.5,46.5,47.5,-800.0,550.0,True,False
401520415,ESPN BET,OSU -27.5,-27.5,-28.0,-27.5,28.0,27.5,51.5,48.5,51.5,-4000.0,1800.0,True,False
401520410,ESPN BET,MICH -17.5,17.5,21.0,17.5,-21.0,-17.5,50.5,50.5,51.5,750.0,-1200.0,False,False
401520414,ESPN BET,NU -2.5,-2.5,-1.5,-2.5,1.5,2.5,47.5,48.5,47.5,-125.0,105.0,True,False
401525556,DraftKings,FSU -48.5,-48.5,-48.5,-48.5,48.5,48.5,61.5,59.5,61.5,,,True,False
401524059,ESPN BET,ORE -21.5,21.5,22.0,24.5,-22.0,-24.5,52.5,54.5,53.5,1200.0,-2500.0,False,False
401531401,ESPN BET,UTSA -14.5,-14.5,-16.0,-14.5,16.0,14.5,65.5,67.5,66.5,-700.0,500.0,True,False
401520401,ESPN BET,ALA -44.5,-44.5,-43.5,-44.5,43.5,44.5,54.5,52.5,54.5,,,True,False
401525558,ESPN BET,MIA -1.5,-1.5,2.0,-2.5,-2.0,2.5,46.5,47.5,47.5,-120.0,100.0,True,False
401520419,ESPN BET,UGA -8.5,8.5,10.0,7.5,-10.0,-7.5,59.5,57.5,59.5,300.0,-380.0,False,False
401520416,ESPN BET,MISS -35.5,-35.5,-36.5,-36.5,36.5,36.5,59.5,62.5,61.5,-20000.0,4000.0,True,False
401520417,ESPN BET,PSU -19.5,-19.5,-19.5,-18.5,19.5,18.5,39.5,42.5,40.5,-1400.0,800.0,True,False
401520406,ESPN BET,IOWA -2.5,-2.5,-3.5,-3.0,3.5,3.0,33.5,30.5,33.5,-150.0,130.0,True,False
401524058,ESPN BET,ARIZ -2.5,-2.5,1.0,-2.5,-1.0,2.5,45.5,44.5,46.5,-135.0,115.0,True,False
401525442,ESPN BET,ND -22.5,-22.5,-25.0,-23.5,25.0,23.5,47.5,47.5,47.5,-2500.0,1200.0,True,False
401525554,ESPN BET,CLEM -7.5,-7.5,-7.5,-7.5,7.5,7.5,60.5,58.5,59.5,-320.0,260.0,True,False
401525894,ESPN BET,OKST -6.5,6.5,7.5,6.5,-7.5,-6.5,56.5,59.5,57.5,200.0,-240.0,False,False
401531375,ESPN BET,TULN -9.5,9.5,9.5,9.5,-9.5,-9.5,46.5,48.5,46.5,290.0,-360.0,False,False
401520403,ESPN BET,CCU -1.5,1.5,4.5,1.5,-4.5,-1.5,40.5,45.5,40.5,100.0,-120.0,False,False
401520405,ESPN BET,IU -3.5,-3.5,-5.0,-3.5,5.0,3.5,47.5,47.5,47.5,-150.0,130.0,True,False
401525893,ESPN BET,OU -24.5,24.5,24.0,25.0,-24.0,-25.0,58.5,57.5,59.5,1200.0,-2500.0,False,False
401524057,ESPN BET,WSU -4.5,-4.5,-5.0,-4.5,5.0,4.5,59.5,63.5,59.5,-185.0,155.0,True,False
401525557,ESPN BET,GT -6.5,-6.5,-6.0,-6.5,6.0,6.5,51.5,53.5,51.5,-215.0,180.0,True,False
401520422,ESPN BET,WIS -7.5,-7.5,-5.0,-7.5,5.0,7.5,36.5,37.5,36.5,-275.0,225.0,True,False
401520418,ESPN BET,SC -2.5,-2.5,2.0,-2.5,-2.0,2.5,52.5,53.5,52.5,-125.0,105.0,True,False
401532622,ESPN BET,FRES -22.5,-22.5,-24.0,-22.5,24.0,22.5,58.5,56.5,58.5,-1600.0,900.0,True,False
401520402,ESPN BET,ARK -27.5,-27.5,-32.0,-27.5,32.0,27.5,49.5,52.5,49.5,-5000.0,2000.0,True,False
401525895,ESPN BET,TEX -7.5,7.5,9.0,7.5,-9.0,-7.5,43.5,48.5,43.5,230.0,-280.0,False,False
401524060,ESPN BET,ORST -1.5,-1.5,1.5,-1.5,-1.5,1.5,62.5,63.5,62.5,-125.0,105.0,True,False
401532623,ESPN BET,SJSU -16.5,-16.5,-14.0,-16.0,14.0,16.0,48.5,51.5,48.5,-700.0,500.0,True,False
401520413,ESPN BET,MIZ -12.5,-12.5,-11.0,-12.5,11.0,12.5,56.5,58.5,56.5,-525.0,400.0,True,False
401520409,ESPN BET,LSU -32.5,-32.5,-30.0,-32.5,30.0,32.5,73.5,71.5,74.5,-7500.0,2500.0,True,False
401525896,ESPN BET,KSU -7.5,7.5,7.5,7.5,-7.5,-7.5,59.5,55.5,59.5,240.0,-290.0,False,False
401532619,ESPN BET,BOIS -5.5,5.5,4.0,5.5,-4.0,-5.5,62.5,64.5,63.5,170.0,-200.0,False,False
401532449,ESPN BET,BUF -6.5,-6.5,-6.5,-6.5,6.5,6.5,38.5,37.5,38.5,-225.0,190.0,True,False
401532450,ESPN BET,BGSU -2.5,2.5,1.0,2.5,-1.0,-2.5,50.5,53.5,50.5,125.0,-145.0,False,False
401520424,ESPN BET,MISS -10.5,10.5,13.5,10.5,-13.5,-10.5,54.5,56.5,54.5,380.0,-500.0,False,False
401532625,ESPN BET,BOIS -6.5,-6.5,-6.5,-6.5,6.5,6.5,44.5,46.5,44.5,-260.0,210.0,True,False
401532629,ESPN BET,USU -4.5,4.5,8.0,4.5,-8.0,-4.5,58.5,61.5,58.5,160.0,-190.0,False,False
401532452,ESPN BET,OHIO -14.5,14.5,13.5,14.5,-13.5,-14.5,41.5,41.5,41.5,500.0,-700.0,False,False
401531394,ESPN BET,MEM -13.5,13.5,11.5,13.5,-11.5,-13.5,63.5,65.5,64.5,380.0,-500.0,False,False
401525560,ESPN BET,MIA -13.5,13.5,8.5,13.5,-8.5,-13.5,50.5,48.5,50.5,360.0,-450.0,False,False
401531376,ESPN BET,TULN -3.5,-3.5,-2.5,-3.5,2.5,3.5,51.5,52.5,51.5,-165.0,140.0,True,False
401532451,ESPN BET,TOL -9.5,9.5,12.0,9.5,-12.0,-9.5,54.5,55.5,54.5,260.0,-320.0,False,False
401525900,ESPN BET,OU -11.5,-11.5,-12.5,-11.5,12.5,11.5,66.5,64.5,66.5,-380.0,300.0,True,False
401520426,ESPN BET,MIZ -9.5,9.5,7.0,9.5,-7.0,-9.5,53.5,55.5,53.5,275.0,-340.0,False,False
401520425,ESPN BET,NEB -3,-3.0,-1.0,-3.0,1.0,3.0,25.5,27.5,25.5,-145.0,125.0,True,False
401532454,ESPN BET,M-OH -3.5,3.5,6.5,4.0,-6.5,-4.0,34.5,36.5,34.5,160.0,-190.0,False,False
401520428,ESPN BET,WKU -11.5,11.5,10.0,11.5,-10.0,-11.5,54.5,55.5,54.5,380.0,-500.0,False,False
401532453,ESPN BET,NIU -20.5,20.5,18.5,20.5,-18.5,-20.5,44.5,45.5,44.5,800.0,-1400.0,False,False
401531927,DraftKings,TROY -17.5,17.5,16.0,17.0,-16.0,-17.0,48.5,48.0,48.0,600.0,-900.0,False,False
401531421,ESPN BET,RICE -3.5,-3.5,-5.0,-3.5,5.0,3.5,46.5,47.5,47.5,-150.0,130.0,True,False
401525563,ESPN BET,SYR -1.5,-1.5,-2.5,-1.5,2.5,1.5,43.5,44.5,43.5,-125.0,105.0,True,False
401531346,ESPN BET,ECU -4.5,-4.5,-3.0,-3.0,3.0,3.0,44.5,44.5,43.5,-185.0,155.0,True,False
401531386,ESPN BET,UNT -2.5,-2.5,-3.0,-1.5,3.0,1.5,72.5,72.5,73.5,-130.0,110.0,True,False
401531925,ESPN BET,ODU -2.5,-2.5,-2.0,-2.5,2.0,2.5,49.5,53.5,50.5,-130.0,110.0,True,False
401524067,ESPN BET,UTAH -21.5,-21.5,-21.5,-21.5,21.5,21.5,43.5,52.5,43.5,-1600.0,900.0,True,False
401520439,Caesars Sportsbook (Colorado),MD -2,2.0,2.0,2.0,-2.0,-2.0,45.0,46.0,45.0,115.0,-135.0,False,False
401532628,ESPN BET,UNLV -1.5,-1.5,-3.5,-1.5,3.5,1.5,58.5,58.5,58.5,-120.0,100.0,True,False
401520431,ESPN BET,ILL -5.5,-5.5,-4.5,-5.5,4.5,5.5,46.5,47.5,47.5,-215.0,180.0,True,False
401520436,DraftKings,WIS -3,3.0,1.5,3.0,-1.5,-3.0,46.0,42.0,46.0,130.0,-155.0,False,False
401531435,DraftKings,SMU -20.5,-20.5,-19.5,-19.0,19.5,19.0,45.5,45.5,46.0,-1350.0,800.0,True,False
401520437,DraftKings,JXST -2.5,2.5,-2.5,2.5,2.5,-2.5,48.0,50.5,48.0,114.0,-135.0,False,False
401525564,DraftKings,VT -1,1.0,1.0,1.5,-1.0,-1.5,53.5,52.5,53.5,-105.0,-115.0,False,False
401531922,ESPN BET,APP -10.5,-10.5,-7.5,-10.0,7.5,10.0,62.5,63.5,63.5,-360.0,285.0,True,False
401531923,ESPN BET,JMU -3.5,3.5,9.5,3.5,-9.5,-3.5,50.5,51.5,51.5,165.0,-195.0,False,False
401531924,ESPN BET,MRSH -1.5,-1.5,-2.5,-0.5,2.5,0.5,52.5,53.5,53.5,-120.0,100.0,True,False
401531926,ESPN BET,UL -13.5,-13.5,-12.0,-12.5,12.0,12.5,53.5,52.5,53.5,-425.0,340.0,True,False
401525906,ESPN BET,UCF -15.5,-15.5,-13.5,-15.5,13.5,15.5,61.5,61.5,60.5,-600.0,450.0,True,False
401520434,ESPN BET,MICH -3,-3.0,-5.5,-3.0,5.5,3.0,46.5,46.5,46.5,-150.0,130.0,True,False
401520443,ESPN BET,MASS -2.5,-2.5,2.5,-1.5,-2.5,1.5,50.5,50.5,50.5,-130.0,110.0,True,False
401524063,ESPN BET,ORE -14.5,-14.5,-11.5,-14.5,11.5,14.5,61.5,62.5,61.5,-550.0,410.0,True,False
401525901,ESPN BET,TEX -16.5,-16.5,-13.5,-16.5,13.5,16.5,53.5,53.5,53.5,-600.0,450.0,True,False
401520435,DraftKings,PSU -22.5,22.5,,22.5,,-22.5,43.5,42.0,43.5,1200.0,-2400.0,False,False
401525561,ESPN BET,DUKE -4.5,-4.5,-6.5,-4.5,6.5,4.5,40.5,42.5,41.5,-195.0,165.0,True,False
401524068,ESPN BET,WASH -15.5,-15.5,-13.5,-15.5,13.5,15.5,65.5,68.5,65.5,-800.0,500.0,True,False
401520427,ESPN BET,ALA -14.5,14.5,10.5,13.5,-10.5,-13.5,47.5,48.5,47.5,425.0,-550.0,False,False
401520432,ESPN BET,LOU -7.5,-7.5,-4.5,-7.5,4.5,7.5,47.5,50.5,47.5,-270.0,220.0,True,False
401520433,ESPN BET,LSU -10.5,-10.5,-7.5,-11.0,7.5,11.0,67.5,66.5,67.5,-450.0,360.0,True,False
401524064,ESPN BET,ARIZ -12.5,12.5,12.5,12.5,-12.5,-12.5,48.5,50.5,48.5,425.0,-550.0,False,False
401525905,ESPN BET,OKST -16.5,-16.5,-17.5,-16.5,17.5,16.5,54.5,56.5,55.5,-800.0,550.0,True,False
401520442,ESPN BET,TENN -27.5,-27.5,-25.5,-27.5,25.5,27.5,56.5,56.5,57.5,-3500.0,1500.0,True,False
401520444,ESPN BET,LIB -17.5,17.5,17.0,18.0,-17.0,-18.0,54.5,58.5,55.5,700.0,-1000.0,False,False
401520438,ESPN BET,PUR -6.5,-6.5,-2.5,-6.5,2.5,6.5,55.5,49.5,55.5,-215.0,180.0,True,False
401520440,ESPN BET,MTSU -3.5,3.5,4.0,3.5,-4.0,-3.5,49.5,48.5,50.5,140.0,-165.0,False,False
401525903,ESPN BET,KU -7.5,7.5,6.0,7.5,-6.0,-7.5,59.5,58.5,58.5,250.0,-300.0,False,False
401524066,ESPN BET,UCLA -9.5,-9.5,-10.0,-9.5,10.0,9.5,51.5,52.5,50.5,-340.0,270.0,True,False
401531410,ESPN BET,USF -7.5,-7.5,-5.5,-7.0,5.5,7.0,56.5,56.5,56.5,-275.0,225.0,True,False
401532627,ESPN BET,FRES -5.5,5.5,5.5,5.5,-5.5,-5.5,47.5,46.5,47.5,160.0,-190.0,False,False
401532626,ESPN BET,CSU -5.5,5.5,6.0,5.5,-6.0,-5.5,53.5,55.5,53.5,175.0,-210.0,False,False
401532630,ESPN BET,WYO -10.5,10.5,11.0,10.5,-11.0,-10.5,41.5,40.5,41.5,340.0,-425.0,False,False
401531928,ESPN BET,USA -5.5,5.5,5.5,5.5,-5.5,-5.5,56.5,58.5,56.5,195.0,-230.0,False,False
401520430,ESPN BET,UGA -24.5,24.5,23.0,24.5,-23.0,-24.5,59.5,60.5,59.5,1200.0,-2500.0,False,False
401520429,ESPN BET,FSU -6.5,6.5,10.5,6.5,-10.5,-6.5,48.5,51.5,49.5,200.0,-240.0,False,False
401524065,ESPN BET,ND -26.5,26.5,24.5,26.5,-24.5,-26.5,49.5,51.5,49.5,1500.0,-3500.0,False,False
401525904,ESPN BET,KSU -9.5,-9.5,-11.5,-9.0,11.5,9.0,46.5,47.5,45.5,-380.0,300.0,True,False
401525562,DraftKings,UNC -2.5,2.5,,2.5,,-2.5,56.0,55.0,56.0,114.0,-135.0,False,False
401520441,ESPN BET,CLEM -7.5,7.5,7.5,7.5,-7.5,-7.5,48.5,52.5,48.5,260.0,-320.0,False,False
401525902,ESPN BET,WVU -8.5,8.5,6.5,11.5,-6.5,-11.5,53.5,56.5,53.5,320.0,-400.0,False,False
401539484,ESPN BET,TROY -5.5,-5.5,-6.5,-5.5,6.5,5.5,52.5,51.5,52.5,-225.0,190.0,True,False
401539482,ESPN BET,BOIS -2.5,2.5,2.5,2.5,-2.5,-2.5,62.5,58.5,62.5,115.0,-135.0,False,False
401539481,ESPN BET,TOL -6.5,-6.5,-8.0,-6.5,8.0,6.5,43.5,46.5,43.5,-250.0,210.0,True,False
401539477,ESPN BET,TULN -2.5,-2.5,-3.5,-2.5,3.5,2.5,47.5,52.5,47.5,-130.0,110.0,True,False
401539479,ESPN BET,TEX -14.5,-14.5,-11.5,-14.5,11.5,14.5,56.5,53.5,56.5,-700.0,500.0,True,False
401539483,ESPN BET,UGA -5.5,5.5,4.0,5.5,-4.0,-5.5,52.5,49.5,52.5,165.0,-195.0,False,False
401539476,ESPN BET,LIB -10.5,-10.5,-13.5,-10.5,13.5,10.5,58.5,53.5,58.5,-400.0,320.0,True,False
401539475,ESPN BET,ORE -9.5,9.5,8.5,9.5,-8.5,-9.5,64.5,68.5,64.5,300.0,-380.0,False,False
401539480,ESPN BET,MICH -20.5,20.5,22.0,20.5,-22.0,-20.5,35.5,34.5,35.5,1300.0,-2500.0,False,False
401539478,ESPN BET,LOU -1.5,1.5,-4.5,1.5,4.5,-1.5,45.5,51.5,45.5,100.0,-120.0,False,False
401520445,ESPN BET,ARMY -2.5,2.5,2.5,2.5,-2.5,-2.5,28.5,32.5,28.5,120.0,-140.0,False,False
401551732,ESPN BET,NMSU -3.5,3.5,2.5,3.5,-2.5,-3.5,53.5,52.5,53.5,135.0,-155.0,False,False
401551731,ESPN BET,APP -6.5,-6.5,-4.5,-6.5,4.5,6.5,40.5,48.5,40.5,-240.0,200.0,True,False
401551470,ESPN BET,FAMU -7.5,-7.5,-6.5,-7.5,6.5,7.5,48.5,48.5,48.5,-300.0,220.0,True,False
401551751,ESPN BET,JXST -3.5,3.5,-0.5,3.5,0.5,-3.5,57.5,57.5,57.5,140.0,-165.0,False,False
401551733,ESPN BET,GASO -1.5,1.5,-1.5,1.5,1.5,-1.5,48.5,53.5,48.5,105.0,-125.0,False,False
401551752,ESPN BET,UCLA -6.5,6.5,1.0,6.5,-1.0,-6.5,44.5,49.5,44.5,195.0,-230.0,False,False
401551753,ESPN BET,TTU -3.5,-3.5,-3.0,-3.5,3.0,3.5,56.5,58.5,56.5,-155.0,135.0,True,False
401551469,ESPN BET,ODU -4.5,-4.5,1.0,-4.5,-1.0,4.5,48.5,57.5,50.5,-190.0,160.0,True,False
401551735,ESPN BET,UTSA -7.5,7.5,8.5,7.5,-8.5,-7.5,46.5,56.5,46.5,230.0,-280.0,False,False
401551737,ESPN BET,SYR -5.5,-5.5,-3.5,-3.5,3.5,3.5,55.5,58.5,55.5,-155.0,135.0,True,False
401551754,ESPN BET,UCF -6.5,-6.5,-4.5,-6.5,4.5,6.5,65.5,61.5,65.5,-225.0,190.0,True,False
401551743,ESPN BET,USU -1.5,-1.5,2.5,-1.5,-2.5,1.5,57.5,63.5,57.5,-125.0,105.0,True,False
401551742,ESPN BET,AF -2.5,-2.5,2.5,-2.5,-2.5,2.5,43.5,42.5,44.5,-130.0,110.0,True,False
401551739,ESPN BET,TROY -6.5,6.5,6.5,6.5,-6.5,-6.5,44.5,44.5,44.5,215.0,-260.0,False,False
401551741,ESPN BET,ARST -2.5,2.5,1.0,2.5,-1.0,-2.5,53.5,52.5,53.5,105.0,-125.0,False,False
401551755,ESPN BET,USA -17.5,-17.5,15.5,-17.5,-15.5,17.5,42.5,47.5,42.5,-900.0,600.0,True,False
401551744,ESPN BET,UTAH -6.5,6.5,7.5,6.5,-7.5,-6.5,43.5,42.5,43.5,225.0,-275.0,False,False
401551746,ESPN BET,SJSU -8.5,-8.5,-7.5,-8.5,7.5,8.5,48.5,54.5,48.5,-300.0,250.0,True,False
401551748,ESPN BET,TXST -3.5,3.5,4.5,3.5,-4.5,-3.5,59.5,60.5,59.5,145.0,-170.0,False,False
401551756,ESPN BET,MINN -2.5,-2.5,-5.5,-2.5,5.5,2.5,44.5,36.5,44.5,-125.0,105.0,True,False
401551761,ESPN BET,WVU -3.5,-3.5,-3.5,-3.5,3.5,3.5,61.5,55.5,61.5,-190.0,160.0,True,False
401551758,ESPN BET,VT -12.5,12.5,6.0,12.5,-6.0,-12.5,44.5,47.5,44.5,360.0,-450.0,False,False
401551757,ESPN BET,KU -8.5,8.5,11.5,8.5,-11.5,-8.5,65.5,63.5,65.5,240.0,-290.0,False,False
401551749,ESPN BET,OKST -4.5,-4.5,4.5,-4.5,-4.5,4.5,55.5,53.5,55.5,-185.0,155.0,True,False
401581109,ESPN BET,LOU -4.5,4.5,7.5,4.5,-7.5,-4.5,56.5,57.5,56.5,155.0,-185.0,False,False
401551762,ESPN BET,RUTG -2.5,2.5,-3.5,2.5,3.5,-2.5,40.5,42.5,40.5,125.0,-145.0,False,False
401551750,ESPN BET,SMU -13.5,13.5,10.0,13.5,-10.0,-13.5,48.5,50.5,48.5,425.0,-550.0,False,False
401551764,ESPN BET,KSU -3.5,-3.5,-4.5,-3.5,4.5,3.5,47.5,48.5,47.5,-150.0,130.0,True,False
401551767,ESPN BET,ISU -10.5,10.5,-6.0,10.5,6.0,-10.5,58.5,57.5,58.5,280.0,-350.0,False,False
401551765,ESPN BET,ARIZ -2.5,2.5,1.0,2.5,-1.0,-2.5,58.5,64.5,58.5,115.0,-135.0,False,False
401551798,ESPN BET,ND -5.5,-5.5,-11.0,-5.5,11.0,5.5,40.5,46.5,40.5,-215.0,180.0,True,False
401551766,ESPN BET,CLEM -3.5,3.5,7.0,3.5,-7.0,-3.5,43.5,47.5,43.5,145.0,-170.0,False,False
401554566,ESPN BET,WYO -4.5,-4.5,1.0,-4.5,-1.0,4.5,44.5,45.5,44.5,-200.0,170.0,True,False
401551769,ESPN BET,PSU -5.5,-5.5,-3.5,-5.5,3.5,5.5,52.5,48.5,52.5,-210.0,175.0,True,False
401551770,ESPN BET,AUB -5.5,5.5,2.0,5.5,-2.0,-5.5,48.5,48.5,48.5,160.0,-190.0,False,False
401551768,ESPN BET,OSU -3.5,-3.5,-3.5,-3.5,3.5,3.5,50.5,50.5,50.5,-185.0,155.0,True,False
401551773,ESPN BET,UGA -23.5,23.5,13.5,23.5,-13.5,-23.5,47.5,45.5,47.5,800.0,-1400.0,False,False
401551786,ESPN BET,MICH -2.5,-2.5,-2.0,-2.5,2.0,2.5,45.5,46.5,45.5,-135.0,115.0,True,False
401551782,ESPN BET,ORE -22.5,-22.5,-14.5,-22.5,14.5,22.5,71.5,63.5,71.5,-1000.0,650.0,True,False
401551778,ESPN BET,LSU -8.5,-8.5,-10.5,-8.5,10.5,8.5,58.5,55.5,58.5,-300.0,250.0,True,False
401551780,ESPN BET,TENN -4.5,-4.5,-7.5,-4.5,7.5,4.5,36.5,36.5,36.5,-200.0,170.0,True,False
401551788,ESPN BET,TEX -3.5,3.5,4.0,3.5,-4.0,-3.5,61.5,64.5,61.5,140.0,-165.0,False,False
401551789,ESPN BET,MICH -4.5,-4.5,-3.5,-5.5,3.5,5.5,55.5,55.5,55.5,-235.0,195.0,True,False
401643697,ESPN BET,MTST -13.5,13.5,7.5,13.5,-7.5,-13.5,54.5,55.5,54.5,340.0,-425.0,False,False
401635525,ESPN BET,FSU -10.5,10.5,13.0,10.5,-13.0,-10.5,54.5,54.5,54.5,340.0,-425.0,False,False
401643696,ESPN BET,SMU -27.5,27.5,24.5,27.5,-24.5,-27.5,55.5,56.5,55.5,1500.0,-3500.0,False,False
401643858,ESPN BET,HAW -39.5,-39.5,-38.5,-39.5,38.5,39.5,53.5,56.5,53.5,,,True,False
401644728,ESPN BET,TOL -27.5,-27.5,-27.0,-27.5,27.0,27.5,53.5,51.5,53.5,-5000.0,2000.0,True,False
401628320,ESPN BET,ARK -50.5,-50.5,-48.5,-50.5,48.5,50.5,60.5,57.5,60.5,,,True,False
401644730,ESPN BET,CMU -33.5,-33.5,-32.0,-33.5,32.0,33.5,54.5,51.5,54.5,-20000.0,4000.0,True,False
401644729,ESPN BET,BGSU -15.5,-15.5,-17.0,-15.5,17.0,15.5,60.5,56.5,60.5,-600.0,450.0,True,False
401644727,ESPN BET,BUF -3.5,-3.5,-3.0,-3.5,3.0,3.5,45.5,46.5,45.5,-170.0,145.0,True,False
401628582,ESPN BET,UCF -38.5,-38.5,-41.5,-38.5,41.5,38.5,58.5,63.5,58.5,,,True,False
401628458,ESPN BET,RUTG -38.5,-38.5,-36.5,-38.5,36.5,38.5,51.5,49.5,51.5,,,True,False
401634299,ESPN BET,NCSU -32.5,-32.5,-33.5,-32.5,33.5,32.5,60.5,64.5,60.5,-10000.0,3000.0,True,False
401645319,ESPN BET,ARMY -31.5,-31.5,-32.0,-31.5,32.0,31.5,47.5,47.5,47.5,-7500.0,3000.0,True,False
401628584,ESPN BET,DUKE -24.5,-24.5,-23.5,-24.5,23.5,24.5,47.5,49.5,47.5,-3000.0,1300.0,True,False
401628453,ESPN BET,MSU -12.5,-12.5,-11.5,-12.5,11.5,12.5,44.5,46.5,44.5,-550.0,425.0,True,False
401628328,ESPN BET,OU -43.5,-43.5,-42.5,-43.5,42.5,43.5,57.5,59.5,57.5,,,True,False
401643698,ESPN BET,SJSU -2.5,-2.5,-4.0,-2.5,4.0,2.5,62.5,60.5,62.5,-130.0,110.0,True,False
401654845,ESPN BET,ILL -28.5,-28.5,-28.0,-28.5,28.0,28.5,50.5,45.5,50.5,-5000.0,2000.0,True,False
401628448,ESPN BET,UNC -1.5,1.5,-2.5,1.5,2.5,-1.5,52.5,50.5,52.5,110.0,-130.0,False,False
401636387,ESPN BET,ULM -4.5,-4.5,-8.0,-4.5,8.0,4.5,45.5,49.5,45.5,-185.0,155.0,True,False
401645317,ESPN BET,TULN -28.5,-28.5,-27.0,-28.5,27.0,28.5,55.5,53.5,55.5,-5000.0,2000.0,True,False
401645316,ESPN BET,UAB -29.5,-29.5,-24.5,-29.5,24.5,29.5,55.5,55.5,55.5,-7500.0,2500.0,True,False
401640998,ESPN BET,JXST -3.5,-3.5,-3.0,-3.5,3.0,3.5,54.5,56.5,54.5,-175.0,150.0,True,False
401634206,ESPN BET,COLO -11.5,-11.5,-8.5,-11.5,8.5,11.5,54.5,59.5,54.5,-450.0,360.0,True,False
401628327,ESPN BET,MIZ -50.5,-50.5,-48.0,-50.5,48.0,50.5,62.5,57.5,62.5,,,True,False
401636607,ESPN BET,UTAH -37.5,-37.5,-38.0,-37.5,38.0,37.5,55.5,53.5,55.5,,,True,False
401636606,ESPN BET,KU -48.5,-48.5,-45.0,-48.5,45.0,48.5,62.5,58.5,62.5,,,True,False
401645318,ESPN BET,TLSA -37.5,-37.5,-32.0,-37.5,32.0,37.5,55.5,52.5,55.5,,,True,False
401643775,ESPN BET,USA -5.5,-5.5,-7.0,-5.5,7.0,5.5,60.5,65.5,60.5,-200.0,170.0,True,False
401628586,ESPN BET,LIB -41.5,-41.5,-35.5,-41.5,35.5,41.5,58.5,55.5,58.5,,,True,False
401628326,ESPN BET,MSST -26.5,-26.5,-26.5,-26.5,26.5,26.5,61.5,60.5,61.5,-2500.0,1200.0,True,False
401634301,ESPN BET,CAL -20.5,-20.5,-20.5,-20.5,20.5,20.5,56.5,56.5,56.5,-1600.0,900.0,True,False
401628329,ESPN BET,SC -20.5,-20.5,-21.0,-20.5,21.0,20.5,48.5,55.0,48.5,-1200.0,750.0,True,False
401643700,ESPN BET,BOIS -12.5,12.5,10.0,12.5,-10.0,-12.5,57.5,57.5,57.5,340.0,-425.0,False,False
401644731,ESPN BET,NIU -36.5,-36.5,-35.0,-36.5,35.0,36.5,55.5,53.5,55.5,-20000.0,4000.0,True,False
401644683,ESPN BET,NU -3.5,-3.5,-4.5,-3.5,4.5,3.5,40.5,42.5,40.5,-150.0,130.0,True,False
401643699,ESPN BET,AF -30.5,-30.5,-30.0,-30.5,30.0,30.5,47.5,47.5,47.5,-15000.0,3500.0,True,False
401628590,ESPN BET,MRSH -32.5,-32.5,-30.5,-32.5,30.5,32.5,56.5,51.5,56.5,-20000.0,4000.0,True,False
401645320,ESPN BET,ECU -31.5,-31.5,-32.0,-31.5,32.0,31.5,51.5,50.5,51.5,-15000.0,3500.0,True,False
401628457,ESPN BET,PSU -7.5,7.5,10.5,7.5,-10.5,-7.5,48.5,51.5,48.5,230.0,-280.0,False,False
401636610,ESPN BET,BAY -33.5,-33.5,-26.5,-33.5,26.5,33.5,53.5,48.5,53.5,,,True,False
401641039,ESPN BET,RICE -9.5,-9.5,-12.0,-9.5,12.0,9.5,48.5,48.5,48.5,-340.0,270.0,True,False
401643701,ESPN BET,TROY -7.5,-7.5,-14.5,-7.5,14.5,7.5,44.5,46.5,44.5,-290.0,240.0,True,False
401645321,ESPN BET,MEM -38.5,-38.5,-38.0,-38.5,38.0,38.5,62.5,61.5,62.5,,,True,False
401628321,ESPN BET,AUB -48.5,-48.5,-47.5,-48.5,47.5,48.5,58.5,56.5,58.5,,,True,False
401628459,ESPN BET,UCLA -13.5,13.5,13.5,13.5,-13.5,-13.5,51.5,55.5,51.5,400.0,-525.0,False,False
401636613,ESPN BET,TTU -34.5,-34.5,-33.5,-34.5,33.5,34.5,58.5,52.5,58.5,-15000.0,3500.0,True,False
401628324,ESPN BET,UK -25.5,-25.5,-25.5,-25.5,25.5,25.5,49.5,50.0,49.5,-2500.0,1200.0,True,False
401634304,ESPN BET,SYR -17.5,-17.5,-15.5,-17.5,15.5,17.5,45.5,47.5,45.5,-800.0,550.0,True,False
401643704,ESPN BET,ORST -29.5,-29.5,-28.5,-29.5,28.5,29.5,57.5,57.5,57.5,-5000.0,2000.0,True,False
401634197,ESPN BET,ISU -30.5,-30.5,-27.5,-30.5,27.5,30.5,51.5,49.5,51.5,-3500.0,1500.0,True,False
401628331,ESPN BET,TEX -34.5,-34.5,-36.5,-34.5,36.5,34.5,62.5,59.5,62.5,-20000.0,4000.0,True,False
401629039,ESPN BET,MASS -2.5,-2.5,1.0,-2.5,-1.0,2.5,50.5,49.5,50.5,-130.0,110.0,True,False
401628461,ESPN BET,WIS -24.5,-24.5,-24.5,-24.5,24.5,24.5,56.5,56.5,56.5,-2000.0,1100.0,True,False
401634300,ESPN BET,TCU -8.5,8.5,8.0,8.5,-8.0,-8.5,58.5,61.5,58.5,240.0,-290.0,False,False
401634133,ESPN BET,APP -35.5,-35.5,-32.0,-35.5,32.0,35.5,58.5,55.5,58.5,-7500.0,2500.0,True,False
401628455,ESPN BET,OSU -48.5,-48.5,-50.5,-48.5,50.5,48.5,55.5,58.5,55.5,,,True,False
401628319,ESPN BET,ALA -37.5,-37.5,-31.0,-37.5,31.0,37.5,60.5,60.5,60.5,,,True,False
401628325,ESPN BET,MISS -45.5,-45.5,-42.0,-45.5,42.0,45.5,58.5,60.5,58.5,,,True,False
401628332,ESPN BET,TA&M -2.5,-2.5,-1.0,-2.5,1.0,2.5,46.5,48.5,46.5,-150.0,130.0,True,False
401628330,ESPN BET,TENN -38.5,-38.5,-38.5,-38.5,38.5,38.5,56.5,56.5,56.5,,,True,False
401634212,ESPN BET,OKST -12.5,-12.5,-10.5,-12.5,10.5,12.5,55.5,53.5,55.5,-425.0,340.0,True,False
401636612,ESPN BET,KSU -36.5,-36.5,-37.0,-36.5,37.0,36.5,56.5,56.5,56.5,-20000.0,4000.0,True,False
401628323,ESPN BET,UGA -10.5,-10.5,-13.5,-10.5,13.5,10.5,49.5,47.5,49.5,-400.0,320.0,True,False
401628591,ESPN BET,CIN -33.5,-33.5,-31.5,-33.5,31.5,33.5,56.5,56.5,56.5,-15000.0,3500.0,True,False
401628333,ESPN BET,VT -13.5,13.5,13.5,13.5,-13.5,-13.5,48.5,53.5,48.5,380.0,-500.0,False,False
401628451,ESPN BET,MD -18.5,-18.5,-21.0,-18.5,21.0,18.5,44.5,47.5,44.5,-1200.0,750.0,True,False
401632062,ESPN BET,LOU -38.5,-38.5,-36.5,-38.5,36.5,38.5,54.5,52.5,54.5,,,True,False
401634169,ESPN BET,PUR -35.5,-35.5,-33.0,-35.5,33.0,35.5,52.5,48.5,52.5,-20000.0,4000.0,True,False
401634305,ESPN BET,PITT -23.5,-23.5,-23.5,-23.5,23.5,23.5,54.5,53.5,54.5,-2500.0,1200.0,True,False
401645322,ESPN BET,NAVY -31.5,-31.5,-33.0,-31.5,33.0,31.5,48.5,47.5,48.5,-15000.0,3500.0,True,False
401628322,ESPN BET,MIA -2.5,2.5,2.5,2.5,-2.5,-2.5,54.5,54.5,54.5,105.0,-125.0,False,False
401637159,ESPN BET,WSU -26.5,-26.5,-29.5,-26.5,29.5,26.5,57.5,61.5,57.5,-3500.0,1500.0,True,False
401628449,ESPN BET,IU -25.5,-25.5,-19.5,-25.5,19.5,25.5,51.5,50.5,51.5,-3500.0,1500.0,True,False
401641032,ESPN BET,NMSU -9.5,-9.5,-8.5,-9.5,8.5,9.5,52.5,52.5,52.5,-360.0,290.0,True,False
401636608,ESPN BET,ARIZ -29,-29.0,-30.5,-29.0,30.5,29.0,60.5,53.5,60.5,-10000.0,3000.0,True,False
401628460,ESPN BET,WASH -29,-29.0,-27.5,-29.0,27.5,29.0,51.5,54.5,51.5,-5000.0,1800.0,True,False
401628334,ESPN BET,LSU -3.5,-3.5,-6.0,-3.5,6.0,3.5,67.5,62.5,67.5,-170.0,145.0,True,False
401636609,ESPN BET,ASU -6.5,-6.5,-6.5,-6.5,6.5,6.5,47.5,47.5,47.5,-240.0,200.0,True,False
401634306,ESPN BET,FSU -16.5,-16.5,-21.5,-16.5,21.5,16.5,51.5,51.5,51.5,-800.0,550.0,True,False
401628463,ESPN BET,IU -44.5,-44.5,-42.5,-44.5,42.5,44.5,52.5,52.5,52.5,,,True,False
401634765,ESPN BET,SMU -12.5,-12.5,-11.5,-12.5,11.5,12.5,55.5,54.5,55.5,-500.0,380.0,True,False
401628593,ESPN BET,WVU -37.5,-37.5,-33.5,-37.5,33.5,37.5,52.5,52.5,52.5,,,True,False
401643781,ESPN BET,USA -1.5,1.5,1.0,1.5,-1.0,-1.5,55.5,54.5,55.5,-110.0,-110.0,False,False
401643778,ESPN BET,ODU -1.5,-1.5,-2.0,-1.5,2.0,1.5,53.5,48.5,53.5,-120.0,100.0,True,False
401643777,ESPN BET,JMU -35.5,-35.5,-33.0,-35.5,33.0,35.5,50.5,54.5,50.5,,,True,False
401628338,ESPN BET,FLA -38.5,-38.5,-37.0,-38.5,37.0,38.5,55.5,53.5,55.5,,,True,False
401640979,ESPN BET,CMU -3.5,3.5,4.0,3.5,-4.0,-3.5,51.5,51.5,51.5,140.0,-165.0,False,False
401635540,ESPN BET,VT -20.5,-20.5,-16.5,-20.5,16.5,20.5,52.5,47.5,52.5,-1600.0,900.0,True,False
401628473,ESPN BET,WASH -25.5,-25.5,-23.5,-25.5,23.5,25.5,49.5,47.5,49.5,-3000.0,1300.0,True,False
401645324,ESPN BET,NAVY -11.5,-11.5,-13.0,-11.5,13.0,11.5,43.5,44.5,43.5,-450.0,360.0,True,False
401643710,ESPN BET,WYO -6.5,-6.5,-7.5,-6.5,7.5,6.5,39.5,41.5,39.5,-275.0,225.0,True,False
401635537,ESPN BET,UNC -21.5,-21.5,-21.0,-21.5,21.0,21.5,47.5,48.5,47.5,-1800.0,1000.0,True,False
401635531,ESPN BET,BC -33.5,-33.5,-34.5,-33.5,34.5,33.5,52.5,52.5,52.5,,,True,False
401629040,ESPN BET,TOL -17.5,-17.5,-19.5,-17.5,19.5,17.5,50.5,51.5,50.5,-700.0,500.0,True,False
401628474,ESPN BET,WIS -17.5,-17.5,-22.5,-17.5,22.5,17.5,44.5,47.5,44.5,-1600.0,900.0,True,False
401643783,ESPN BET,TXST -2.5,-2.5,-1.0,-2.5,1.0,2.5,58.5,60.5,58.5,-135.0,115.0,True,False
401628603,ESPN BET,CCU -17.5,-17.5,-14.5,-17.5,14.5,17.5,54.5,55.5,54.5,-700.0,500.0,True,False
401635535,ESPN BET,LOU -27.5,-27.5,-25.5,-27.5,25.5,27.5,56.5,58.5,56.5,-3500.0,1500.0,True,False
401632459,ESPN BET,GAST -9.5,-9.5,-10.0,-9.5,10.0,9.5,51.5,54.5,51.5,-380.0,300.0,True,False
401628465,ESPN BET,MD -7.5,-7.5,-9.0,-7.5,9.0,7.5,44.5,46.5,44.5,-290.0,240.0,True,False
401645325,ESPN BET,UNT -21.5,-21.5,-23.5,-21.5,23.5,21.5,72.5,67.5,72.5,-1800.0,1000.0,True,False
401628349,ESPN BET,VAN -32.5,-32.5,-31.0,-32.5,31.0,32.5,47.5,49.5,47.5,-20000.0,4000.0,True,False
401636617,ESPN BET,UCF -21.5,-21.5,-24.0,-21.5,24.0,21.5,53.5,58.5,53.5,-1600.0,900.0,True,False
401645326,ESPN BET,RICE -29.5,-29.5,-29.5,-29.5,29.5,29.5,52.5,54.5,52.5,-5000.0,2000.0,True,False
401643782,ESPN BET,USM -16.5,-16.5,-14.0,-16.5,14.0,16.5,53.5,54.5,53.5,-600.0,450.0,True,False
401643780,ESPN BET,UAB -10.5,10.5,11.5,10.5,-11.5,-10.5,55.5,54.5,55.5,300.0,-380.0,False,False
401643779,ESPN BET,ARST -9.5,-9.5,-6.0,-9.5,6.0,9.5,65.5,64.5,65.5,-340.0,270.0,True,False
401643708,ESPN BET,NEV -1.5,-1.5,3.5,-1.5,-3.5,1.5,56.5,55.5,56.5,-110.0,-110.0,True,False
401643706,ESPN BET,CSU -31.5,-31.5,-28.5,-31.5,28.5,31.5,52.5,53.5,52.5,-10000.0,3000.0,True,False
401643705,ESPN BET,AF -1.5,-1.5,-4.5,-1.5,4.5,1.5,43.5,46.5,43.5,-130.0,110.0,True,False
401641016,ESPN BET,UL -14.5,14.5,16.5,14.5,-16.5,-14.5,45.5,46.5,45.5,425.0,-550.0,False,False
401635639,ESPN BET,UVA -1.5,1.5,-2.5,1.5,2.5,-1.5,55.5,54.5,55.5,100.0,-120.0,False,False
401635539,ESPN BET,STAN -33.5,-33.5,-35.5,-33.5,35.5,33.5,59.5,58.5,59.5,,,True,False
401632068,ESPN BET,WKU -18.5,-18.5,-20.5,-18.5,20.5,18.5,59.5,59.5,59.5,-1400.0,800.0,True,False
401628340,ESPN BET,UK -9.5,-9.5,-9.0,-9.5,9.0,9.5,41.5,45.5,41.5,-300.0,250.0,True,False
401628464,ESPN BET,IOWA -2.5,-2.5,-2.5,-2.5,2.5,2.5,36.5,37.5,36.5,-135.0,115.0,True,False
401632071,ESPN BET,UNLV -41.5,-41.5,-42.0,-41.5,42.0,41.5,55.5,54.5,55.5,,,True,False
401635533,ESPN BET,NU -2.5,-2.5,-2.5,-2.5,2.5,2.5,37.5,40.5,37.5,-130.0,110.0,True,False
401628339,ESPN BET,UGA -54.5,-54.5,-54.5,-54.5,54.5,54.5,68.5,62.5,68.5,,,True,False
401628468,ESPN BET,OSU -37.5,-37.5,-39.0,-37.5,39.0,37.5,54.5,54.5,54.5,,,True,False
401628347,ESPN BET,TEX -6.5,6.5,4.0,6.5,-4.0,-6.5,41.5,48.5,41.5,195.0,-230.0,False,False
401628335,ESPN BET,ALA -33.5,-33.5,-31.0,-33.5,31.0,33.5,65.5,63.5,65.5,-5000.0,2000.0,True,False
401628977,ESPN BET,ND -28.5,-28.5,-30.0,-28.5,30.0,28.5,46.5,46.5,46.5,-7500.0,2500.0,True,False
401628342,ESPN BET,MISS -42.5,-42.5,-42.0,-42.5,42.0,42.5,60.5,62.5,60.5,,,True,False
401628470,ESPN BET,PSU -35.5,-35.5,-32.0,-35.5,32.0,35.5,51.5,48.5,51.5,-20000.0,4000.0,True,False
401628344,ESPN BET,MIZ -34.5,-34.5,-34.5,-34.5,34.5,34.5,53.5,52.5,53.5,-15000.0,3500.0,True,False
401636618,ESPN BET,UTAH -14.5,-14.5,-17.0,-14.5,17.0,14.5,52.5,53.5,52.5,-800.0,550.0,True,False
401635536,ESPN BET,MIA -46.5,-46.5,-44.5,-46.5,44.5,46.5,55.5,53.5,55.5,,,True,False
401628346,ESPN BET,TENN -13.5,13.5,4.0,13.5,-4.0,-13.5,59.5,60.5,59.5,250.0,-300.0,False,False
401628345,ESPN BET,OU -27.5,-27.5,-27.5,-27.5,27.5,27.5,48.5,52.5,48.5,-5000.0,2000.0,True,False
401628336,ESPN BET,OKST -10.5,-10.5,-8.5,-10.5,8.5,10.5,60.5,52.5,60.5,-425.0,340.0,True,False
401636616,ESPN BET,KSU -9.5,9.5,10.0,9.5,-10.0,-9.5,46.5,48.5,46.5,260.0,-320.0,False,False
401628337,ESPN BET,AUB -11.5,-11.5,-10.5,-11.5,10.5,11.5,52.5,49.5,52.5,-500.0,380.0,True,False
401628462,ESPN BET,KU -4.5,4.5,6.5,4.5,-6.5,-4.5,58.5,58.5,58.5,190.0,-225.0,False,False
401628341,ESPN BET,LSU -46.5,-46.5,-51.5,-46.5,51.5,46.5,57.5,61.5,57.5,,,True,False
401634181,ESPN BET,BALL -2.5,-2.5,-2.5,-2.5,2.5,2.5,50.5,52.5,50.5,-145.0,125.0,True,False
401628348,ESPN BET,TA&M -46.5,-46.5,-48.0,-46.5,48.0,46.5,53.5,55.5,53.5,,,True,False
401635534,ESPN BET,GT -2.5,2.5,2.5,2.5,-2.5,-2.5,60.5,54.5,60.5,125.0,-145.0,False,False
401645323,ESPN BET,FAU -1.5,-1.5,-2.5,-1.5,2.5,1.5,42.5,44.5,42.5,-120.0,100.0,True,False
401628466,ESPN BET,MINN -27.5,-27.5,-24.5,-27.5,24.5,27.5,47.5,47.5,47.5,-4000.0,1800.0,True,False
401628471,ESPN BET,RUTG -24.5,-24.5,-24.0,-24.5,24.0,24.5,41.5,41.5,41.5,-3500.0,1500.0,True,False
401644732,ESPN BET,KENT -17.5,-17.5,-17.0,-17.5,17.0,17.5,49.5,52.5,49.5,-900.0,600.0,True,False
401635538,ESPN BET,PITT -2.5,2.5,-2.5,2.5,2.5,-2.5,62.5,59.5,62.5,110.0,-130.0,False,False
401636999,ESPN BET,CONN -14.5,-14.5,-15.5,-14.5,15.5,14.5,44.5,45.5,44.5,-700.0,500.0,True,False
401643784,ESPN BET,MEM -18.5,-18.5,-17.0,-18.5,17.0,18.5,57.5,54.5,57.5,-650.0,475.0,True,False
401643707,ESPN BET,FRES -18.5,-18.5,-15.5,-18.5,15.5,18.5,55.5,56.5,55.5,-1200.0,750.0,True,False
401628343,ESPN BET,ASU -6.5,-6.5,-5.0,-6.5,5.0,6.5,57.5,58.5,57.5,-210.0,175.0,True,False
401643709,ESPN BET,ORST -5.5,5.5,4.5,5.5,-4.5,-5.5,54.5,55.5,54.5,165.0,-195.0,False,False
401640989,ESPN BET,LIB -22.5,22.5,20.5,22.5,-20.5,-22.5,54.5,57.5,54.5,1000.0,-1800.0,False,False
401632072,ESPN BET,UTEP -6.5,-6.5,-6.5,-6.5,6.5,6.5,54.5,51.5,54.5,-230.0,195.0,True,False
401636859,ESPN BET,TTU -2.5,2.5,-1.5,2.5,1.5,-2.5,64.5,65.5,64.5,115.0,-135.0,False,False
401628469,ESPN BET,ORE -17.5,-17.5,-19.5,-17.5,19.5,17.5,60.5,60.5,60.5,-800.0,550.0,True,False
401635532,ESPN BET,CLEM -13.5,-13.5,-17.0,-13.5,17.0,13.5,53.5,51.5,53.5,-650.0,475.0,True,False
401628472,ESPN BET,USC -30.5,-30.5,-27.0,-30.5,27.0,30.5,62.5,61.5,62.5,-5000.0,2000.0,True,False
401636615,ESPN BET,TCU -45.5,-45.5,-45.5,-45.5,45.5,45.5,56.5,54.5,56.5,,,True,False
401636614,ESPN BET,ARIZ -36.5,-36.5,-43.5,-36.5,43.5,36.5,63.5,64.5,63.5,-10000.0,3000.0,True,False
401636867,ESPN BET,TXST -2.5,-2.5,-1.5,-2.5,1.5,2.5,58.5,59.5,58.5,-150.0,130.0,True,False
401643788,ESPN BET,USA -36.5,-36.5,-38.0,-36.5,38.0,36.5,60.5,60.5,60.5,-7500.0,2500.0,True,False
401636863,ESPN BET,KU -10.5,-10.5,-7.5,-10.5,7.5,10.5,57.5,58.5,57.5,-350.0,280.0,True,False
401636364,ESPN BET,WMU -33.5,-33.5,-33.0,-33.5,33.0,33.5,54.5,51.5,54.5,-20000.0,4000.0,True,False
401644733,ESPN BET,AKR -13.5,-13.5,-14.5,-13.5,14.5,13.5,48.5,45.5,48.5,-525.0,400.0,True,False
401640990,ESPN BET,LIB -23.5,-23.5,-22.5,-23.5,22.5,23.5,57.5,57.5,57.5,-2500.0,1200.0,True,False
401635548,ESPN BET,VT -15.5,15.5,13.5,15.5,-13.5,-15.5,47.5,49.5,47.5,550.0,-800.0,False,False
401643785,ESPN BET,ECU -0.5,-0.5,2.5,-0.5,-2.5,0.5,56.5,56.5,56.5,-105.0,-115.0,True,False
401629030,ESPN BET,DUKE -17.5,-17.5,-16.5,-17.5,16.5,17.5,46.5,47.5,46.5,-700.0,500.0,True,False
401628477,ESPN BET,IOWA -23.5,-23.5,-20.5,-23.5,20.5,23.5,39.5,39.5,39.5,-2500.0,1200.0,True,False
401644734,ESPN BET,OHIO -24.5,-24.5,-24.5,-24.5,24.5,24.5,45.5,46.5,45.5,-3000.0,1300.0,True,False
401635545,ESPN BET,UNC -37.5,-37.5,-37.5,-37.5,37.5,37.5,57.5,55.5,57.5,,,True,False
401628362,ESPN BET,VAN -8.5,8.5,9.5,8.5,-9.5,-8.5,45.5,45.5,45.5,250.0,-300.0,False,False
401655632,ESPN BET,NU -26.5,-26.5,-24.5,-26.5,24.5,26.5,38.5,32.5,38.5,,,True,False
401641017,ESPN BET,SJSU -16.5,-16.5,-19.0,-16.5,19.0,16.5,41.5,44.5,41.5,-1200.0,750.0,True,False
401641024,ESPN BET,WKU -10.5,10.5,8.0,10.5,-8.0,-10.5,53.5,53.5,53.5,210.0,-250.0,False,False
401628352,ESPN BET,AUB -25.5,-25.5,-28.5,-25.5,28.5,25.5,58.5,58.5,58.5,-2000.0,1100.0,True,False
401628356,ESPN BET,MSST -10.5,-10.5,-9.0,-10.5,9.0,10.5,56.5,57.5,56.5,-350.0,280.0,True,False
401628476,ESPN BET,IU -3.5,3.5,2.5,3.5,-2.5,-3.5,46.5,49.5,46.5,155.0,-185.0,False,False
401636860,ESPN BET,BAY -17.5,-17.5,-13.0,-17.5,13.0,17.5,40.5,43.5,40.5,-900.0,600.0,True,False
401636861,ESPN BET,COLO -7.5,7.5,7.5,7.5,-7.5,-7.5,58.5,59.5,58.5,250.0,-300.0,False,False
401636866,ESPN BET,TCU -2.5,-2.5,-0.5,-2.5,0.5,2.5,59.5,62.5,59.5,-125.0,105.0,True,False
401635547,ESPN BET,WVU -1.5,1.5,1.5,1.5,-1.5,-1.5,61.5,60.5,61.5,105.0,-125.0,False,False
401640980,ESPN BET,FAU -3.5,-3.5,-6.5,-3.5,6.5,3.5,44.5,42.5,44.5,-155.0,135.0,True,False
401640999,ESPN BET,JXST -2.5,2.5,-1.0,2.5,1.0,-2.5,53.5,48.5,53.5,115.0,-135.0,False,False
401635543,ESPN BET,GT -42.5,-42.5,-43.0,-42.5,43.0,42.5,53.5,56.5,53.5,,,True,False
401628481,ESPN BET,MINN -17.5,-17.5,-14.5,-17.5,14.5,17.5,44.5,43.5,44.5,-800.0,550.0,True,False
401636864,ESPN BET,KSU -9.5,-9.5,-7.0,-9.5,7.0,9.5,61.5,56.5,61.5,-250.0,210.0,True,False
401628354,ESPN BET,UGA -21.5,21.5,21.5,21.5,-21.5,-21.5,44.5,46.5,44.5,1500.0,-3500.0,False,False
401628361,ESPN BET,TEX -36.5,-36.5,-33.5,-36.5,33.5,36.5,56.5,54.5,56.5,-20000.0,4000.0,True,False
401628350,ESPN BET,ALA -15.5,15.5,16.5,15.5,-16.5,-15.5,47.5,52.5,47.5,450.0,-600.0,False,False
401628355,ESPN BET,MISS -20.5,20.5,23.0,20.5,-23.0,-20.5,65.5,63.5,65.5,750.0,-1200.0,False,False
401628357,ESPN BET,MIZ -14.5,-14.5,-16.5,-14.5,16.5,14.5,51.5,54.5,51.5,-650.0,475.0,True,False
401628360,ESPN BET,TENN -49.5,-49.5,-47.5,-49.5,47.5,49.5,61.5,62.5,61.5,,,True,False
401636870,ESPN BET,UTAH -20.5,20.5,22.0,20.5,-22.0,-20.5,43.5,46.5,43.5,900.0,-1600.0,False,False
401636869,ESPN BET,OKST -17.5,17.5,20.5,17.5,-20.5,-17.5,62.5,62.5,62.5,700.0,-1000.0,False,False
401628358,ESPN BET,OU -13.5,-13.5,-14.5,-13.5,14.5,13.5,48.5,51.5,48.5,-500.0,380.0,True,False
401643787,ESPN BET,GASO -27.5,-27.5,-27.5,-27.5,27.5,27.5,52.5,55.5,52.5,-3500.0,1500.0,True,False
401628978,ESPN BET,ND -7.5,7.5,10.5,7.5,-10.5,-7.5,47.5,45.5,47.5,220.0,-270.0,False,False
401628482,ESPN BET,NEB -30.5,-30.5,-32.5,-30.5,32.5,30.5,49.5,47.5,49.5,-5000.0,2000.0,True,False
401628359,ESPN BET,LSU -6.5,6.5,8.5,6.5,-8.5,-6.5,48.5,52.5,48.5,200.0,-240.0,False,False
401628475,ESPN BET,ILL -21.5,-21.5,-17.5,-21.5,17.5,21.5,49.5,53.5,49.5,-1400.0,800.0,True,False
401635542,ESPN BET,FSU -6.5,-6.5,-3.5,-6.5,3.5,6.5,54.5,52.5,54.5,-275.0,225.0,True,False
401635546,ESPN BET,NCSU -20.5,-20.5,-24.5,-20.5,24.5,20.5,47.5,52.5,47.5,-1000.0,700.0,True,False
401636865,ESPN BET,CIN -3.5,3.5,2.5,3.5,-2.5,-3.5,47.5,45.5,47.5,130.0,-150.0,False,False
401629041,ESPN BET,BUF -3.5,-3.5,-6.0,-3.5,6.0,3.5,45.5,45.5,45.5,-155.0,135.0,True,False
401643786,ESPN BET,CCU -17.5,17.5,17.0,17.5,-17.0,-17.5,51.5,52.5,51.5,500.0,-700.0,False,False
401628353,ESPN BET,TA&M -3.5,3.5,3.5,3.5,-3.5,-3.5,45.5,49.5,45.5,145.0,-170.0,False,False
401628480,ESPN BET,MSU -42.5,-42.5,-40.5,-42.5,40.5,42.5,53.5,50.5,53.5,,,True,False
401641033,ESPN BET,FRES -19.5,-19.5,-21.0,-19.5,21.0,19.5,48.5,48.5,48.5,-1200.0,750.0,True,False
401635541,ESPN BET,CAL -18.5,-18.5,-17.5,-18.5,17.5,18.5,48.5,50.5,48.5,-800.0,550.0,True,False
401636862,ESPN BET,HOU -3.5,-3.5,-5.5,-3.5,5.5,3.5,43.5,42.5,43.5,-150.0,130.0,True,False
401634766,ESPN BET,SYR -9.5,-9.5,-8.5,-9.5,8.5,9.5,56.5,58.5,56.5,-360.0,290.0,True,False
401644737,ESPN BET,EMU -25.5,-25.5,-24.0,-25.5,24.0,25.5,45.5,42.5,45.5,-3500.0,1500.0,True,False
401641000,ESPN BET,JXST -6.5,-6.5,-6.5,-6.5,6.5,6.5,60.5,60.5,60.5,-200.0,170.0,True,False
401643713,ESPN BET,NEV -13.5,-13.5,-9.0,-13.5,9.0,13.5,54.5,55.5,54.5,-500.0,380.0,True,False
401628363,ESPN BET,AUB -2.5,-2.5,-3.5,-2.5,3.5,2.5,53.5,58.5,53.5,-130.0,110.0,True,False
401628494,ESPN BET,VT -3.5,-3.5,-4.5,-3.5,4.5,3.5,44.5,47.5,44.5,-155.0,135.0,True,False
401643715,ESPN BET,USU -6.5,6.5,6.5,6.5,-6.5,-6.5,53.5,52.5,53.5,195.0,-230.0,False,False
401629042,ESPN BET,MASS -19.5,-19.5,-20.0,-19.5,20.0,19.5,51.5,52.5,51.5,-1000.0,700.0,True,False
401634247,ESPN BET,PITT -29.5,-29.5,-25.5,-29.5,25.5,29.5,59.5,62.5,59.5,-5000.0,2000.0,True,False
401636877,ESPN BET,TTU -4.5,-4.5,-2.5,-4.5,2.5,4.5,57.5,60.5,57.5,-210.0,175.0,True,False
401645329,ESPN BET,MEM -8.5,8.5,11.0,8.5,-11.0,-8.5,46.5,50.5,46.5,290.0,-360.0,False,False
401645330,ESPN BET,UTSA -36.5,-36.5,-35.5,-36.5,35.5,36.5,55.5,55.5,55.5,-20000.0,4000.0,True,False
401635553,ESPN BET,DUKE -14.5,14.5,14.0,14.5,-14.0,-14.5,50.5,54.5,50.5,425.0,-550.0,False,False
401636374,ESPN BET,TROY -21.5,-21.5,-22.5,-21.5,22.5,21.5,48.5,49.5,48.5,-1600.0,900.0,True,False
401641028,ESPN BET,CSU -8.5,-8.5,-10.0,-8.5,10.0,8.5,48.5,50.5,48.5,-280.0,230.0,True,False
401628625,ESPN BET,FIU -12.5,-12.5,-13.5,-12.5,13.5,12.5,59.5,58.5,59.5,-425.0,340.0,True,False
401640991,ESPN BET,LIB -7.5,-7.5,-6.5,-7.5,6.5,7.5,54.5,52.5,54.5,-250.0,210.0,True,False
401629031,ESPN BET,FAU -0.5,0.5,2.5,0.5,-2.5,-0.5,45.5,46.5,45.5,-110.0,-110.0,False,False
401635551,ESPN BET,FSU -2.5,-2.5,-2.5,-2.5,2.5,2.5,44.5,44.5,44.5,-145.0,125.0,True,False
401635558,ESPN BET,UVA -3.5,3.5,3.0,3.5,-3.0,-3.5,52.5,54.5,52.5,140.0,-165.0,False,False
401641008,ESPN BET,LT -1.5,-1.5,-1.5,-1.5,1.5,1.5,55.5,57.5,55.5,-125.0,105.0,True,False
401641034,ESPN BET,SHSU -14.5,-14.5,-12.0,-14.5,12.0,14.5,43.5,43.5,43.5,-650.0,475.0,True,False
401641037,ESPN BET,TOL -2.5,2.5,-0.5,2.5,0.5,-2.5,60.5,58.5,60.5,100.0,-120.0,False,False
401643716,ESPN BET,UNT -7.5,-7.5,-9.5,-7.5,9.5,7.5,55.5,55.5,55.5,-270.0,220.0,True,False
401628370,ESPN BET,SC -22.5,-22.5,-27.5,-22.5,27.5,22.5,40.5,46.5,40.5,-2500.0,1200.0,True,False
401644735,ESPN BET,CMU -5.5,-5.5,-6.0,-5.5,6.0,5.5,49.5,53.5,49.5,-200.0,170.0,True,False
401645328,ESPN BET,ARMY -7.5,-7.5,-4.0,-7.5,4.0,7.5,42.5,41.5,42.5,-290.0,240.0,True,False
401628487,ESPN BET,IOWA -2.5,2.5,2.5,2.5,-2.5,-2.5,34.5,36.5,34.5,120.0,-140.0,False,False
401628485,ESPN BET,NEB -9.5,-9.5,-8.5,-9.5,8.5,9.5,41.5,43.5,41.5,-375.0,295.0,True,False
401628492,ESPN BET,OSU -38.5,-38.5,-39.5,-38.5,39.5,38.5,55.5,51.5,55.5,,,True,False
401628366,ESPN BET,MISS -35.5,-35.5,-35.5,-35.5,35.5,35.5,68.5,65.5,68.5,-15000.0,3500.0,True,False
401628369,ESPN BET,TENN -5.5,5.5,5.5,5.5,-5.5,-5.5,56.5,58.5,56.5,175.0,-210.0,False,False
401628368,ESPN BET,MIZ -18.5,-18.5,-21.0,-18.5,21.0,18.5,52.5,52.5,52.5,-900.0,600.0,True,False
401635555,ESPN BET,MIA -15.5,15.5,17.5,15.5,-17.5,-15.5,63.5,65.5,63.5,500.0,-700.0,False,False
401628489,ESPN BET,USC -4.5,4.5,6.5,4.5,-6.5,-4.5,43.5,47.5,43.5,150.0,-180.0,False,False
401628364,ESPN BET,UK -21.5,-21.5,-18.0,-21.5,18.0,21.5,41.5,42.5,41.5,-1800.0,1000.0,True,False
401636876,ESPN BET,UTAH -0.5,0.5,-2.5,0.5,2.5,-0.5,53.5,52.5,53.5,100.0,-120.0,False,False
401635554,ESPN BET,LOU -8.5,-8.5,-10.5,-8.5,10.5,8.5,55.5,57.5,55.5,-290.0,240.0,True,False
401636875,ESPN BET,ISU -18.5,-18.5,-20.5,-18.5,20.5,18.5,52.5,51.5,52.5,-1000.0,700.0,True,False
401635552,ESPN BET,CLEM -17.5,-17.5,-16.5,-17.5,16.5,17.5,44.5,48.5,44.5,-900.0,600.0,True,False
401644736,ESPN BET,NIU -12.5,-12.5,-14.5,-12.5,14.5,12.5,42.5,44.5,42.5,-525.0,400.0,True,False
401628486,ESPN BET,IU -28.5,-28.5,-27.5,-28.5,27.5,28.5,50.5,50.5,50.5,-4000.0,1800.0,True,False
401628488,ESPN BET,MD -22.5,-22.5,-19.5,-22.5,19.5,22.5,46.5,43.5,46.5,-2000.0,1100.0,True,False
401635556,ESPN BET,UNC -11.5,-11.5,-10.5,-11.5,10.5,11.5,48.5,47.5,48.5,-400.0,320.0,True,False
401636879,ESPN BET,WVU -1.5,-1.5,-2.5,-1.5,2.5,1.5,56.5,57.5,56.5,-125.0,105.0,True,False
401643791,ESPN BET,TULN -1.5,1.5,3.5,1.5,-3.5,-1.5,53.5,55.5,53.5,100.0,-120.0,False,False
401628979,ESPN BET,ND -27.5,-27.5,-26.5,-27.5,26.5,27.5,43.5,44.5,43.5,-4000.0,1800.0,True,False
401643712,ESPN BET,HAW -10.5,-10.5,-7.5,-10.5,7.5,10.5,46.5,48.5,46.5,-400.0,320.0,True,False
401643717,ESPN BET,ORST -1.5,-1.5,-5.5,-1.5,5.5,1.5,49.5,50.5,49.5,-110.0,-110.0,True,False
401643711,ESPN BET,FRES -11.5,11.5,16.0,11.5,-16.0,-11.5,62.5,61.5,62.5,380.0,-500.0,False,False
401628490,ESPN BET,BC -4.5,-4.5,-6.5,-4.5,6.5,4.5,45.5,46.5,45.5,-175.0,150.0,True,False
401636872,ESPN BET,KSU -7.5,7.5,7.5,7.5,-7.5,-7.5,48.5,47.5,48.5,220.0,-270.0,False,False
401628371,ESPN BET,TEX -41.5,-41.5,-45.0,-41.5,45.0,41.5,53.5,52.5,53.5,,,True,False
401636874,ESPN BET,COLO -2.5,-2.5,-1.0,-2.5,1.0,2.5,54.5,54.5,54.5,-130.0,110.0,True,False
401645331,ESPN BET,ARMY -21.5,21.5,13.0,21.5,-13.0,-21.5,52.5,45.5,52.5,,,False,False
401634767,ESPN BET,MIA -17.5,-17.5,-16.5,-17.5,16.5,17.5,55.5,56.5,55.5,-900.0,600.0,True,False
401645337,ESPN BET,TULN -5.5,-5.5,-6.5,-5.5,6.5,5.5,60.5,62.5,60.5,-185.0,155.0,True,False
401643793,ESPN BET,JMU -20.5,-20.5,-19.0,-20.5,19.0,20.5,54.5,56.5,54.5,-1000.0,700.0,True,False
401641041,ESPN BET,TXST -10.5,10.5,8.0,10.5,-8.0,-10.5,54.5,55.5,54.5,300.0,-380.0,False,False
401629043,ESPN BET,M-OH -15.5,-15.5,-17.0,-15.5,17.0,15.5,43.5,47.5,43.5,-600.0,450.0,True,False
401635659,ESPN BET,WAKE -2.5,-2.5,-2.5,-2.5,2.5,2.5,58.5,59.5,58.5,-145.0,125.0,True,False
401636882,ESPN BET,KU -1.5,-1.5,-1.5,-1.5,1.5,1.5,59.5,59.5,59.5,-125.0,105.0,True,False
401643720,ESPN BET,UNLV -2.5,-2.5,-3.5,-2.5,3.5,2.5,49.5,52.5,49.5,-135.0,115.0,True,False
401643721,ESPN BET,CMU -2.5,-2.5,-0.5,-2.5,0.5,2.5,48.5,55.5,48.5,-130.0,110.0,True,False
401643792,ESPN BET,GAST -3.5,-3.5,-0.5,-3.5,0.5,3.5,56.5,57.5,56.5,-150.0,130.0,True,False
401644738,ESPN BET,OHIO -7.5,-7.5,-12.0,-7.5,12.0,7.5,45.5,45.5,45.5,-280.0,230.0,True,False
401645334,ESPN BET,ECU -1.5,-1.5,-3.5,-1.5,3.5,1.5,52.5,53.5,52.5,-125.0,105.0,True,False
401635562,ESPN BET,UNC -1.5,1.5,-3.0,1.5,3.0,-1.5,54.5,55.5,54.5,-105.0,-115.0,False,False
401645332,ESPN BET,NAVY -5.5,5.5,2.0,5.5,-2.0,-5.5,56.5,55.5,56.5,160.0,-190.0,False,False
401636885,ESPN BET,UCF -12.5,-12.5,-12.0,-12.5,12.0,12.5,59.5,63.5,59.5,-450.0,360.0,True,False
401643795,ESPN BET,BGSU -11.5,-11.5,-9.5,-11.5,9.5,11.5,51.5,49.5,51.5,-360.0,290.0,True,False
401640981,ESPN BET,LT -2,2.0,2.0,2.0,-2.0,-2.0,49.5,51.5,49.5,110.0,-130.0,False,False
401641018,ESPN BET,UTM -1.5,1.5,-1.5,1.5,1.5,-1.5,45.5,45.5,45.5,,,False,False
401645335,ESPN BET,FAU -34.5,-34.5,-29.5,-34.5,29.5,34.5,52.5,48.5,52.5,-15000.0,3500.0,True,False
401643796,ESPN BET,TROY -6.5,-6.5,-8.5,-6.5,8.5,6.5,44.5,45.5,44.5,-225.0,190.0,True,False
401645333,ESPN BET,RICE -4.5,-4.5,-6.0,-4.5,6.0,4.5,47.5,46.5,47.5,-185.0,155.0,True,False
401645336,ESPN BET,UNT -7.5,-7.5,-7.0,-7.5,7.0,7.5,65.5,68.5,65.5,-250.0,210.0,True,False
401641025,ESPN BET,MEM -27.5,-27.5,-24.5,-27.5,24.5,27.5,60.5,61.5,60.5,-3000.0,1300.0,True,False
401644739,ESPN BET,EMU -13.5,13.5,14.0,13.5,-14.0,-13.5,44.5,48.5,44.5,475.0,-650.0,False,False
401635565,ESPN BET,SYR -31.5,-31.5,-28.5,-31.5,28.5,31.5,59.5,56.5,59.5,-7500.0,2500.0,True,False
401643794,ESPN BET,MRSH -3.5,-3.5,-6.0,-3.5,6.0,3.5,52.5,53.5,52.5,-145.0,125.0,True,False
401635560,ESPN BET,BC -7.5,-7.5,-11.0,-7.5,11.0,7.5,48.5,56.5,48.5,-275.0,225.0,True,False
401628378,ESPN BET,TEX -38.5,-38.5,-38.0,-38.5,38.0,38.5,58.5,61.5,58.5,,,True,False
401628374,ESPN BET,UGA -1.5,1.5,2.5,1.5,-2.5,-1.5,50.5,51.5,50.5,105.0,-125.0,False,False
401628498,ESPN BET,OSU -23.5,23.5,24.0,23.5,-24.0,-23.5,47.5,50.5,47.5,1300.0,-3000.0,False,False
401628377,ESPN BET,MISS -15.5,-15.5,-17.5,-15.5,17.5,15.5,51.5,51.5,51.5,-700.0,500.0,True,False
401635564,ESPN BET,NCSU -7.5,-7.5,-7.5,-7.5,7.5,7.5,46.5,47.5,46.5,-270.0,220.0,True,False
401628495,ESPN BET,PSU -19.5,-19.5,-17.5,-19.5,17.5,19.5,48.5,47.5,48.5,-900.0,600.0,True,False
401628497,ESPN BET,MICH -10.5,-10.5,-10.5,-10.5,10.5,10.5,34.5,39.5,34.5,-425.0,340.0,True,False
401628502,ESPN BET,USC -13.5,-13.5,-14.5,-13.5,14.5,13.5,49.5,51.5,49.5,-450.0,360.0,True,False
401628376,ESPN BET,LSU -20.5,-20.5,-20.5,-20.5,20.5,20.5,64.5,65.5,64.5,-1800.0,1000.0,True,False
401628501,ESPN BET,RUTG -1.5,-1.5,-2.5,-1.5,2.5,1.5,44.5,45.5,44.5,-120.0,100.0,True,False
401628980,ESPN BET,ND -6.5,-6.5,-6.5,-6.5,6.5,6.5,45.5,48.5,45.5,-225.0,190.0,True,False
401636881,ESPN BET,ISU -16.5,16.5,13.0,16.5,-13.0,-16.5,42.5,43.5,42.5,500.0,-700.0,False,False
401636883,ESPN BET,KSU -5.5,-5.5,-5.5,-5.5,5.5,5.5,58.5,54.5,58.5,-230.0,195.0,True,False
401628375,ESPN BET,AUB -1.5,-1.5,3.0,-1.5,-3.0,1.5,43.5,47.5,43.5,-125.0,105.0,True,False
401636880,ESPN BET,BAY -3.5,-3.5,-2.5,-3.5,2.5,3.5,46.5,45.5,46.5,-145.0,125.0,True,False
401628373,ESPN BET,TA&M -7.5,-7.5,-4.5,-7.5,4.5,7.5,50.5,52.5,50.5,-290.0,240.0,True,False
401628496,ESPN BET,IU -7.5,-7.5,-7.0,-7.5,7.0,7.5,48.5,55.5,48.5,-300.0,250.0,True,False
401628499,ESPN BET,NEB -10.5,10.5,9.5,10.5,-9.5,-10.5,46.5,49.5,46.5,300.0,-380.0,False,False
401629032,ESPN BET,CONN -5.5,-5.5,-3.5,-5.5,3.5,5.5,44.5,46.5,44.5,-195.0,165.0,True,False
401635561,ESPN BET,CLEM -23.5,-23.5,-22.0,-23.5,22.0,23.5,57.5,57.5,57.5,-1400.0,800.0,True,False
401641035,ESPN BET,UNM -8.5,8.5,7.0,8.5,-7.0,-8.5,53.5,58.5,53.5,260.0,-320.0,False,False
401643718,ESPN BET,AF -4.5,4.5,2.5,4.5,-2.5,-4.5,33.5,36.5,33.5,150.0,-175.0,False,False
401635563,ESPN BET,SMU -5.5,-5.5,-4.5,-5.5,4.5,5.5,46.5,47.5,46.5,-195.0,165.0,True,False
401636884,ESPN BET,TTU -3.5,-3.5,-4.0,-3.5,4.0,3.5,59.5,58.5,59.5,-165.0,140.0,True,False
401628500,ESPN BET,ORE -23.5,23.5,24.0,23.5,-24.0,-23.5,52.5,55.5,52.5,1000.0,-1800.0,False,False
401636886,ESPN BET,UTAH -7.5,-7.5,-11.5,-7.5,11.5,7.5,46.5,51.5,46.5,-275.0,225.0,True,False
401643719,ESPN BET,BOIS -6.5,-6.5,-7.0,-6.5,7.0,6.5,65.5,64.5,65.5,-240.0,200.0,True,False
401643797,ESPN BET,TXST -14.5,14.5,14.5,14.5,-14.5,-14.5,55.5,57.5,55.5,450.0,-600.0,False,False
401641029,ESPN BET,SHSU -9.5,9.5,11.0,9.5,-11.0,-9.5,49.5,49.5,49.5,280.0,-350.0,False,False
401641001,ESPN BET,JXST -17.5,17.5,14.0,17.5,-14.0,-17.5,49.5,48.5,49.5,500.0,-700.0,False,False
401636891,ESPN BET,TCU -16.5,-16.5,-17.5,-16.5,17.5,16.5,51.5,49.5,51.5,-700.0,500.0,True,False
401643722,ESPN BET,NAVY -9.5,9.5,9.5,9.5,-9.5,-9.5,37.5,36.5,37.5,300.0,-380.0,False,False
401645339,ESPN BET,ARMY -13.5,13.5,11.0,13.5,-11.0,-13.5,50.5,51.5,50.5,380.0,-500.0,False,False
401645338,ESPN BET,TULN -18.5,18.5,14.5,18.5,-14.5,-18.5,51.5,55.5,51.5,700.0,-1000.0,False,False
401644741,ESPN BET,WMU -10.5,10.5,8.5,10.5,-8.5,-10.5,57.5,56.5,57.5,280.0,-350.0,False,False
401629033,ESPN BET,CONN -17.5,-17.5,-13.5,-17.5,13.5,17.5,48.5,50.5,48.5,-700.0,500.0,True,False
401635573,ESPN BET,VT -9.5,9.5,6.5,9.5,-6.5,-9.5,49.5,53.5,49.5,260.0,-320.0,False,False
401643799,ESPN BET,MRSH -3.5,-3.5,-2.0,-3.5,2.0,3.5,56.5,58.5,56.5,-150.0,130.0,True,False
401644684,ESPN BET,TOL -5.5,-5.5,-6.5,-5.5,6.5,5.5,43.5,43.5,43.5,-190.0,160.0,True,False
401644740,ESPN BET,BGSU -16.5,16.5,15.0,16.5,-15.0,-16.5,48.5,51.5,48.5,475.0,-650.0,False,False
401636890,ESPN BET,OKST -2.5,-2.5,-6.5,-2.5,6.5,2.5,64.5,65.5,64.5,-140.0,120.0,True,False
401628508,ESPN BET,NEB -5.5,-5.5,-6.5,-5.5,6.5,5.5,40.5,43.5,40.5,-230.0,195.0,True,False
401628380,ESPN BET,UCF -1.5,1.5,-1.0,1.5,1.0,-1.5,60.5,59.5,60.5,100.0,-120.0,False,False
401643724,ESPN BET,ORST -10.5,-10.5,-14.0,-10.5,14.0,10.5,47.5,48.5,47.5,-350.0,280.0,True,False
401643798,ESPN BET,CCU -4.5,-4.5,-5.5,-4.5,5.5,4.5,51.5,55.5,51.5,-170.0,145.0,True,False
401643800,ESPN BET,USA -2.5,2.5,4.5,2.5,-4.5,-2.5,62.5,62.5,62.5,120.0,-140.0,False,False
401643801,ESPN BET,JMU -16.5,16.5,15.0,16.5,-15.0,-16.5,47.5,48.5,47.5,500.0,-700.0,False,False
401643802,ESPN BET,UL -16.5,16.5,15.5,16.5,-15.5,-16.5,56.5,57.5,56.5,550.0,-800.0,False,False
401643726,ESPN BET,SJSU -7.5,-7.5,-7.5,-7.5,7.5,7.5,51.5,47.5,51.5,-240.0,200.0,True,False
401645340,ESPN BET,ECU -8.5,8.5,8.0,8.5,-8.0,-8.5,47.5,46.5,47.5,250.0,-300.0,False,False
401635638,ESPN BET,NCSU -4.5,-4.5,-6.0,-4.5,6.0,4.5,52.5,55.5,52.5,-155.0,135.0,True,False
401629044,ESPN BET,NIU -13.5,-13.5,-17.0,-13.5,17.0,13.5,40.5,46.5,40.5,-500.0,380.0,True,False
401635567,ESPN BET,UVA -1.5,-1.5,-2.5,-1.5,2.5,1.5,53.5,51.5,53.5,-125.0,105.0,True,False
401635572,ESPN BET,PITT -2.5,2.5,2.5,2.5,-2.5,-2.5,61.5,64.5,61.5,120.0,-140.0,False,False
401628506,ESPN BET,ORE -21.5,-21.5,-24.5,-21.5,24.5,21.5,52.5,52.5,52.5,-1400.0,800.0,True,False
401634779,ESPN BET,UNLV -5.5,-5.5,-4.5,-5.5,4.5,5.5,54.5,57.5,54.5,-200.0,170.0,True,False
401628384,ESPN BET,ALA -22.5,22.5,24.5,22.5,-24.5,-22.5,53.5,55.5,53.5,1000.0,-1800.0,False,False
401628504,ESPN BET,OSU -17.5,-17.5,-23.5,-17.5,23.5,17.5,45.5,42.5,45.5,-1000.0,700.0,True,False
401628379,ESPN BET,TENN -14.5,14.5,13.5,14.5,-13.5,-14.5,57.5,60.5,57.5,400.0,-525.0,False,False
401628381,ESPN BET,UGA -21.5,-21.5,-27.0,-21.5,27.0,21.5,49.5,49.5,49.5,-1600.0,900.0,True,False
401628383,ESPN BET,TA&M -2.5,-2.5,-2.0,-2.5,2.0,2.5,46.5,49.5,46.5,-135.0,115.0,True,False
401628510,ESPN BET,PSU -29.5,-29.5,-27.5,-29.5,27.5,29.5,47.5,45.5,47.5,-4000.0,1800.0,True,False
401628507,ESPN BET,USC -9.5,9.5,9.5,9.5,-9.5,-9.5,44.5,51.5,44.5,250.0,-300.0,False,False
401628382,ESPN BET,MISS -10.5,10.5,10.0,10.5,-10.0,-10.5,51.5,51.5,51.5,270.0,-340.0,False,False
401635569,ESPN BET,CLEM -16.5,16.5,15.5,16.5,-15.5,-16.5,46.5,46.5,46.5,550.0,-800.0,False,False
401636889,ESPN BET,ISU -12.5,-12.5,-12.5,-12.5,12.5,12.5,45.5,46.5,45.5,-450.0,360.0,True,False
401643723,ESPN BET,BOIS -27.5,-27.5,-28.0,-27.5,28.0,27.5,66.5,65.5,66.5,-3500.0,1500.0,True,False
401635571,ESPN BET,LOU -6.5,-6.5,-7.0,-6.5,7.0,6.5,55.5,58.5,55.5,-225.0,190.0,True,False
401628503,ESPN BET,IU -12.5,12.5,13.0,12.5,-13.0,-12.5,38.5,43.5,38.5,360.0,-450.0,False,False
401628509,ESPN BET,WIS -11.5,-11.5,-13.5,-11.5,13.5,11.5,45.5,46.5,45.5,-360.0,290.0,True,False
401628505,ESPN BET,WASH -1.5,-1.5,-2.0,-1.5,2.0,1.5,39.5,41.5,39.5,-125.0,105.0,True,False
401635568,ESPN BET,MIA -8.5,8.5,13.5,8.5,-13.5,-8.5,53.5,55.5,53.5,290.0,-360.0,False,False
401636887,ESPN BET,ARIZ -5.5,-5.5,-4.0,-5.5,4.0,5.5,62.5,62.5,62.5,-200.0,170.0,True,False
401635570,ESPN BET,,,,,,,51.5,54.5,51.5,-280.0,230.0,False,False
401636888,ESPN BET,ASU -2.5,-2.5,-3.0,-2.5,3.0,2.5,48.5,51.5,48.5,-135.0,115.0,True,False
401643725,ESPN BET,SDSU -1.5,-1.5,-2.5,-1.5,2.5,1.5,48.5,46.5,48.5,-120.0,100.0,True,False
401640982,ESPN BET,LIB -15.5,-15.5,-20.0,-15.5,20.0,15.5,55.5,53.5,55.5,-900.0,600.0,True,False
401641002,ESPN BET,JXST -21.5,-21.5,-21.0,-21.5,21.0,21.5,58.5,57.5,58.5,-1600.0,900.0,True,False
401643803,ESPN BET,JMU -6.5,-6.5,-10.0,-6.5,10.0,6.5,58.5,58.5,58.5,-250.0,210.0,True,False
401641009,ESPN BET,LT -4.5,-4.5,-4.0,-4.5,4.0,4.5,47.5,48.5,47.5,-195.0,165.0,True,False
401641030,ESPN BET,WKU -18.5,-18.5,-20.5,-18.5,20.5,18.5,54.5,56.5,54.5,-1400.0,800.0,True,False
401645342,ESPN BET,ARMY -25.5,-25.5,-24.5,-25.5,24.5,25.5,55.5,55.5,55.5,-4000.0,1800.0,True,False
401644685,ESPN BET,M-OH -2.5,2.5,3.0,2.5,-3.0,-2.5,46.5,45.5,46.5,125.0,-145.0,False,False
401635578,ESPN BET,LOU -7.5,7.5,7.0,7.5,-7.0,-7.5,52.5,57.5,52.5,220.0,-270.0,False,False
401636895,ESPN BET,UCF -2.5,-2.5,-3.5,-2.5,3.5,2.5,57.5,59.5,57.5,-140.0,120.0,True,False
401643729,ESPN BET,CSU -2.5,-2.5,2.0,-2.5,-2.0,2.5,54.5,55.5,54.5,-130.0,110.0,True,False
401643732,ESPN BET,WYO -1.5,-1.5,-0.5,-1.5,0.5,1.5,41.5,42.5,41.5,-120.0,100.0,True,False
401643805,ESPN BET,GAST -2.5,-2.5,-1.5,-2.5,1.5,2.5,53.5,54.5,53.5,-140.0,120.0,True,False
401644742,ESPN BET,WMU -9.5,-9.5,-9.5,-9.5,9.5,9.5,48.5,53.5,48.5,-340.0,270.0,True,False
401644744,ESPN BET,BGSU -3.5,-3.5,-2.0,-3.5,2.0,3.5,46.5,47.5,46.5,-150.0,130.0,True,False
401628387,ESPN BET,UK -12.5,-12.5,-13.5,-12.5,13.5,12.5,43.5,45.5,43.5,-500.0,380.0,True,False
401645341,ESPN BET,MEM -10.5,10.5,6.0,10.5,-6.0,-10.5,58.5,60.5,58.5,290.0,-360.0,False,False
401644746,ESPN BET,OHIO -2.5,2.5,2.5,2.5,-2.5,-2.5,49.5,47.5,49.5,120.0,-140.0,False,False
401643807,ESPN BET,ULM -4.5,-4.5,-6.0,-4.5,6.0,4.5,41.5,41.5,41.5,-175.0,150.0,True,False
401643727,ESPN BET,UNM -6.5,-6.5,-3.5,-6.5,3.5,6.5,54.5,54.5,54.5,-270.0,220.0,True,False
401643730,ESPN BET,WSU -3.5,3.5,3.5,3.5,-3.5,-3.5,60.5,61.5,60.5,145.0,-170.0,False,False
401643808,ESPN BET,TXST -13.5,-13.5,-14.5,-13.5,14.5,13.5,66.5,63.5,66.5,-550.0,425.0,True,False
401645343,ESPN BET,UNT -5.5,5.5,7.0,5.5,-7.0,-5.5,58.5,59.5,58.5,165.0,-195.0,False,False
401645344,ESPN BET,UTSA -3.5,3.5,4.0,3.5,-4.0,-3.5,51.5,47.5,51.5,150.0,-175.0,False,False
401643731,ESPN BET,ORST -2.5,2.5,3.5,2.5,-3.5,-2.5,45.5,48.5,45.5,115.0,-135.0,False,False
401643806,ESPN BET,UL -10.5,-10.5,-10.5,-10.5,10.5,10.5,63.5,64.5,63.5,-350.0,280.0,True,False
401644745,ESPN BET,TOL -10.5,10.5,9.0,10.5,-9.0,-10.5,44.5,45.5,44.5,290.0,-360.0,False,False
401644743,ESPN BET,BALL -3.5,3.5,6.5,3.5,-6.5,-3.5,58.5,57.5,58.5,120.0,-140.0,False,False
401635576,ESPN BET,CLEM -21.5,21.5,20.5,21.5,-20.5,-21.5,63.5,60.5,63.5,750.0,-1200.0,False,False
401628517,ESPN BET,RUTG -1.5,-1.5,-2.5,-1.5,2.5,1.5,43.5,39.5,43.5,-120.0,100.0,True,False
401636892,ESPN BET,UTAH -5.5,5.5,3.0,5.5,-3.0,-5.5,46.5,45.5,46.5,170.0,-200.0,False,False
401628513,ESPN BET,MD -10.5,-10.5,-10.0,-10.5,10.0,10.5,44.5,45.5,44.5,-360.0,290.0,True,False
401643733,ESPN BET,UNLV -18.5,18.5,18.0,18.5,-18.0,-18.5,66.5,64.5,66.5,600.0,-900.0,False,False
401628390,ESPN BET,TEX -16.5,16.5,14.5,16.5,-14.5,-16.5,48.5,54.5,48.5,500.0,-700.0,False,False
401628515,ESPN BET,OSU -3.5,3.5,3.5,3.5,-3.5,-3.5,54.5,55.5,54.5,140.0,-165.0,False,False
401628516,ESPN BET,PSU -3.5,3.5,4.0,3.5,-4.0,-3.5,51.5,48.5,51.5,150.0,-175.0,False,False
401635577,ESPN BET,GT -3.5,3.5,6.0,3.5,-6.0,-3.5,60.5,57.5,60.5,150.0,-175.0,False,False
401628385,ESPN BET,ALA -19.5,-19.5,-22.5,-19.5,22.5,19.5,49.5,50.5,49.5,-1400.0,800.0,True,False
401628391,ESPN BET,TENN -13.5,-13.5,-16.5,-13.5,16.5,13.5,54.5,54.5,54.5,-525.0,400.0,True,False
401628386,ESPN BET,UGA -34.5,-34.5,-34.0,-34.5,34.0,34.5,54.5,53.5,54.5,-15000.0,3500.0,True,False
401628981,ESPN BET,ND -22.5,-22.5,-23.5,-22.5,23.5,22.5,45.5,46.5,45.5,-2000.0,1100.0,True,False
401628388,ESPN BET,MISS -3.5,3.5,3.5,3.5,-3.5,-3.5,64.5,64.5,64.5,140.0,-165.0,False,False
401628511,ESPN BET,ILL -21.5,-21.5,-20.0,-21.5,20.0,21.5,46.5,49.5,46.5,-1600.0,900.0,True,False
401635575,ESPN BET,PITT -3.5,-3.5,-3.5,-3.5,3.5,3.5,56.5,59.5,56.5,-165.0,140.0,True,False
401628389,ESPN BET,MIZ -27.5,27.5,27.5,27.5,-27.5,-27.5,53.5,53.5,53.5,1500.0,-3500.0,False,False
401628512,ESPN BET,IOWA -2.5,-2.5,-2.5,-2.5,2.5,2.5,41.5,40.5,41.5,-150.0,130.0,True,False
401636893,ESPN BET,BYU -2.5,-2.5,-3.5,-2.5,3.5,2.5,48.5,50.5,48.5,-135.0,115.0,True,False
401643728,ESPN BET,BOIS -20.5,20.5,21.5,20.5,-21.5,-20.5,60.5,61.5,60.5,750.0,-1200.0,False,False
401636896,ESPN BET,ISU -3,3.0,3.0,3.0,-3.0,-3.0,53.5,51.5,53.5,135.0,-155.0,False,False
401635574,ESPN BET,SYR -1.5,1.5,4.0,1.5,-4.0,-1.5,51.5,54.5,51.5,100.0,-120.0,False,False
401643804,ESPN BET,GASO -1.5,-1.5,2.5,-1.5,-2.5,1.5,57.5,61.5,57.5,-110.0,-110.0,True,False
401628514,ESPN BET,MINN -3.5,3.5,5.0,3.5,-5.0,-3.5,39.5,40.5,39.5,150.0,-175.0,False,False
401636894,ESPN BET,KSU -3.5,3.5,3.5,3.5,-3.5,-3.5,54.5,49.5,54.5,130.0,-150.0,False,False
401643809,ESPN BET,USA -8.5,-8.5,-11.5,-8.5,11.5,8.5,51.5,56.5,51.5,-360.0,290.0,True,False
401641010,ESPN BET,LT -12.5,12.5,12.0,12.5,-12.0,-12.5,48.5,47.5,48.5,360.0,-450.0,False,False
401641019,ESPN BET,MTSU -10.5,-10.5,-10.0,-10.5,10.0,10.5,50.5,50.5,50.5,-350.0,280.0,True,False
401641038,ESPN BET,SHSU -1.5,-1.5,-2.5,-1.5,2.5,1.5,55.5,54.5,55.5,-115.0,-105.0,True,False
401643810,ESPN BET,MRSH -8.5,-8.5,-9.5,-8.5,9.5,8.5,50.5,53.5,50.5,-360.0,290.0,True,False
401640983,ESPN BET,FIU -6.5,6.5,6.0,6.5,-6.0,-6.5,47.5,50.5,47.5,210.0,-250.0,False,False
401634768,ESPN BET,VT -8.5,-8.5,-7.0,-8.5,7.0,8.5,46.5,50.5,46.5,-320.0,260.0,True,False
401634769,ESPN BET,DUKE -2.5,-2.5,-3.0,-2.5,3.0,2.5,41.5,42.5,41.5,-140.0,120.0,True,False
401636898,ESPN BET,BYU -7.5,-7.5,-8.5,-7.5,8.5,7.5,52.5,55.5,52.5,-320.0,260.0,True,False
401635587,ESPN BET,CAL -9.5,-9.5,-10.5,-9.5,10.5,9.5,45.5,46.5,45.5,-360.0,290.0,True,False
401636901,ESPN BET,KU -5.5,-5.5,-6.5,-5.5,6.5,5.5,45.5,46.5,45.5,-200.0,170.0,True,False
401643736,ESPN BET,WSU -18.5,-18.5,-20.0,-18.5,20.0,18.5,54.5,55.5,54.5,-1000.0,700.0,True,False
401643813,ESPN BET,TXST -10.5,10.5,10.5,10.5,-10.5,-10.5,59.5,61.5,59.5,280.0,-350.0,False,False
401644686,ESPN BET,M-OH -3.5,-3.5,-3.5,-3.5,3.5,3.5,42.5,43.5,42.5,-145.0,125.0,True,False
401644748,ESPN BET,BGSU -23.5,-23.5,-21.0,-23.5,21.0,23.5,54.5,57.5,54.5,-2000.0,1100.0,True,False
401644749,ESPN BET,WMU -1.5,1.5,-0.5,1.5,0.5,-1.5,48.5,49.5,48.5,105.0,-125.0,False,False
401644751,ESPN BET,NIU -3.5,-3.5,-1.5,-3.5,1.5,3.5,42.5,45.5,42.5,-150.0,130.0,True,False
401645345,ESPN BET,USF -14.5,-14.5,-14.0,-14.5,14.0,14.5,56.5,57.5,56.5,-525.0,400.0,True,False
401645348,ESPN BET,UTSA -4.5,-4.5,-4.0,-4.5,4.0,4.5,51.5,55.5,51.5,-185.0,155.0,True,False
401645350,ESPN BET,TULN -22.5,-22.5,-23.0,-22.5,23.0,22.5,52.5,53.5,52.5,-1800.0,1000.0,True,False
401628521,ESPN BET,USC -6.5,6.5,7.5,6.5,-7.5,-6.5,55.5,56.5,55.5,220.0,-270.0,False,False
401636897,ESPN BET,ARIZ -2.5,-2.5,-3.0,-2.5,3.0,2.5,56.5,55.5,56.5,-125.0,105.0,True,False
401643737,ESPN BET,UNM -0.5,0.5,2.5,0.5,-2.5,-0.5,77.5,77.5,77.5,-105.0,-115.0,False,False
401643738,ESPN BET,SJSU -11.5,-11.5,-11.5,-11.5,11.5,11.5,52.5,49.5,52.5,-525.0,400.0,True,False
401643812,ESPN BET,JMU -8.5,8.5,10.5,8.5,-10.5,-8.5,57.5,60.5,57.5,300.0,-380.0,False,False
401628399,ESPN BET,VAN -27.5,-27.5,-26.5,-27.5,26.5,27.5,56.5,58.5,56.5,-2500.0,1200.0,True,False
401643814,ESPN BET,ARST -7,7.0,6.5,7.0,-6.5,-7.0,56.5,53.5,56.5,200.0,-240.0,False,False
401628520,ESPN BET,IOWA -6.5,6.5,6.5,6.5,-6.5,-6.5,39.5,41.5,39.5,190.0,-225.0,False,False
401645349,ESPN BET,MEM -10.5,-10.5,-11.5,-10.5,11.5,10.5,67.5,66.5,67.5,-400.0,320.0,True,False
401628393,ESPN BET,UK -2.5,2.5,-1.5,2.5,1.5,-2.5,41.5,40.5,41.5,110.0,-130.0,False,False
401645351,ESPN BET,TEM -2.5,-2.5,-1.5,-2.5,1.5,2.5,51.5,52.5,51.5,-140.0,120.0,True,False
401644750,ESPN BET,EMU -3.5,-3.5,-2.0,-3.5,2.0,3.5,52.5,54.5,52.5,-155.0,135.0,True,False
401636902,ESPN BET,TTU -4.5,-4.5,-6.5,-4.5,6.5,4.5,55.5,57.5,55.5,-210.0,175.0,True,False
401643811,ESPN BET,UL -6.5,6.5,3.5,6.5,-3.5,-6.5,56.5,55.5,56.5,175.0,-210.0,False,False
401628523,ESPN BET,ORE -29.5,29.5,28.5,29.5,-28.5,-29.5,60.5,58.5,60.5,1800.0,-4000.0,False,False
401643735,ESPN BET,FRES -2.5,2.5,3.0,2.5,-3.0,-2.5,49.5,51.5,49.5,130.0,-150.0,False,False
401628398,ESPN BET,TEX -4.5,-4.5,-3.5,-4.5,3.5,4.5,56.5,55.5,56.5,-185.0,155.0,True,False
401635589,ESPN BET,MIA -4.5,4.5,4.5,4.5,-4.5,-4.5,60.5,61.5,60.5,160.0,-190.0,False,False
401628397,ESPN BET,ALA -3.5,3.5,3.0,3.5,-3.0,-3.5,57.5,55.5,57.5,140.0,-165.0,False,False
401628392,ESPN BET,LSU -2.5,2.5,2.5,2.5,-2.5,-2.5,55.5,57.5,55.5,135.0,-155.0,False,False
401636900,ESPN BET,ISU -13.5,-13.5,-13.5,-13.5,13.5,13.5,49.5,47.5,49.5,-525.0,400.0,True,False
401635588,ESPN BET,CLEM -20.5,-20.5,-22.5,-20.5,22.5,20.5,56.5,57.5,56.5,-1200.0,750.0,True,False
401628394,ESPN BET,TA&M -21.5,21.5,15.0,21.5,-15.0,-21.5,55.5,55.5,55.5,900.0,-1600.0,False,False
401628519,ESPN BET,IU -6.5,-6.5,-5.0,-6.5,5.0,6.5,47.5,51.5,47.5,-225.0,190.0,True,False
401628982,ESPN BET,ND -14.5,14.5,8.5,14.5,-8.5,-14.5,49.5,50.5,49.5,450.0,-600.0,False,False
401628395,ESPN BET,MIZ -4.5,-4.5,-7.0,-4.5,7.0,4.5,49.5,51.5,49.5,-165.0,140.0,True,False
401628518,ESPN BET,MICH -5.5,5.5,1.0,5.5,-1.0,-5.5,44.5,42.5,44.5,165.0,-195.0,False,False
401645346,ESPN BET,ARMY -18.5,-18.5,-17.0,-18.5,17.0,18.5,54.5,51.5,54.5,-700.0,500.0,True,False
401645347,ESPN BET,NAVY -16.5,-16.5,-18.0,-16.5,18.0,16.5,57.5,56.5,57.5,-900.0,600.0,True,False
401628522,ESPN BET,WIS -9.5,9.5,7.0,9.5,-7.0,-9.5,42.5,40.5,42.5,260.0,-320.0,False,False
401628524,ESPN BET,RUTG -4.5,-4.5,-6.5,-4.5,6.5,4.5,42.5,40.5,42.5,-175.0,150.0,True,False
401629034,ESPN BET,WAKE -2.5,2.5,-1.0,2.5,1.0,-2.5,56.5,57.5,56.5,120.0,-140.0,False,False
401636899,ESPN BET,CIN -4.5,-4.5,-2.5,-4.5,2.5,4.5,50.5,53.5,50.5,-210.0,175.0,True,False
401636904,ESPN BET,KSU -2.5,2.5,2.5,2.5,-2.5,-2.5,55.5,53.5,55.5,115.0,-135.0,False,False
401628396,ESPN BET,SC -2.5,2.5,-3.5,2.5,3.5,-2.5,40.5,41.5,40.5,100.0,-120.0,False,False
401635590,ESPN BET,SMU -16.5,16.5,15.0,16.5,-15.0,-16.5,52.5,55.5,52.5,475.0,-650.0,False,False
401643734,ESPN BET,CSU -5.5,5.5,7.5,5.5,-7.5,-5.5,44.5,47.5,44.5,165.0,-195.0,False,False
401643739,ESPN BET,UNLV -6.5,6.5,6.0,6.5,-6.0,-6.5,61.5,61.5,61.5,175.0,-210.0,False,False
401636903,ESPN BET,UTAH -5.5,-5.5,-7.0,-5.5,7.0,5.5,51.5,51.5,51.5,-150.0,130.0,True,False
401640984,ESPN BET,SHSU -6.5,6.5,6.0,6.5,-6.0,-6.5,46.5,45.5,46.5,170.0,-200.0,False,False
401641003,ESPN BET,JXST -20.5,-20.5,-21.5,-20.5,21.5,20.5,64.5,63.5,64.5,-1400.0,750.0,True,False
401641011,ESPN BET,LT -6.5,-6.5,-7.5,-6.5,7.5,6.5,48.5,50.5,48.5,-225.0,190.0,True,False
401640993,ESPN BET,LIB -27.5,27.5,23.5,27.5,-23.5,-27.5,47.5,45.5,47.5,1300.0,-4000.0,False,False
401634770,ESPN BET,PITT -4.5,-4.5,-4.0,-4.5,4.0,4.5,62.5,60.5,62.5,-190.0,160.0,True,False
401643815,ESPN BET,GASO -0.5,0.5,-2.0,0.5,2.0,-0.5,51.5,54.5,51.5,-115.0,-105.0,False,False
401634771,ESPN BET,LOU -7.5,7.5,7.0,7.5,-7.0,-7.5,52.5,53.5,52.5,220.0,-270.0,False,False
401628527,ESPN BET,IOWA -16.5,-16.5,-15.5,-16.5,15.5,16.5,37.5,36.5,37.5,-900.0,550.0,True,False
401628528,ESPN BET,MINN -5.5,-5.5,-3.5,-5.5,3.5,5.5,44.5,46.5,44.5,-190.0,160.0,True,False
401629035,ESPN BET,CONN -6.5,-6.5,-6.5,-6.5,6.5,6.5,45.5,45.5,45.5,-215.0,180.0,True,False
401635599,ESPN BET,WAKE -2.5,2.5,2.5,2.5,-2.5,-2.5,51.5,55.5,51.5,120.0,-140.0,False,False
401636906,ESPN BET,BAY -6.5,-6.5,-3.5,-6.5,3.5,6.5,63.5,64.5,63.5,-240.0,200.0,True,False
401636910,ESPN BET,TCU -4.5,-4.5,-6.0,-4.5,6.0,4.5,65.5,67.5,65.5,-190.0,160.0,True,False
401643817,ESPN BET,JMU -27.5,-27.5,-24.0,-27.5,24.0,27.5,54.5,54.5,54.5,-2500.0,1100.0,True,False
401644752,ESPN BET,EMU -2.5,2.5,3.5,2.5,-3.5,-2.5,50.5,51.5,50.5,110.0,-130.0,False,False
401644754,ESPN BET,TOL -1.5,-1.5,-3.0,-1.5,3.0,1.5,47.5,47.5,47.5,-130.0,110.0,True,False
401644756,ESPN BET,WMU -19.5,-19.5,-18.0,-19.5,18.0,19.5,61.5,59.5,61.5,-2000.0,1000.0,True,False
401635594,ESPN BET,CAL -11.5,-11.5,-11.0,-11.5,11.0,11.5,49.5,48.5,49.5,-400.0,300.0,True,False
401645355,ESPN BET,UTSA -9.5,9.5,9.0,9.5,-9.0,-9.5,52.5,55.5,52.5,230.0,-280.0,False,False
401643741,ESPN BET,CSU -3.5,-3.5,-6.5,-3.5,6.5,3.5,61.5,65.5,61.5,-165.0,140.0,True,False
401643819,ESPN BET,USA -7.5,-7.5,-7.5,-7.5,7.5,7.5,45.5,47.5,45.5,-240.0,200.0,True,False
401636905,ESPN BET,ARIZ -5.5,-5.5,-2.5,-5.5,2.5,5.5,51.5,54.5,51.5,-175.0,150.0,True,False
401636908,ESPN BET,UTAH -4.5,4.5,3.0,4.5,-3.0,-4.5,35.5,37.5,35.5,170.0,-200.0,False,False
401643745,ESPN BET,USU -1.5,1.5,-2.5,1.5,2.5,-1.5,56.5,55.5,56.5,105.0,-125.0,False,False
401643818,ESPN BET,ARST -7.5,-7.5,-7.0,-7.5,7.0,7.5,50.5,52.5,50.5,-290.0,240.0,True,False
401628529,ESPN BET,MICH -3.5,-3.5,-5.0,-3.5,5.0,3.5,39.5,40.5,39.5,-155.0,135.0,True,False
401628401,ESPN BET,UK -1.5,-1.5,-2.5,-1.5,2.5,1.5,42.5,42.5,42.5,-125.0,105.0,True,False
401645308,ESPN BET,MASS -23.5,-23.5,-22.5,-23.5,22.5,23.5,49.5,48.5,49.5,,,True,False
401645352,ESPN BET,ECU -7.5,-7.5,-7.0,-7.5,7.0,7.5,48.5,48.5,48.5,-320.0,260.0,True,False
401644753,ESPN BET,NIU -13.5,13.5,11.5,13.5,-11.5,-13.5,47.5,49.5,47.5,360.0,-500.0,False,False
401643816,ESPN BET,APP -7.5,-7.5,-9.0,-7.5,9.0,7.5,59.5,62.5,59.5,-230.0,195.0,True,False
401628525,ESPN BET,ORE -22.5,-22.5,-22.0,-22.5,22.0,22.5,54.5,54.5,54.5,-2500.0,1100.0,True,False
401628531,ESPN BET,PSU -6.5,6.5,6.5,6.5,-6.5,-6.5,45.5,47.5,45.5,190.0,-225.0,False,False
401628530,ESPN BET,OSU -25.5,-25.5,-25.5,-25.5,25.5,25.5,48.5,48.5,48.5,-10000.0,2500.0,True,False
401628405,ESPN BET,TEX -16.5,16.5,19.0,16.5,-19.0,-16.5,51.5,53.5,51.5,450.0,-700.0,False,False
401635596,ESPN BET,MIA -21.5,-21.5,-21.5,-21.5,21.5,21.5,53.5,54.5,53.5,-1600.0,800.0,True,False
401628404,ESPN BET,TA&M -1.5,-1.5,-2.5,-1.5,2.5,1.5,54.5,53.5,54.5,-125.0,105.0,True,False
401636911,ESPN BET,UCF -2.5,-2.5,1.0,-2.5,-1.0,2.5,53.5,54.5,53.5,-145.0,125.0,True,False
401628983,ESPN BET,ND -14.5,14.5,13.5,14.5,-13.5,-14.5,50.5,52.5,50.5,380.0,-550.0,False,False
401628526,ESPN BET,IU -5.5,-5.5,-6.5,-5.5,6.5,5.5,53.5,52.5,53.5,-195.0,165.0,True,False
401628532,ESPN BET,USC -13.5,-13.5,-14.5,-13.5,14.5,13.5,55.5,54.5,55.5,-500.0,360.0,True,False
401628400,ESPN BET,ALA -16.5,-16.5,-14.0,-16.5,14.0,16.5,51.5,56.5,51.5,-750.0,475.0,True,False
401628402,ESPN BET,MISS -19.5,-19.5,-20.5,-19.5,20.5,19.5,50.5,48.5,50.5,-1000.0,600.0,True,False
401644687,ESPN BET,M-OH -9.5,-9.5,-11.5,-9.5,11.5,9.5,48.5,46.5,48.5,-340.0,270.0,True,False
401635597,ESPN BET,VT -11.5,-11.5,-9.0,-11.5,9.0,11.5,52.5,52.5,52.5,-380.0,290.0,True,False
401635598,ESPN BET,UVA -3.5,-3.5,-4.5,-3.5,4.5,3.5,57.5,60.5,57.5,-165.0,140.0,True,False
401644755,ESPN BET,OHIO -4.5,-4.5,-6.5,-4.5,6.5,4.5,45.5,46.5,45.5,-170.0,145.0,True,False
401645353,ESPN BET,MEM -16.5,-16.5,-20.0,-16.5,20.0,16.5,55.5,57.5,55.5,-800.0,500.0,True,False
401645354,ESPN BET,TULN -7.5,7.5,9.5,7.5,-9.5,-7.5,69.5,65.5,69.5,230.0,-280.0,False,False
401628403,ESPN BET,ARK -7.5,7.5,7.0,7.5,-7.0,-7.5,54.5,57.5,54.5,230.0,-280.0,False,False
401643740,ESPN BET,BOIS -3.5,3.5,2.5,3.5,-2.5,-3.5,62.5,65.5,62.5,165.0,-195.0,False,False
401643744,ESPN BET,WSU -17.5,17.5,15.0,17.5,-15.0,-17.5,56.5,55.5,56.5,475.0,-750.0,False,False
401636907,ESPN BET,COLO -6.5,-6.5,-4.0,-6.5,4.0,6.5,56.5,57.5,56.5,-210.0,175.0,True,False
401643743,ESPN BET,HAW -1.5,-1.5,2.5,-1.5,-2.5,1.5,41.5,47.5,41.5,-130.0,110.0,True,False
401636909,ESPN BET,KSU -9.5,-9.5,-10.5,-9.5,10.5,9.5,55.5,54.5,55.5,-360.0,280.0,True,False
401643742,ESPN BET,FRES -6.5,-6.5,-6.5,-6.5,6.5,6.5,55.5,54.5,55.5,-200.0,170.0,True,False
401635595,ESPN BET,SMU -11.5,11.5,11.5,11.5,-11.5,-11.5,50.5,48.5,50.5,290.0,-380.0,False,False
401640985,ESPN BET,FIU -7.5,-7.5,-10.0,-7.5,10.0,7.5,43.5,47.5,43.5,-270.0,220.0,True,False
401643820,ESPN BET,TXST -3.5,-3.5,-3.5,-3.5,3.5,3.5,61.5,65.5,61.5,-175.0,140.0,True,False
401641012,ESPN BET,SHSU -10.5,-10.5,-9.5,-10.5,9.5,10.5,45.5,46.5,45.5,-380.0,290.0,True,False
401640994,ESPN BET,LIB -2.5,-2.5,1.5,-2.5,-1.5,2.5,63.5,59.5,63.5,-130.0,110.0,True,False
401641020,ESPN BET,WKU -23.5,-23.5,-24.5,-23.5,24.5,23.5,49.5,46.5,49.5,-4000.0,1300.0,True,False
401645356,ESPN BET,TULN -14.5,14.5,16.0,14.5,-16.0,-14.5,54.5,55.5,54.5,450.0,-700.0,False,False
401629036,ESPN BET,CONN -7.5,-7.5,-7.0,-7.5,7.0,7.5,48.5,48.5,48.5,-240.0,200.0,True,False
401645357,ESPN BET,USF -1.5,1.5,2.0,1.5,-2.0,-1.5,47.5,53.5,47.5,110.0,-125.0,False,False
401636916,ESPN BET,UCF -5.5,-5.5,-6.0,-5.5,6.0,5.5,54.5,54.5,54.5,-240.0,200.0,True,False
401645358,ESPN BET,UAB -2.5,-2.5,-3.0,-2.5,3.0,2.5,57.5,57.5,57.5,-145.0,125.0,True,False
401628537,ESPN BET,NEB -8.5,-8.5,-7.0,-8.5,7.0,8.5,39.5,41.5,39.5,-300.0,250.0,True,False
401628407,ESPN BET,AUB -7.5,-7.5,-6.5,-7.5,6.5,7.5,47.5,48.5,47.5,-275.0,225.0,True,False
401635602,ESPN BET,UNC -2.5,2.5,2.0,2.5,-2.0,-2.5,50.5,50.5,50.5,110.0,-130.0,False,False
401636915,ESPN BET,ASU -4.5,4.5,1.5,4.5,-1.5,-4.5,56.5,57.5,56.5,140.0,-165.0,False,False
401643821,ESPN BET,ODU -2.5,2.5,2.5,2.5,-2.5,-2.5,58.5,60.5,58.5,115.0,-135.0,False,False
401641026,ESPN BET,UTEP -1.5,-1.5,-3.0,-1.5,3.0,1.5,48.5,51.5,48.5,-125.0,105.0,True,False
401628409,ESPN BET,MSST -18.5,-18.5,-18.5,-18.5,18.5,18.5,58.5,58.5,58.5,-900.0,550.0,True,False
401643750,ESPN BET,UNM -7.5,-7.5,-6.5,-7.5,6.5,7.5,60.5,60.5,60.5,-275.0,225.0,True,False
401643824,ESPN BET,CCU -3.5,3.5,4.5,3.5,-4.5,-3.5,51.5,52.5,51.5,140.0,-165.0,False,False
401645360,ESPN BET,NAVY -13.5,13.5,12.5,13.5,-12.5,-13.5,49.5,51.5,49.5,340.0,-450.0,False,False
401643749,ESPN BET,FRES -12.5,-12.5,-12.5,-12.5,12.5,12.5,44.5,48.5,44.5,-450.0,340.0,True,False
401628535,ESPN BET,IOWA -2.5,-2.5,-3.5,-2.5,3.5,2.5,40.5,42.5,40.5,-140.0,120.0,True,False
401628540,ESPN BET,USC -2.5,2.5,2.0,2.5,-2.0,-2.5,55.5,55.5,55.5,110.0,-130.0,False,False
401645359,ESPN BET,MEM -7.5,7.5,9.0,7.5,-9.0,-7.5,61.5,60.5,61.5,230.0,-280.0,False,False
401643823,ESPN BET,USA -5.5,-5.5,-6.0,-5.5,6.0,5.5,59.5,61.5,59.5,-185.0,155.0,True,False
401643822,ESPN BET,MRSH -10.5,-10.5,-10.5,-10.5,10.5,10.5,47.5,47.5,47.5,-360.0,280.0,True,False
401644758,ESPN BET,TOL -10.5,10.5,7.5,10.5,-7.5,-10.5,54.5,52.5,54.5,270.0,-340.0,False,False
401628533,ESPN BET,MINN -2.5,2.5,1.5,2.5,-1.5,-2.5,47.5,46.5,47.5,150.0,-175.0,False,False
401635604,ESPN BET,VT -3.5,3.5,3.5,3.5,-3.5,-3.5,50.5,53.5,50.5,125.0,-145.0,False,False
401644757,ESPN BET,BUF -2.5,2.5,1.0,2.5,-1.0,-2.5,47.5,47.5,47.5,-115.0,-105.0,False,False
401643747,ESPN BET,BOIS -24.5,-24.5,-24.0,-24.5,24.0,24.5,57.5,57.5,57.5,-4000.0,1300.0,True,False
401628536,ESPN BET,ORE -14.5,14.5,15.5,14.5,-15.5,-14.5,45.5,45.5,45.5,380.0,-550.0,False,False
401628408,ESPN BET,UGA -14.5,-14.5,-15.5,-14.5,15.5,14.5,52.5,52.5,52.5,-750.0,475.0,True,False
401628539,ESPN BET,OSU -3.5,3.5,3.5,3.5,-3.5,-3.5,47.5,47.5,47.5,125.0,-145.0,False,False
401635601,ESPN BET,MIA -19.5,-19.5,-21.0,-19.5,21.0,19.5,53.5,55.5,53.5,-1400.0,750.0,True,False
401628412,ESPN BET,TENN -17.5,-17.5,-15.5,-17.5,15.5,17.5,45.5,45.5,45.5,-800.0,500.0,True,False
401628411,ESPN BET,TA&M -3.5,3.5,3.5,3.5,-3.5,-3.5,43.5,46.5,43.5,135.0,-155.0,False,False
401636914,ESPN BET,ISU -14.5,-14.5,-15.5,-14.5,15.5,14.5,55.5,57.5,55.5,-450.0,340.0,True,False
401628534,ESPN BET,IU -7.5,7.5,7.0,7.5,-7.0,-7.5,53.5,50.5,53.5,215.0,-260.0,False,False
401636913,ESPN BET,KSU -9.5,9.5,13.0,9.5,-13.0,-9.5,44.5,46.5,44.5,360.0,-500.0,False,False
401628406,ESPN BET,MISS -7.5,7.5,6.0,7.5,-6.0,-7.5,54.5,55.5,54.5,225.0,-275.0,False,False
401643746,ESPN BET,ARMY -18.5,-18.5,-23.5,-18.5,23.5,18.5,38.5,40.5,38.5,-900.0,550.0,True,False
401628410,ESPN BET,OU -37.5,-37.5,-35.0,-37.5,35.0,37.5,47.5,46.5,47.5,,,True,False
401628538,ESPN BET,PUR -3.5,-3.5,2.0,-3.5,-2.0,3.5,44.5,46.5,44.5,-145.0,125.0,True,False
401635516,ESPN BET,NCSU -9.5,-9.5,-10.0,-9.5,10.0,9.5,46.5,47.5,46.5,-360.0,280.0,True,False
401635600,ESPN BET,CLEM -11.5,-11.5,-11.5,-11.5,11.5,11.5,62.5,61.5,62.5,-400.0,300.0,True,False
401636912,ESPN BET,BAY -2.5,-2.5,-3.0,-2.5,3.0,2.5,62.5,64.5,62.5,-135.0,115.0,True,False
401635627,ESPN BET,SMU -7.5,-7.5,-7.5,-7.5,7.5,7.5,54.5,60.5,54.5,-270.0,220.0,True,False
401643748,ESPN BET,CSU -2.5,2.5,1.0,2.5,-1.0,-2.5,45.5,44.5,45.5,105.0,-125.0,False,False
401644688,ESPN BET,M-OH -12.5,12.5,10.5,12.5,-10.5,-12.5,48.5,50.5,48.5,290.0,-380.0,False,False
401644760,ESPN BET,BGSU -14.5,14.5,9.5,14.5,-9.5,-14.5,47.5,45.5,47.5,380.0,-550.0,False,False
401644761,ESPN BET,OHIO -20.5,20.5,17.5,20.5,-17.5,-20.5,53.5,53.5,53.5,750.0,-1400.0,False,False
401644762,ESPN BET,NIU -2.5,2.5,-1.5,2.5,1.5,-2.5,51.5,52.5,51.5,110.0,-130.0,False,False
401643825,ESPN BET,APP -1.5,1.5,-1.0,1.5,1.0,-1.5,62.5,61.5,62.5,105.0,-125.0,False,False
401645361,ESPN BET,ECU -5.5,-5.5,-7.5,-5.5,7.5,5.5,58.5,56.5,58.5,-275.0,225.0,True,False
401629045,ESPN BET,ARMY -6.5,6.5,5.5,6.5,-5.5,-6.5,66.5,63.5,66.5,220.0,-270.0,False,False
401628544,ESPN BET,MINN -6.5,6.5,6.0,6.5,-6.0,-6.5,44.5,46.5,44.5,175.0,-210.0,False,False
401635606,ESPN BET,BC -5.5,-5.5,-1.0,-5.5,1.0,5.5,51.5,53.5,51.5,-140.0,120.0,True,False
401636918,ESPN BET,CIN -5.5,-5.5,-3.5,-5.5,3.5,5.5,54.5,57.5,54.5,-200.0,170.0,True,False
401643828,ESPN BET,TXST -9.5,9.5,7.5,9.5,-7.5,-9.5,49.5,48.5,49.5,270.0,-340.0,False,False
401645363,ESPN BET,NAVY -4.5,4.5,3.0,4.5,-3.0,-4.5,59.5,55.5,59.5,155.0,-185.0,False,False
401640995,ESPN BET,LIB -12.5,12.5,9.5,12.5,-9.5,-12.5,54.5,56.5,54.5,300.0,-400.0,False,False
401629037,ESPN BET,CONN -7.5,7.5,6.5,7.5,-6.5,-7.5,53.5,55.5,53.5,215.0,-260.0,False,False
401643826,ESPN BET,JMU -15.5,-15.5,-17.0,-15.5,17.0,15.5,54.5,53.5,54.5,-700.0,450.0,True,False
401643755,ESPN BET,ORST -2.5,-2.5,-3.0,-2.5,3.0,2.5,56.5,55.5,56.5,-145.0,125.0,True,False
401641021,ESPN BET,UTEP -4.5,-4.5,-3.0,-4.5,3.0,4.5,42.5,42.5,42.5,-175.0,150.0,True,False
401645364,ESPN BET,TULN -25.5,-25.5,-27.0,-25.5,27.0,25.5,50.5,49.5,50.5,-6000.0,1800.0,True,False
401628418,ESPN BET,SC -5.5,5.5,3.0,5.5,-3.0,-5.5,45.5,46.5,45.5,165.0,-195.0,False,False
401641004,ESPN BET,JXST -9.5,9.5,10.5,9.5,-10.5,-9.5,55.5,55.5,55.5,280.0,-360.0,False,False
401643827,ESPN BET,UL -14.5,-14.5,-14.0,-14.5,14.0,14.5,59.5,59.5,59.5,-650.0,425.0,True,False
401641036,ESPN BET,WKU -18,18.0,20.0,18.0,-20.0,-18.0,53.5,51.5,53.5,550.0,-900.0,False,False
401635608,ESPN BET,NCSU -3.5,-3.5,-2.5,-3.5,2.5,3.5,51.5,50.5,51.5,-145.0,125.0,True,False
401635607,ESPN BET,CLEM -6.5,6.5,6.5,6.5,-6.5,-6.5,54.5,53.5,54.5,165.0,-195.0,False,False
401643829,ESPN BET,MRSH -13.5,13.5,14.0,13.5,-14.0,-13.5,52.5,54.5,52.5,340.0,-450.0,False,False
401628417,ESPN BET,TEX -24.5,-24.5,-21.5,-24.5,21.5,24.5,48.5,47.5,48.5,-1800.0,900.0,True,False
401636919,ESPN BET,ISU -2.5,2.5,3.0,2.5,-3.0,-2.5,50.5,50.5,50.5,105.0,-125.0,False,False
401634773,ESPN BET,CAL -7.5,7.5,7.5,7.5,-7.5,-7.5,54.5,54.5,54.5,230.0,-280.0,False,False
401628542,ESPN BET,IOWA -6.5,6.5,6.5,6.5,-6.5,-6.5,44.5,45.5,44.5,190.0,-225.0,False,False
401645362,ESPN BET,MEM -7.5,-7.5,-10.5,-7.5,10.5,7.5,50.5,52.5,50.5,-270.0,220.0,True,False
401628541,ESPN BET,IU -14.5,-14.5,-14.0,-14.5,14.0,14.5,47.5,48.5,47.5,-750.0,475.0,True,False
401643754,ESPN BET,SDSU -1.5,-1.5,-3.0,-1.5,3.0,1.5,65.5,67.5,65.5,-115.0,-105.0,True,False
401636921,ESPN BET,COLO -4.5,4.5,3.0,4.5,-3.0,-4.5,62.5,62.5,62.5,160.0,-190.0,False,False
401628545,ESPN BET,OSU -37.5,-37.5,-38.0,-37.5,38.0,37.5,55.5,53.5,55.5,,,True,False
401635609,ESPN BET,MIA -9.5,9.5,13.0,9.5,-13.0,-9.5,64.5,63.5,64.5,320.0,-425.0,False,False
401628414,ESPN BET,UGA -1.5,1.5,2.5,1.5,-2.5,-1.5,54.5,54.5,54.5,110.0,-130.0,False,False
401643753,ESPN BET,UNLV -12.5,12.5,13.5,12.5,-13.5,-12.5,50.5,50.5,50.5,290.0,-380.0,False,False
401636920,ESPN BET,TCU -10.5,-10.5,-12.5,-10.5,12.5,10.5,69.5,66.5,69.5,-425.0,320.0,True,False
401636917,ESPN BET,ASU -2.5,-2.5,-3.5,-2.5,3.5,2.5,55.5,56.5,55.5,-135.0,115.0,True,False
401628543,ESPN BET,ORE -24,-24.0,-25.0,-24.0,25.0,24.0,57.5,57.5,57.5,-3000.0,1200.0,True,False
401643756,ESPN BET,WSU -20.5,-20.5,-22.5,-20.5,22.5,20.5,67.5,68.5,67.5,-1000.0,600.0,True,False
401628546,ESPN BET,PSU -13.5,-13.5,-13.5,-13.5,13.5,13.5,48.5,45.5,48.5,-500.0,360.0,True,False
401628416,ESPN BET,TENN -26.5,-26.5,-25.0,-26.5,25.0,26.5,61.5,61.5,61.5,-3000.0,1200.0,True,False
401636922,ESPN BET,BYU -3.5,3.5,5.0,3.5,-5.0,-3.5,40.5,41.5,40.5,130.0,-150.0,False,False
401628984,ESPN BET,ND -25.5,-25.5,-24.5,-25.5,24.5,25.5,44.5,42.5,44.5,-4000.0,1300.0,True,False
401628413,ESPN BET,ALA -2.5,2.5,2.5,2.5,-2.5,-2.5,57.5,59.5,57.5,125.0,-145.0,False,False
401643752,ESPN BET,BOIS -23.5,-23.5,-26.5,-23.5,26.5,23.5,60.5,60.5,60.5,-1800.0,900.0,True,False
401628415,ESPN BET,OU -3.5,3.5,-2.5,3.5,2.5,-3.5,41.5,42.5,41.5,125.0,-145.0,False,False
401635610,ESPN BET,PITT -7.5,-7.5,-7.5,-7.5,7.5,7.5,56.5,57.5,56.5,-275.0,225.0,True,False
401643751,ESPN BET,FRES -9.5,9.5,10.0,9.5,-10.0,-9.5,40.5,42.5,40.5,270.0,-390.0,False,False
401644765,ESPN BET,TOL -14.5,-14.5,-15.5,-14.5,15.5,14.5,51.5,48.5,51.5,-500.0,360.0,True,False
401644763,ESPN BET,BUF -3.5,-3.5,-6.5,-3.5,6.5,3.5,54.5,53.5,54.5,-165.0,140.0,True,False
401644764,ESPN BET,BGSU -9.5,-9.5,-8.0,-9.5,8.0,9.5,56.5,56.5,56.5,-340.0,270.0,True,False
401644689,ESPN BET,M-OH -30.5,-30.5,-30.5,-30.5,30.5,30.5,45.5,45.5,45.5,-20000.0,3000.0,True,False
401644766,ESPN BET,NIU -14.5,-14.5,-16.5,-14.5,16.5,14.5,43.5,47.5,43.5,-600.0,400.0,True,False
401644767,ESPN BET,OHIO -10.5,-10.5,-8.0,-10.5,8.0,10.5,51.5,48.5,51.5,-400.0,300.0,True,False
401645365,ESPN BET,ECU -16.5,16.5,13.0,16.5,-13.0,-16.5,63.5,61.5,63.5,425.0,-650.0,False,False
401629046,ESPN BET,LIB -16.5,16.5,14.0,16.5,-14.0,-16.5,52.5,51.5,52.5,500.0,-800.0,False,False
401641013,ESPN BET,WKU -11.5,-11.5,-13.5,-11.5,13.5,11.5,52.5,52.5,52.5,-500.0,360.0,True,False
401628426,ESPN BET,AUB -25.5,-25.5,-24.5,-25.5,24.5,25.5,45.5,45.5,45.5,-4000.0,1300.0,True,False
401643832,ESPN BET,MRSH -7.5,-7.5,-9.0,-7.5,9.0,7.5,56.5,55.5,56.5,-290.0,240.0,True,False
401628422,ESPN BET,UK -41.5,-41.5,-38.5,-41.5,38.5,41.5,54.5,49.5,54.5,,,True,False
401640986,ESPN BET,JXST -12.5,-12.5,-14.0,-12.5,14.0,12.5,58.5,57.5,58.5,-400.0,300.0,True,False
401645369,ESPN BET,TEM -2.5,-2.5,1.0,-2.5,-1.0,2.5,50.5,49.5,50.5,-130.0,110.0,True,False
401628547,ESPN BET,ILL -1.5,-1.5,-3.5,-1.5,3.5,1.5,47.5,48.5,47.5,-130.0,110.0,True,False
401635581,ESPN BET,CAL -10.5,-10.5,-7.0,-10.5,7.0,10.5,57.5,55.5,57.5,-340.0,270.0,True,False
401643757,ESPN BET,ORST -2.5,2.5,4.5,2.5,-4.5,-2.5,44.5,44.5,44.5,145.0,-170.0,False,False
401643760,ESPN BET,HAW -2.5,2.5,2.0,2.5,-2.0,-2.5,61.5,58.5,61.5,115.0,-135.0,False,False
401645368,ESPN BET,CLT -1.5,-1.5,3.0,-1.5,-3.0,1.5,53.5,51.5,53.5,-120.0,100.0,True,False
401628549,ESPN BET,USC -6.5,-6.5,-9.5,-6.5,9.5,6.5,50.5,50.5,50.5,-225.0,190.0,True,False
401636929,ESPN BET,BAY -1.5,1.5,1.5,1.5,-1.5,-1.5,57.5,59.5,57.5,100.0,-120.0,False,False
401643830,ESPN BET,GASO -7.5,-7.5,-8.0,-7.5,8.0,7.5,53.5,54.5,53.5,-250.0,190.0,True,False
401643833,ESPN BET,JMU -1.5,1.5,3.5,1.5,-3.5,-1.5,50.5,51.5,50.5,100.0,-130.0,False,False
401643831,ESPN BET,GAST -2.5,-2.5,-1.0,-2.5,1.0,2.5,58.5,58.5,58.5,-140.0,110.0,True,False
401628548,ESPN BET,MD -4.5,-4.5,-3.5,-4.5,3.5,4.5,54.5,50.5,54.5,-165.0,140.0,True,False
401641022,ESPN BET,SHSU -20.5,20.5,13.0,20.5,-13.0,-20.5,43.5,42.5,43.5,750.0,-1400.0,False,False
401628420,ESPN BET,LSU -2.5,2.5,4.0,2.5,-4.0,-2.5,55.5,55.5,55.5,125.0,-145.0,False,False
401645370,ESPN BET,TULN -7.5,7.5,6.5,7.5,-6.5,-7.5,48.5,54.5,48.5,195.0,-230.0,False,False
401635582,ESPN BET,CLEM -12.5,12.5,9.5,12.5,-9.5,-12.5,50.5,55.5,50.5,380.0,-550.0,False,False
401643759,ESPN BET,CSU -7.5,-7.5,-10.0,-7.5,10.0,7.5,46.5,47.5,46.5,-260.0,215.0,True,False
401645366,ESPN BET,UTSA -1.5,-1.5,1.5,-1.5,-1.5,1.5,71.5,71.5,71.5,-120.0,100.0,True,False
401628553,ESPN BET,WASH -5.5,-5.5,-3.5,-5.5,3.5,5.5,47.5,46.5,47.5,-215.0,180.0,True,False
401636923,ESPN BET,ARIZ -1.5,-1.5,-1.5,-1.5,1.5,1.5,46.5,44.5,46.5,-120.0,100.0,True,False
401628550,ESPN BET,OSU -29.5,29.5,30.0,29.5,-30.0,-29.5,44.5,44.5,44.5,1800.0,-6000.0,False,False
401628419,ESPN BET,TEX -13.5,13.5,16.5,13.5,-16.5,-13.5,56.5,56.5,56.5,425.0,-650.0,False,False
401628985,ESPN BET,ND -21.5,-21.5,-23.5,-21.5,23.5,21.5,51.5,50.5,51.5,-1400.0,750.0,True,False
401628425,ESPN BET,ALA -42.5,-42.5,-43.5,-42.5,43.5,42.5,58.5,57.5,58.5,,,True,False
401628552,ESPN BET,PSU -30.5,30.5,28.5,30.5,-28.5,-30.5,51.5,49.5,51.5,2500.0,-10000.0,False,False
401635580,ESPN BET,SMU -19.5,-19.5,-16.5,-19.5,16.5,19.5,53.5,53.5,53.5,-1000.0,600.0,True,False
401635517,ESPN BET,LOU -20.5,20.5,20.5,20.5,-20.5,-20.5,57.5,58.5,57.5,900.0,-1800.0,False,False
401636925,ESPN BET,COLO -13.5,-13.5,-10.0,-13.5,10.0,13.5,43.5,48.5,43.5,-650.0,425.0,True,False
401628423,ESPN BET,SC -10.5,-10.5,-14.0,-10.5,14.0,10.5,42.5,44.5,42.5,-380.0,290.0,True,False
401628424,ESPN BET,TA&M -38.5,-38.5,-40.0,-38.5,40.0,38.5,54.5,55.5,54.5,,,True,False
401636927,ESPN BET,KSU -7.5,-7.5,-8.5,-7.5,8.5,7.5,51.5,50.5,51.5,-300.0,250.0,True,False
401628551,ESPN BET,ORE -13.5,13.5,13.5,13.5,-13.5,-13.5,49.5,52.5,49.5,400.0,-600.0,False,False
401636924,ESPN BET,BYU -2.5,-2.5,-2.5,-2.5,2.5,2.5,55.5,55.5,55.5,-135.0,115.0,True,False
401643758,ESPN BET,BOIS -14.5,14.5,14.5,14.5,-14.5,-14.5,61.5,60.5,61.5,380.0,-550.0,False,False
401628421,ESPN BET,UGA -7.5,-7.5,-8.5,-7.5,8.5,7.5,46.5,53.5,46.5,-275.0,225.0,True,False
401643834,ESPN BET,UL -6.5,-6.5,-8.0,-6.5,8.0,6.5,60.5,59.5,60.5,-240.0,200.0,True,False
401643835,ESPN BET,TXST -27.5,-27.5,-27.5,-27.5,27.5,27.5,55.5,55.5,55.5,-5000.0,1500.0,True,False
401635583,ESPN BET,UNC -10.5,-10.5,-11.0,-10.5,11.0,10.5,64.5,63.5,64.5,-380.0,290.0,True,False
401636926,ESPN BET,ISU -7.5,-7.5,-8.0,-7.5,8.0,7.5,52.5,53.5,52.5,-270.0,220.0,True,False
401645367,ESPN BET,MEM -17.5,-17.5,-15.5,-17.5,15.5,17.5,60.5,62.5,60.5,-800.0,500.0,True,False
401643762,ESPN BET,UNLV -19.5,-19.5,-20.5,-19.5,20.5,19.5,54.5,52.5,54.5,-1800.0,900.0,True,False
401643761,ESPN BET,WSU -11.5,11.5,14.0,11.5,-14.0,-11.5,71.5,72.5,71.5,290.0,-380.0,False,False
401644690,ESPN BET,M-OH -2.5,-2.5,-3.5,-2.5,3.5,2.5,42.5,43.5,42.5,-125.0,105.0,True,False
401644770,ESPN BET,WMU -5.5,5.5,8.5,5.5,-8.5,-5.5,54.5,54.5,54.5,180.0,-215.0,False,False
401644769,ESPN BET,AKR -10.5,10.5,10.0,10.5,-10.0,-10.5,48.5,49.5,48.5,290.0,-380.0,False,False
401644772,ESPN BET,EMU -1.5,-1.5,-1.5,-1.5,1.5,1.5,53.5,49.5,53.5,-120.0,100.0,True,False
401644773,ESPN BET,OHIO -0.5,0.5,-2.0,0.5,2.0,-0.5,45.5,50.5,45.5,-115.0,-105.0,False,False
401634772,ESPN BET,GT -7.5,-7.5,-9.0,-7.5,9.0,7.5,50.5,54.5,50.5,-300.0,250.0,True,False
401640996,ESPN BET,LIB -1.5,-1.5,1.5,-1.5,-1.5,1.5,55.5,56.5,55.5,-120.0,100.0,True,False
401635616,ESPN BET,FSU -33.5,-33.5,-33.0,-33.5,33.0,33.5,44.5,44.5,44.5,,,True,False
401644774,ESPN BET,BGSU -12.5,12.5,11.5,12.5,-11.5,-12.5,54.5,58.5,54.5,320.0,-425.0,False,False
401645373,ESPN BET,RICE -6.5,6.5,7.0,6.5,-7.0,-6.5,52.5,50.5,52.5,210.0,-250.0,False,False
401641027,ESPN BET,MTSU -3.5,-3.5,-3.5,-3.5,3.5,3.5,53.5,50.5,53.5,-145.0,125.0,True,False
401643836,ESPN BET,JMU -6.5,6.5,7.5,6.5,-7.5,-6.5,56.5,60.5,56.5,215.0,-260.0,False,False
401643840,ESPN BET,UL -7.5,-7.5,-12.0,-7.5,12.0,7.5,51.5,53.5,51.5,-270.0,220.0,True,False
401636935,ESPN BET,TCU -10.5,-10.5,-11.5,-10.5,11.5,10.5,60.5,58.5,60.5,-320.0,260.0,True,False
401640987,ESPN BET,FIU -8.5,8.5,8.0,8.5,-8.0,-8.5,41.5,43.5,41.5,230.0,-280.0,False,False
401643839,ESPN BET,ARST -2.5,-2.5,-3.5,-2.5,3.5,2.5,51.5,52.5,51.5,-135.0,115.0,True,False
401643841,ESPN BET,USA -24.5,24.5,23.5,24.5,-23.5,-24.5,54.5,55.5,54.5,1100.0,-2500.0,False,False
401628560,ESPN BET,NEB -1.5,-1.5,-2.0,-1.5,2.0,1.5,40.5,42.5,40.5,-125.0,105.0,True,False
401628557,ESPN BET,MICH -10.5,-10.5,-12.0,-10.5,12.0,10.5,34.5,38.5,34.5,-425.0,320.0,True,False
401635613,ESPN BET,CAL -15.5,-15.5,-14.5,-15.5,14.5,15.5,52.5,55.5,52.5,-650.0,425.0,True,False
401636934,ESPN BET,TTU -4.5,4.5,3.5,4.5,-3.5,-4.5,62.5,68.5,62.5,150.0,-175.0,False,False
401636937,ESPN BET,UCF -3.5,3.5,2.5,3.5,-2.5,-3.5,60.5,64.5,60.5,125.0,-145.0,False,False
401643766,ESPN BET,USU -4.5,-4.5,-4.5,-4.5,4.5,4.5,59.5,62.5,59.5,-175.0,150.0,True,False
401643837,ESPN BET,CCU -1.5,-1.5,-2.0,-1.5,2.0,1.5,59.5,56.5,59.5,-125.0,105.0,True,False
401645372,ESPN BET,UNT -2.5,-2.5,-2.5,-2.5,2.5,2.5,73.5,72.5,73.5,-135.0,115.0,True,False
401645375,ESPN BET,USF -13.5,-13.5,-17.0,-13.5,17.0,13.5,60.5,59.5,60.5,-800.0,500.0,True,False
401628427,ESPN BET,ARK -23.5,-23.5,-22.5,-23.5,22.5,23.5,48.5,50.5,48.5,-3000.0,1200.0,True,False
401635617,ESPN BET,LOU -7.5,-7.5,-8.5,-7.5,8.5,7.5,57.5,56.5,57.5,-250.0,210.0,True,False
401645371,ESPN BET,CLT -3.5,3.5,2.5,3.5,-2.5,-3.5,49.5,47.5,49.5,125.0,-145.0,False,False
401641005,ESPN BET,JXST -5.5,-5.5,-6.5,-5.5,6.5,5.5,57.5,55.5,57.5,-195.0,165.0,True,False
401636932,ESPN BET,COLO -1.5,1.5,2.5,1.5,-2.5,-1.5,59.5,59.5,59.5,110.0,-130.0,False,False
401635518,ESPN BET,SYR -9.5,-9.5,-11.0,-9.5,11.0,9.5,53.5,54.5,53.5,-340.0,270.0,True,False
401635612,ESPN BET,UNC -1.5,1.5,2.0,1.5,-2.0,-1.5,50.5,56.5,50.5,105.0,-125.0,False,False
401643767,ESPN BET,UNLV -7.5,7.5,8.0,7.5,-8.0,-7.5,59.5,62.5,59.5,240.0,-290.0,False,False
401645374,ESPN BET,UTSA -17.5,-17.5,-16.5,-17.5,16.5,17.5,55.5,55.5,55.5,-800.0,500.0,True,False
401628555,ESPN BET,OSU -10.5,-10.5,-11.5,-10.5,11.5,10.5,51.5,52.5,51.5,-450.0,340.0,True,False
401628436,ESPN BET,TEX -18.5,-18.5,-20.5,-18.5,20.5,18.5,46.5,46.5,46.5,-1200.0,700.0,True,False
401628559,ESPN BET,PSU -11.5,11.5,11.5,11.5,-11.5,-11.5,45.5,45.5,45.5,320.0,-425.0,False,False
401635618,ESPN BET,MIA -23.5,-23.5,-24.0,-23.5,24.0,23.5,65.5,64.5,65.5,-1400.0,750.0,True,False
401628429,ESPN BET,MISS -13.5,13.5,10.0,13.5,-10.0,-13.5,57.5,55.5,57.5,340.0,-450.0,False,False
401628430,ESPN BET,UGA -42.5,-42.5,-43.5,-42.5,43.5,42.5,55.5,56.5,55.5,,,True,False
401628435,ESPN BET,TENN -41.5,-41.5,-41.5,-41.5,41.5,41.5,54.5,53.5,54.5,,,True,False
401628558,ESPN BET,MSU -14.5,-14.5,-13.5,-14.5,13.5,14.5,50.5,48.5,50.5,-600.0,400.0,True,False
401635619,ESPN BET,SMU -10.5,10.5,10.0,10.5,-10.0,-10.5,53.5,58.5,53.5,270.0,-340.0,False,False
401636930,ESPN BET,ASU -3.5,-3.5,-3.5,-3.5,3.5,3.5,48.5,48.5,48.5,-145.0,125.0,True,False
401628556,ESPN BET,IOWA -4.5,4.5,6.5,4.5,-6.5,-4.5,39.5,45.5,39.5,165.0,-195.0,False,False
401635614,ESPN BET,CLEM -48.5,-48.5,-49.5,-48.5,49.5,48.5,58.5,58.5,58.5,,,True,False
401628434,ESPN BET,SC -42.5,-42.5,-42.5,-42.5,42.5,42.5,49.5,49.5,49.5,,,True,False
401628432,ESPN BET,MIZ -9.5,9.5,8.0,9.5,-8.0,-9.5,57.5,56.5,57.5,280.0,-360.0,False,False
401628554,ESPN BET,RUTG -2.5,-2.5,-1.5,-2.5,1.5,2.5,47.5,46.5,47.5,-125.0,105.0,True,False
401643765,ESPN BET,FRES -3.5,-3.5,-2.5,-3.5,2.5,3.5,42.5,47.5,42.5,-155.0,135.0,True,False
401643763,ESPN BET,NEV -2.5,-2.5,-3.5,-2.5,3.5,2.5,44.5,44.5,44.5,-135.0,115.0,True,False
401628561,ESPN BET,USC -4.5,4.5,5.0,4.5,-5.0,-4.5,52.5,50.5,52.5,155.0,-185.0,False,False
401636933,ESPN BET,KSU -7.5,-7.5,-9.0,-7.5,9.0,7.5,54.5,52.5,54.5,-270.0,220.0,True,False
401635615,ESPN BET,VT -2.5,2.5,2.5,2.5,-2.5,-2.5,45.5,47.5,45.5,120.0,-140.0,False,False
401628431,ESPN BET,LSU -9.5,-9.5,-9.0,-9.5,9.0,9.5,52.5,54.5,52.5,-400.0,300.0,True,False
401643838,ESPN BET,ODU -2.5,-2.5,-1.5,-2.5,1.5,2.5,51.5,51.5,51.5,-135.0,115.0,True,False
401643842,ESPN BET,TXST -22.5,-22.5,-21.0,-22.5,21.0,22.5,59.5,58.5,59.5,-2500.0,1100.0,True,False
401636931,ESPN BET,BAY -6.5,6.5,7.5,6.5,-7.5,-6.5,50.5,50.5,50.5,210.0,-250.0,False,False
401628572,ESPN BET,WSU -10.5,10.5,13.5,10.5,-13.5,-10.5,55.5,56.5,55.5,300.0,-400.0,False,False
401636936,ESPN BET,ISU -3.5,3.5,6.0,3.5,-6.0,-3.5,42.5,42.5,42.5,210.0,-250.0,False,False
401640959,ESPN BET,ND -14.5,-14.5,-17.0,-14.5,17.0,14.5,44.5,43.5,44.5,-550.0,380.0,True,False
401628433,ESPN BET,ALA -14.5,14.5,14.0,14.5,-14.0,-14.5,46.5,47.5,46.5,400.0,-600.0,False,False
401628428,ESPN BET,TA&M -2.5,2.5,2.5,2.5,-2.5,-2.5,47.5,46.5,47.5,105.0,-125.0,False,False
401643764,ESPN BET,BOIS -25.5,25.5,23.5,25.5,-23.5,-25.5,54.5,57.5,54.5,1000.0,-2000.0,False,False
401644775,ESPN BET,TOL -9.5,9.5,7.5,9.5,-7.5,-9.5,50.5,48.5,50.5,250.0,-300.0,False,False
401644776,ESPN BET,BUF -23.5,-23.5,-22.5,-23.5,22.5,23.5,50.5,52.5,50.5,-3000.0,1200.0,True,False
401635625,ESPN BET,SJSU -2.5,-2.5,-2.0,-2.5,2.0,2.5,54.5,55.5,54.5,-130.0,110.0,True,False
401644777,ESPN BET,OHIO -17.5,-17.5,-14.5,-17.5,14.5,17.5,51.5,52.5,51.5,-800.0,500.0,True,False
401643770,ESPN BET,CSU -5.5,-5.5,-6.0,-5.5,6.0,5.5,56.5,60.5,56.5,-195.0,165.0,True,False
401640997,ESPN BET,LIB -2.5,2.5,2.5,2.5,-2.5,-2.5,47.5,47.5,47.5,110.0,-130.0,False,False
401645379,ESPN BET,,,,,,,52.5,56.5,52.5,-145.0,125.0,False,False
401644691,ESPN BET,BGSU -3,-3.0,-2.5,-3.0,2.5,3.0,37.5,43.5,37.5,-140.0,120.0,True,False
401643843,ESPN BET,TXST -2.5,2.5,-0.5,2.5,0.5,-2.5,60.5,62.5,60.5,110.0,-130.0,False,False
401636938,ESPN BET,COLO -14.5,-14.5,-17.0,-14.5,17.0,14.5,66.5,64.5,66.5,-650.0,425.0,True,False
401628442,ESPN BET,MISS -26.5,-26.5,-26.5,-26.5,26.5,26.5,63.5,61.5,63.5,-5000.0,1500.0,True,False
401643769,ESPN BET,BOIS -17.5,-17.5,-20.0,-17.5,20.0,17.5,58.5,56.5,58.5,-900.0,550.0,True,False
401645376,ESPN BET,TULN -12.5,-12.5,-13.5,-12.5,13.5,12.5,54.5,56.5,54.5,-450.0,340.0,True,False
401628568,ESPN BET,MINN -1.5,1.5,-2.0,1.5,2.0,-1.5,40.5,44.5,40.5,105.0,-125.0,False,False
401636945,ESPN BET,TTU -2.5,-2.5,-3.5,-2.5,3.5,2.5,61.5,64.5,61.5,-135.0,115.0,True,False
401643848,ESPN BET,UL -8.5,8.5,10.0,8.5,-10.0,-8.5,50.5,49.5,50.5,250.0,-300.0,False,False
401645378,ESPN BET,ARMY -6.5,-6.5,-7.5,-6.5,7.5,6.5,53.5,55.5,53.5,-210.0,175.0,True,False
401645381,ESPN BET,UNT -10.5,10.5,12.5,10.5,-12.5,-10.5,63.5,63.5,63.5,320.0,-425.0,False,False
401644780,ESPN BET,WMU -6.5,-6.5,-6.5,-6.5,6.5,6.5,56.5,57.5,56.5,-200.0,170.0,True,False
401640988,ESPN BET,FIU -9.5,-9.5,-9.0,-9.5,9.0,9.5,50.5,52.5,50.5,-340.0,270.0,True,False
401643845,ESPN BET,GAST -0.5,-0.5,1.0,-0.5,-1.0,0.5,52.5,55.5,52.5,-110.0,-110.0,True,False
401643849,ESPN BET,TROY -17.5,-17.5,-17.0,-17.5,17.0,17.5,48.5,48.5,48.5,-900.0,550.0,True,False
401645382,ESPN BET,USF -5.5,5.5,4.0,5.5,-4.0,-5.5,53.5,52.5,53.5,175.0,-210.0,False,False
401635620,ESPN BET,BC -3.5,-3.5,-3.0,-3.5,3.0,3.5,50.5,49.5,50.5,-150.0,130.0,True,False
401628567,ESPN BET,MSU -1.5,-1.5,-1.0,-1.5,1.0,1.5,46.5,47.5,46.5,-120.0,100.0,True,False
401628570,ESPN BET,UCLA -7.5,-7.5,-10.0,-7.5,10.0,7.5,46.5,46.5,46.5,-280.0,230.0,True,False
401635624,ESPN BET,UNC -2.5,-2.5,-3.5,-2.5,3.5,2.5,54.5,56.5,54.5,-125.0,105.0,True,False
401644779,ESPN BET,NIU -16.5,-16.5,-13.0,-16.5,13.0,16.5,41.5,45.5,41.5,-500.0,360.0,True,False
401645377,ESPN BET,CLT -1.5,-1.5,-3.0,-1.5,3.0,1.5,59.5,57.5,59.5,-115.0,-105.0,True,False
401645380,ESPN BET,FAU -2.5,2.5,1.0,2.5,-1.0,-2.5,57.5,56.5,57.5,-115.0,-105.0,False,False
401641006,ESPN BET,JXST -0.5,0.5,-2.0,0.5,2.0,-0.5,62.5,60.5,62.5,-115.0,-105.0,False,False
401641014,ESPN BET,LT -13.5,-13.5,-11.5,-13.5,11.5,13.5,41.5,42.5,41.5,-425.0,320.0,True,False
401641031,ESPN BET,NMSU -3.5,-3.5,-2.0,-3.5,2.0,3.5,51.5,51.5,51.5,-155.0,135.0,True,False
401636943,ESPN BET,TCU -2.5,2.5,2.0,2.5,-2.0,-2.5,58.5,58.5,58.5,105.0,-125.0,False,False
401643847,ESPN BET,ODU -5.5,5.5,3.5,5.5,-3.5,-5.5,58.5,58.5,58.5,165.0,-195.0,False,False
401636941,ESPN BET,KU -2.5,2.5,1.0,2.5,-1.0,-2.5,62.5,60.5,62.5,110.0,-130.0,False,False
401628440,ESPN BET,LOU -3.5,3.5,3.0,3.5,-3.0,-3.5,48.5,49.5,48.5,150.0,-175.0,False,False
401629038,ESPN BET,CONN -9.5,9.5,11.0,9.5,-11.0,-9.5,49.5,50.5,49.5,250.0,-300.0,False,False
401628439,ESPN BET,UGA -17.5,-17.5,-20.0,-17.5,20.0,17.5,48.5,54.5,48.5,-900.0,550.0,True,False
401643844,ESPN BET,GASO -2.5,-2.5,-2.5,-2.5,2.5,2.5,60.5,62.5,60.5,-130.0,110.0,True,False
401628562,ESPN BET,IOWA -3.5,-3.5,-5.0,-3.5,5.0,3.5,41.5,39.5,41.5,-150.0,130.0,True,False
401636939,ESPN BET,UCF -9.5,-9.5,-8.5,-9.5,8.5,9.5,45.5,49.5,45.5,-340.0,270.0,True,False
401628566,ESPN BET,OSU -20.5,-20.5,-20.5,-20.5,20.5,20.5,41.5,44.5,41.5,-1800.0,900.0,True,False
401628565,ESPN BET,PSU -26.5,-26.5,-24.0,-26.5,24.0,26.5,50.5,49.5,50.5,-4000.0,1300.0,True,False
401628571,ESPN BET,ND -6.5,6.5,6.5,6.5,-6.5,-6.5,52.5,50.5,52.5,210.0,-250.0,False,False
401635623,ESPN BET,MIA -12.5,12.5,12.0,12.5,-12.0,-12.5,65.5,67.5,65.5,320.0,-425.0,False,False
401635622,ESPN BET,DUKE -3.5,3.5,4.5,3.5,-4.5,-3.5,53.5,54.5,53.5,125.0,-145.0,False,False
401628446,ESPN BET,TENN -9.5,9.5,11.5,9.5,-11.5,-9.5,45.5,47.5,45.5,260.0,-320.0,False,False
401628444,ESPN BET,CLEM -2.5,-2.5,-3.0,-2.5,3.0,2.5,48.5,49.5,48.5,-130.0,110.0,True,False
401628437,ESPN BET,ALA -10.5,-10.5,-11.5,-10.5,11.5,10.5,50.5,52.5,50.5,-400.0,300.0,True,False
401636940,ESPN BET,ASU -7.5,7.5,9.0,7.5,-9.0,-7.5,52.5,53.5,52.5,230.0,-280.0,False,False
401628443,ESPN BET,MIZ -3.5,-3.5,-3.0,-3.5,3.0,3.5,51.5,54.5,51.5,-155.0,135.0,True,False
401628563,ESPN BET,ILL -8.5,8.5,7.5,8.5,-7.5,-8.5,42.5,45.5,42.5,260.0,-320.0,False,False
401635621,ESPN BET,SMU -11.5,-11.5,-13.5,-11.5,13.5,11.5,54.5,57.5,54.5,-450.0,340.0,True,False
401643773,ESPN BET,WSU -18.5,-18.5,-18.5,-18.5,18.5,18.5,55.5,58.5,55.5,-900.0,550.0,True,False
401643846,ESPN BET,JMU -2.5,-2.5,-3.0,-2.5,3.0,2.5,52.5,52.5,52.5,-170.0,145.0,True,False
401643771,ESPN BET,UNM -6.5,6.5,2.5,6.5,-2.5,-6.5,61.5,61.5,61.5,180.0,-215.0,False,False
401635640,ESPN BET,VT -4.5,-4.5,-7.0,-4.5,7.0,4.5,44.5,48.5,44.5,-190.0,150.0,True,False
401643768,ESPN BET,AF -6.5,6.5,3.5,6.5,-3.5,-6.5,43.5,43.5,43.5,195.0,-230.0,False,False
401628441,ESPN BET,LSU -4.5,-4.5,-6.0,-4.5,6.0,4.5,47.5,47.5,47.5,-190.0,160.0,True,False
401628438,ESPN BET,FLA -17.5,17.5,14.0,17.5,-14.0,-17.5,45.5,45.5,45.5,500.0,-800.0,False,False
401628445,ESPN BET,TEX -4.5,4.5,4.5,4.5,-4.5,-4.5,49.5,48.5,49.5,150.0,-175.0,False,False
401636942,ESPN BET,BYU -9.5,-9.5,-12.5,-9.5,12.5,9.5,39.5,42.5,39.5,-425.0,320.0,True,False
401636944,ESPN BET,ISU -2.5,-2.5,-2.5,-2.5,2.5,2.5,51.5,52.5,51.5,-135.0,115.0,True,False
401628564,ESPN BET,IU -28.5,-28.5,-28.5,-28.5,28.5,28.5,56.5,56.5,56.5,-7500.0,2000.0,True,False
401628569,ESPN BET,ORE -17.5,-17.5,-19.0,-17.5,19.0,17.5,50.5,51.5,50.5,-800.0,500.0,True,False
401643772,ESPN BET,UNLV -17.5,-17.5,-19.0,-17.5,19.0,17.5,54.5,55.5,54.5,-1000.0,600.0,True,False
401673468,ESPN BET,BOIS -3.5,-3.5,-4.5,-3.5,4.5,3.5,57.5,60.5,57.5,-185.0,155.0,True,False
401673462,ESPN BET,TULN -4.5,4.5,3.5,4.5,-3.5,-4.5,46.5,48.5,46.5,170.0,-200.0,False,False
401673466,ESPN BET,JXST -4.5,-4.5,-1.5,-4.5,1.5,4.5,58.5,58.5,58.5,-185.0,155.0,True,False
401673469,ESPN BET,TEX -2.5,-2.5,0.0,-2.5,-0.0,2.5,50.5,50.5,50.5,-155.0,135.0,True,False
401673467,ESPN BET,M-OH -2.5,-2.5,-1.5,-2.5,1.5,2.5,43.5,45.5,43.5,-130.0,110.0,True,False
401673465,ESPN BET,ISU -1.5,1.5,-1.5,1.5,1.5,-1.5,51.5,50.5,51.5,100.0,-120.0,False,False
401673470,ESPN BET,UL -4.5,-4.5,-4.0,-4.5,4.0,4.5,57.5,57.5,57.5,-190.0,160.0,True,False
401673463,ESPN BET,SMU -2.5,-2.5,2.0,-2.5,-2.0,2.5,56.5,53.5,56.5,-140.0,110.0,True,False
401673464,ESPN BET,ORE -3.5,-3.5,-3.0,-3.5,3.0,3.5,51.5,50.5,51.5,-175.0,150.0,True,False
401645383,ESPN BET,ARMY -6.5,-6.5,-2.5,-6.5,2.5,6.5,39.5,41.5,39.5,-225.0,190.0,True,False
401677077,ESPN BET,USA -5.5,5.5,10.5,5.5,-10.5,-5.5,54.5,60.5,54.5,190.0,-225.0,False,False
401677080,ESPN BET,MEM -5.5,5.5,-3.5,5.5,3.5,-5.5,60.5,58.5,60.5,165.0,-195.0,False,False
401677079,ESPN BET,JMU -7.5,-7.5,-4.5,-7.5,4.5,7.5,50.5,53.5,50.5,-280.0,230.0,True,False
401677081,ESPN BET,UNLV -3.5,-3.5,1.5,-3.5,-1.5,3.5,44.5,51.5,44.5,-165.0,140.0,True,False
401677084,ESPN BET,FLA -9.5,-9.5,-9.5,-9.5,9.5,9.5,49.5,49.5,49.5,-380.0,290.0,True,False
401677083,ESPN BET,OHIO -5.5,5.5,1.5,5.5,-1.5,-5.5,56.5,53.5,56.5,180.0,-215.0,False,False
401677082,ESPN BET,GASO -3.5,3.5,4.0,3.5,-4.0,-3.5,48.5,46.5,48.5,130.0,-150.0,False,False
401677176,ESPN BET,TEX -13.5,-13.5,-10.5,-13.5,10.5,13.5,49.5,54.5,49.5,-650.0,425.0,True,False
401677178,ESPN BET,PSU -7.5,-7.5,-8.5,-7.5,8.5,7.5,50.5,52.5,50.5,-320.0,260.0,True,False
401677179,ESPN BET,ND -6.5,-6.5,-8.5,-6.5,8.5,6.5,50.5,52.5,50.5,-260.0,215.0,True,False
401677177,ESPN BET,OSU -7.5,-7.5,-7.0,-7.5,7.0,7.5,46.5,47.5,46.5,-290.0,240.0,True,False
401677085,ESPN BET,UTSA -13.5,13.5,-6.5,13.5,6.5,-13.5,56.5,57.5,56.5,320.0,-425.0,False,False
401677086,ESPN BET,NIU -2.5,2.5,2.0,2.5,-2.0,-2.5,40.5,40.5,40.5,110.0,-130.0,False,False
401677087,ESPN BET,USF -0.5,0.5,-2.5,0.5,2.5,-0.5,64.5,62.5,64.5,-110.0,-110.0,False,False
401677088,ESPN BET,KSU -7.5,-7.5,-6.5,-7.5,6.5,7.5,51.5,50.5,51.5,-270.0,220.0,True,False
401677180,ESPN BET,PITT -6.5,6.5,9.0,6.5,-9.0,-6.5,48.5,51.5,48.5,190.0,-225.0,False,False
401677089,ESPN BET,BGSU -10.5,-10.5,-7.5,-10.5,7.5,10.5,54.5,49.5,54.5,-340.0,270.0,True,False
401677090,ESPN BET,OU -2.5,2.5,9.0,2.5,-9.0,-2.5,44.5,46.5,44.5,-105.0,-115.0,False,False
401677091,ESPN BET,GT -2.5,2.5,2.5,2.5,-2.5,-2.5,48.5,54.5,48.5,130.0,-150.0,False,False
401677096,ESPN BET,TCU -9.5,-9.5,-9.5,-9.5,9.5,9.5,59.5,61.5,59.5,-360.0,280.0,True,False
401677095,ESPN BET,NEB -3.5,-3.5,-3.5,-3.5,3.5,3.5,47.5,45.5,47.5,-175.0,150.0,True,False
401677098,ESPN BET,NCSU -7.5,-7.5,-5.0,-7.5,5.0,7.5,60.5,59.5,60.5,-280.0,230.0,True,False
401677188,ESPN BET,M-OH -1.5,1.5,2.5,1.5,-2.5,-1.5,42.5,42.5,42.5,-105.0,-115.0,False,False
401677094,ESPN BET,UNC -1.5,-1.5,6.0,-1.5,-6.0,1.5,52.5,56.5,52.5,-120.0,100.0,True,False
401677092,ESPN BET,TTU -3.5,3.5,-2.5,3.5,2.5,-3.5,52.5,59.5,52.5,145.0,-170.0,False,False
401677097,ESPN BET,MIA -5.5,-5.5,2.5,-5.5,-2.5,5.5,61.5,52.5,61.5,-215.0,180.0,True,False
401677093,ESPN BET,TA&M -3.5,-3.5,-1.0,-3.5,1.0,3.5,56.5,50.5,56.5,-170.0,145.0,True,False
401729867,ESPN BET,SYR -18.5,18.5,4.5,18.5,-4.5,-18.5,57.5,61.5,57.5,550.0,-900.0,False,False
401677099,ESPN BET,COLO -2.5,-2.5,0.0,-2.5,-0.0,2.5,53.5,53.5,53.5,-150.0,130.0,True,False
401677100,ESPN BET,ARMY -14.5,-14.5,-15.5,-14.5,15.5,14.5,44.5,43.5,44.5,-800.0,500.0,True,False
401677101,ESPN BET,MIZ -1.5,-1.5,-1.5,-1.5,1.5,1.5,41.5,41.5,41.5,-115.0,-105.0,True,False
401677102,ESPN BET,ALA -16.5,16.5,11.5,16.5,-11.5,-16.5,45.5,42.5,45.5,550.0,-900.0,False,False
401677103,ESPN BET,SC -9.5,9.5,10.5,9.5,-10.5,-9.5,49.5,47.5,49.5,260.0,-320.0,False,False
401677190,ESPN BET,WASH -1.5,-1.5,4.5,-1.5,-4.5,1.5,50.5,50.5,50.5,-120.0,100.0,True,False
401677104,ESPN BET,BAY -2.5,2.5,0.0,2.5,-0.0,-2.5,62.5,60.5,62.5,125.0,-145.0,False,False
401677181,ESPN BET,PSU -11.5,11.5,11.0,11.5,-11.0,-11.5,54.5,53.5,54.5,300.0,-400.0,False,False
401677183,ESPN BET,OSU -2.5,2.5,1.0,2.5,-1.0,-2.5,54.5,53.5,54.5,-110.0,-110.0,False,False
401677182,ESPN BET,TEX -13.5,13.5,12.5,13.5,-12.5,-13.5,52.5,51.5,52.5,360.0,-500.0,False,False
401677184,ESPN BET,ND -1.5,1.5,1.5,1.5,-1.5,-1.5,46.5,43.5,46.5,100.0,-120.0,False,False
401677106,ESPN BET,TXST -15.5,-15.5,-9.0,-15.5,9.0,15.5,66.5,67.5,66.5,-650.0,425.0,True,False
401677105,ESPN BET,MISS -14.5,-14.5,-12.0,-14.5,12.0,14.5,50.5,54.5,50.5,-1000.0,600.0,True,False
401677107,ESPN BET,MINN -10.5,10.5,4.5,10.5,-4.5,-10.5,43.5,42.5,43.5,300.0,-400.0,False,False
401677108,ESPN BET,BUF -3.5,3.5,-2.0,3.5,2.0,-3.5,50.5,51.5,50.5,150.0,-175.0,False,False
401677189,ESPN BET,PSU -1.5,-1.5,1.5,-1.5,-1.5,1.5,45.5,44.5,45.5,-120.0,100.0,True,False
401677191,ESPN BET,OSU -5.5,5.5,5.0,5.5,-5.0,-5.5,51.5,54.5,51.5,190.0,-225.0,False,False
401677192,ESPN BET,OSU -8.5,8.5,9.5,8.5,-9.5,-8.5,44.5,46.5,44.5,300.0,-400.0,False,False
401752799,ESPN BET,IOWA -39.5,-39.5,-37.5,-39.5,37.5,39.5,48.5,48.5,48.5,,,True,False
401754616,ESPN BET,UVA -13.5,-13.5,-3.5,-13.5,3.5,13.5,54.5,58.5,54.5,-550.0,380.0,True,False
401761590,ESPN BET,JMU -27.5,-27.5,-31.0,-27.5,31.0,27.5,54.5,54.5,54.5,-3000.0,1200.0,True,False
401752679,ESPN BET,VAN -38.5,-38.5,-36.0,-38.5,36.0,38.5,50.5,48.5,50.5,,,True,False
401757222,ESPN BET,MTSU -16.5,-16.5,-8.5,-16.5,8.5,16.5,53.5,53.5,53.5,-800.0,500.0,True,False
401757226,ESPN BET,WKU -27.5,-27.5,-27.5,-27.5,27.5,27.5,60.5,60.5,60.5,-4000.0,1300.0,True,False
401762434,ESPN BET,NAVY -42.5,-42.5,-41.5,-42.5,41.5,42.5,54.5,50.5,54.5,,,True,False
401761593,ESPN BET,USA -28.5,-28.5,-31.5,-28.5,31.5,28.5,50.5,51.5,50.5,-7500.0,2000.0,True,False
401761595,ESPN BET,TROY -16.5,-16.5,-22.5,-16.5,22.5,16.5,46.5,50.5,46.5,-900.0,550.0,True,False
401752798,ESPN BET,USC -36.5,-36.5,-35.5,-36.5,35.5,36.5,60.5,59.5,60.5,,,True,False
401757221,ESPN BET,LT -14.5,-14.5,-12.5,-14.5,12.5,14.5,50.5,49.5,50.5,-550.0,380.0,True,False
401757225,ESPN BET,USU -4.5,-4.5,-6.5,-4.5,6.5,4.5,58.5,61.5,58.5,-175.0,150.0,True,False
401762433,ESPN BET,MEM -30.5,-30.5,-28.5,-30.5,28.5,30.5,55.5,55.5,55.5,-10000.0,2500.0,True,False
401754520,ESPN BET,PITT -39.5,-39.5,-38.5,-39.5,38.5,39.5,58.5,55.5,58.5,,,True,False
401756853,ESPN BET,ISU -13.5,-13.5,-15.5,-13.5,15.5,13.5,47.5,46.5,47.5,-800.0,500.0,True,False
401752801,ESPN BET,PUR -16.5,-16.5,-18.5,-16.5,18.5,16.5,48.5,50.5,48.5,-800.0,500.0,True,False
401752667,ESPN BET,BAY -1.5,-1.5,2.5,-1.5,-2.5,1.5,56.5,57.5,56.5,-110.0,-110.0,True,False
401754375,ESPN BET,GT -3.5,3.5,4.5,3.5,-4.5,-3.5,50.5,52.5,50.5,145.0,-170.0,False,False
401766898,ESPN BET,FIU -26.5,-26.5,-30.5,-26.5,30.5,26.5,54.5,54.5,54.5,-5000.0,1500.0,True,False
401757224,ESPN BET,UNLV -8.5,8.5,10.5,8.5,-10.5,-8.5,60.5,62.5,60.5,250.0,-300.0,False,False
401760358,ESPN BET,SJSU -14.5,-14.5,-11.5,-14.5,11.5,14.5,51.5,50.5,51.5,-650.0,425.0,True,False
401752677,ESPN BET,OSU -1.5,-1.5,-2.5,-1.5,2.5,1.5,46.5,47.5,46.5,-125.0,105.0,True,False
401752807,ESPN BET,PSU -43.5,-43.5,-43.5,-43.5,43.5,43.5,54.5,56.5,54.5,,,True,False
401752671,ESPN BET,CLEM -5.5,-5.5,-3.5,-5.5,3.5,5.5,55.5,57.5,55.5,-200.0,170.0,True,False
401752669,ESPN BET,UGA -38.5,-38.5,-39.5,-38.5,39.5,38.5,51.5,55.5,51.5,,,True,False
401752803,ESPN BET,TULN -6.5,-6.5,-5.5,-6.5,5.5,6.5,45.5,46.5,45.5,-230.0,195.0,True,False
401752665,ESPN BET,ALA -13.5,13.5,13.5,13.5,-13.5,-13.5,46.5,50.5,46.5,450.0,-700.0,False,False
401752804,ESPN BET,ORE -28.5,-28.5,-25.5,-28.5,25.5,28.5,55.5,55.5,55.5,-10000.0,2500.0,True,False
401756877,ESPN BET,,,,,,,62.5,61.5,62.5,,,False,False
401752668,ESPN BET,FLA -46.5,-46.5,-45.5,-46.5,45.5,46.5,56.5,56.5,56.5,,,True,False
401756855,ESPN BET,KSU -27.5,-27.5,-38.5,-27.5,38.5,27.5,55.5,56.5,55.5,-20000.0,3000.0,True,False
401752675,ESPN BET,OU -38.5,-38.5,-35.5,-38.5,35.5,38.5,60.5,60.5,60.5,,,True,False
401752678,ESPN BET,TA&M -23.5,-23.5,-24.5,-23.5,24.5,23.5,59.5,57.5,59.5,-2500.0,1100.0,True,False
401752806,ESPN BET,IU -23.5,-23.5,-23.5,-23.5,23.5,23.5,53.5,54.5,53.5,-3000.0,1200.0,True,False
401752672,ESPN BET,MISS -33.5,-33.5,-35.5,-33.5,35.5,33.5,61.5,60.5,61.5,,,True,False
401752808,ESPN BET,MICH -34.5,-34.5,-34.5,-34.5,34.5,34.5,49.5,49.5,49.5,,,True,False
401752676,ESPN BET,TENN -13.5,-13.5,-13.5,-13.5,13.5,13.5,51.5,51.5,51.5,-650.0,425.0,True,False
401752673,ESPN BET,MSST -15.5,15.5,13.5,15.5,-13.5,-15.5,59.5,61.5,59.5,450.0,-700.0,False,False
401752797,ESPN BET,MD -13.5,-13.5,-14.5,-13.5,14.5,13.5,59.5,59.5,59.5,-550.0,380.0,True,False
401752936,ESPN BET,CAL -2.5,2.5,-1.5,2.5,1.5,-2.5,48.5,50.5,48.5,125.0,-145.0,False,False
401752680,ESPN BET,SC -7.5,-7.5,-7.5,-7.5,7.5,7.5,51.5,51.5,51.5,-240.0,200.0,True,False
401754522,ESPN BET,ND -2.5,2.5,2.5,2.5,-2.5,-2.5,50.5,50.5,50.5,125.0,-145.0,False,False
401752947,ESPN BET,WSU -16.5,-16.5,-9.0,-16.5,9.0,16.5,50.5,50.5,50.5,-750.0,475.0,True,False
401752805,ESPN BET,WASH -22.5,-22.5,-22.5,-22.5,22.5,22.5,51.5,54.5,51.5,-3000.0,1200.0,True,False
401752800,ESPN BET,UTAH -6.5,6.5,5.5,6.5,-5.5,-6.5,48.5,52.5,48.5,215.0,-260.0,False,False
401760361,ESPN BET,GASO -1.5,1.5,-1.5,1.5,1.5,-1.5,51.5,53.5,51.5,105.0,-125.0,False,False
401756849,ESPN BET,ARIZ -15.5,-15.5,-17.5,-15.5,17.5,15.5,55.5,52.5,55.5,-700.0,450.0,True,False
401762457,ESPN BET,TLSA -5.5,-5.5,-3.5,-5.5,3.5,5.5,59.5,63.5,59.5,-210.0,175.0,True,False
401762435,ESPN BET,UNT -27.5,-27.5,-30.0,-27.5,30.0,27.5,62.5,63.5,62.5,-4000.0,1300.0,True,False
401761594,ESPN BET,TXST -13.5,-13.5,-13.5,-13.5,13.5,13.5,56.5,58.5,56.5,-600.0,400.0,True,False
401761592,ESPN BET,UL -9.5,-9.5,-11.5,-9.5,11.5,9.5,48.5,47.5,48.5,-380.0,290.0,True,False
401756851,ESPN BET,BYU -44.5,-44.5,-34.5,-44.5,34.5,44.5,62.5,56.5,62.5,,,True,False
401754521,ESPN BET,SMU -50.5,-50.5,-49.5,-50.5,49.5,50.5,64.5,63.5,64.5,,,True,False
401756850,ESPN BET,ASU -29.5,-29.5,-31.0,-29.5,31.0,29.5,52.5,52.5,52.5,-7500.0,2000.0,True,False
401757223,ESPN BET,NMSU -19.5,-19.5,-19.5,-19.5,19.5,19.5,52.5,53.5,52.5,-1000.0,600.0,True,False
401754523,ESPN BET,TCU -3.5,3.5,2.5,3.5,-2.5,-3.5,54.5,58.5,54.5,150.0,-175.0,False,False
401752826,ESPN BET,MD -16.5,-16.5,-16.5,-16.5,16.5,16.5,44.5,48.5,44.5,-1000.0,600.0,True,False
401754528,ESPN BET,LOU -15.5,-15.5,-14.5,-15.5,14.5,15.5,56.5,57.5,56.5,-900.0,550.0,True,False
401752817,ESPN BET,NU -30.5,-30.5,-28.0,-30.5,28.0,30.5,48.5,51.5,48.5,-20000.0,3000.0,True,False
401752818,ESPN BET,RUTG -15.5,-15.5,-13.5,-15.5,13.5,15.5,45.5,48.5,45.5,-800.0,500.0,True,False
401762816,ESPN BET,MASS -16.5,-16.5,-14.0,-16.5,14.0,16.5,52.5,52.5,52.5,-750.0,475.0,True,False
401761602,ESPN BET,USM -13.5,-13.5,-14.5,-13.5,14.5,13.5,52.5,52.5,52.5,-600.0,400.0,True,False
401760365,ESPN BET,NEV -9.5,-9.5,-7.5,-9.5,7.5,9.5,55.5,54.5,55.5,-300.0,250.0,True,False
401752682,ESPN BET,ARK -24.5,-24.5,-23.5,-24.5,23.5,24.5,61.5,63.5,61.5,-3000.0,1200.0,True,False
401754530,ESPN BET,CAL -44.5,-44.5,-45.0,-44.5,45.0,44.5,54.5,53.5,54.5,,,True,False
401754620,ESPN BET,WAKE -17.5,-17.5,-20.0,-17.5,20.0,17.5,59.5,61.5,59.5,-1200.0,700.0,True,False
401762461,ESPN BET,UNT -12.5,12.5,10.5,12.5,-10.5,-12.5,56.5,60.5,56.5,360.0,-500.0,False,False
401756883,ESPN BET,WVU -3.5,3.5,3.5,3.5,-3.5,-3.5,58.5,60.5,58.5,150.0,-175.0,False,False
401752820,ESPN BET,WIS -28.5,-28.5,-28.5,-28.5,28.5,28.5,44.5,46.5,44.5,,,True,False
401762794,ESPN BET,BUF -37.5,-37.5,-36.5,-37.5,36.5,37.5,48.5,49.5,48.5,,,True,False
401757228,ESPN BET,MRSH -7.5,-7.5,-9.5,-7.5,9.5,7.5,53.5,56.5,53.5,-275.0,225.0,True,False
401762458,ESPN BET,NAVY -22.5,-22.5,-21.5,-22.5,21.5,22.5,58.5,59.5,58.5,-1800.0,900.0,True,False
401761603,ESPN BET,UTSA -4.5,-4.5,-4.5,-4.5,4.5,4.5,64.5,66.5,64.5,-195.0,165.0,True,False
401760367,ESPN BET,WYO -13.5,-13.5,-13.5,-13.5,13.5,13.5,45.5,47.5,45.5,-750.0,475.0,True,False
401761599,ESPN BET,ODU -21.5,-21.5,-20.0,-21.5,20.0,21.5,48.5,50.5,48.5,-2000.0,1000.0,True,False
401756886,ESPN BET,UCF -37,-37.0,-39.5,-37.0,39.5,37.0,51.5,49.5,51.5,,,True,False
401762460,ESPN BET,FAU -21.5,-21.5,-21.0,-21.5,21.0,21.5,50.5,45.5,50.5,-2000.0,1000.0,True,False
401761597,ESPN BET,CCU -27.5,-27.5,-28.5,-27.5,28.5,27.5,48.5,49.5,48.5,-7500.0,2000.0,True,False
401752819,ESPN BET,PUR -22.5,-22.5,-19.5,-22.5,19.5,22.5,52.5,51.5,52.5,-4000.0,1300.0,True,False
401752816,ESPN BET,MSU -3.5,-3.5,-3.5,-3.5,3.5,3.5,45.5,46.5,45.5,-165.0,140.0,True,False
401752814,ESPN BET,USC -28.5,-28.5,-27.5,-28.5,27.5,28.5,62.5,64.5,62.5,,,True,False
401752810,ESPN BET,NEB -33.5,-33.5,-33.5,-33.5,33.5,33.5,47.5,47.5,47.5,,,True,False
401752683,ESPN BET,AUB -42.5,-42.5,-42.5,-42.5,42.5,42.5,52.5,54.5,52.5,,,True,False
401762795,ESPN BET,EMU -21.5,-21.5,-23.5,-21.5,23.5,21.5,53.5,54.5,53.5,-2000.0,1000.0,True,False
401761601,ESPN BET,TULN -13.5,13.5,10.5,13.5,-10.5,-13.5,51.5,51.5,51.5,425.0,-650.0,False,False
401761598,ESPN BET,MEM -15.5,15.5,13.5,15.5,-13.5,-15.5,57.5,54.5,57.5,500.0,-800.0,False,False
401760364,ESPN BET,CSU -34.5,-34.5,-34.5,-34.5,34.5,34.5,52.5,52.5,52.5,-100000.0,4000.0,True,False
401757232,ESPN BET,TOL -7.5,-7.5,-6.5,-7.5,6.5,7.5,56.5,58.5,56.5,-290.0,240.0,True,False
401761596,ESPN BET,APP -29.5,-29.5,-31.5,-29.5,31.5,29.5,54.5,52.5,54.5,,,True,False
401756884,ESPN BET,HOU -13.5,13.5,12.5,13.5,-12.5,-13.5,38.5,40.5,38.5,450.0,-700.0,False,False
401756882,ESPN BET,KSU -16.5,-16.5,-17.5,-16.5,17.5,16.5,48.5,46.5,48.5,-800.0,500.0,True,False
401754527,ESPN BET,UNC -16.5,16.5,13.5,16.5,-13.5,-16.5,49.5,47.5,49.5,550.0,-900.0,False,False
401762459,ESPN BET,ECU -30.5,-30.5,-30.0,-30.5,30.0,30.5,55.5,52.5,55.5,-10000.0,2500.0,True,False
401756881,ESPN BET,COLO -23.5,-23.5,-24.5,-23.5,24.5,23.5,49.5,50.5,49.5,-2500.0,1100.0,True,False
401752695,ESPN BET,VT -2.5,-2.5,-1.5,-2.5,1.5,2.5,46.5,47.5,46.5,-130.0,110.0,True,False
401754622,ESPN BET,GT -37.5,-37.5,-37.5,-37.5,37.5,37.5,58.5,58.5,58.5,,,True,False
401752684,ESPN BET,FLA -18.5,-18.5,-16.5,-18.5,16.5,18.5,58.5,54.5,58.5,-1000.0,600.0,True,False
401752688,ESPN BET,ASU -5.5,5.5,6.5,5.5,-6.5,-5.5,58.5,59.5,58.5,175.0,-210.0,False,False
401752825,ESPN BET,ILL -2.5,2.5,3.5,2.5,-3.5,-2.5,49.5,50.5,49.5,115.0,-135.0,False,False
401752691,ESPN BET,SC -42.5,-42.5,-42.0,-42.5,42.0,42.5,54.5,52.5,54.5,,,True,False
401754637,ESPN BET,CLEM -29.5,-29.5,-31.5,-29.5,31.5,29.5,51.5,51.5,51.5,,,True,False
401752693,ESPN BET,TEX -36.5,-36.5,-35.5,-36.5,35.5,36.5,52.5,51.5,52.5,,,True,False
401754621,ESPN BET,FSU -43.5,-43.5,-44.5,-43.5,44.5,43.5,56.5,57.5,56.5,,,True,False
401752824,ESPN BET,ORE -28.5,-28.5,-27.5,-28.5,27.5,28.5,55.5,58.5,55.5,,,True,False
401752685,ESPN BET,UGA -46.5,-46.5,-48.5,-46.5,48.5,46.5,56.5,55.5,56.5,,,True,False
401752687,ESPN BET,LSU -36.5,-36.5,-32.5,-36.5,32.5,36.5,49.5,52.5,49.5,,,True,False
401752811,ESPN BET,PSU -41.5,-41.5,-41.5,-41.5,41.5,41.5,53.5,54.5,53.5,,,True,False
401752815,ESPN BET,OSU -51.5,-51.5,-55.5,-51.5,55.5,51.5,64.5,62.5,64.5,,,True,False
401760363,ESPN BET,BOIS -33.5,-33.5,-28.5,-33.5,28.5,33.5,60.5,55.5,60.5,-100000.0,4000.0,True,False
401756880,ESPN BET,CIN -21.5,-21.5,-20.5,-21.5,20.5,21.5,46.5,46.5,46.5,-2000.0,1000.0,True,False
401754641,ESPN BET,MIA -54.5,-54.5,-56.5,-54.5,56.5,54.5,64.5,64.5,64.5,,,True,False
401752822,ESPN BET,ISU -3.5,-3.5,-3.5,-3.5,3.5,3.5,43.5,42.5,43.5,-165.0,140.0,True,False
401752690,ESPN BET,OU -3.5,-3.5,-5.5,-3.5,5.5,3.5,44.5,45.5,44.5,-185.0,155.0,True,False
401752694,ESPN BET,TA&M -34.5,-34.5,-29.5,-34.5,29.5,34.5,57.5,55.5,57.5,,,True,False
401752937,ESPN BET,ORST -1.5,-1.5,-2.5,-1.5,2.5,1.5,44.5,48.5,44.5,-120.0,100.0,True,False
401752689,ESPN BET,MIZ -6.5,-6.5,-6.5,-6.5,6.5,6.5,49.5,50.5,49.5,-200.0,170.0,True,False
401760366,ESPN BET,UNM -17.5,-17.5,-17.0,-17.5,17.0,17.5,60.5,63.5,60.5,-900.0,550.0,True,False
401762462,ESPN BET,TEM -27.5,-27.5,-25.5,-27.5,25.5,27.5,45.5,46.5,45.5,-10000.0,2500.0,True,False
401757227,ESPN BET,LIB -6.5,6.5,5.5,6.5,-5.5,-6.5,50.5,52.5,50.5,180.0,-215.0,False,False
401754618,ESPN BET,SYR -7.5,-7.5,-7.5,-7.5,7.5,7.5,57.5,59.5,57.5,-275.0,225.0,True,False
401754525,ESPN BET,SMU -2.5,-2.5,-3.5,-2.5,3.5,2.5,65.5,65.5,65.5,-150.0,130.0,True,False
401754524,ESPN BET,NCSU -2.5,-2.5,-2.5,-2.5,2.5,2.5,52.5,54.5,52.5,-150.0,130.0,True,False
401754529,ESPN BET,PITT -21.5,-21.5,-21.5,-21.5,21.5,21.5,48.5,53.5,48.5,-2000.0,1000.0,True,False
401756887,ESPN BET,UTAH -42.5,-42.5,-42.0,-42.5,42.0,42.5,52.5,51.5,52.5,,,True,False
401756885,ESPN BET,TTU -47.5,-47.5,-48.5,-47.5,48.5,47.5,59.5,60.5,59.5,,,True,False
401752812,ESPN BET,IU -35.5,-35.5,-35.5,-35.5,35.5,35.5,51.5,50.5,51.5,,,True,False
401752692,ESPN BET,TENN -40.5,-40.5,-41.5,-40.5,41.5,40.5,58.5,56.5,58.5,,,True,False
401752681,ESPN BET,ALA -34.5,-34.5,-36.5,-34.5,36.5,34.5,50.5,50.5,50.5,,,True,False
401752686,ESPN BET,MISS -7.5,7.5,9.5,7.5,-9.5,-7.5,51.5,52.5,51.5,260.0,-320.0,False,False
401752813,ESPN BET,,,,,,,51.5,50.5,51.5,,,False,False
401754526,ESPN BET,BYU -20.5,-20.5,-17.5,-20.5,17.5,20.5,43.5,47.5,43.5,-1600.0,800.0,True,False
401757230,ESPN BET,HAW -7.5,-7.5,-8.5,-7.5,8.5,7.5,48.5,49.5,48.5,-275.0,225.0,True,False
401752821,ESPN BET,WASH -29.5,-29.5,-28.0,-29.5,28.0,29.5,54.5,53.5,54.5,-7500.0,2000.0,True,False
401752948,ESPN BET,WSU -2.5,-2.5,-1.5,-2.5,1.5,2.5,46.5,45.5,46.5,-125.0,105.0,True,False
401757229,ESPN BET,TLSA -3.5,3.5,3.5,3.5,-3.5,-3.5,53.5,52.5,53.5,135.0,-155.0,False,False
401757231,ESPN BET,UTEP -7.5,-7.5,-5.0,-7.5,5.0,7.5,49.5,51.5,49.5,-260.0,215.0,True,False
401756879,ESPN BET,ARIZ -31.5,-31.5,-32.5,-31.5,32.5,31.5,56.5,56.5,56.5,-10000.0,2500.0,True,False
401761600,ESPN BET,UL -19.5,-19.5,-20.0,-19.5,20.0,19.5,49.5,51.5,49.5,-1600.0,800.0,True,False
401752823,ESPN BET,UCLA -2.5,2.5,3.5,2.5,-3.5,-2.5,54.5,55.5,54.5,115.0,-135.0,False,False
401754531,ESPN BET,NCSU -7.5,7.5,7.5,7.5,-7.5,-7.5,52.5,56.5,52.5,230.0,-280.0,False,False
401752836,ESPN BET,,,,,,,60.5,59.5,60.5,,,False,False
401754532,ESPN BET,SYR -37.5,-37.5,-37.5,-37.5,37.5,37.5,64.5,66.5,64.5,-50000.0,3500.0,True,False
401756893,ESPN BET,HOU -3.5,-3.5,-3.5,-3.5,3.5,3.5,45.5,43.5,45.5,-190.0,160.0,True,False
401757256,ESPN BET,LIB -6.5,6.5,7.5,6.5,-7.5,-6.5,51.5,51.5,51.5,190.0,-225.0,False,False
401762819,ESPN BET,TOL -33.5,-33.5,-33.5,-33.5,33.5,33.5,54.5,51.5,54.5,-50000.0,3500.0,True,False
401762467,ESPN BET,UTSA -21.5,-21.5,-16.5,-21.5,16.5,21.5,62.5,61.5,62.5,-1400.0,750.0,True,False
401756892,ESPN BET,,,,,,,56.5,52.5,56.5,,,False,False
401752949,ESPN BET,UNT -6.5,-6.5,-5.5,-6.5,5.5,6.5,58.5,58.5,58.5,-270.0,220.0,True,False
401754638,ESPN BET,PITT -6.5,6.5,5.5,6.5,-5.5,-6.5,54.5,57.5,54.5,240.0,-290.0,False,False
401754615,ESPN BET,SMU -28.5,28.5,27.5,28.5,-27.5,-28.5,59.5,61.5,59.5,1800.0,-6000.0,False,False
401757258,ESPN BET,NEV -9.5,-9.5,-8.5,-9.5,8.5,9.5,49.5,47.5,49.5,-340.0,270.0,True,False
401752834,ESPN BET,MSU -27.5,-27.5,-23.5,-27.5,23.5,27.5,56.5,52.5,56.5,-4000.0,1300.0,True,False
401752833,ESPN BET,RUTG -45.5,-45.5,-42.5,-45.5,42.5,45.5,55.5,51.5,55.5,,,True,False
401754639,ESPN BET,UNC -24.5,-24.5,-23.5,-24.5,23.5,24.5,47.5,46.5,47.5,-4000.0,1300.0,True,False
401752701,ESPN BET,,,,,,,54.5,52.5,54.5,,,False,False
401752832,ESPN BET,USC -20.5,20.5,21.5,20.5,-21.5,-20.5,59.5,59.5,59.5,900.0,-1800.0,False,False
401761606,ESPN BET,MRSH -17.5,-17.5,-16.5,-17.5,16.5,17.5,51.5,50.5,51.5,-600.0,400.0,True,False
401762464,ESPN BET,CLT -2.5,-2.5,-3.5,-2.5,3.5,2.5,65.5,68.5,65.5,-130.0,110.0,True,False
401754536,ESPN BET,VT -5.5,-5.5,-6.5,-5.5,6.5,5.5,50.5,51.5,50.5,-225.0,190.0,True,False
401757234,ESPN BET,GASO -3.5,-3.5,-3.5,-3.5,3.5,3.5,57.5,57.5,57.5,-165.0,140.0,True,False
401761605,ESPN BET,GAST -31.5,-31.5,-31.5,-31.5,31.5,31.5,63.5,63.5,63.5,,,True,False
401761604,ESPN BET,ECU -7.5,7.5,6.5,7.5,-6.5,-7.5,56.5,55.5,56.5,220.0,-270.0,False,False
401761607,ESPN BET,APP -2.5,2.5,-2.5,2.5,2.5,-2.5,56.5,53.5,56.5,125.0,-145.0,False,False
401762466,ESPN BET,RICE -29.5,-29.5,-28.0,-29.5,28.0,29.5,48.5,48.5,48.5,-10000.0,2500.0,True,False
401752698,ESPN BET,UK -26.5,-26.5,-25.5,-26.5,25.5,26.5,50.5,48.5,50.5,-3000.0,1200.0,True,False
401752830,ESPN BET,IOWA -35.5,-35.5,-35.5,-35.5,35.5,35.5,44.5,43.5,44.5,,,True,False
401757257,ESPN BET,LT -10.5,-10.5,-12.5,-10.5,12.5,10.5,42.5,46.5,42.5,-380.0,290.0,True,False
401757168,ESPN BET,CONN -9.5,9.5,10.5,9.5,-10.5,-9.5,51.5,52.5,51.5,290.0,-380.0,False,False
401757235,ESPN BET,KENN -17.5,-17.5,-9.5,-17.5,9.5,17.5,44.5,44.5,44.5,-1000.0,600.0,True,False
401762818,ESPN BET,BALL -2.5,-2.5,2.5,-2.5,-2.5,2.5,46.5,47.5,46.5,-135.0,115.0,True,False
401752831,ESPN BET,ORE -24.5,24.5,27.5,24.5,-27.5,-24.5,50.5,50.5,50.5,1100.0,-2500.0,False,False
401761608,ESPN BET,MEM -4.5,4.5,6.5,4.5,-6.5,-4.5,51.5,50.5,51.5,165.0,-195.0,False,False
401756888,ESPN BET,KSU -1.5,1.5,1.5,1.5,-1.5,-1.5,56.5,54.5,56.5,-105.0,-115.0,False,False
401752837,ESPN BET,UCLA -15.5,-15.5,-14.5,-15.5,14.5,15.5,52.5,52.5,52.5,-700.0,450.0,True,False
401752827,ESPN BET,OSU -28.5,-28.5,-31.5,-28.5,31.5,28.5,49.5,52.5,49.5,,,True,False
401752835,ESPN BET,PSU -47.5,-47.5,-48.5,-47.5,48.5,47.5,56.5,55.5,56.5,,,True,False
401752699,ESPN BET,LSU -5.5,-5.5,-8.5,-5.5,8.5,5.5,47.5,50.5,47.5,-230.0,195.0,True,False
401754535,ESPN BET,MIA -17.5,-17.5,-15.5,-17.5,15.5,17.5,56.5,54.5,56.5,-800.0,500.0,True,False
401752705,ESPN BET,UGA -3.5,3.5,6.5,3.5,-6.5,-3.5,50.5,49.5,50.5,135.0,-155.0,False,False
401752706,ESPN BET,TEX -40.5,-40.5,-36.5,-40.5,36.5,40.5,52.5,54.5,52.5,,,True,False
401752707,ESPN BET,ND -7.5,-7.5,-9.5,-7.5,9.5,7.5,48.5,49.5,48.5,-290.0,240.0,True,False
401752829,ESPN BET,ILL -27.5,-27.5,-27.5,-27.5,27.5,27.5,50.5,50.5,50.5,-5000.0,1500.0,True,False
401762817,ESPN BET,BUF -24.5,24.5,22.5,24.5,-22.5,-24.5,47.5,48.5,47.5,1500.0,-5000.0,False,False
401754623,ESPN BET,CLEM -2.5,2.5,6.5,2.5,-6.5,-2.5,49.5,52.5,49.5,130.0,-150.0,False,False
401752704,ESPN BET,SC -2.5,-2.5,-5.5,-2.5,5.5,2.5,48.5,47.5,48.5,-145.0,125.0,True,False
401756890,ESPN BET,ISU -20.5,20.5,21.5,20.5,-21.5,-20.5,55.5,54.5,55.5,1100.0,-2500.0,False,False
401756891,ESPN BET,BAY -52.5,-52.5,-47.5,-52.5,47.5,52.5,64.5,58.5,64.5,,,True,False
401754619,ESPN BET,UVA -29.5,-29.5,-26.5,-29.5,26.5,29.5,52.5,51.5,52.5,-10000.0,2500.0,True,False
401752838,ESPN BET,MD -28.5,-28.5,-28.0,-28.5,28.0,28.5,53.5,50.5,53.5,-7500.0,2000.0,True,False
401752703,ESPN BET,OU -24.5,24.5,25.5,24.5,-25.5,-24.5,51.5,51.5,51.5,1250.0,-3000.0,False,False
401752702,ESPN BET,MIZ -27.5,-27.5,-22.5,-27.5,22.5,27.5,46.5,50.5,46.5,-5000.0,1500.0,True,False
401752828,ESPN BET,NEB -46.5,-46.5,-42.5,-46.5,42.5,46.5,57.5,54.5,57.5,,,True,False
401752839,ESPN BET,MICH -27.5,-27.5,-27.5,-27.5,27.5,27.5,42.5,42.5,42.5,-4000.0,1300.0,True,False
401752938,ESPN BET,TTU -23.5,-23.5,-24.5,-23.5,24.5,23.5,61.5,60.5,61.5,-2500.0,1100.0,True,False
401752696,ESPN BET,ALA -18.5,-18.5,-19.5,-18.5,19.5,18.5,45.5,46.5,45.5,-1400.0,750.0,True,False
401752700,ESPN BET,MISS -4.5,-4.5,-8.5,-4.5,8.5,4.5,60.5,60.5,60.5,-170.0,145.0,True,False
401752697,ESPN BET,AUB -26.5,-26.5,-25.5,-26.5,25.5,26.5,55.5,53.5,55.5,-5000.0,1500.0,True,False
401756889,ESPN BET,ASU -18.5,-18.5,-14.5,-18.5,14.5,18.5,61.5,58.5,61.5,-1000.0,600.0,True,False
401760370,ESPN BET,HAW -36.5,-36.5,-38.5,-36.5,38.5,36.5,54.5,52.5,54.5,-100000.0,4000.0,True,False
401754533,ESPN BET,BC -13.5,13.5,11.5,13.5,-11.5,-13.5,46.5,44.5,46.5,450.0,-700.0,False,False
401752840,ESPN BET,MINN -3.5,3.5,2.5,3.5,-2.5,-3.5,39.5,43.5,39.5,140.0,-165.0,False,False
401760369,ESPN BET,FRES -35.5,-35.5,-35.5,-35.5,35.5,35.5,50.5,48.5,50.5,,,True,False
401760368,ESPN BET,AF -3.5,3.5,4.5,3.5,-4.5,-3.5,51.5,50.5,51.5,155.0,-185.0,False,False
401757233,ESPN BET,FIU -1.5,-1.5,-4.5,-1.5,4.5,1.5,56.5,54.5,56.5,-130.0,110.0,True,False
401762465,ESPN BET,NAVY -13.5,13.5,14.5,13.5,-14.5,-13.5,53.5,53.5,53.5,400.0,-600.0,False,False
401756895,ESPN BET,UTAH -24.5,24.5,22.5,24.5,-22.5,-24.5,47.5,48.5,47.5,1300.0,-4000.0,False,False
401762463,ESPN BET,UAB -13.5,-13.5,-11.5,-13.5,11.5,13.5,59.5,53.5,59.5,-550.0,380.0,True,False
401756894,ESPN BET,TCU -41.5,-41.5,-37.5,-41.5,37.5,41.5,58.5,56.5,58.5,,,True,False
401754534,ESPN BET,DUKE -1.5,1.5,-2.5,1.5,2.5,-1.5,53.5,52.5,53.5,-110.0,-110.0,False,False
401762468,ESPN BET,RICE -1.5,1.5,5.5,1.5,-5.5,-1.5,41.5,44.5,41.5,110.0,-130.0,False,False
401756900,ESPN BET,OKST -10.5,-10.5,-13.5,-10.5,13.5,10.5,54.5,55.5,54.5,-425.0,320.0,True,False
401757169,ESPN BET,CONN -20.5,-20.5,-20.5,-20.5,20.5,20.5,53.5,51.5,53.5,-1800.0,900.0,True,False
401757262,ESPN BET,JMU -7.5,7.5,11.5,7.5,-11.5,-7.5,46.5,49.5,46.5,240.0,-290.0,False,False
401761610,ESPN BET,UL -1.5,1.5,2.5,1.5,-2.5,-1.5,51.5,51.5,51.5,110.0,-130.0,False,False
401761613,ESPN BET,BUF -6.5,-6.5,-7.5,-6.5,7.5,6.5,43.5,42.5,43.5,-215.0,180.0,True,False
401762820,ESPN BET,TOL -11.5,11.5,13.5,11.5,-13.5,-11.5,48.5,52.5,48.5,380.0,-550.0,False,False
401762823,ESPN BET,OHIO -29.5,-29.5,-25.5,-29.5,25.5,29.5,54.5,51.5,54.5,-7500.0,2000.0,True,False
401754538,ESPN BET,DUKE -3.5,-3.5,-2.5,-3.5,2.5,3.5,57.5,58.5,57.5,-150.0,130.0,True,False
401752712,ESPN BET,MSST -24.5,-24.5,-22.5,-24.5,22.5,24.5,48.5,49.5,48.5,-4000.0,1300.0,True,False
401760375,ESPN BET,SJSU -13.5,-13.5,-14.5,-13.5,14.5,13.5,51.5,50.5,51.5,-650.0,425.0,True,False
401756899,ESPN BET,KU -13.5,-13.5,-12.5,-13.5,12.5,13.5,54.5,54.5,54.5,-550.0,380.0,True,False
401757259,ESPN BET,FIU -5.5,-5.5,-4.5,-5.5,4.5,5.5,54.5,59.5,54.5,-195.0,165.0,True,False
401757261,ESPN BET,ARST -4.5,4.5,7.5,4.5,-7.5,-4.5,58.5,54.5,58.5,160.0,-190.0,False,False
401757264,ESPN BET,MRSH -2.5,2.5,3.5,2.5,-3.5,-2.5,45.5,47.5,45.5,115.0,-135.0,False,False
401754640,ESPN BET,UCF -7.5,-7.5,-6.5,-7.5,6.5,7.5,45.5,50.5,45.5,-280.0,230.0,True,False
401757265,ESPN BET,MOST -14.5,-14.5,-14.0,-14.5,14.0,14.5,54.5,52.5,54.5,,,True,False
401757268,ESPN BET,WKU -7.5,-7.5,-10.5,-7.5,10.5,7.5,54.5,55.5,54.5,-290.0,240.0,True,False
401760372,ESPN BET,BOIS -11.5,11.5,8.5,11.5,-8.5,-11.5,51.5,52.5,51.5,320.0,-425.0,False,False
401761609,ESPN BET,GASO -20.5,-20.5,-24.0,-20.5,24.0,20.5,57.5,55.5,57.5,-1400.0,750.0,True,False
401761611,ESPN BET,USA -14.5,-14.5,-14.5,-14.5,14.5,14.5,52.5,51.5,52.5,-700.0,450.0,True,False
401752842,ESPN BET,WASH -20.5,20.5,20.5,20.5,-20.5,-20.5,52.5,53.5,52.5,900.0,-1800.0,False,False
401754539,ESPN BET,UVA -16.5,-16.5,-16.5,-16.5,16.5,16.5,49.5,49.5,49.5,-800.0,500.0,True,False
401756896,ESPN BET,BAY -1.5,-1.5,-2.5,-1.5,2.5,1.5,61.5,58.5,61.5,-125.0,105.0,True,False
401756898,ESPN BET,BYU -5.5,5.5,7.5,5.5,-7.5,-5.5,49.5,48.5,49.5,175.0,-210.0,False,False
401757263,ESPN BET,LT -3.5,-3.5,-1.5,-3.5,1.5,3.5,50.5,51.5,50.5,-150.0,130.0,True,False
401757260,ESPN BET,JXST -35.5,-35.5,-35.5,-35.5,35.5,35.5,60.5,60.5,60.5,-100000.0,4000.0,True,False
401762822,ESPN BET,CMU -30.5,-30.5,-28.5,-30.5,28.5,30.5,46.5,45.5,46.5,-20000.0,3000.0,True,False
401762821,ESPN BET,AKR -10.5,-10.5,-7.0,-10.5,7.0,10.5,51.5,51.5,51.5,-400.0,300.0,True,False
401762469,ESPN BET,UNT -2.5,2.5,-1.5,2.5,1.5,-2.5,50.5,53.5,50.5,115.0,-135.0,False,False
401754541,ESPN BET,FSU -45.5,-45.5,-42.5,-45.5,42.5,45.5,56.5,56.5,56.5,,,True,False
401752710,ESPN BET,LSU -48.5,-48.5,-38.5,-48.5,38.5,48.5,60.5,51.5,60.5,,,True,False
401752843,ESPN BET,IU -7.5,-7.5,-4.5,-7.5,4.5,7.5,50.5,52.5,50.5,-275.0,225.0,True,False
401752714,ESPN BET,OU -6.5,-6.5,-6.5,-6.5,6.5,6.5,47.5,49.5,47.5,-240.0,200.0,True,False
401752711,ESPN BET,MISS -11.5,-11.5,-12.5,-11.5,12.5,11.5,61.5,61.5,61.5,-425.0,320.0,True,False
401752715,ESPN BET,TENN -38.5,-38.5,-37.5,-38.5,37.5,38.5,68.5,68.5,68.5,,,True,False
401756901,ESPN BET,UTAH -3.5,-3.5,-4.5,-3.5,4.5,3.5,58.5,56.5,58.5,-165.0,140.0,True,False
401754542,ESPN BET,GT -24.5,-24.5,-23.5,-24.5,23.5,24.5,52.5,53.5,52.5,-2500.0,1100.0,True,False
401762470,ESPN BET,USF -35.5,-35.5,-28.5,-35.5,28.5,35.5,58.5,56.5,58.5,-100000.0,4000.0,True,False
401752716,ESPN BET,VAN -26.5,-26.5,-26.5,-26.5,26.5,26.5,52.5,53.5,52.5,-5000.0,1500.0,True,False
401752846,ESPN BET,MICH -1.5,1.5,2.5,1.5,-2.5,-1.5,48.5,44.5,48.5,100.0,-120.0,False,False
401752713,ESPN BET,MIZ -10.5,-10.5,-11.5,-10.5,11.5,10.5,48.5,45.5,48.5,-380.0,290.0,True,False
401752848,ESPN BET,ND -24.5,-24.5,-26.5,-24.5,26.5,24.5,51.5,52.5,51.5,-3000.0,1200.0,True,False
401752844,ESPN BET,IOWA -2.5,2.5,2.5,2.5,-2.5,-2.5,46.5,46.5,46.5,110.0,-130.0,False,False
401752708,ESPN BET,ARK -7.5,7.5,6.5,7.5,-6.5,-7.5,59.5,61.5,59.5,230.0,-280.0,False,False
401752845,ESPN BET,WIS -10.5,-10.5,-6.5,-10.5,6.5,10.5,44.5,43.5,44.5,-400.0,300.0,True,False
401754537,ESPN BET,CLEM -17.5,-17.5,-16.5,-17.5,16.5,17.5,53.5,55.5,53.5,-900.0,550.0,True,False
401754617,ESPN BET,,,,,,,51.5,48.5,51.5,,,False,False
401754636,ESPN BET,TCU -6.5,-6.5,-6.5,-6.5,6.5,6.5,63.5,63.5,63.5,-215.0,180.0,True,False
401754642,ESPN BET,LOU -25.5,-25.5,-27.5,-25.5,27.5,25.5,50.5,52.5,50.5,-5000.0,1500.0,True,False
401760376,ESPN BET,UNLV -1.5,1.5,3.5,1.5,-3.5,-1.5,49.5,48.5,49.5,110.0,-130.0,False,False
401752841,ESPN BET,ORE -34.5,-34.5,-34.5,-34.5,34.5,34.5,58.5,56.5,58.5,,,True,False
401752709,ESPN BET,MIA -8.5,-8.5,-9.5,-8.5,9.5,8.5,51.5,52.5,51.5,-340.0,270.0,True,False
401754540,ESPN BET,CAL -13.5,13.5,13.5,13.5,-13.5,-13.5,45.5,49.5,45.5,400.0,-600.0,False,False
401760374,ESPN BET,FRES -2.5,2.5,3.5,2.5,-3.5,-2.5,47.5,47.5,47.5,115.0,-135.0,False,False
401756897,ESPN BET,COLO -12.5,-12.5,-13.5,-12.5,13.5,12.5,45.5,44.5,45.5,-500.0,360.0,True,False
401757267,ESPN BET,UTEP -5.5,-5.5,-4.5,-5.5,4.5,5.5,46.5,46.5,46.5,-215.0,180.0,True,False
401760373,ESPN BET,UTSA -5.5,5.5,3.5,5.5,-3.5,-5.5,58.5,58.5,58.5,180.0,-215.0,False,False
401760377,ESPN BET,USU -23.5,-23.5,-23.5,-23.5,23.5,23.5,62.5,61.5,62.5,-1800.0,900.0,True,False
401752723,ESPN BET,TEX -39.5,-39.5,-40.5,-39.5,40.5,39.5,51.5,51.5,51.5,,,True,False
401761612,ESPN BET,TXST -32.5,-32.5,-29.0,-32.5,29.0,32.5,56.5,54.5,56.5,-20000.0,3000.0,True,False
401752847,ESPN BET,USC -18.5,-18.5,-15.5,-18.5,15.5,18.5,55.5,56.5,55.5,-1600.0,800.0,True,False
401762471,ESPN BET,ECU -3.5,-3.5,-3.5,-3.5,3.5,3.5,52.5,53.5,52.5,-165.0,140.0,True,False
401754543,ESPN BET,FSU -6.5,6.5,7.5,6.5,-7.5,-6.5,60.5,51.5,60.5,225.0,-275.0,False,False
401757274,ESPN BET,UNM -17.5,-17.5,-13.5,-17.5,13.5,17.5,53.5,54.5,53.5,-1000.0,600.0,True,False
401762827,ESPN BET,M-OH -22.5,-22.5,-20.5,-22.5,20.5,22.5,49.5,50.5,49.5,-2500.0,1100.0,True,False
401762824,ESPN BET,TOL -22.5,-22.5,-21.5,-22.5,21.5,22.5,49.5,48.5,49.5,-3000.0,1200.0,True,False
401762473,ESPN BET,NAVY -14.5,-14.5,-14.5,-14.5,14.5,14.5,45.5,45.5,45.5,-800.0,500.0,True,False
401757170,ESPN BET,CONN -2.5,2.5,2.5,2.5,-2.5,-2.5,51.5,51.5,51.5,125.0,-145.0,False,False
401760378,ESPN BET,AF -6.5,-6.5,-4.5,-6.5,4.5,6.5,52.5,53.5,52.5,-260.0,215.0,True,False
401756908,ESPN BET,UTAH -12.5,12.5,9.5,12.5,-9.5,-12.5,46.5,49.5,46.5,360.0,-500.0,False,False
401756907,ESPN BET,BAY -21.5,21.5,20.5,21.5,-20.5,-21.5,58.5,59.5,58.5,900.0,-1800.0,False,False
401754544,ESPN BET,BC -6.5,-6.5,-6.5,-6.5,6.5,6.5,54.5,52.5,54.5,-215.0,180.0,True,False
401760380,ESPN BET,SDSU -1.5,1.5,2.5,1.5,-2.5,-1.5,42.5,43.5,42.5,100.0,-120.0,False,False
401762474,ESPN BET,TULN -14.5,14.5,13.5,14.5,-13.5,-14.5,52.5,53.5,52.5,500.0,-800.0,False,False
401762828,ESPN BET,WMU -8.5,-8.5,-7.5,-8.5,7.5,8.5,44.5,46.5,44.5,-300.0,250.0,True,False
401757271,ESPN BET,ODU -14.5,-14.5,-15.5,-14.5,15.5,14.5,53.5,52.5,53.5,-800.0,500.0,True,False
401754548,ESPN BET,NCSU -10.5,-10.5,-10.5,-10.5,10.5,10.5,56.5,58.5,56.5,-425.0,320.0,True,False
401757269,ESPN BET,USM -5.5,-5.5,-4.5,-5.5,4.5,5.5,55.5,57.5,55.5,-210.0,175.0,True,False
401757273,ESPN BET,WKU -3.5,3.5,5.5,3.5,-5.5,-3.5,59.5,60.5,59.5,150.0,-175.0,False,False
401762472,ESPN BET,MEM -13.5,13.5,13.5,13.5,-13.5,-13.5,62.5,61.5,62.5,400.0,-600.0,False,False
401752950,ESPN BET,CSU -6.5,-6.5,-4.5,-6.5,4.5,6.5,48.5,50.5,48.5,-200.0,170.0,True,False
401754549,ESPN BET,STAN -3.5,-3.5,-2.5,-3.5,2.5,3.5,49.5,49.5,49.5,-150.0,130.0,True,False
401760379,ESPN BET,BOIS -17.5,-17.5,-16.5,-17.5,16.5,17.5,59.5,61.5,59.5,-900.0,550.0,True,False
401752722,ESPN BET,SC -6.5,-6.5,-6.5,-6.5,6.5,6.5,46.5,47.5,46.5,-225.0,190.0,True,False
401752851,ESPN BET,NU -6.5,-6.5,-6.5,-6.5,6.5,6.5,46.5,45.5,46.5,-215.0,180.0,True,False
401757270,ESPN BET,KENN -7.5,-7.5,-6.5,-7.5,6.5,7.5,54.5,52.5,54.5,-270.0,220.0,True,False
401761616,ESPN BET,ULM -1.5,-1.5,-3.5,-1.5,3.5,1.5,55.5,55.5,55.5,-125.0,105.0,True,False
401754545,ESPN BET,DUKE -3.5,3.5,5.5,3.5,-5.5,-3.5,59.5,58.5,59.5,150.0,-175.0,False,False
401762826,ESPN BET,CMU -3.5,-3.5,-5.5,-3.5,5.5,3.5,55.5,54.5,55.5,-155.0,135.0,True,False
401752852,ESPN BET,OSU -9.5,9.5,13.5,9.5,-13.5,-9.5,52.5,48.5,52.5,290.0,-380.0,False,False
401752854,ESPN BET,PSU -4.5,-4.5,-3.5,-4.5,3.5,4.5,52.5,53.5,52.5,-190.0,160.0,True,False
401752719,ESPN BET,MISS -3.5,-3.5,1.5,-3.5,-1.5,3.5,58.5,56.5,58.5,-145.0,125.0,True,False
401752718,ESPN BET,UGA -2.5,-2.5,-3.5,-2.5,3.5,2.5,52.5,53.5,52.5,-145.0,125.0,True,False
401752724,ESPN BET,TA&M -6.5,-6.5,-6.5,-6.5,6.5,6.5,51.5,46.5,51.5,-225.0,190.0,True,False
401752853,ESPN BET,IU -8.5,8.5,3.5,8.5,-3.5,-8.5,47.5,48.5,47.5,260.0,-320.0,False,False
401756904,ESPN BET,ISU -4.5,-4.5,-7.5,-4.5,7.5,4.5,48.5,49.5,48.5,-190.0,160.0,True,False
401752720,ESPN BET,TENN -7.5,7.5,9.5,7.5,-9.5,-7.5,63.5,61.5,63.5,240.0,-290.0,False,False
401754546,ESPN BET,GT -11.5,11.5,14.5,11.5,-14.5,-11.5,53.5,53.5,53.5,360.0,-500.0,False,False
401752725,ESPN BET,VAN -24.5,-24.5,-21.5,-24.5,21.5,24.5,58.5,59.5,58.5,-4000.0,1300.0,True,False
401752721,ESPN BET,MIZ -44.5,-44.5,-43.5,-44.5,43.5,44.5,56.5,55.5,56.5,,,True,False
401752850,ESPN BET,USC -6.5,6.5,1.5,6.5,-1.5,-6.5,62.5,56.5,62.5,200.0,-240.0,False,False
401752717,ESPN BET,ND -5.5,5.5,6.5,5.5,-6.5,-5.5,62.5,58.5,62.5,170.0,-200.0,False,False
401752849,ESPN BET,MINN -3.5,-3.5,-3.5,-3.5,3.5,3.5,51.5,51.5,51.5,-175.0,150.0,True,False
401761614,ESPN BET,JMU -16.5,-16.5,-16.5,-16.5,16.5,16.5,54.5,53.5,54.5,-750.0,475.0,True,False
401754547,ESPN BET,LOU -3.5,3.5,3.5,3.5,-3.5,-3.5,52.5,55.5,52.5,125.0,-145.0,False,False
401756905,ESPN BET,KU -4.5,-4.5,-5.5,-4.5,5.5,4.5,57.5,54.5,57.5,-200.0,170.0,True,False
401756906,ESPN BET,KSU -5.5,-5.5,-6.5,-5.5,6.5,5.5,48.5,50.5,48.5,-215.0,180.0,True,False
401761617,ESPN BET,UNT -11.5,-11.5,-12.5,-11.5,12.5,11.5,63.5,63.5,63.5,-450.0,340.0,True,False
401762825,ESPN BET,OHIO -7.5,-7.5,-10.5,-7.5,10.5,7.5,49.5,50.5,49.5,-300.0,250.0,True,False
401752939,ESPN BET,HOU -11.5,11.5,10.5,11.5,-10.5,-11.5,48.5,48.5,48.5,360.0,-500.0,False,False
401756902,ESPN BET,ASU -2.5,-2.5,-1.5,-2.5,1.5,2.5,54.5,56.5,54.5,-145.0,125.0,True,False
401761615,ESPN BET,MRSH -1.5,1.5,-2.5,1.5,2.5,-1.5,48.5,46.5,48.5,100.0,-120.0,False,False
401757272,ESPN BET,LT -3.5,3.5,3.5,3.5,-3.5,-3.5,47.5,48.5,47.5,135.0,-155.0,False,False
401756903,ESPN BET,BYU -6.5,6.5,6.5,6.5,-6.5,-6.5,48.5,47.5,48.5,200.0,-240.0,False,False
401757275,ESPN BET,SHSU -1.5,1.5,1.5,1.5,-1.5,-1.5,53.5,51.5,53.5,105.0,-125.0,False,False
401757276,ESPN BET,DEL -2.5,-2.5,-2.5,-2.5,2.5,2.5,63.5,62.5,63.5,-150.0,130.0,True,False
401762475,ESPN BET,USF -28.5,-28.5,-28.5,-28.5,28.5,28.5,54.5,54.5,54.5,-7500.0,2000.0,True,False
401762479,ESPN BET,UTSA -6.5,6.5,6.5,6.5,-6.5,-6.5,57.5,58.5,57.5,195.0,-230.0,False,False
401754557,ESPN BET,NCSU -41.5,-41.5,-42.5,-41.5,42.5,41.5,60.5,61.5,60.5,,,True,False
401762832,ESPN BET,WMU -12.5,12.5,12.5,12.5,-12.5,-12.5,45.5,45.5,45.5,320.0,-425.0,False,False
401756910,ESPN BET,ARIZ -23.5,-23.5,-18.5,-23.5,18.5,23.5,56.5,56.5,56.5,-3000.0,1200.0,True,False
401752857,ESPN BET,WASH -5.5,5.5,5.5,5.5,-5.5,-5.5,53.5,52.5,53.5,180.0,-215.0,False,False
401752858,ESPN BET,NU -13.5,-13.5,-10.5,-13.5,10.5,13.5,43.5,40.5,43.5,-600.0,400.0,True,False
401752940,ESPN BET,APP -2.5,-2.5,1.5,-2.5,-1.5,2.5,54.5,55.5,54.5,-125.0,105.0,True,False
401754555,ESPN BET,SMU -17.5,-17.5,-16.5,-17.5,16.5,17.5,56.5,58.5,56.5,-1000.0,600.0,True,False
401757171,ESPN BET,CONN -6.5,-6.5,-7.5,-6.5,7.5,6.5,51.5,54.5,51.5,-270.0,220.0,True,False
401761618,ESPN BET,JMU -18.5,18.5,19.5,18.5,-19.5,-18.5,52.5,54.5,52.5,800.0,-1600.0,False,False
401762831,ESPN BET,BUF -9.5,-9.5,-9.5,-9.5,9.5,9.5,53.5,49.5,53.5,-320.0,260.0,True,False
401756915,ESPN BET,KU -3.5,3.5,4.5,3.5,-4.5,-3.5,52.5,56.5,52.5,155.0,-185.0,False,False
401762873,ESPN BET,M-OH -4.5,4.5,3.5,4.5,-3.5,-4.5,39.5,38.5,39.5,160.0,-190.0,False,False
401752860,ESPN BET,NEB -12.5,-12.5,-10.5,-12.5,10.5,12.5,49.5,53.5,49.5,-450.0,340.0,True,False
401761620,ESPN BET,TXST -14.5,14.5,12.5,14.5,-12.5,-14.5,63.5,64.5,63.5,425.0,-650.0,False,False
401761619,ESPN BET,ODU -18.5,-18.5,-17.5,-18.5,17.5,18.5,53.5,55.5,53.5,-900.0,550.0,True,False
401760385,ESPN BET,UNLV -4.5,4.5,5.5,4.5,-5.5,-4.5,53.5,53.5,53.5,150.0,-175.0,False,False
401761621,ESPN BET,USA -2.5,2.5,-2.5,2.5,2.5,-2.5,46.5,47.5,46.5,115.0,-135.0,False,False
401762477,ESPN BET,RICE -4.5,-4.5,-4.5,-4.5,4.5,4.5,55.5,52.5,55.5,-190.0,160.0,True,False
401756914,ESPN BET,TCU -14.5,-14.5,-14.5,-14.5,14.5,14.5,56.5,59.5,56.5,-700.0,450.0,True,False
401762829,ESPN BET,CMU -6.5,6.5,7.5,6.5,-7.5,-6.5,47.5,44.5,47.5,190.0,-225.0,False,False
401754556,ESPN BET,VT -4.5,-4.5,-6.5,-4.5,6.5,4.5,51.5,51.5,51.5,-190.0,160.0,True,False
401752726,ESPN BET,ALA -13.5,-13.5,-11.5,-13.5,11.5,13.5,58.5,56.5,58.5,-550.0,380.0,True,False
401762476,ESPN BET,ARMY -6.5,6.5,7.5,6.5,-7.5,-6.5,55.5,58.5,55.5,180.0,-215.0,False,False
401756909,ESPN BET,BYU -19.5,-19.5,-20.5,-19.5,20.5,19.5,46.5,49.5,46.5,-1600.0,800.0,True,False
401760384,ESPN BET,SJSU -2.5,-2.5,-2.5,-2.5,2.5,2.5,58.5,57.5,58.5,-130.0,110.0,True,False
401760382,ESPN BET,SDSU -4.5,-4.5,-5.5,-4.5,5.5,4.5,40.5,38.5,40.5,-190.0,160.0,True,False
401752859,ESPN BET,OSU -23.5,-23.5,-24.5,-23.5,24.5,23.5,42.5,44.5,42.5,-5000.0,1500.0,True,False
401754553,ESPN BET,MIA -2.5,2.5,6.5,2.5,-6.5,-2.5,54.5,54.5,54.5,125.0,-145.0,False,False
401752729,ESPN BET,OU -46.5,-46.5,-45.5,-46.5,45.5,46.5,53.5,53.5,53.5,,,True,False
401752730,ESPN BET,TA&M -17.5,-17.5,-13.5,-17.5,13.5,17.5,57.5,58.5,57.5,-900.0,550.0,True,False
401752855,ESPN BET,PSU -24.5,24.5,25.5,24.5,-25.5,-24.5,47.5,49.5,47.5,1500.0,-5000.0,False,False
401762830,ESPN BET,OHIO -14.5,14.5,16.5,14.5,-16.5,-14.5,52.5,51.5,52.5,475.0,-750.0,False,False
401756913,ESPN BET,TTU -11.5,11.5,12.5,11.5,-12.5,-11.5,51.5,50.5,51.5,340.0,-450.0,False,False
401752727,ESPN BET,TEX -4.5,4.5,6.5,4.5,-6.5,-4.5,42.5,41.5,42.5,165.0,-195.0,False,False
401756912,ESPN BET,CIN -1.5,-1.5,-1.5,-1.5,1.5,1.5,55.5,51.5,55.5,-120.0,100.0,True,False
401752856,ESPN BET,MICH -17.5,-17.5,-16.5,-17.5,16.5,17.5,42.5,41.5,42.5,-1000.0,600.0,True,False
401757165,ESPN BET,ND -21.5,-21.5,-17.5,-21.5,17.5,21.5,63.5,64.5,63.5,-1600.0,800.0,True,False
401752861,ESPN BET,ILL -7.5,7.5,7.5,7.5,-7.5,-7.5,55.5,54.5,55.5,225.0,-275.0,False,False
401754554,ESPN BET,LOU -6.5,-6.5,-6.5,-6.5,6.5,6.5,61.5,62.5,61.5,-240.0,200.0,True,False
401754550,ESPN BET,PITT -6.5,-6.5,-4.5,-6.5,4.5,6.5,54.5,54.5,54.5,-250.0,210.0,True,False
401754552,ESPN BET,CLEM -15.5,15.5,13.5,15.5,-13.5,-15.5,47.5,48.5,47.5,500.0,-800.0,False,False
401756911,ESPN BET,BAY -4.5,-4.5,-5.5,-4.5,5.5,4.5,60.5,61.5,60.5,-175.0,150.0,True,False
401760381,ESPN BET,NAVY -13.5,-13.5,-12.5,-13.5,12.5,13.5,51.5,49.5,51.5,-550.0,380.0,True,False
401752728,ESPN BET,UGA -19.5,-19.5,-20.5,-19.5,20.5,19.5,49.5,50.5,49.5,-1600.0,800.0,True,False
401754551,ESPN BET,DUKE -3.5,3.5,3.5,3.5,-3.5,-3.5,55.5,56.5,55.5,135.0,-155.0,False,False
401762478,ESPN BET,MEM -21.5,-21.5,-21.5,-21.5,21.5,21.5,52.5,55.5,52.5,-2000.0,1000.0,True,False
401760383,ESPN BET,FRES -13.5,-13.5,-13.5,-13.5,13.5,13.5,46.5,44.5,46.5,-600.0,400.0,True,False
401757278,ESPN BET,MOST -2.5,2.5,2.5,2.5,-2.5,-2.5,52.5,50.5,52.5,120.0,-140.0,False,False
401757277,ESPN BET,LIB -1.5,1.5,2.5,1.5,-2.5,-1.5,47.5,46.5,47.5,105.0,-125.0,False,False
401762480,ESPN BET,TULN -6.5,-6.5,-7.5,-6.5,7.5,6.5,53.5,53.5,53.5,-230.0,195.0,True,False
401757280,ESPN BET,LT -5.5,5.5,5.5,5.5,-5.5,-5.5,45.5,45.5,45.5,165.0,-195.0,False,False
401757279,ESPN BET,JXST -7.5,7.5,9.5,7.5,-9.5,-7.5,52.5,55.5,52.5,230.0,-280.0,False,False
401761622,ESPN BET,USM -2.5,2.5,-1.5,2.5,1.5,-2.5,60.5,59.5,60.5,115.0,-135.0,False,False
401762481,ESPN BET,UNT -2.5,-2.5,-1.5,-2.5,1.5,2.5,68.5,66.5,68.5,-135.0,115.0,True,False
401762483,ESPN BET,ARMY -17.5,-17.5,-20.5,-17.5,20.5,17.5,44.5,47.5,44.5,-900.0,550.0,True,False
401762833,ESPN BET,M-OH -11.5,11.5,9.5,11.5,-9.5,-11.5,47.5,45.5,47.5,340.0,-450.0,False,False
401762835,ESPN BET,TOL -10.5,10.5,9.5,10.5,-9.5,-10.5,45.5,49.5,45.5,320.0,-425.0,False,False
401762836,ESPN BET,NIU -1.5,1.5,1.5,1.5,-1.5,-1.5,48.5,49.5,48.5,-105.0,-115.0,False,False
401762837,ESPN BET,KENT -1.5,-1.5,-2.5,-1.5,2.5,1.5,49.5,49.5,49.5,-120.0,100.0,True,False
401752866,ESPN BET,PSU -20.5,-20.5,-21.5,-20.5,21.5,20.5,46.5,48.5,46.5,-1600.0,800.0,True,False
401752867,ESPN BET,NEB -6.5,6.5,5.5,6.5,-5.5,-6.5,47.5,47.5,47.5,210.0,-250.0,False,False
401754563,ESPN BET,WAKE -1.5,1.5,2.5,1.5,-2.5,-1.5,47.5,52.5,47.5,100.0,-120.0,False,False
401756919,ESPN BET,TCU -2.5,2.5,1.5,2.5,-1.5,-2.5,54.5,57.5,54.5,120.0,-140.0,False,False
401760386,ESPN BET,UNLV -7.5,-7.5,-7.5,-7.5,7.5,7.5,66.5,68.5,66.5,-250.0,210.0,True,False
401761624,ESPN BET,APP -2.5,2.5,3.5,2.5,-3.5,-2.5,55.5,56.5,55.5,125.0,-145.0,False,False
401761626,ESPN BET,ODU -14.5,14.5,14.5,14.5,-14.5,-14.5,57.5,55.5,57.5,400.0,-600.0,False,False
401762834,ESPN BET,WMU -9.5,-9.5,-9.5,-9.5,9.5,9.5,42.5,43.5,42.5,-340.0,270.0,True,False
401762484,ESPN BET,NAVY -10.5,10.5,8.5,10.5,-8.5,-10.5,52.5,53.5,52.5,300.0,-400.0,False,False
401752869,ESPN BET,IOWA -4.5,4.5,3.5,4.5,-3.5,-4.5,37.5,37.5,37.5,175.0,-210.0,False,False
401760391,ESPN BET,SJSU -1.5,1.5,2.5,1.5,-2.5,-1.5,49.5,49.5,49.5,100.0,-120.0,False,False
401761623,ESPN BET,ULM -2.5,2.5,2.5,2.5,-2.5,-2.5,45.5,43.5,45.5,120.0,-140.0,False,False
401752864,ESPN BET,MINN -7.5,-7.5,-9.5,-7.5,9.5,7.5,49.5,52.5,49.5,-300.0,250.0,True,False
401754558,ESPN BET,CLEM -13.5,13.5,14.5,13.5,-14.5,-13.5,54.5,55.5,54.5,450.0,-700.0,False,False
401762485,ESPN BET,UTSA -9.5,-9.5,-12.5,-9.5,12.5,9.5,48.5,49.5,48.5,-320.0,260.0,True,False
401761625,ESPN BET,JMU -18.5,-18.5,-16.5,-18.5,16.5,18.5,45.5,46.5,45.5,-1400.0,750.0,True,False
401756920,ESPN BET,HOU -14.5,14.5,14.5,14.5,-14.5,-14.5,47.5,46.5,47.5,475.0,-750.0,False,False
401762482,ESPN BET,FAU -5.5,-5.5,-4.5,-5.5,4.5,5.5,65.5,69.5,65.5,-190.0,160.0,True,False
401754561,ESPN BET,SMU -19.5,-19.5,-17.5,-19.5,17.5,19.5,55.5,56.5,55.5,-1400.0,750.0,True,False
401752862,ESPN BET,WASH -9.5,-9.5,-10.5,-9.5,10.5,9.5,62.5,59.5,62.5,-380.0,290.0,True,False
401760388,ESPN BET,FRES -5.5,5.5,6.5,5.5,-6.5,-5.5,48.5,45.5,48.5,170.0,-200.0,False,False
401752865,ESPN BET,OSU -15.5,15.5,16.5,15.5,-16.5,-15.5,51.5,48.5,51.5,500.0,-800.0,False,False
401752870,ESPN BET,ORE -7.5,-7.5,-7.5,-7.5,7.5,7.5,51.5,54.5,51.5,-280.0,230.0,True,False
401752733,ESPN BET,MISS -32.5,-32.5,-32.5,-32.5,32.5,32.5,58.5,59.5,58.5,,,True,False
401752737,ESPN BET,TA&M -6.5,-6.5,-8.5,-6.5,8.5,6.5,48.5,47.5,48.5,-240.0,200.0,True,False
401752734,ESPN BET,ALA -3.5,3.5,5.5,3.5,-5.5,-3.5,50.5,54.5,50.5,140.0,-165.0,False,False
401756921,ESPN BET,TTU -13.5,-13.5,-14.5,-13.5,14.5,13.5,58.5,60.5,58.5,-650.0,425.0,True,False
401752731,ESPN BET,UGA -4.5,4.5,3.5,4.5,-3.5,-4.5,45.5,46.5,45.5,170.0,-200.0,False,False
401752736,ESPN BET,TEX -2.5,-2.5,-2.5,-2.5,2.5,2.5,43.5,42.5,43.5,-145.0,125.0,True,False
401752735,ESPN BET,TENN -10.5,-10.5,-12.5,-10.5,12.5,10.5,68.5,69.5,68.5,-425.0,320.0,True,False
401752863,ESPN BET,MSU -6.5,-6.5,-7.5,-6.5,7.5,6.5,51.5,55.5,51.5,-250.0,210.0,True,False
401754559,ESPN BET,FSU -11.5,-11.5,-9.5,-11.5,9.5,11.5,57.5,58.5,57.5,-400.0,300.0,True,False
401752732,ESPN BET,LSU -8.5,-8.5,-9.5,-8.5,9.5,8.5,44.5,44.5,44.5,-340.0,270.0,True,False
401754562,ESPN BET,ND -24.5,-24.5,-22.5,-24.5,22.5,24.5,59.5,62.5,59.5,-5000.0,1500.0,True,False
401756918,ESPN BET,ISU -2.5,2.5,4.5,2.5,-4.5,-2.5,52.5,53.5,52.5,125.0,-145.0,False,False
401752868,ESPN BET,USC -2.5,-2.5,-1.5,-2.5,1.5,2.5,57.5,57.5,57.5,-145.0,125.0,True,False
401754560,ESPN BET,GT -14.5,-14.5,-14.5,-14.5,14.5,14.5,55.5,55.5,55.5,-750.0,475.0,True,False
401756917,ESPN BET,CIN -10.5,-10.5,-10.5,-10.5,10.5,10.5,55.5,56.5,55.5,-380.0,290.0,True,False
401756916,ESPN BET,BYU -2.5,2.5,2.5,2.5,-2.5,-2.5,46.5,47.5,46.5,120.0,-140.0,False,False
401756922,ESPN BET,UTAH -8.5,-8.5,-4.5,-8.5,4.5,8.5,42.5,48.5,42.5,-290.0,240.0,True,False
401761627,ESPN BET,TXST -7.5,-7.5,-10.5,-7.5,10.5,7.5,53.5,54.5,53.5,-280.0,230.0,True,False
401760387,ESPN BET,BOIS -15.5,-15.5,-16.5,-15.5,16.5,15.5,57.5,60.5,57.5,-800.0,500.0,True,False
401760390,ESPN BET,SDSU -6.5,6.5,6.5,6.5,-6.5,-6.5,42.5,42.5,42.5,190.0,-225.0,False,False
401760389,ESPN BET,USU -1.5,1.5,-1.5,1.5,1.5,-1.5,57.5,58.5,57.5,-110.0,-110.0,False,False
401761628,ESPN BET,USA -8.5,-8.5,-7.5,-8.5,7.5,8.5,57.5,57.5,57.5,-340.0,270.0,True,False
401757282,ESPN BET,LIB -11.5,-11.5,-9.5,-11.5,9.5,11.5,48.5,48.5,48.5,-450.0,340.0,True,False
401757284,ESPN BET,UTEP -3.5,3.5,1.5,3.5,-1.5,-3.5,47.5,47.5,47.5,140.0,-165.0,False,False
401757281,ESPN BET,WKU -9.5,-9.5,-8.5,-9.5,8.5,9.5,55.5,55.5,55.5,-380.0,290.0,True,False
401757283,ESPN BET,DEL -2.5,2.5,2.5,2.5,-2.5,-2.5,55.5,57.5,55.5,115.0,-135.0,False,False
401762486,ESPN BET,ECU -16.5,-16.5,-16.5,-16.5,16.5,16.5,54.5,52.5,54.5,-900.0,550.0,True,False
401754564,ESPN BET,MIA -10.5,-10.5,-13.5,-10.5,13.5,10.5,49.5,54.5,49.5,-500.0,360.0,True,False
401762841,ESPN BET,M-OH -11.5,-11.5,-11.5,-11.5,11.5,11.5,47.5,47.5,47.5,-450.0,340.0,True,False
401756928,ESPN BET,UCF -6.5,-6.5,-7.5,-6.5,7.5,6.5,47.5,49.5,47.5,-240.0,200.0,True,False
401762842,ESPN BET,TOL -25.5,-25.5,-24.5,-25.5,24.5,25.5,48.5,52.5,48.5,-5000.0,1500.0,True,False
401762840,ESPN BET,BUF -16.5,16.5,17.5,16.5,-17.5,-16.5,47.5,44.5,47.5,600.0,-1000.0,False,False
401752874,ESPN BET,NU -3.5,-3.5,-3.5,-3.5,3.5,3.5,46.5,48.5,46.5,-155.0,135.0,True,False
401761633,ESPN BET,TROY -5.5,5.5,5.5,5.5,-5.5,-5.5,45.5,46.5,45.5,180.0,-215.0,False,False
401754565,ESPN BET,CLEM -5.5,-5.5,-8.5,-5.5,8.5,5.5,49.5,54.5,49.5,-195.0,165.0,True,False
401760392,ESPN BET,AF -3.5,-3.5,-5.5,-3.5,5.5,3.5,56.5,58.5,56.5,-175.0,150.0,True,False
401760393,ESPN BET,BOIS -13.5,-13.5,-10.5,-13.5,10.5,13.5,61.5,63.5,61.5,-500.0,360.0,True,False
401761629,ESPN BET,APP -10.5,-10.5,-11.5,-10.5,11.5,10.5,47.5,49.5,47.5,-425.0,320.0,True,False
401761631,ESPN BET,JMU -3.5,-3.5,-1.5,-3.5,1.5,3.5,47.5,47.5,47.5,-145.0,125.0,True,False
401762489,ESPN BET,TEM -9.5,9.5,11.5,9.5,-11.5,-9.5,46.5,47.5,46.5,270.0,-340.0,False,False
401762838,ESPN BET,BALL -1.5,-1.5,-1.5,-1.5,1.5,1.5,43.5,43.5,43.5,-110.0,-110.0,True,False
401762843,ESPN BET,OHIO -11.5,-11.5,-11.5,-11.5,11.5,11.5,42.5,43.5,42.5,-425.0,320.0,True,False
401762491,ESPN BET,UNT -3.5,-3.5,-5.5,-3.5,5.5,3.5,63.5,68.5,63.5,-165.0,140.0,True,False
401752741,ESPN BET,FLA -9.5,-9.5,-9.5,-9.5,9.5,9.5,51.5,52.5,51.5,-340.0,270.0,True,False
401761668,ESPN BET,USM -4.5,4.5,4.5,4.5,-4.5,-4.5,54.5,53.5,54.5,155.0,-185.0,False,False
401752875,ESPN BET,IOWA -3.5,-3.5,-3.5,-3.5,3.5,3.5,41.5,38.5,41.5,-155.0,135.0,True,False
401752879,ESPN BET,UCLA -4.5,-4.5,-3.5,-4.5,3.5,4.5,52.5,52.5,52.5,-175.0,150.0,True,False
401760394,ESPN BET,CSU -2.5,-2.5,1.5,-2.5,-1.5,2.5,53.5,53.5,53.5,-130.0,110.0,True,False
401761630,ESPN BET,GASO -6.5,-6.5,-6.5,-6.5,6.5,6.5,58.5,57.5,58.5,-225.0,190.0,True,False
401754568,ESPN BET,PITT -8.5,8.5,11.5,8.5,-11.5,-8.5,54.5,56.5,54.5,270.0,-340.0,False,False
401761632,ESPN BET,TXST -2.5,2.5,3.5,2.5,-3.5,-2.5,65.5,65.5,65.5,115.0,-135.0,False,False
401762839,ESPN BET,BGSU -3.5,-3.5,-5.5,-3.5,5.5,3.5,44.5,43.5,44.5,-155.0,135.0,True,False
401762488,ESPN BET,TULN -10.5,-10.5,-10.5,-10.5,10.5,10.5,44.5,46.5,44.5,-380.0,290.0,True,False
401756925,ESPN BET,ARIZ -2.5,2.5,-1.5,2.5,1.5,-2.5,47.5,46.5,47.5,110.0,-130.0,False,False
401752872,ESPN BET,NEB -6.5,6.5,5.5,6.5,-5.5,-6.5,48.5,47.5,48.5,200.0,-240.0,False,False
401760396,ESPN BET,USU -3.5,-3.5,-3.5,-3.5,3.5,3.5,62.5,64.5,62.5,-170.0,145.0,True,False
401754371,ESPN BET,CAL -8.5,-8.5,-12.5,-8.5,12.5,8.5,47.5,46.5,47.5,-320.0,260.0,True,False
401752877,ESPN BET,OSU -24.5,24.5,26.5,24.5,-26.5,-24.5,41.5,41.5,41.5,,,False,False
401752878,ESPN BET,IU -26.5,-26.5,-26.5,-26.5,26.5,26.5,49.5,54.5,49.5,,,True,False
401752739,ESPN BET,TA&M -8.5,8.5,7.5,8.5,-7.5,-8.5,57.5,62.5,57.5,250.0,-300.0,False,False
401752742,ESPN BET,UGA -7.5,-7.5,-6.5,-7.5,6.5,7.5,56.5,54.5,56.5,-270.0,220.0,True,False
401752738,ESPN BET,ALA -8.5,-8.5,-8.5,-8.5,8.5,8.5,60.5,58.5,60.5,-340.0,270.0,True,False
401756923,ESPN BET,TTU -8.5,8.5,10.5,8.5,-10.5,-8.5,52.5,49.5,52.5,250.0,-300.0,False,False
401752876,ESPN BET,ORE -18.5,18.5,15.5,18.5,-15.5,-18.5,61.5,59.5,61.5,700.0,-1200.0,False,False
401754566,ESPN BET,DUKE -3.5,-3.5,-2.5,-3.5,2.5,3.5,61.5,60.5,61.5,-165.0,140.0,True,False
401752745,ESPN BET,VAN -1.5,-1.5,-2.5,-1.5,2.5,1.5,48.5,48.5,48.5,-125.0,105.0,True,False
401752744,ESPN BET,OU -4.5,4.5,4.5,4.5,-4.5,-4.5,43.5,42.5,43.5,170.0,-200.0,False,False
401752740,ESPN BET,MIZ -1.5,1.5,-2.5,1.5,2.5,-1.5,43.5,44.5,43.5,105.0,-125.0,False,False
401752951,ESPN BET,UVA -16.5,-16.5,-16.5,-16.5,16.5,16.5,56.5,57.5,56.5,-1000.0,600.0,True,False
401762490,ESPN BET,USF -20.5,-20.5,-22.5,-20.5,22.5,20.5,72.5,74.5,72.5,-1600.0,800.0,True,False
401752743,ESPN BET,TEX -13.5,13.5,12.5,13.5,-12.5,-13.5,45.5,43.5,45.5,425.0,-650.0,False,False
401762487,ESPN BET,MEM -23.5,23.5,21.5,23.5,-21.5,-23.5,59.5,64.5,59.5,1100.0,-2500.0,False,False
401752873,ESPN BET,MICH -4.5,-4.5,-5.5,-4.5,5.5,4.5,50.5,51.5,50.5,-185.0,155.0,True,False
401754569,ESPN BET,CONN -2.5,2.5,-1.5,2.5,1.5,-2.5,58.5,56.5,58.5,110.0,-130.0,False,False
401756927,ESPN BET,TCU -3.5,-3.5,-3.5,-3.5,3.5,3.5,67.5,67.5,67.5,-155.0,135.0,True,False
401752871,ESPN BET,ND -10.5,-10.5,-7.5,-10.5,7.5,10.5,60.5,61.5,60.5,-400.0,300.0,True,False
401754567,ESPN BET,FSU -17.5,17.5,17.5,17.5,-17.5,-17.5,55.5,54.5,55.5,700.0,-1200.0,False,False
401756924,ESPN BET,UTAH -5.5,5.5,3.5,5.5,-3.5,-5.5,49.5,47.5,49.5,180.0,-215.0,False,False
401756926,ESPN BET,CIN -23.5,23.5,20.5,23.5,-20.5,-23.5,57.5,57.5,57.5,1200.0,-3000.0,False,False
401760395,ESPN BET,UNM -14.5,-14.5,-10.5,-14.5,10.5,14.5,49.5,48.5,49.5,-650.0,425.0,True,False
401752941,ESPN BET,ORST -21.5,-21.5,-23.5,-21.5,23.5,21.5,55.5,54.5,55.5,-1800.0,900.0,True,False
401757286,ESPN BET,LT -4.5,-4.5,-2.5,-4.5,2.5,4.5,48.5,50.5,48.5,-210.0,175.0,True,False
401757285,ESPN BET,KENN -2.5,2.5,1.5,2.5,-1.5,-2.5,49.5,48.5,49.5,125.0,-145.0,False,False
401757287,ESPN BET,DEL -9.5,-9.5,-10.5,-9.5,10.5,9.5,55.5,52.5,55.5,-360.0,280.0,True,False
401757288,ESPN BET,MOST -2.5,2.5,2.5,2.5,-2.5,-2.5,51.5,44.5,51.5,120.0,-140.0,False,False
401761634,ESPN BET,USA -5.5,5.5,6.5,5.5,-6.5,-5.5,54.5,53.5,54.5,175.0,-210.0,False,False
401762492,ESPN BET,UNT -25.5,25.5,26.5,25.5,-26.5,-25.5,60.5,58.5,60.5,,,False,False
401754372,ESPN BET,VT -6.5,-6.5,-2.5,-6.5,2.5,6.5,50.5,49.5,50.5,-230.0,195.0,True,False
401762846,ESPN BET,BGSU -7.5,7.5,8.5,7.5,-8.5,-7.5,46.5,50.5,46.5,250.0,-300.0,False,False
401762848,ESPN BET,OHIO -13.5,13.5,10.5,13.5,-10.5,-13.5,60.5,59.5,60.5,380.0,-550.0,False,False
401752746,ESPN BET,ARK -2.5,-2.5,-1.5,-2.5,1.5,2.5,55.5,55.5,55.5,-130.0,110.0,True,False
401762844,ESPN BET,BUF -10.5,-10.5,-10.5,-10.5,10.5,10.5,48.5,47.5,48.5,-425.0,320.0,True,False
401757172,ESPN BET,CONN -9.5,9.5,9.5,9.5,-9.5,-9.5,48.5,48.5,48.5,280.0,-360.0,False,False
401760400,ESPN BET,UNM -2.5,-2.5,-1.5,-2.5,1.5,2.5,60.5,62.5,60.5,-145.0,125.0,True,False
401752882,ESPN BET,IOWA -7.5,-7.5,-8.5,-7.5,8.5,7.5,39.5,38.5,39.5,-300.0,250.0,True,False
401752952,ESPN BET,TOL -1.5,1.5,-1.5,1.5,1.5,-1.5,45.5,50.5,45.5,105.0,-125.0,False,False
401754574,ESPN BET,PITT -5.5,-5.5,-7.5,-5.5,7.5,5.5,52.5,54.5,52.5,-200.0,170.0,True,False
401760399,ESPN BET,SDSU -3.5,3.5,2.5,3.5,-2.5,-3.5,45.5,48.5,45.5,140.0,-165.0,False,False
401762493,ESPN BET,NAVY -14.5,-14.5,-14.5,-14.5,14.5,14.5,63.5,62.5,63.5,-700.0,450.0,True,False
401761635,ESPN BET,ODU -12.5,-12.5,-13.5,-12.5,13.5,12.5,60.5,58.5,60.5,-500.0,360.0,True,False
401760398,ESPN BET,WYO -5.5,-5.5,-4.5,-5.5,4.5,5.5,46.5,45.5,46.5,-200.0,170.0,True,False
401762495,ESPN BET,TEM -3.5,3.5,6.5,3.5,-6.5,-3.5,52.5,53.5,52.5,165.0,-195.0,False,False
401762845,ESPN BET,NIU -6.5,-6.5,-4.5,-6.5,4.5,6.5,42.5,41.5,42.5,-270.0,220.0,True,False
401762847,ESPN BET,CMU -17.5,-17.5,-15.5,-17.5,15.5,17.5,46.5,46.5,46.5,-1000.0,600.0,True,False
401762874,ESPN BET,M-OH -2.5,-2.5,-2.5,-2.5,2.5,2.5,40.5,41.5,40.5,-140.0,120.0,True,False
401756935,ESPN BET,TCU -16.5,16.5,14.5,16.5,-14.5,-16.5,55.5,55.5,55.5,450.0,-700.0,False,False
401761636,ESPN BET,ARST -1.5,-1.5,-2.5,-1.5,2.5,1.5,59.5,62.5,59.5,-110.0,-110.0,True,False
401761638,ESPN BET,TROY -7.5,-7.5,-8.5,-7.5,8.5,7.5,47.5,50.5,47.5,-275.0,225.0,True,False
401761637,ESPN BET,USM -13.5,-13.5,-10.5,-13.5,10.5,13.5,48.5,48.5,48.5,-700.0,450.0,True,False
401756932,ESPN BET,KU -3.5,-3.5,-2.5,-3.5,2.5,3.5,55.5,54.5,55.5,-165.0,140.0,True,False
401754572,ESPN BET,MIA -28.5,-28.5,-29.5,-28.5,29.5,28.5,45.5,48.5,45.5,,,True,False
401752884,ESPN BET,PUR -2.5,-2.5,2.5,-2.5,-2.5,2.5,60.5,57.5,60.5,-135.0,115.0,True,False
401760397,ESPN BET,BOIS -20.5,20.5,21.5,20.5,-21.5,-20.5,51.5,52.5,51.5,900.0,-1800.0,False,False
401752885,ESPN BET,IU -27.5,-27.5,-24.5,-27.5,24.5,27.5,53.5,52.5,53.5,-4000.0,1300.0,True,False
401752748,ESPN BET,TA&M -1.5,1.5,2.5,1.5,-2.5,-1.5,49.5,48.5,49.5,100.0,-120.0,False,False
401752751,ESPN BET,ALA -12.5,12.5,13.5,12.5,-13.5,-12.5,47.5,46.5,47.5,380.0,-550.0,False,False
401752886,ESPN BET,ORE -31.5,-31.5,-34.5,-31.5,34.5,31.5,45.5,42.5,45.5,,,True,False
401754571,ESPN BET,GT -17.5,-17.5,-17.5,-17.5,17.5,17.5,53.5,54.5,53.5,-1000.0,600.0,True,False
401752750,ESPN BET,OU -5.5,-5.5,-4.5,-5.5,4.5,5.5,52.5,50.5,52.5,-195.0,165.0,True,False
401752942,ESPN BET,SMU -5.5,5.5,3.5,5.5,-3.5,-5.5,52.5,56.5,52.5,170.0,-200.0,False,False
401756931,ESPN BET,ISU -2.5,-2.5,-2.5,-2.5,2.5,2.5,49.5,48.5,49.5,-130.0,110.0,True,False
401756933,ESPN BET,TTU -35.5,-35.5,-38.5,-35.5,38.5,35.5,56.5,57.5,56.5,,,True,False
401752752,ESPN BET,VAN -3.5,-3.5,-2.5,-3.5,2.5,3.5,52.5,52.5,52.5,-145.0,125.0,True,False
401752747,ESPN BET,TENN -7.5,7.5,8.5,7.5,-8.5,-7.5,54.5,53.5,54.5,240.0,-290.0,False,False
401762494,ESPN BET,USF -3.5,3.5,3.5,3.5,-3.5,-3.5,58.5,68.5,58.5,130.0,-150.0,False,False
401754570,ESPN BET,LOU -25.5,-25.5,-24.5,-25.5,24.5,25.5,54.5,55.5,54.5,-4000.0,1500.0,True,False
401756930,ESPN BET,CIN -3.5,-3.5,-5.5,-3.5,5.5,3.5,69.5,66.5,69.5,-150.0,130.0,True,False
401752749,ESPN BET,TEX -8.5,8.5,6.5,8.5,-6.5,-8.5,49.5,45.5,49.5,270.0,-340.0,False,False
401752880,ESPN BET,WASH -3.5,-3.5,-4.5,-3.5,4.5,3.5,54.5,55.5,54.5,-150.0,130.0,True,False
401752881,ESPN BET,MICH -13.5,13.5,13.5,13.5,-13.5,-13.5,47.5,48.5,47.5,400.0,-600.0,False,False
401752883,ESPN BET,NEB -7.5,-7.5,-9.5,-7.5,9.5,7.5,44.5,43.5,44.5,-270.0,220.0,True,False
401754573,ESPN BET,UVA -12.5,12.5,9.5,12.5,-9.5,-12.5,51.5,51.5,51.5,360.0,-500.0,False,False
401756929,ESPN BET,ASU -7.5,-7.5,-8.5,-7.5,8.5,7.5,47.5,47.5,47.5,-280.0,230.0,True,False
401756934,ESPN BET,UTAH -14.5,-14.5,-15.5,-14.5,15.5,14.5,50.5,50.5,50.5,-750.0,475.0,True,False
401757292,ESPN BET,JXST -4.5,4.5,5.5,4.5,-5.5,-4.5,54.5,53.5,54.5,150.0,-175.0,False,False
401757289,ESPN BET,KENN -12.5,-12.5,-8.5,-12.5,8.5,12.5,53.5,48.5,53.5,-550.0,380.0,True,False
401761639,ESPN BET,JMU -7.5,7.5,6.5,7.5,-6.5,-7.5,55.5,59.5,55.5,225.0,-275.0,False,False
401762443,ESPN BET,TULN -5.5,5.5,4.5,5.5,-4.5,-5.5,54.5,55.5,54.5,190.0,-225.0,False,False
401761640,ESPN BET,MRSH -7.5,7.5,4.5,7.5,-4.5,-7.5,55.5,55.5,55.5,220.0,-270.0,False,False
401757291,ESPN BET,MOST -3.5,-3.5,-3.5,-3.5,3.5,3.5,50.5,52.5,50.5,-150.0,130.0,True,False
401762497,ESPN BET,MEM -13.5,13.5,13.5,13.5,-13.5,-13.5,48.5,54.5,48.5,425.0,-650.0,False,False
401754575,ESPN BET,SYR -1.5,-1.5,-1.5,-1.5,1.5,1.5,45.5,48.5,45.5,-120.0,100.0,True,False
401761641,ESPN BET,ODU -16.5,16.5,15.5,16.5,-15.5,-16.5,55.5,53.5,55.5,550.0,-1000.0,False,False
401762499,ESPN BET,UNT -6.5,-6.5,-5.5,-6.5,5.5,6.5,68.5,63.5,68.5,-250.0,210.0,True,False
401762849,ESPN BET,BGSU -2.5,-2.5,-2.5,-2.5,2.5,2.5,44.5,43.5,44.5,-130.0,110.0,True,False
401756939,ESPN BET,ISU -8.5,-8.5,-3.5,-8.5,3.5,8.5,48.5,50.5,48.5,-320.0,260.0,True,False
401762498,ESPN BET,ECU -5.5,5.5,4.5,5.5,-4.5,-5.5,58.5,57.5,58.5,190.0,-225.0,False,False
401760404,ESPN BET,UNLV -4.5,-4.5,-5.5,-4.5,5.5,4.5,60.5,62.5,60.5,-190.0,160.0,True,False
401752888,ESPN BET,MINN -5.5,-5.5,-5.5,-5.5,5.5,5.5,44.5,44.5,44.5,-200.0,170.0,True,False
401754582,ESPN BET,PITT -13.5,13.5,13.5,13.5,-13.5,-13.5,52.5,52.5,52.5,380.0,-550.0,False,False
401757293,ESPN BET,LIB -3.5,-3.5,-3.5,-3.5,3.5,3.5,52.5,51.5,52.5,-175.0,150.0,True,False
401757294,ESPN BET,WKU -7.5,-7.5,-9.5,-7.5,9.5,7.5,54.5,53.5,54.5,-290.0,240.0,True,False
401760402,ESPN BET,BOIS -17.5,-17.5,-17.5,-17.5,17.5,17.5,47.5,51.5,47.5,-1600.0,800.0,True,False
401761642,ESPN BET,USA -3.5,-3.5,-5.5,-3.5,5.5,3.5,52.5,54.5,52.5,-170.0,145.0,True,False
401752753,ESPN BET,ARK -5.5,-5.5,-3.5,-5.5,3.5,5.5,66.5,67.5,66.5,-195.0,165.0,True,False
401756940,ESPN BET,KU -24.5,-24.5,-24.5,-24.5,24.5,24.5,53.5,55.5,53.5,-4000.0,1300.0,True,False
401762850,ESPN BET,WMU -5.5,-5.5,-6.5,-5.5,6.5,5.5,43.5,41.5,43.5,-200.0,170.0,True,False
401756937,ESPN BET,ARIZ -3.5,3.5,5.5,3.5,-5.5,-3.5,51.5,53.5,51.5,150.0,-175.0,False,False
401760405,ESPN BET,SDSU -10.5,-10.5,-10.5,-10.5,10.5,10.5,41.5,42.5,41.5,-450.0,340.0,True,False
401752754,ESPN BET,AUB -11.5,-11.5,-10.5,-11.5,10.5,11.5,44.5,46.5,44.5,-550.0,380.0,True,False
401760401,ESPN BET,ARMY -1.5,1.5,1.5,1.5,-1.5,-1.5,48.5,49.5,48.5,100.0,-120.0,False,False
401757173,ESPN BET,CONN -10.5,-10.5,-11.5,-10.5,11.5,10.5,61.5,64.5,61.5,-380.0,290.0,True,False
401756936,ESPN BET,BAY -3.5,-3.5,-4.5,-3.5,4.5,3.5,58.5,60.5,58.5,-165.0,140.0,True,False
401754577,ESPN BET,CLEM -4.5,-4.5,-3.5,-4.5,3.5,4.5,55.5,53.5,55.5,-185.0,155.0,True,False
401757290,ESPN BET,LT -16.5,-16.5,-16.5,-16.5,16.5,16.5,48.5,49.5,48.5,-900.0,550.0,True,False
401752889,ESPN BET,OSU -17.5,-17.5,-20.5,-17.5,20.5,17.5,45.5,43.5,45.5,-1800.0,900.0,True,False
401752887,ESPN BET,IU -21.5,21.5,21.5,21.5,-21.5,-21.5,50.5,51.5,50.5,1100.0,-2500.0,False,False
401752755,ESPN BET,UGA -6.5,6.5,7.5,6.5,-7.5,-6.5,50.5,50.5,50.5,230.0,-280.0,False,False
401752756,ESPN BET,MISS -13.5,-13.5,-14.5,-13.5,14.5,13.5,56.5,53.5,56.5,-600.0,400.0,True,False
401754579,ESPN BET,GT -4.5,4.5,6.5,4.5,-6.5,-4.5,58.5,57.5,58.5,150.0,-175.0,False,False
401752758,ESPN BET,TEX -3.5,-3.5,-2.5,-3.5,2.5,3.5,48.5,45.5,48.5,-165.0,140.0,True,False
401752943,ESPN BET,WSU -3.5,3.5,3.5,3.5,-3.5,-3.5,47.5,49.5,47.5,145.0,-170.0,False,False
401754581,ESPN BET,MIA -6.5,6.5,10.5,6.5,-10.5,-6.5,46.5,50.5,46.5,210.0,-250.0,False,False
401756941,ESPN BET,TTU -7.5,7.5,6.5,7.5,-6.5,-7.5,51.5,53.5,51.5,225.0,-275.0,False,False
401752757,ESPN BET,TENN -2.5,-2.5,-3.5,-2.5,3.5,2.5,55.5,56.5,55.5,-140.0,120.0,True,False
401754576,ESPN BET,UVA -5.5,5.5,3.5,5.5,-3.5,-5.5,52.5,54.5,52.5,180.0,-215.0,False,False
401754580,ESPN BET,LOU -10.5,10.5,10.5,10.5,-10.5,-10.5,52.5,53.5,52.5,300.0,-400.0,False,False
401752890,ESPN BET,MICH -22.5,-22.5,-21.5,-22.5,21.5,22.5,48.5,50.5,48.5,-2500.0,1100.0,True,False
401756938,ESPN BET,HOU -12.5,-12.5,-15.5,-12.5,15.5,12.5,49.5,49.5,49.5,-650.0,425.0,True,False
401752892,ESPN BET,USC -4.5,4.5,6.5,4.5,-6.5,-4.5,58.5,58.5,58.5,150.0,-175.0,False,False
401752891,ESPN BET,ILL -12.5,-12.5,-13.5,-12.5,13.5,12.5,63.5,62.5,63.5,-500.0,360.0,True,False
401754583,ESPN BET,ND -30.5,30.5,29.5,30.5,-29.5,-30.5,55.5,58.5,55.5,3000.0,-20000.0,False,False
401754578,ESPN BET,FSU -12.5,-12.5,-7.5,-12.5,7.5,12.5,50.5,52.5,50.5,-550.0,380.0,True,False
401761643,ESPN BET,TROY -7.5,-7.5,-7.5,-7.5,7.5,7.5,52.5,55.5,52.5,-290.0,240.0,True,False
401760403,ESPN BET,SJSU -2.5,-2.5,-2.5,-2.5,2.5,2.5,55.5,55.5,55.5,-130.0,110.0,True,False
401756942,ESPN BET,UTAH -9.5,-9.5,-7.5,-9.5,7.5,9.5,58.5,57.5,58.5,-450.0,340.0,True,False
401762851,ESPN BET,AKR -12.5,-12.5,-10.5,-12.5,10.5,12.5,51.5,48.5,51.5,-550.0,380.0,True,False
401762852,ESPN BET,OHIO -2.5,-2.5,-3.5,-2.5,3.5,2.5,50.5,50.5,50.5,-140.0,120.0,True,False
401762853,ESPN BET,BALL -3.5,-3.5,-3.5,-3.5,3.5,3.5,48.5,46.5,48.5,-155.0,135.0,True,False
401762854,ESPN BET,TOL -15.5,-15.5,-14.5,-15.5,14.5,15.5,41.5,42.5,41.5,-900.0,550.0,True,False
401761644,ESPN BET,APP -4.5,-4.5,-5.5,-4.5,5.5,4.5,61.5,62.5,61.5,-200.0,170.0,True,False
401762500,ESPN BET,USF -13.5,-13.5,-12.5,-13.5,12.5,13.5,66.5,67.5,66.5,-700.0,450.0,True,False
401761648,ESPN BET,TXST -3.5,3.5,2.5,3.5,-2.5,-3.5,63.5,64.5,63.5,145.0,-170.0,False,False
401762503,ESPN BET,ARMY -7.5,-7.5,-5.5,-7.5,5.5,7.5,45.5,46.5,45.5,-290.0,240.0,True,False
401757299,ESPN BET,LIB -7.5,-7.5,-7.5,-7.5,7.5,7.5,51.5,50.5,51.5,-300.0,250.0,True,False
401762855,ESPN BET,EMU -3.5,-3.5,-2.5,-3.5,2.5,3.5,49.5,51.5,49.5,-155.0,135.0,True,False
401762502,ESPN BET,RICE -1.5,-1.5,-3.5,-1.5,3.5,1.5,51.5,54.5,51.5,-120.0,100.0,True,False
401752894,ESPN BET,RUTG -1.5,-1.5,-2.5,-1.5,2.5,1.5,56.5,59.5,56.5,-120.0,100.0,True,False
401757295,ESPN BET,LT -5.5,5.5,5.5,5.5,-5.5,-5.5,57.5,57.5,57.5,180.0,-215.0,False,False
401757296,ESPN BET,MTSU -1.5,-1.5,1.5,-1.5,-1.5,1.5,50.5,52.5,50.5,-125.0,105.0,True,False
401762505,ESPN BET,FAU -4.5,-4.5,-6.5,-4.5,6.5,4.5,60.5,65.5,60.5,-185.0,155.0,True,False
401762504,ESPN BET,ECU -29.5,-29.5,-26.5,-29.5,26.5,29.5,56.5,55.5,56.5,-7500.0,2000.0,True,False
401761647,ESPN BET,USM -6.5,6.5,5.5,6.5,-5.5,-6.5,54.5,59.5,54.5,200.0,-240.0,False,False
401754590,ESPN BET,DUKE -7.5,7.5,8.5,7.5,-8.5,-7.5,62.5,65.5,62.5,250.0,-300.0,False,False
401756943,ESPN BET,ARIZ -6.5,-6.5,-5.5,-6.5,5.5,6.5,56.5,56.5,56.5,-225.0,190.0,True,False
401756944,ESPN BET,TCU -7.5,-7.5,-6.5,-7.5,6.5,7.5,58.5,57.5,58.5,-320.0,260.0,True,False
401761645,ESPN BET,CCU -7.5,-7.5,-7.5,-7.5,7.5,7.5,56.5,56.5,56.5,-275.0,225.0,True,False
401754588,ESPN BET,UNC -8.5,-8.5,-7.5,-8.5,7.5,8.5,41.5,42.5,41.5,-320.0,260.0,True,False
401757297,ESPN BET,JXST -1.5,1.5,2.5,1.5,-2.5,-1.5,46.5,49.5,46.5,100.0,-120.0,False,False
401761646,ESPN BET,JMU -13.5,13.5,12.5,13.5,-12.5,-13.5,52.5,54.5,52.5,425.0,-650.0,False,False
401757298,ESPN BET,KENN -11.5,11.5,7.5,11.5,-7.5,-11.5,52.5,52.5,52.5,340.0,-450.0,False,False
401754584,ESPN BET,SMU -10.5,10.5,12.5,10.5,-12.5,-10.5,54.5,51.5,54.5,340.0,-450.0,False,False
401760406,ESPN BET,SJSU -6.5,-6.5,-3.5,-6.5,3.5,6.5,68.5,65.5,68.5,-210.0,175.0,True,False
401752896,ESPN BET,USC -14.5,-14.5,-15.5,-14.5,15.5,14.5,54.5,51.5,54.5,-800.0,500.0,True,False
401756946,ESPN BET,UCF -1.5,-1.5,2.5,-1.5,-2.5,1.5,47.5,48.5,47.5,-125.0,105.0,True,False
401762501,ESPN BET,MEM -3.5,-3.5,-7.5,-3.5,7.5,3.5,53.5,57.5,53.5,-150.0,130.0,True,False
401752897,ESPN BET,OSU -30.5,30.5,26.5,30.5,-26.5,-30.5,49.5,47.5,49.5,3000.0,-20000.0,False,False
401752893,ESPN BET,IU -13.5,13.5,13.5,13.5,-13.5,-13.5,50.5,48.5,50.5,450.0,-700.0,False,False
401752763,ESPN BET,TA&M -6.5,6.5,4.5,6.5,-4.5,-6.5,48.5,49.5,48.5,210.0,-250.0,False,False
401756947,ESPN BET,WVU -6.5,-6.5,-5.5,-6.5,5.5,6.5,51.5,53.5,51.5,-250.0,210.0,True,False
401752762,ESPN BET,UGA -9.5,9.5,8.5,9.5,-8.5,-9.5,56.5,57.5,56.5,300.0,-400.0,False,False
401756945,ESPN BET,TTU -13.5,-13.5,-10.5,-13.5,10.5,13.5,,,,-500.0,360.0,True,False
401752898,ESPN BET,ORE -4.5,4.5,5.5,4.5,-5.5,-4.5,42.5,43.5,42.5,170.0,-200.0,False,False
401752764,ESPN BET,VAN -5.5,-5.5,-7.5,-5.5,7.5,5.5,46.5,45.5,46.5,-225.0,190.0,True,False
401754587,ESPN BET,MIA -28.5,-28.5,-27.5,-28.5,27.5,28.5,47.5,46.5,47.5,-50000.0,3500.0,True,False
401752899,ESPN BET,WASH -10.5,10.5,11.5,10.5,-11.5,-10.5,44.5,45.5,44.5,320.0,-425.0,False,False
401752761,ESPN BET,MISS -52.5,-52.5,-53.5,-52.5,53.5,52.5,63.5,64.5,63.5,,,True,False
401760408,ESPN BET,SDSU -6.5,6.5,6.5,6.5,-6.5,-6.5,47.5,50.5,47.5,210.0,-250.0,False,False
401752944,ESPN BET,ORST -21.5,-21.5,-18.5,-21.5,18.5,21.5,52.5,51.5,52.5,-2000.0,1000.0,True,False
401760407,ESPN BET,UNLV -4.5,4.5,5.5,4.5,-5.5,-4.5,61.5,61.5,61.5,170.0,-200.0,False,False
401752895,ESPN BET,UCLA -2.5,-2.5,-2.5,-2.5,2.5,2.5,45.5,43.5,45.5,-125.0,105.0,True,False
401752760,ESPN BET,FLA -5.5,5.5,4.5,5.5,-4.5,-5.5,44.5,44.5,44.5,175.0,-210.0,False,False
401760409,ESPN BET,USU -9.5,-9.5,-11.5,-9.5,11.5,9.5,52.5,53.5,52.5,-360.0,280.0,True,False
401752759,ESPN BET,ALA -10.5,-10.5,-10.5,-10.5,10.5,10.5,49.5,50.5,49.5,-400.0,300.0,True,False
401754585,ESPN BET,LOU -18.5,-18.5,-18.5,-18.5,18.5,18.5,49.5,49.5,49.5,-1600.0,800.0,True,False
401754589,ESPN BET,UVA -7.5,-7.5,-6.5,-7.5,6.5,7.5,48.5,49.5,48.5,-260.0,215.0,True,False
401757166,ESPN BET,ND -30.5,-30.5,-24.5,-30.5,24.5,30.5,54.5,55.5,54.5,-7500.0,2000.0,True,False
401754586,ESPN BET,CLEM -1.5,-1.5,-2.5,-1.5,2.5,1.5,57.5,56.5,57.5,-120.0,100.0,True,False
401762856,ESPN BET,AKR -7.5,-7.5,-4.5,-7.5,4.5,7.5,49.5,48.5,49.5,-290.0,240.0,True,False
401762857,ESPN BET,WMU -1.5,-1.5,1.5,-1.5,-1.5,1.5,46.5,47.5,46.5,-125.0,105.0,True,False
401762860,ESPN BET,TOL -6.5,6.5,2.5,6.5,-2.5,-6.5,44.5,50.5,44.5,200.0,-240.0,False,False
401762858,ESPN BET,CMU -2.5,-2.5,-2.5,-2.5,2.5,2.5,44.5,43.5,44.5,-135.0,115.0,True,False
401762859,ESPN BET,NIU -8.5,8.5,10.5,8.5,-10.5,-8.5,43.5,44.5,43.5,280.0,-360.0,False,False
401761649,ESPN BET,ODU -9.5,-9.5,-10.5,-9.5,10.5,9.5,53.5,53.5,53.5,-400.0,300.0,True,False
401760411,ESPN BET,UNM -15.5,-15.5,-14.5,-15.5,14.5,15.5,53.5,53.5,53.5,-750.0,475.0,True,False
401757304,ESPN BET,MOST -7.5,-7.5,-4.5,-7.5,4.5,7.5,48.5,50.5,48.5,-270.0,220.0,True,False
401761651,ESPN BET,MRSH -9.5,9.5,6.5,9.5,-6.5,-9.5,59.5,62.5,59.5,280.0,-360.0,False,False
401762506,ESPN BET,UNT -17.5,17.5,17.5,17.5,-17.5,-17.5,69.5,70.5,69.5,600.0,-1000.0,False,False
401756948,ESPN BET,ASU -9.5,-9.5,-10.5,-9.5,10.5,9.5,46.5,47.5,46.5,-360.0,280.0,True,False
401752768,ESPN BET,LSU -4.5,-4.5,-5.5,-4.5,5.5,4.5,58.5,55.5,58.5,-195.0,165.0,True,False
401752903,ESPN BET,PSU -6.5,6.5,7.5,6.5,-7.5,-6.5,49.5,48.5,49.5,220.0,-270.0,False,False
401752767,ESPN BET,UK -22.5,-22.5,-22.0,-22.5,22.0,22.5,52.5,52.5,52.5,-5000.0,1500.0,True,False
401752906,ESPN BET,ILL -15.5,-15.5,-14.5,-15.5,14.5,15.5,51.5,54.5,51.5,-750.0,475.0,True,False
401762508,ESPN BET,ECU -2.5,-2.5,-2.5,-2.5,2.5,2.5,57.5,60.5,57.5,-140.0,120.0,True,False
401760413,ESPN BET,SJSU -9.5,9.5,8.5,9.5,-8.5,-9.5,49.5,52.5,49.5,280.0,-360.0,False,False
401761652,ESPN BET,JMU -19.5,-19.5,-19.5,-19.5,19.5,19.5,54.5,53.5,54.5,-1400.0,750.0,True,False
401761653,ESPN BET,USA -4.5,4.5,3.5,4.5,-3.5,-4.5,50.5,51.5,50.5,170.0,-200.0,False,False
401761654,ESPN BET,USM -3.5,-3.5,-6.5,-3.5,6.5,3.5,65.5,64.5,65.5,-155.0,135.0,True,False
401762861,ESPN BET,EMU -2.5,2.5,2.5,2.5,-2.5,-2.5,48.5,49.5,48.5,125.0,-145.0,False,False
401762509,ESPN BET,TULN -17.5,-17.5,-16.5,-17.5,16.5,17.5,61.5,62.5,61.5,-700.0,450.0,True,False
401754596,ESPN BET,WAKE -3.5,-3.5,-6.5,-3.5,6.5,3.5,37.5,38.5,37.5,-165.0,140.0,True,False
401757301,ESPN BET,LIB -4.5,4.5,2.5,4.5,-2.5,-4.5,53.5,53.5,53.5,155.0,-185.0,False,False
401761650,ESPN BET,GASO -3.5,-3.5,-2.5,-3.5,2.5,3.5,58.5,57.5,58.5,-145.0,125.0,True,False
401757303,ESPN BET,WKU -13.5,-13.5,-13.5,-13.5,13.5,13.5,51.5,56.5,51.5,-700.0,450.0,True,False
401762507,ESPN BET,UTSA -17.5,17.5,17.5,17.5,-17.5,-17.5,57.5,60.5,57.5,550.0,-900.0,False,False
401752945,ESPN BET,TLSA -1.5,-1.5,-1.5,-1.5,1.5,1.5,50.5,50.5,50.5,-125.0,105.0,True,False
401756952,ESPN BET,KSU -19.5,19.5,19.5,19.5,-19.5,-19.5,50.5,54.5,50.5,800.0,-1600.0,False,False
401752904,ESPN BET,ORE -26.5,-26.5,-21.5,-26.5,21.5,26.5,45.5,44.5,45.5,-7500.0,2000.0,True,False
401757174,ESPN BET,CONN -7.5,-7.5,-8.5,-7.5,8.5,7.5,64.5,63.5,64.5,-290.0,240.0,True,False
401752901,ESPN BET,IU -27.5,-27.5,-30.5,-27.5,30.5,27.5,43.5,43.5,43.5,-10000.0,2500.0,True,False
401752772,ESPN BET,TA&M -16.5,-16.5,-17.5,-16.5,17.5,16.5,49.5,48.5,49.5,-800.0,500.0,True,False
401752765,ESPN BET,ALA -6.5,-6.5,-7.5,-6.5,7.5,6.5,46.5,45.5,46.5,-240.0,205.0,True,False
401756953,ESPN BET,TTU -24.5,-24.5,-23.5,-24.5,23.5,24.5,48.5,47.5,48.5,-5000.0,1500.0,True,False
401754597,ESPN BET,ND -12.5,12.5,11.5,12.5,-11.5,-12.5,54.5,56.5,54.5,380.0,-550.0,False,False
401754595,ESPN BET,MIA -16.5,-16.5,-14.5,-16.5,14.5,16.5,54.5,55.5,54.5,-900.0,550.0,True,False
401754591,ESPN BET,LOU -2.5,-2.5,-3.5,-2.5,3.5,2.5,50.5,51.5,50.5,-130.0,110.0,True,False
401752907,ESPN BET,USC -6.5,-6.5,-6.5,-6.5,6.5,6.5,48.5,49.5,48.5,-230.0,200.0,True,False
401752905,ESPN BET,MICH -10.5,10.5,10.5,10.5,-10.5,-10.5,42.5,40.5,42.5,320.0,-425.0,False,False
401754593,ESPN BET,DUKE -5.5,-5.5,-6.5,-5.5,6.5,5.5,60.5,59.5,60.5,-200.0,170.0,True,False
401752771,ESPN BET,TENN -41.5,-41.5,-38.5,-41.5,38.5,41.5,60.5,61.5,60.5,,,True,False
401762510,ESPN BET,USF -8.5,8.5,9.5,8.5,-9.5,-8.5,62.5,63.5,62.5,280.0,-360.0,False,False
401756951,ESPN BET,CIN -6.5,-6.5,-5.5,-6.5,5.5,6.5,56.5,56.5,56.5,-230.0,195.0,True,False
401754592,ESPN BET,GT -16.5,16.5,16.5,16.5,-16.5,-16.5,61.5,57.5,61.5,570.0,-800.0,False,False
401756949,ESPN BET,UTAH -9.5,9.5,7.5,9.5,-7.5,-9.5,61.5,60.5,61.5,270.0,-340.0,False,False
401760412,ESPN BET,FRES -2.5,-2.5,-4.5,-2.5,4.5,2.5,40.5,39.5,40.5,-140.0,120.0,True,False
401760410,ESPN BET,SDSU -2.5,-2.5,-2.5,-2.5,2.5,2.5,43.5,41.5,43.5,-125.0,105.0,True,False
401752953,ESPN BET,WSU -10.5,-10.5,-6.5,-10.5,6.5,10.5,43.5,47.5,43.5,-400.0,300.0,True,False
401757302,ESPN BET,KENN -3.5,3.5,1.5,3.5,-1.5,-3.5,55.5,51.5,55.5,140.0,-165.0,False,False
401752770,ESPN BET,MIZ -7.5,-7.5,-5.5,-7.5,5.5,7.5,50.5,51.5,50.5,-340.0,270.0,True,False
401760414,ESPN BET,UNLV -4.5,-4.5,-5.5,-4.5,5.5,4.5,68.5,69.5,68.5,-195.0,165.0,True,False
401754594,ESPN BET,FSU -13.5,-13.5,-10.5,-13.5,10.5,13.5,53.5,54.5,53.5,-700.0,450.0,True,False
401752902,ESPN BET,WASH -14.5,-14.5,-15.5,-14.5,15.5,14.5,51.5,52.5,51.5,-800.0,500.0,True,False
401752900,ESPN BET,OSU -32.5,-32.5,-30.5,-32.5,30.5,32.5,46.5,48.5,46.5,,,True,False
401752766,ESPN BET,UGA -3.5,-3.5,-6.5,-3.5,6.5,3.5,50.5,49.5,50.5,-180.0,155.0,True,False
401752769,ESPN BET,MISS -11.5,-11.5,-13.5,-11.5,13.5,11.5,53.5,52.5,53.5,-450.0,365.0,True,False
401756950,ESPN BET,BYU -2.5,-2.5,-4.5,-2.5,4.5,2.5,51.5,51.5,51.5,-155.0,134.0,True,False
401757300,ESPN BET,DEL -13.5,13.5,8.5,13.5,-8.5,-13.5,56.5,56.5,56.5,360.0,-500.0,False,False
401762862,ESPN BET,BGSU -2.5,-2.5,-5.5,-2.5,5.5,2.5,47.5,47.5,47.5,-135.0,115.0,True,False
401762864,ESPN BET,WMU -6.5,6.5,6.5,6.5,-6.5,-6.5,38.5,38.5,38.5,230.0,-280.0,False,False
401762863,ESPN BET,OHIO -34.5,-34.5,-31.5,-34.5,31.5,34.5,53.5,51.5,53.5,,,True,False
401762865,ESPN BET,M-OH -2.5,2.5,-2.5,2.5,2.5,-2.5,38.5,39.5,38.5,110.0,-130.0,False,False
401762866,ESPN BET,CMU -7.5,7.5,7.5,7.5,-7.5,-7.5,50.5,47.5,50.5,240.0,-290.0,False,False
401761655,ESPN BET,ARST -2.5,-2.5,-3.5,-2.5,3.5,2.5,54.5,54.5,54.5,-140.0,120.0,True,False
401761656,ESPN BET,MRSH -3.5,3.5,4.5,3.5,-4.5,-3.5,57.5,54.5,57.5,155.0,-185.0,False,False
401757307,ESPN BET,LIB -1.5,1.5,-1.5,1.5,1.5,-1.5,45.5,45.5,45.5,-105.0,-115.0,False,False
401757175,ESPN BET,CONN -5.5,5.5,7.5,5.5,-7.5,-5.5,64.5,67.5,64.5,190.0,-225.0,False,False
401762867,ESPN BET,TOL -28.5,-28.5,-26.5,-28.5,26.5,28.5,45.5,47.5,45.5,-4000.0,1300.0,True,False
401756954,ESPN BET,ARIZ -6.5,-6.5,-6.5,-6.5,6.5,6.5,60.5,62.5,60.5,-215.0,180.0,True,False
401757306,ESPN BET,KENN -6.5,-6.5,-6.5,-6.5,6.5,6.5,54.5,58.5,54.5,-215.0,180.0,True,False
401752774,ESPN BET,AUB -26.5,-26.5,-28.0,-26.5,28.0,26.5,49.5,51.5,49.5,-4000.0,1300.0,True,False
401761657,ESPN BET,ODU -10.5,10.5,9.5,10.5,-9.5,-10.5,62.5,63.5,62.5,300.0,-400.0,False,False
401757308,ESPN BET,MTSU -6.5,-6.5,-6.5,-6.5,6.5,6.5,53.5,53.5,53.5,-240.0,200.0,True,False
401760419,ESPN BET,WYO -6.5,-6.5,-7.5,-6.5,7.5,6.5,40.5,41.5,40.5,-225.0,190.0,True,False
401757309,ESPN BET,UTEP -4.5,-4.5,-3.5,-4.5,3.5,4.5,45.5,45.5,45.5,-200.0,170.0,True,False
401752773,ESPN BET,ALA -54.5,-54.5,-50.5,-54.5,50.5,54.5,59.5,57.5,59.5,,,True,False
401752913,ESPN BET,IOWA -17.5,-17.5,-16.5,-17.5,16.5,17.5,43.5,42.5,43.5,-900.0,550.0,True,False
401754600,ESPN BET,DUKE -6.5,6.5,6.5,6.5,-6.5,-6.5,50.5,51.5,50.5,200.0,-240.0,False,False
401757305,ESPN BET,FIU -2.5,-2.5,-1.5,-2.5,1.5,2.5,56.5,55.5,56.5,-135.0,115.0,True,False
401761658,ESPN BET,USM -2.5,2.5,2.5,2.5,-2.5,-2.5,53.5,56.5,53.5,110.0,-130.0,False,False
401762513,ESPN BET,ECU -2.5,2.5,3.5,2.5,-3.5,-2.5,61.5,61.5,61.5,115.0,-135.0,False,False
401756959,ESPN BET,UCF -12.5,-12.5,-13.5,-12.5,13.5,12.5,47.5,47.5,47.5,-600.0,400.0,True,False
401761660,ESPN BET,TROY -10.5,-10.5,-11.5,-10.5,11.5,10.5,51.5,51.5,51.5,-400.0,300.0,True,False
401752779,ESPN BET,SC -24.5,-24.5,-23.5,-24.5,23.5,24.5,50.5,53.5,50.5,-4000.0,1300.0,True,False
401754605,ESPN BET,CLEM -43.5,-43.5,-41.5,-43.5,41.5,43.5,55.5,55.5,55.5,,,True,False
401761659,ESPN BET,TXST -20.5,-20.5,-18.5,-20.5,18.5,20.5,60.5,55.5,60.5,-1400.0,750.0,True,False
401752954,ESPN BET,JMU -15.5,-15.5,-14.5,-15.5,14.5,15.5,45.5,44.5,45.5,-800.0,500.0,True,False
401762511,ESPN BET,USF -22.5,22.5,21.5,22.5,-21.5,-22.5,68.5,69.5,68.5,1200.0,-3000.0,False,False
401762512,ESPN BET,ARMY -9.5,-9.5,-10.5,-9.5,10.5,9.5,43.5,46.5,43.5,-380.0,290.0,True,False
401754604,ESPN BET,ND -36.5,-36.5,-35.5,-36.5,35.5,36.5,50.5,51.5,50.5,,,True,False
401754606,ESPN BET,WAKE -17.5,-17.5,-18.5,-17.5,18.5,17.5,48.5,53.5,48.5,-1600.0,800.0,True,False
401754598,ESPN BET,FSU -6.5,6.5,3.5,6.5,-3.5,-6.5,59.5,61.5,59.5,210.0,-250.0,False,False
401760418,ESPN BET,UNLV -2.5,-2.5,-3.5,-2.5,3.5,2.5,64.5,64.5,64.5,-135.0,115.0,True,False
401752912,ESPN BET,OSU -28.5,-28.5,-33.5,-28.5,33.5,28.5,54.5,55.5,54.5,-50000.0,3500.0,True,False
401752781,ESPN BET,TA&M -53.5,-53.5,-54.5,-53.5,54.5,53.5,58.5,59.5,58.5,,,True,False
401752776,ESPN BET,UGA -42.5,-42.5,-44.5,-42.5,44.5,42.5,53.5,55.5,53.5,,,True,False
401752911,ESPN BET,ORE -12.5,-12.5,-8.5,-12.5,8.5,12.5,60.5,55.5,60.5,-450.0,340.0,True,False
401756958,ESPN BET,ISU -3.5,-3.5,-3.5,-3.5,3.5,3.5,55.5,54.5,55.5,-165.0,140.0,True,False
401756960,ESPN BET,UTAH -18.5,-18.5,-17.5,-18.5,17.5,18.5,52.5,52.5,52.5,-1400.0,750.0,True,False
401754603,ESPN BET,MIA -17.5,17.5,16.5,17.5,-16.5,-17.5,48.5,49.5,48.5,600.0,-1000.0,False,False
401752782,ESPN BET,VAN -6.5,-6.5,-10.5,-6.5,10.5,6.5,53.5,52.5,53.5,-300.0,250.0,True,False
401752778,ESPN BET,OU -4.5,-4.5,-9.5,-4.5,9.5,4.5,42.5,42.5,42.5,-200.0,170.0,True,False
401752780,ESPN BET,TEX -10.5,-10.5,-10.5,-10.5,10.5,10.5,57.5,56.5,57.5,-380.0,290.0,True,False
401752909,ESPN BET,NU -4.5,-4.5,-3.5,-4.5,3.5,4.5,41.5,41.5,41.5,-190.0,160.0,True,False
401762515,ESPN BET,TULN -7.5,7.5,8.5,7.5,-8.5,-7.5,54.5,54.5,54.5,230.0,-280.0,False,False
401756957,ESPN BET,TCU -1.5,1.5,-2.5,1.5,2.5,-1.5,55.5,54.5,55.5,105.0,-125.0,False,False
401754602,ESPN BET,SMU -3.5,-3.5,-3.5,-3.5,3.5,3.5,50.5,53.5,50.5,-170.0,145.0,True,False
401752914,ESPN BET,MICH -13.5,13.5,13.5,13.5,-13.5,-13.5,46.5,45.5,46.5,475.0,-750.0,False,False
401752915,ESPN BET,ILL -8.5,8.5,9.5,8.5,-9.5,-8.5,41.5,42.5,41.5,280.0,-360.0,False,False
401752775,ESPN BET,TENN -3.5,3.5,3.5,3.5,-3.5,-3.5,57.5,57.5,57.5,150.0,-175.0,False,False
401756955,ESPN BET,BYU -2.5,2.5,2.5,2.5,-2.5,-2.5,57.5,53.5,57.5,125.0,-145.0,False,False
401756956,ESPN BET,ASU -6.5,6.5,8.5,6.5,-8.5,-6.5,47.5,48.5,47.5,200.0,-240.0,False,False
401754601,ESPN BET,GT -2.5,-2.5,-2.5,-2.5,2.5,2.5,61.5,61.5,61.5,-135.0,115.0,True,False
401752908,ESPN BET,PSU -7.5,-7.5,-9.5,-7.5,9.5,7.5,45.5,44.5,45.5,-300.0,250.0,True,False
401760415,ESPN BET,UNM -3.5,3.5,2.5,3.5,-2.5,-3.5,53.5,58.5,53.5,135.0,-155.0,False,False
401760416,ESPN BET,BOIS -17.5,-17.5,-16.5,-17.5,16.5,17.5,46.5,45.5,46.5,-1200.0,700.0,True,False
401754599,ESPN BET,CAL -4.5,4.5,2.5,4.5,-2.5,-4.5,47.5,50.5,47.5,155.0,-185.0,False,False
401762514,ESPN BET,UNT -18.5,18.5,17.5,18.5,-17.5,-18.5,56.5,55.5,56.5,750.0,-1400.0,False,False
401752777,ESPN BET,LSU -25.5,-25.5,-22.5,-25.5,22.5,25.5,53.5,51.5,53.5,-4000.0,1300.0,True,False
401752910,ESPN BET,WASH -10.5,10.5,11.5,10.5,-11.5,-10.5,51.5,51.5,51.5,320.0,-425.0,False,False
401760417,ESPN BET,FRES -1.5,-1.5,-2.5,-1.5,2.5,1.5,50.5,51.5,50.5,-125.0,105.0,True,False
401760420,ESPN BET,SDSU -9.5,-9.5,-11.5,-9.5,11.5,9.5,51.5,49.5,51.5,-400.0,300.0,True,False
401762868,ESPN BET,BGSU -14.5,14.5,15.5,14.5,-15.5,-14.5,44.5,44.5,44.5,475.0,-750.0,False,False
401762869,ESPN BET,WMU -9.5,9.5,6.5,9.5,-6.5,-9.5,49.5,45.5,49.5,320.0,-425.0,False,False
401762516,ESPN BET,MEM -3.5,-3.5,-5.5,-3.5,5.5,3.5,57.5,57.5,57.5,-175.0,150.0,True,False
401760422,ESPN BET,BOIS -1.5,1.5,4.5,1.5,-4.5,-1.5,54.5,55.5,54.5,-110.0,-110.0,False,False
401762442,ESPN BET,UNT -20.5,-20.5,-19.5,-20.5,19.5,20.5,65.5,64.5,65.5,-1800.0,900.0,True,False
401760426,ESPN BET,SDSU -1.5,1.5,1.5,1.5,-1.5,-1.5,41.5,41.5,41.5,100.0,-120.0,False,False
401762871,ESPN BET,NIU -5.5,-5.5,-4.5,-5.5,4.5,5.5,44.5,44.5,44.5,-210.0,175.0,True,False
401762870,ESPN BET,OHIO -7.5,7.5,6.5,7.5,-6.5,-7.5,45.5,47.5,45.5,195.0,-230.0,False,False
401752916,ESPN BET,IOWA -5.5,5.5,4.5,5.5,-4.5,-5.5,38.5,38.5,38.5,180.0,-215.0,False,False
401760421,ESPN BET,AF -2.5,2.5,2.5,2.5,-2.5,-2.5,47.5,50.5,47.5,115.0,-135.0,False,False
401756964,ESPN BET,UTAH -10.5,10.5,13.5,10.5,-13.5,-10.5,59.5,58.5,59.5,320.0,-425.0,False,False
401752788,ESPN BET,MISS -7.5,7.5,7.5,7.5,-7.5,-7.5,62.5,62.5,62.5,242.0,-284.0,False,False
401752786,ESPN BET,UGA -15.5,15.5,13.5,15.5,-13.5,-15.5,59.5,59.5,59.5,530.0,-725.0,False,False
401761665,ESPN BET,UL -10.5,-10.5,-13.5,-10.5,13.5,10.5,47.5,48.5,47.5,-500.0,360.0,True,False
401761663,ESPN BET,MRSH -10.5,-10.5,-6.5,-10.5,6.5,10.5,61.5,60.5,61.5,-450.0,340.0,True,False
401757311,ESPN BET,FIU -10.5,10.5,10.5,10.5,-10.5,-10.5,50.5,51.5,50.5,320.0,-425.0,False,False
401757314,ESPN BET,MOST -2.5,-2.5,-3.5,-2.5,3.5,2.5,45.5,51.5,45.5,-130.0,110.0,True,False
401761664,ESPN BET,ODU -28.5,-28.5,-26.5,-28.5,26.5,28.5,58.5,58.5,58.5,-4000.0,1300.0,True,False
401761661,ESPN BET,ARST -1.5,1.5,-1.5,1.5,1.5,-1.5,54.5,56.5,54.5,100.0,-120.0,False,False
401752946,ESPN BET,WSU -14.5,-14.5,-12.5,-14.5,12.5,14.5,42.5,43.5,42.5,-700.0,450.0,True,False
401757315,ESPN BET,NMSU -3.5,-3.5,-4.5,-3.5,4.5,3.5,51.5,54.5,51.5,-155.0,135.0,True,False
401757312,ESPN BET,WKU -1.5,1.5,2.5,1.5,-2.5,-1.5,56.5,55.5,56.5,100.0,-120.0,False,False
401761667,ESPN BET,TXST -9.5,-9.5,-9.5,-9.5,9.5,9.5,62.5,63.5,62.5,-380.0,290.0,True,False
401756967,ESPN BET,TCU -3.5,-3.5,-4.5,-3.5,4.5,3.5,58.5,58.5,58.5,-150.0,130.0,True,False
401752783,ESPN BET,MIZ -4.5,4.5,2.5,4.5,-2.5,-4.5,54.5,58.5,54.5,170.0,-200.0,False,False
401752918,ESPN BET,WIS -2.5,2.5,-2.5,2.5,2.5,-2.5,38.5,38.5,38.5,115.0,-135.0,False,False
401752920,ESPN BET,PSU -14.5,14.5,10.5,14.5,-10.5,-14.5,55.5,55.5,55.5,450.0,-700.0,False,False
401754610,ESPN BET,DUKE -2.5,-2.5,-3.5,-2.5,3.5,2.5,53.5,54.5,53.5,-130.0,110.0,True,False
401757310,ESPN BET,DEL -4.5,-4.5,-6.5,-4.5,6.5,4.5,55.5,54.5,55.5,-195.0,165.0,True,False
401757313,ESPN BET,KENN -2.5,2.5,2.5,2.5,-2.5,-2.5,55.5,54.5,55.5,120.0,-140.0,False,False
401761666,ESPN BET,USM -6.5,-6.5,-6.5,-6.5,6.5,6.5,50.5,50.5,50.5,-250.0,210.0,True,False
401762441,ESPN BET,UTSA -8.5,-8.5,-6.5,-8.5,6.5,8.5,50.5,51.5,50.5,-300.0,250.0,True,False
401761662,ESPN BET,JMU -23.5,23.5,21.5,23.5,-21.5,-23.5,53.5,53.5,53.5,1200.0,-3000.0,False,False
401752785,ESPN BET,FSU -1.5,1.5,-2.5,1.5,2.5,-1.5,48.5,51.5,48.5,-105.0,-115.0,False,False
401762517,ESPN BET,TLSA -9.5,-9.5,-7.5,-9.5,7.5,9.5,56.5,60.5,56.5,-320.0,260.0,True,False
401762875,ESPN BET,M-OH -16.5,-16.5,-17.5,-16.5,17.5,16.5,40.5,41.5,40.5,-900.0,550.0,True,False
401754608,ESPN BET,BC -2.5,2.5,3.5,2.5,-3.5,-2.5,54.5,53.5,54.5,125.0,-145.0,False,False
401762519,ESPN BET,ECU -6.5,6.5,6.5,6.5,-6.5,-6.5,66.5,66.5,66.5,210.0,-250.0,False,False
401752924,ESPN BET,IU -28.5,28.5,28.5,28.5,-28.5,-28.5,54.5,52.5,54.5,2000.0,-7500.0,False,False
401756961,ESPN BET,ARIZ -2.5,2.5,1.5,2.5,-1.5,-2.5,47.5,50.5,47.5,110.0,-130.0,False,False
401752921,ESPN BET,OSU -9.5,9.5,11.5,9.5,-11.5,-9.5,43.5,44.5,43.5,320.0,-425.0,False,False
401756968,ESPN BET,TTU -24.5,24.5,20.5,24.5,-20.5,-24.5,53.5,52.5,53.5,1200.0,-3000.0,False,False
401752917,ESPN BET,ORE -6.5,6.5,7.5,6.5,-7.5,-6.5,51.5,52.5,51.5,210.0,-245.0,False,False
401752789,ESPN BET,OU -11.5,-11.5,-10.5,-11.5,10.5,11.5,36.5,38.5,36.5,-500.0,400.0,True,False
401756963,ESPN BET,BYU -17.5,-17.5,-18.5,-17.5,18.5,17.5,46.5,47.5,46.5,-1400.0,750.0,True,False
401754611,ESPN BET,MIA -6.5,6.5,6.5,6.5,-6.5,-6.5,49.5,51.5,49.5,200.0,-240.0,False,False
401752791,ESPN BET,TENN -2.5,-2.5,-3.5,-2.5,3.5,2.5,66.5,64.5,66.5,-124.0,110.0,True,False
401752792,ESPN BET,TA&M -2.5,2.5,2.5,2.5,-2.5,-2.5,54.5,51.5,54.5,120.0,-138.0,False,False
401762872,ESPN BET,TOL -10.5,10.5,8.5,10.5,-8.5,-10.5,46.5,43.5,46.5,320.0,-425.0,False,False
401752787,ESPN BET,UK -1.5,1.5,-4.5,1.5,4.5,-1.5,45.5,47.5,45.5,105.0,-125.0,False,False
401752790,ESPN BET,SC -2.5,-2.5,-2.5,-2.5,2.5,2.5,45.5,47.5,45.5,-135.0,115.0,True,False
401756962,ESPN BET,BAY -2.5,-2.5,-2.5,-2.5,2.5,2.5,57.5,60.5,57.5,-135.0,115.0,True,False
401756965,ESPN BET,KSU -16.5,-16.5,-17.5,-16.5,17.5,16.5,50.5,51.5,50.5,-900.0,550.0,True,False
401756966,ESPN BET,ISU -13.5,13.5,14.5,13.5,-14.5,-13.5,47.5,49.5,47.5,450.0,-700.0,False,False
401760424,ESPN BET,HAW -8.5,-8.5,-10.5,-8.5,10.5,8.5,44.5,44.5,44.5,-380.0,290.0,True,False
401760423,ESPN BET,FRES -3.5,3.5,2.5,3.5,-2.5,-3.5,44.5,46.5,44.5,140.0,-165.0,False,False
401760425,ESPN BET,UNLV -7.5,7.5,9.5,7.5,-9.5,-7.5,52.5,52.5,52.5,240.0,-290.0,False,False
401752919,ESPN BET,USC -21.5,-21.5,-20.5,-21.5,20.5,21.5,59.5,62.5,59.5,-2000.0,1000.0,True,False
401752922,ESPN BET,ILL -7.5,-7.5,-6.5,-7.5,6.5,7.5,44.5,47.5,44.5,-270.0,220.0,True,False
401762520,ESPN BET,USF -28.5,-28.5,-26.5,-28.5,26.5,28.5,57.5,59.5,57.5,-6000.0,1800.0,True,False
401754613,ESPN BET,UVA -9.5,-9.5,-11.5,-9.5,11.5,9.5,53.5,52.5,53.5,-380.0,290.0,True,False
401754612,ESPN BET,NCSU -7.5,-7.5,-8.5,-7.5,8.5,7.5,49.5,48.5,49.5,-270.0,220.0,True,False
401762518,ESPN BET,TULN -31.5,-31.5,-29.5,-31.5,29.5,31.5,52.5,52.5,52.5,-100000.0,4000.0,True,False
401754614,ESPN BET,ND -33.5,33.5,32.5,33.5,-32.5,-33.5,49.5,51.5,49.5,3500.0,-50000.0,False,False
401752784,ESPN BET,ALA -6.5,6.5,3.5,6.5,-3.5,-6.5,48.5,48.5,48.5,235.0,-277.0,False,False
401754609,ESPN BET,SMU -13.5,13.5,10.5,13.5,-10.5,-13.5,52.5,55.5,52.5,400.0,-600.0,False,False
401752923,ESPN BET,MSU -4.5,-4.5,-3.5,-4.5,3.5,4.5,48.5,47.5,48.5,-175.0,150.0,True,False
401777329,ESPN BET,WMU -2.5,-2.5,-3.5,-2.5,3.5,2.5,43.5,44.5,43.5,-140.0,115.0,True,False
401777327,ESPN BET,TTU -13.5,-13.5,-11.5,-13.5,11.5,13.5,50.5,51.5,50.5,-650.0,425.0,True,False
401777351,ESPN BET,UGA -2.5,2.5,1.5,2.5,-1.5,-2.5,47.5,49.5,47.5,115.0,-135.0,False,False
401777325,ESPN BET,JXST -1.5,-1.5,1.5,-1.5,-1.5,1.5,58.5,58.5,58.5,-115.0,-105.0,True,False
401777352,ESPN BET,JMU -22.5,-22.5,-21.5,-22.5,21.5,22.5,47.5,47.5,47.5,-4000.0,1300.0,True,False
401777324,ESPN BET,UNT -2.5,2.5,2.5,2.5,-2.5,-2.5,67.5,66.5,67.5,110.0,-130.0,False,False
401777326,ESPN BET,BOIS -3.5,-3.5,-3.5,-3.5,3.5,3.5,57.5,57.5,57.5,-165.0,140.0,True,False
401777353,ESPN BET,OSU -5.5,-5.5,-5.5,-5.5,5.5,5.5,48.5,48.5,48.5,-210.0,175.0,True,False
401777328,ESPN BET,UVA -2.5,-2.5,-2.5,-2.5,2.5,2.5,58.5,58.5,58.5,-140.0,120.0,True,False
401762521,DraftKings,NAVY -6,-6.0,-4.5,-6.0,4.5,6.0,37.5,38.5,37.5,-250.0,205.0,True,False
401778302,DraftKings,WASH -10,-10.0,-8.5,-10.0,8.5,10.0,55.5,51.5,55.5,-380.0,300.0,True,False
401778304,DraftKings,USF -4,-4.0,-7.5,-4.0,7.5,4.0,52.5,56.5,52.5,-192.0,160.0,True,False
401778303,DraftKings,JXST -3,-3.0,3.0,-3.0,-3.0,3.0,47.5,51.5,47.5,-155.0,130.0,True,False
401778305,DraftKings,UL -1.5,1.5,3.5,1.5,-3.5,-1.5,60.5,58.5,60.5,110.0,-130.0,False,False
401838053,DraftKings,ARST -1.5,-1.5,-2.5,-1.5,2.5,1.5,55.5,56.5,55.5,-125.0,105.0,True,False
401778306,DraftKings,WMU -3.5,-3.5,-3.0,-3.5,3.0,3.5,47.5,47.5,47.5,-166.0,140.0,True,False
401778307,DraftKings,NCSU -3.5,-3.5,-5.5,-3.5,5.5,3.5,56.5,58.5,56.5,-162.0,136.0,True,False
401779840,DraftKings,OU -2.5,-2.5,1.5,-2.5,-1.5,2.5,42.5,41.5,42.5,-142.0,120.0,True,False
401779842,DraftKings,MISS -16.5,-16.5,-16.5,-16.5,16.5,16.5,57.5,56.5,57.5,-950.0,625.0,True,False
401779841,DraftKings,TA&M -3,-3.0,-4.0,-3.0,4.0,3.0,48.5,52.5,48.5,-142.0,120.0,True,False
401779843,DraftKings,ORE -20.5,-20.5,-21.5,-20.5,21.5,20.5,47.5,51.5,47.5,-1650.0,950.0,True,False
401778308,DraftKings,USU -1.5,-1.5,1.5,-1.5,-1.5,1.5,50.5,53.5,50.5,-115.0,-105.0,True,False
401778310,DraftKings,USM -2.5,-2.5,2.5,-2.5,-2.5,2.5,59.5,55.5,59.5,-142.0,120.0,True,False
401778309,DraftKings,LOU -11.5,-11.5,-9.5,-11.5,9.5,11.5,44.5,46.5,44.5,-470.0,360.0,True,False
401778311,DraftKings,UNLV -6.5,6.5,4.5,6.5,-4.5,-6.5,64.5,62.5,64.5,205.0,-250.0,False,False
401778312,DraftKings,HAW -1.5,-1.5,1.5,-1.5,-1.5,1.5,50.5,54.5,50.5,-118.0,-102.0,True,False
401778313,DraftKings,NU -13.5,-13.5,-12.5,-13.5,12.5,13.5,43.5,44.5,43.5,-520.0,390.0,True,False
401778314,DraftKings,MINN -1.5,-1.5,-3.0,-1.5,3.0,1.5,44.5,49.5,44.5,-118.0,-102.0,True,False
401778320,DraftKings,FRES -5.5,-5.5,-3.5,-5.5,3.5,5.5,40.5,46.5,40.5,-198.0,164.0,True,False
401778318,DraftKings,ARMY -7.5,-7.5,3.5,-7.5,-3.5,7.5,41.5,48.5,41.5,-310.0,250.0,True,False
401778317,DraftKings,CLEM -2.5,-2.5,1.5,-2.5,-1.5,2.5,47.5,48.5,47.5,-130.0,110.0,True,False
401778321,DraftKings,UNT -7.5,7.5,6.5,7.5,-6.5,-7.5,55.5,56.5,55.5,245.0,-305.0,False,False
401778316,DraftKings,PITT -13.5,13.5,6.0,13.5,-6.0,-13.5,51.5,59.5,51.5,370.0,-485.0,False,False
401778319,DraftKings,BYU -3.5,-3.5,-2.5,-3.5,2.5,3.5,55.5,55.5,55.5,-180.0,150.0,True,False
401778315,DraftKings,UTSA -7.5,-7.5,-8.5,-7.5,8.5,7.5,63.5,57.5,63.5,-265.0,215.0,True,False
401778322,DraftKings,MIZ -4,-4.0,-7.0,-4.0,7.0,4.0,43.5,50.5,43.5,-185.0,154.0,True,False
401778323,DraftKings,HOU -1.5,-1.5,-1.5,-1.5,1.5,1.5,43.5,45.5,43.5,-110.0,-110.0,True,False
401778324,DraftKings,GASO -10,10.0,2.5,10.0,-2.5,-10.0,58.5,59.5,58.5,285.0,-360.0,False,False
401778325,DraftKings,LT -10,-10.0,-7.0,-10.0,7.0,10.0,51.5,52.5,51.5,-395.0,310.0,True,False
401778326,DraftKings,TENN -3,3.0,6.5,3.0,-6.5,-3.0,61.5,61.5,61.5,120.0,-142.0,False,False
401778328,DraftKings,VAN -3,-3.0,-4.0,-3.0,4.0,3.0,47.5,49.5,47.5,-162.0,136.0,True,False
401778327,DraftKings,USC -4.5,4.5,5.5,4.5,-5.5,-4.5,56.5,58.5,56.5,170.0,-205.0,False,False
401778330,DraftKings,TEX -4,-4.0,-4.5,-4.0,4.5,4.0,50.5,46.5,50.5,-192.0,160.0,True,False
401778331,DraftKings,UTAH -13.5,-13.5,-13.5,-13.5,13.5,13.5,51.5,50.5,51.5,-500.0,380.0,True,False
401778329,DraftKings,DUKE -4,-4.0,-1.5,-4.0,1.5,4.0,49.5,51.5,49.5,-180.0,150.0,True,False
401769071,DraftKings,TTU -1.5,-1.5,1.5,-1.5,-1.5,1.5,50.5,52.5,50.5,-115.0,-105.0,True,False
401769070,DraftKings,OSU -7.5,-7.5,-9.5,-7.5,9.5,7.5,39.5,43.5,39.5,-325.0,260.0,True,False
401769072,DraftKings,IU -7.5,-7.5,-6.5,-7.5,6.5,7.5,46.5,49.5,46.5,-278.0,225.0,True,False
401769073,DraftKings,UGA -6,-6.0,-6.5,-6.0,6.5,6.0,53.5,56.5,53.5,-218.0,180.0,True,False
401778333,DraftKings,NAVY -7.5,7.5,-6.5,7.5,6.5,-7.5,57.5,57.5,57.5,245.0,-305.0,False,False
401778332,DraftKings,TXST -19.5,-19.5,-10.5,-19.5,10.5,19.5,55.5,59.5,55.5,-900.0,600.0,True,False
401778334,DraftKings,MSST -3,-3.0,-3.0,-3.0,3.0,3.0,52.5,56.5,52.5,-148.0,124.0,True,False
401831583,DraftKings,SMU -2.5,-2.5,1.5,-2.5,-1.5,2.5,55.5,52.5,55.5,-142.0,120.0,True,False
401769075,DraftKings,MIA -3,3.0,3.0,3.0,-3.0,-3.0,52.5,51.5,52.5,142.0,-170.0,False,False
401769074,DraftKings,IU -3,-3.0,-4.0,-3.0,4.0,3.0,50.5,48.5,50.5,-175.0,145.0,True,False
401769076,DraftKings,IU -7.5,-7.5,-7.5,-7.5,7.5,7.5,47.5,48.5,47.5,-310.0,250.0,True,False
