date,kickoff_utc,home_team,home_conf,away_team,away_conf,home_score,away_score,neutral_site,season,week,event_id,home_id,away_id
2023-08-26,2023-08-27T00:00Z,USC,Pac-12,San José State,Mountain West,56.0,28.0,False,2023,1,401523986,30,23
2023-08-26,2023-08-26T18:30Z,Notre Dame,FBS Indep.,Navy,American,42.0,3.0,True,2023,1,401525434,87,2426
2023-08-26,2023-08-26T21:30Z,Jacksonville State,CUSA,UTEP,CUSA,17.0,14.0,False,2023,1,401520145,55,2638
2023-08-26,2023-08-26T23:00Z,New Mexico State,CUSA,Massachusetts,FBS Indep.,30.0,41.0,False,2023,1,401525450,166,113
2023-08-26,2023-08-26T23:00Z,San Diego State,Mountain West,Ohio,MAC,20.0,13.0,False,2023,1,401532392,21,195
2023-08-26,2023-08-27T01:00Z,Louisiana Tech,CUSA,Florida International,CUSA,22.0,17.0,False,2023,1,401520146,2348,2229
2023-08-26,2023-08-27T01:10Z,Vanderbilt,SEC,Hawai'i,Mountain West,35.0,28.0,False,2023,1,401520147,238,62
2023-08-31,2023-09-01T00:00Z,Missouri,SEC,South Dakota,Other/FCS,35.0,10.0,False,2023,1,401520165,142,233
2023-08-31,2023-08-31T23:30Z,UConn,FBS Indep.,NC State,ACC,14.0,24.0,False,2023,1,401520174,41,152
2023-08-31,2023-09-01T00:00Z,Utah,Pac-12,Florida,SEC,24.0,11.0,False,2023,1,401520176,254,57
2023-08-31,2023-08-31T23:00Z,Wake Forest,ACC,Elon,Other/FCS,37.0,17.0,False,2023,1,401525461,154,2210
2023-08-31,2023-08-31T23:00Z,Western Michigan,MAC,St. Francis (PA),Other/FCS,35.0,17.0,False,2023,1,401532393,2711,2598
2023-08-31,2023-09-01T00:00Z,Tulsa,American,Arkansas-Pine Bluff,Other/FCS,42.0,7.0,False,2023,1,401531337,202,2029
2023-08-31,2023-09-01T00:00Z,Minnesota,Big Ten,Nebraska,Big Ten,13.0,10.0,False,2023,1,401520148,135,158
2023-08-31,2023-09-01T00:00Z,UAB,American,North Carolina A&T,Other/FCS,35.0,6.0,False,2023,1,401531377,5,2448
2023-08-31,2023-09-01T02:00Z,Arizona State,Pac-12,Southern Utah,Other/FCS,24.0,21.0,False,2023,1,401523987,9,253
2023-08-31,2023-08-31T23:00Z,Georgia State,Sun Belt,Rhode Island,Other/FCS,42.0,35.0,False,2023,1,401531834,2247,227
2023-08-31,2023-08-31T23:00Z,UCF,Big 12,Kent State,MAC,56.0,6.0,False,2023,1,401525816,2116,2309
2023-09-01,2023-09-01T22:30Z,Eastern Michigan,MAC,Howard,Other/FCS,33.0,23.0,False,2023,1,401532394,2199,47
2023-09-01,2023-09-01T23:00Z,Michigan State,Big Ten,Central Michigan,MAC,31.0,7.0,False,2023,1,401520163,127,2117
2023-09-01,2023-09-01T23:00Z,Miami,ACC,Miami (OH),MAC,38.0,3.0,False,2023,1,401525463,2390,193
2023-09-01,2023-09-01T23:30Z,Georgia Tech,ACC,Louisville,ACC,34.0,39.0,True,2023,1,401525462,59,97
2023-09-01,2023-09-02T00:00Z,Kansas,Big 12,Missouri State,Other/FCS,48.0,17.0,False,2023,1,401525815,2305,2623
2023-09-01,2023-09-02T03:00Z,Hawai'i,Mountain West,Stanford,Pac-12,24.0,37.0,False,2023,1,401523988,62,24
2023-09-02,2023-09-02T16:00Z,Oklahoma,Big 12,Arkansas State,Sun Belt,73.0,0.0,False,2023,1,401525822,201,2032
2023-09-02,2023-09-02T16:00Z,Iowa,Big Ten,Utah State,Mountain West,24.0,14.0,False,2023,1,401520157,2294,328
2023-09-02,2023-09-02T23:30Z,Penn State,Big Ten,West Virginia,Big 12,38.0,15.0,False,2023,1,401520169,213,277
2023-09-02,2023-09-02T22:00Z,Georgia,SEC,UT Martin,Other/FCS,48.0,7.0,False,2023,1,401520154,61,2630
2023-09-02,2023-09-02T16:00Z,Michigan,Big Ten,East Carolina,American,30.0,3.0,False,2023,1,401520162,130,151
2023-09-02,2023-09-02T23:30Z,Alabama,SEC,Middle Tennessee,CUSA,56.0,7.0,False,2023,1,401520149,333,2393
2023-09-02,2023-09-02T22:30Z,USC,Pac-12,Nevada,Mountain West,66.0,14.0,False,2023,1,401523996,30,2440
2023-09-02,2023-09-02T19:30Z,Washington,Pac-12,Boise State,Mountain West,56.0,19.0,False,2023,1,401523997,264,68
2023-09-02,2023-09-02T16:00Z,Tennessee,SEC,Virginia,ACC,49.0,13.0,True,2023,1,401520179,2633,258
2023-09-02,2023-09-02T19:00Z,Oregon,Pac-12,Portland State,Other/FCS,81.0,7.0,False,2023,1,401523992,2483,2502
2023-09-02,2023-09-02T23:00Z,Kansas State,Big 12,Southeast Missouri State,Other/FCS,45.0,0.0,False,2023,1,401525821,2306,2546
2023-09-02,2023-09-02T16:00Z,TCU,Big 12,Colorado,Pac-12,42.0,45.0,False,2023,1,401523994,2628,38
2023-09-02,2023-09-02T19:30Z,Wisconsin,Big Ten,Buffalo,MAC,38.0,17.0,False,2023,1,401520180,275,2084
2023-09-02,2023-09-02T19:30Z,Texas,Big 12,Rice,American,37.0,10.0,False,2023,1,401525824,251,242
2023-09-02,2023-09-02T18:00Z,Iowa State,Big 12,Northern Iowa,Other/FCS,30.0,9.0,False,2023,1,401525820,66,2460
2023-09-02,2023-09-02T17:00Z,Arkansas,SEC,Western Carolina,Other/FCS,56.0,13.0,False,2023,1,401520150,8,2717
2023-09-02,2023-09-02T16:00Z,SMU,American,Louisiana Tech,CUSA,38.0,14.0,False,2023,1,401520172,2567,2348
2023-09-02,2023-09-02T23:00Z,Texas A&M,SEC,New Mexico,Mountain West,52.0,10.0,False,2023,1,401520173,245,167
2023-09-02,2023-09-03T00:00Z,Tulane,American,South Alabama,Sun Belt,37.0,17.0,False,2023,1,401531347,2655,6
2023-09-02,2023-09-02T19:30Z,Auburn,SEC,Massachusetts,FBS Indep.,59.0,14.0,False,2023,1,401520151,2,113
2023-09-02,2023-09-02T18:00Z,Temple,American,Akron,MAC,24.0,21.0,False,2023,1,401531387,218,2006
2023-09-02,2023-09-02T16:00Z,Liberty,CUSA,Bowling Green,MAC,34.0,24.0,False,2023,1,401520160,2335,189
2023-09-02,2023-09-02T16:00Z,Kentucky,SEC,Ball State,MAC,44.0,14.0,False,2023,1,401520159,96,2050
2023-09-02,2023-09-02T16:00Z,Boston College,ACC,Northern Illinois,MAC,24.0,27.0,False,2023,1,401525464,103,2459
2023-09-02,2023-09-02T23:30Z,South Carolina,SEC,North Carolina,ACC,17.0,31.0,True,2023,1,401520167,2579,153
2023-09-02,2023-09-02T19:30Z,Notre Dame,FBS Indep.,Tennessee State,Other/FCS,56.0,3.0,False,2023,1,401525435,87,2634
2023-09-02,2023-09-02T19:30Z,Maryland,Big Ten,Towson,Other/FCS,38.0,6.0,False,2023,1,401520161,120,119
2023-09-02,2023-09-02T17:00Z,Air Force,Mountain West,Robert Morris,Other/FCS,42.0,7.0,False,2023,1,401532570,2005,2523
2023-09-02,2023-09-02T18:00Z,Jacksonville State,CUSA,East Tennessee State,Other/FCS,49.0,3.0,False,2023,1,401520158,55,2193
2023-09-02,2023-09-02T16:00Z,Ohio,MAC,Long Island University,Other/FCS,27.0,10.0,False,2023,1,401532395,195,2341
2023-09-02,2023-09-02T18:00Z,Ole Miss,SEC,Mercer,Other/FCS,73.0,7.0,False,2023,1,401520168,145,2382
2023-09-02,2023-09-02T16:00Z,Purdue,Big Ten,Fresno State,Mountain West,35.0,39.0,False,2023,1,401520170,2509,278
2023-09-02,2023-09-02T19:30Z,Indiana,Big Ten,Ohio State,Big Ten,3.0,23.0,False,2023,1,401520156,84,194
2023-09-02,2023-09-03T00:30Z,Louisiana,Sun Belt,Northwestern State,Other/FCS,38.0,13.0,False,2023,1,401531839,309,2466
2023-09-02,2023-09-02T23:00Z,Colorado State,Mountain West,Washington State,Pac-12,24.0,50.0,False,2023,1,401523990,36,265
2023-09-02,2023-09-03T01:00Z,UTEP,CUSA,Incarnate Word,Other/FCS,28.0,14.0,False,2023,1,401520177,2638,2916
2023-09-02,2023-09-02T20:00Z,UNLV,Mountain West,Bryant,Other/FCS,44.0,14.0,False,2023,1,401532572,2439,2803
2023-09-02,2023-09-02T19:30Z,Cincinnati,Big 12,Eastern Kentucky,Other/FCS,66.0,13.0,False,2023,1,401525818,2132,2198
2023-09-02,2023-09-02T19:30Z,Appalachian State,Sun Belt,Gardner-Webb,Other/FCS,45.0,24.0,False,2023,1,401531835,2026,2241
2023-09-02,2023-09-02T20:00Z,North Texas,American,California,Pac-12,21.0,58.0,False,2023,1,401523991,249,25
2023-09-02,2023-09-02T20:00Z,Syracuse,ACC,Colgate,Other/FCS,65.0,0.0,False,2023,1,401525466,183,2142
2023-09-02,2023-09-02T22:00Z,Charlotte,American,South Carolina State,Other/FCS,24.0,3.0,False,2023,1,401531402,2429,2569
2023-09-02,2023-09-02T22:00Z,Georgia Southern,Sun Belt,The Citadel,Other/FCS,34.0,0.0,False,2023,1,401531836,290,2643
2023-09-02,2023-09-02T22:00Z,James Madison,Sun Belt,Bucknell,Other/FCS,38.0,3.0,False,2023,1,401531837,256,2083
2023-09-02,2023-09-02T22:00Z,Marshall,Sun Belt,UAlbany,Other/FCS,21.0,17.0,False,2023,1,401531838,276,399
2023-09-02,2023-09-02T22:30Z,Florida International,CUSA,Maine,Other/FCS,14.0,12.0,False,2023,1,401520153,2229,311
2023-09-02,2023-09-02T23:00Z,UL Monroe,Sun Belt,Army,FBS Indep.,17.0,13.0,False,2023,1,401520175,2433,349
2023-09-02,2023-09-02T22:00Z,Florida Atlantic,American,Monmouth,Other/FCS,42.0,20.0,False,2023,1,401531418,2226,2405
2023-09-02,2023-09-03T02:00Z,Arizona,Pac-12,Northern Arizona,Other/FCS,38.0,3.0,False,2023,1,401523989,12,2464
2023-09-02,2023-09-03T02:30Z,San Diego State,Mountain West,Idaho State,Other/FCS,36.0,28.0,False,2023,1,401532571,21,304
2023-09-02,2023-09-02T23:00Z,Southern Miss,Sun Belt,Alcorn State,Other/FCS,40.0,14.0,False,2023,1,401531840,2572,2016
2023-09-02,2023-09-02T23:00Z,Oklahoma State,Big 12,Central Arkansas,Other/FCS,27.0,13.0,False,2023,1,401525823,197,2110
2023-09-02,2023-09-02T23:00Z,Baylor,Big 12,Texas State,Sun Belt,31.0,42.0,False,2023,1,401525817,239,326
2023-09-02,2023-09-03T02:30Z,UCLA,Pac-12,Coastal Carolina,Sun Belt,27.0,13.0,False,2023,1,401523995,26,324
2023-09-02,2023-09-03T02:15Z,BYU,Big 12,Sam Houston,CUSA,14.0,0.0,False,2023,1,401520152,252,2534
2023-09-02,2023-09-02T23:00Z,Vanderbilt,SEC,Alabama A&M,Other/FCS,47.0,13.0,False,2023,1,401520178,238,2010
2023-09-02,2023-09-02T23:00Z,Memphis,American,Bethune-Cookman,Other/FCS,56.0,14.0,False,2023,1,401531426,235,2065
2023-09-02,2023-09-02T19:30Z,Pittsburgh,ACC,Wofford,Other/FCS,45.0,7.0,False,2023,1,401525465,221,2747
2023-09-02,2023-09-02T19:30Z,Western Kentucky,CUSA,South Florida,American,41.0,24.0,False,2023,1,401520181,98,58
2023-09-02,2023-09-03T00:00Z,Virginia Tech,ACC,Old Dominion,Sun Belt,36.0,17.0,False,2023,1,401525467,259,295
2023-09-02,2023-09-03T00:50Z,Wyoming,Mountain West,Texas Tech,Big 12,35.0,33.0,False,2023,1,401525825,2751,2641
2023-09-02,2023-09-02T20:00Z,Mississippi State,SEC,SE Louisiana,Other/FCS,48.0,7.0,False,2023,1,401520164,344,2545
2023-09-02,2023-09-02T23:00Z,Houston,Big 12,UTSA,American,17.0,14.0,False,2023,1,401525819,248,2636
2023-09-02,2023-09-02T23:30Z,Illinois,Big Ten,Toledo,MAC,30.0,28.0,False,2023,1,401520155,356,2649
2023-09-02,2023-09-02T23:00Z,Troy,Sun Belt,Stephen F. Austin,Other/FCS,48.0,30.0,False,2023,1,401531841,2653,2617
2023-09-02,2023-09-03T01:00Z,New Mexico State,CUSA,Western Illinois,Other/FCS,58.0,21.0,False,2023,1,401520166,166,2710
2023-09-03,2023-09-03T16:00Z,Rutgers,Big Ten,Northwestern,Big Ten,24.0,7.0,False,2023,1,401520171,164,77
2023-09-03,2023-09-03T23:30Z,Florida State,ACC,LSU,SEC,45.0,24.0,True,2023,1,401520182,52,99
2023-09-03,2023-09-03T19:30Z,San José State,Mountain West,Oregon State,Pac-12,17.0,42.0,False,2023,1,401532573,23,204
2023-09-04,2023-09-05T00:00Z,Duke,ACC,Clemson,ACC,28.0,7.0,False,2023,1,401525468,150,228
2023-09-07,2023-09-07T23:30Z,Louisville,ACC,Murray State,Other/FCS,56.0,0.0,False,2023,2,401525469,97,93
2023-09-08,2023-09-08T23:30Z,Kansas,Big 12,Illinois,Big Ten,34.0,23.0,False,2023,2,401520195,2305,356
2023-09-08,2023-09-08T23:00Z,Indiana,Big Ten,Indiana State,Other/FCS,41.0,7.0,False,2023,2,401520193,84,282
2023-09-09,2023-09-09T19:30Z,Tulane,American,Ole Miss,SEC,20.0,37.0,False,2023,2,401520214,2655,145
2023-09-09,2023-09-09T15:00Z,Wake Forest,ACC,Vanderbilt,SEC,36.0,20.0,False,2023,2,401520216,154,238
2023-09-09,2023-09-09T23:30Z,Washington State,Pac-12,Wisconsin,Big Ten,31.0,22.0,False,2023,2,401520217,265,275
2023-09-09,2023-09-09T19:30Z,Michigan,Big Ten,UNLV,Mountain West,35.0,7.0,False,2023,2,401520202,130,2439
2023-09-09,2023-09-09T23:00Z,Alabama,SEC,Texas,Big 12,24.0,34.0,False,2023,2,401520183,333,251
2023-09-09,2023-09-10T00:30Z,Florida State,ACC,Southern Miss,Sun Belt,66.0,13.0,False,2023,2,401525493,52,2572
2023-09-09,2023-09-09T16:00Z,Ohio State,Big Ten,Youngstown State,Other/FCS,35.0,7.0,False,2023,2,401520208,194,2754
2023-09-09,2023-09-10T02:30Z,USC,Pac-12,Stanford,Pac-12,56.0,10.0,False,2023,2,401524003,30,24
2023-09-09,2023-09-09T21:15Z,North Carolina,ACC,Appalachian State,Sun Belt,40.0,34.0,False,2023,2,401525495,153,2026
2023-09-09,2023-09-09T22:00Z,Oklahoma,Big 12,SMU,American,28.0,11.0,False,2023,2,401525830,201,2567
2023-09-09,2023-09-09T21:00Z,Tennessee,SEC,Austin Peay,Other/FCS,30.0,13.0,False,2023,2,401520213,2633,2046
2023-09-09,2023-09-09T16:00Z,NC State,ACC,Notre Dame,FBS Indep.,24.0,45.0,False,2023,2,401525436,152,87
2023-09-09,2023-09-09T16:00Z,Baylor,Big 12,Utah,Pac-12,13.0,20.0,False,2023,2,401523999,239,254
2023-09-09,2023-09-09T23:00Z,Texas Tech,Big 12,Oregon,Pac-12,30.0,38.0,False,2023,2,401524002,2641,2483
2023-09-09,2023-09-09T23:30Z,LSU,SEC,Grambling,Other/FCS,72.0,10.0,False,2023,2,401520199,99,2755
2023-09-09,2023-09-09T16:00Z,Kansas State,Big 12,Troy,Sun Belt,42.0,13.0,False,2023,2,401525829,2306,2653
2023-09-09,2023-09-10T01:00Z,Oregon State,Pac-12,UC Davis,Other/FCS,55.0,7.0,False,2023,2,401524000,204,302
2023-09-09,2023-09-09T21:00Z,Washington,Pac-12,Tulsa,American,43.0,10.0,False,2023,2,401524004,264,202
2023-09-09,2023-09-09T19:30Z,Navy,American,Wagner,Other/FCS,24.0,0.0,False,2023,2,401531432,2426,2681
2023-09-09,2023-09-09T16:00Z,Georgia,SEC,Ball State,MAC,45.0,3.0,False,2023,2,401520191,61,2050
2023-09-09,2023-09-09T16:00Z,Penn State,Big Ten,Delaware,Other/FCS,63.0,7.0,False,2023,2,401520209,213,48
2023-09-09,2023-09-09T23:00Z,Rice,American,Houston,Big 12,43.0,41.0,False,2023,2,401525831,242,248
2023-09-09,2023-09-09T19:30Z,Miami,ACC,Texas A&M,SEC,48.0,33.0,False,2023,2,401520201,2390,245
2023-09-09,2023-09-09T16:00Z,Army,FBS Indep.,Delaware State,Other/FCS,57.0,0.0,False,2023,2,401520185,349,2169
2023-09-09,2023-09-09T16:00Z,Virginia Tech,ACC,Purdue,Big Ten,17.0,24.0,False,2023,2,401520215,259,2509
2023-09-09,2023-09-09T16:00Z,Boston College,ACC,Holy Cross,Other/FCS,31.0,28.0,False,2023,2,401525490,103,107
2023-09-09,2023-09-09T17:30Z,Central Michigan,MAC,New Hampshire,Other/FCS,45.0,42.0,False,2023,2,401532396,2117,160
2023-09-09,2023-09-09T16:00Z,Virginia,ACC,James Madison,Sun Belt,35.0,36.0,False,2023,2,401525498,258,256
2023-09-09,2023-09-09T17:00Z,Georgia Tech,ACC,South Carolina State,Other/FCS,48.0,13.0,False,2023,2,401525494,59,2569
2023-09-09,2023-09-09T18:00Z,Bowling Green,MAC,Eastern Illinois,Other/FCS,38.0,15.0,False,2023,2,401532400,189,2197
2023-09-09,2023-09-09T19:30Z,Massachusetts,FBS Indep.,Miami (OH),MAC,28.0,41.0,False,2023,2,401526833,113,193
2023-09-09,2023-09-09T19:00Z,Kentucky,SEC,Eastern Kentucky,Other/FCS,28.0,17.0,False,2023,2,401520196,96,2198
2023-09-09,2023-09-09T19:00Z,BYU,Big 12,Southern Utah,Other/FCS,41.0,16.0,False,2023,2,401525828,252,253
2023-09-09,2023-09-09T19:30Z,Iowa State,Big 12,Iowa,Big Ten,13.0,20.0,False,2023,2,401520194,66,2294
2023-09-09,2023-09-09T19:30Z,Michigan State,Big Ten,Richmond,Other/FCS,45.0,14.0,False,2023,2,401520203,127,257
2023-09-09,2023-09-09T19:30Z,Northwestern,Big Ten,UTEP,CUSA,38.0,7.0,False,2023,2,401520207,77,2638
2023-09-09,2023-09-09T19:30Z,Syracuse,ACC,Western Michigan,MAC,48.0,7.0,False,2023,2,401525497,183,2711
2023-09-09,2023-09-09T16:00Z,Colorado,Pac-12,Nebraska,Big Ten,36.0,14.0,False,2023,2,401520188,38,158
2023-09-09,2023-09-09T22:00Z,Duke,ACC,Lafayette,Other/FCS,42.0,7.0,False,2023,2,401525492,150,322
2023-09-09,2023-09-09T19:30Z,UTSA,American,Texas State,Sun Belt,20.0,13.0,False,2023,2,401531395,2636,326
2023-09-09,2023-09-09T18:15Z,Clemson,ACC,Charleston Southern,Other/FCS,66.0,17.0,False,2023,2,401525491,228,2127
2023-09-09,2023-09-09T19:30Z,Northern Illinois,MAC,Southern Illinois,Other/FCS,11.0,14.0,False,2023,2,401532397,2459,79
2023-09-09,2023-09-09T20:00Z,East Carolina,American,Marshall,Sun Belt,13.0,31.0,False,2023,2,401531411,151,276
2023-09-09,2023-09-09T20:00Z,San José State,Mountain West,Cal Poly,Other/FCS,59.0,3.0,False,2023,2,401532578,23,13
2023-09-09,2023-09-09T20:00Z,Wyoming,Mountain West,Portland State,Other/FCS,31.0,17.0,False,2023,2,401532580,2751,2502
2023-09-09,2023-09-09T21:00Z,South Alabama,Sun Belt,SE Louisiana,Other/FCS,35.0,17.0,False,2023,2,401531844,6,2545
2023-09-09,2023-09-09T22:00Z,Liberty,CUSA,New Mexico State,CUSA,33.0,17.0,False,2023,2,401520198,2335,166
2023-09-09,2023-09-09T22:00Z,West Virginia,Big 12,Duquesne,Other/FCS,56.0,17.0,False,2023,2,401525833,277,2184
2023-09-09,2023-09-09T22:00Z,Georgia Southern,Sun Belt,UAB,American,49.0,35.0,False,2023,2,401531378,290,5
2023-09-09,2023-09-09T22:00Z,Florida Atlantic,American,Ohio,MAC,10.0,17.0,False,2023,2,401531419,2226,195
2023-09-09,2023-09-09T20:00Z,Arkansas,SEC,Kent State,MAC,28.0,6.0,False,2023,2,401520184,8,2309
2023-09-09,2023-09-09T22:00Z,Akron,MAC,Morgan State,Other/FCS,24.0,21.0,False,2023,2,401532399,2006,2415
2023-09-09,2023-09-09T22:30Z,Florida International,CUSA,North Texas,American,46.0,39.0,False,2023,2,401520189,2229,249
2023-09-09,2023-09-09T22:30Z,Pittsburgh,ACC,Cincinnati,Big 12,21.0,27.0,False,2023,2,401525496,221,2132
2023-09-09,2023-09-09T23:00Z,Coastal Carolina,Sun Belt,Jacksonville State,CUSA,30.0,16.0,False,2023,2,401520187,324,55
2023-09-09,2023-09-09T23:00Z,Georgia State,Sun Belt,UConn,FBS Indep.,35.0,14.0,False,2023,2,401520192,2247,41
2023-09-09,2023-09-09T23:00Z,Missouri,SEC,Middle Tennessee,CUSA,23.0,19.0,False,2023,2,401520206,142,2393
2023-09-09,2023-09-09T23:00Z,Western Kentucky,CUSA,Houston Christian,Other/FCS,52.0,22.0,False,2023,2,401520218,98,2277
2023-09-09,2023-09-10T02:30Z,Arizona State,Pac-12,Oklahoma State,Big 12,15.0,27.0,False,2023,2,401523998,9,197
2023-09-09,2023-09-09T23:00Z,Boise State,Mountain West,UCF,Big 12,16.0,18.0,False,2023,2,401525827,68,2116
2023-09-09,2023-09-09T22:00Z,Old Dominion,Sun Belt,Louisiana,Sun Belt,38.0,31.0,False,2023,2,401531842,295,309
2023-09-09,2023-09-09T22:00Z,Buffalo,MAC,Fordham,Other/FCS,37.0,40.0,False,2023,2,401532401,2084,2230
2023-09-09,2023-09-09T23:00Z,South Florida,American,Florida A&M,Other/FCS,38.0,24.0,False,2023,2,401531422,58,50
2023-09-09,2023-09-09T23:00Z,Louisiana Tech,CUSA,Northwestern State,Other/FCS,51.0,21.0,False,2023,2,401520197,2348,2466
2023-09-09,2023-09-09T23:00Z,Nevada,Mountain West,Idaho,Other/FCS,6.0,33.0,False,2023,2,401532576,2440,70
2023-09-09,2023-09-09T23:30Z,Maryland,Big Ten,Charlotte,American,38.0,20.0,False,2023,2,401520200,120,2429
2023-09-09,2023-09-09T23:30Z,Minnesota,Big Ten,Eastern Michigan,MAC,25.0,6.0,False,2023,2,401520204,135,2199
2023-09-09,2023-09-09T23:30Z,Mississippi State,SEC,Arizona,Pac-12,31.0,24.0,False,2023,2,401520205,344,12
2023-09-09,2023-09-09T23:30Z,Rutgers,Big Ten,Temple,American,36.0,7.0,False,2023,2,401520210,164,218
2023-09-09,2023-09-09T23:30Z,South Carolina,SEC,Furman,Other/FCS,47.0,21.0,False,2023,2,401520212,2579,231
2023-09-09,2023-09-09T23:30Z,San Diego State,Mountain West,UCLA,Pac-12,10.0,35.0,False,2023,2,401524001,21,26
2023-09-09,2023-09-09T19:30Z,Toledo,MAC,Texas Southern,Other/FCS,71.0,3.0,False,2023,2,401532398,2649,2640
2023-09-09,2023-09-09T23:30Z,Florida,SEC,McNeese,Other/FCS,49.0,7.0,False,2023,2,401520190,57,2377
2023-09-09,2023-09-10T00:00Z,UL Monroe,Sun Belt,Lamar,Other/FCS,24.0,14.0,False,2023,2,401531843,2433,2320
2023-09-09,2023-09-10T00:00Z,New Mexico,Mountain West,Tennessee Tech,Other/FCS,56.0,10.0,False,2023,2,401532577,167,2635
2023-09-09,2023-09-10T00:00Z,Utah State,Mountain West,Idaho State,Other/FCS,78.0,28.0,False,2023,2,401532579,328,304
2023-09-09,2023-09-10T01:00Z,Fresno State,Mountain West,Eastern Washington,Other/FCS,34.0,31.0,False,2023,2,401532574,278,331
2023-09-09,2023-09-09T23:00Z,Arkansas State,Sun Belt,Memphis,American,3.0,37.0,False,2023,2,401531427,2032,235
2023-09-09,2023-09-10T02:30Z,California,Pac-12,Auburn,SEC,10.0,14.0,False,2023,2,401520186,25,2
2023-09-09,2023-09-10T03:59Z,Hawai'i,Mountain West,UAlbany,Other/FCS,31.0,20.0,False,2023,2,401532575,62,399
2023-09-09,2023-09-10T00:00Z,TCU,Big 12,Nicholls,Other/FCS,41.0,6.0,False,2023,2,401525832,2628,2447
2023-09-09,2023-09-10T00:00Z,Sam Houston,CUSA,Air Force,Mountain West,3.0,13.0,True,2023,2,401520211,2534,2005
2023-09-14,2023-09-14T23:30Z,Memphis,American,Navy,American,28.0,24.0,False,2023,3,401531428,235,2426
2023-09-14,2023-09-14T23:30Z,Miami,ACC,Bethune-Cookman,Other/FCS,48.0,7.0,False,2023,3,401525499,2390,2065
2023-09-15,2023-09-16T00:00Z,Air Force,Mountain West,Utah State,Mountain West,39.0,21.0,False,2023,3,401532581,2005,328
2023-09-15,2023-09-15T23:00Z,Maryland,Big Ten,Virginia,ACC,42.0,14.0,False,2023,3,401520231,120,258
2023-09-15,2023-09-15T23:00Z,UTSA,American,Army,FBS Indep.,29.0,37.0,False,2023,3,401531396,2636,349
2023-09-16,2023-09-16T23:30Z,Purdue,Big Ten,Syracuse,ACC,20.0,35.0,False,2023,3,401520242,2509,183
2023-09-16,2023-09-16T16:00Z,Old Dominion,Sun Belt,Wake Forest,ACC,24.0,27.0,False,2023,3,401525504,295,154
2023-09-16,2023-09-16T16:00Z,Wisconsin,Big Ten,Georgia Southern,Sun Belt,35.0,14.0,False,2023,3,401520249,275,290
2023-09-16,2023-09-16T23:00Z,Middle Tennessee,CUSA,Murray State,Other/FCS,35.0,14.0,False,2023,3,401520234,2393,93
2023-09-16,2023-09-16T23:00Z,UNLV,Mountain West,Vanderbilt,SEC,40.0,37.0,False,2023,3,401520247,2439,238
2023-09-16,2023-09-16T16:00Z,Buffalo,MAC,Liberty,CUSA,27.0,55.0,False,2023,3,401520222,2084,2335
2023-09-16,2023-09-17T00:00Z,Houston,Big 12,TCU,Big 12,13.0,36.0,False,2023,3,401525836,248,2628
2023-09-16,2023-09-17T00:00Z,Stanford,Pac-12,Sacramento State,Other/FCS,23.0,30.0,False,2023,3,401524010,24,16
2023-09-16,2023-09-17T03:00Z,Arizona,Pac-12,UTEP,CUSA,31.0,10.0,False,2023,3,401520219,12,2638
2023-09-16,2023-09-17T00:30Z,Texas State,Sun Belt,Jackson State,Other/FCS,77.0,34.0,False,2023,3,401531847,326,2296
2023-09-16,2023-09-16T16:00Z,Kent State,MAC,Central Connecticut,Other/FCS,38.0,10.0,False,2023,3,401532404,2309,2115
2023-09-16,2023-09-17T00:00Z,Clemson,ACC,Florida Atlantic,American,48.0,14.0,False,2023,3,401525501,228,2226
2023-09-16,2023-09-17T02:30Z,Nevada,Mountain West,Kansas,Big 12,24.0,31.0,False,2023,3,401525837,2440,2305
2023-09-16,2023-09-17T02:30Z,Arizona State,Pac-12,Fresno State,Mountain West,0.0,29.0,False,2023,3,401524005,9,278
2023-09-16,2023-09-16T16:00Z,Baylor,Big 12,Long Island University,Other/FCS,30.0,7.0,False,2023,3,401525834,239,2341
2023-09-16,2023-09-16T22:00Z,Charlotte,American,Georgia State,Sun Belt,25.0,41.0,False,2023,3,401531403,2429,2247
2023-09-16,2023-09-16T23:00Z,Auburn,SEC,Samford,Other/FCS,45.0,13.0,False,2023,3,401520221,2,2535
2023-09-16,2023-09-16T20:00Z,California,Pac-12,Idaho,Other/FCS,31.0,17.0,False,2023,3,401524006,25,70
2023-09-16,2023-09-16T20:00Z,Texas A&M,SEC,UL Monroe,Sun Belt,47.0,3.0,False,2023,3,401520245,245,2433
2023-09-16,2023-09-16T16:00Z,Ohio,MAC,Iowa State,Big 12,10.0,7.0,False,2023,3,401525838,195,66
2023-09-16,2023-09-16T20:00Z,Southern Miss,Sun Belt,Tulane,American,3.0,21.0,False,2023,3,401531348,2572,2655
2023-09-16,2023-09-17T00:00Z,New Mexico,Mountain West,New Mexico State,CUSA,17.0,27.0,False,2023,3,401520238,167,166
2023-09-16,2023-09-16T19:30Z,Rutgers,Big Ten,Virginia Tech,ACC,35.0,16.0,False,2023,3,401520243,164,259
2023-09-16,2023-09-16T23:00Z,Louisiana Tech,CUSA,North Texas,American,37.0,40.0,False,2023,3,401520229,2348,249
2023-09-16,2023-09-16T23:00Z,Arkansas State,Sun Belt,Stony Brook,Other/FCS,31.0,7.0,False,2023,3,401531846,2032,2619
2023-09-16,2023-09-16T22:30Z,UCF,Big 12,Villanova,Other/FCS,48.0,14.0,False,2023,3,401525843,2116,222
2023-09-16,2023-09-16T18:00Z,NC State,ACC,VMI,Other/FCS,45.0,7.0,False,2023,3,401525502,152,2678
2023-09-16,2023-09-16T19:30Z,UConn,FBS Indep.,Florida International,CUSA,17.0,24.0,False,2023,3,401520246,41,2229
2023-09-16,2023-09-16T18:00Z,Ball State,MAC,Indiana State,Other/FCS,45.0,7.0,False,2023,3,401532402,2050,282
2023-09-16,2023-09-16T23:00Z,Nebraska,Big Ten,Northern Illinois,MAC,35.0,11.0,False,2023,3,401520237,158,2459
2023-09-16,2023-09-16T18:00Z,Temple,American,Norfolk State,Other/FCS,41.0,9.0,False,2023,3,401531388,218,2450
2023-09-16,2023-09-16T18:00Z,Eastern Michigan,MAC,Massachusetts,FBS Indep.,19.0,17.0,False,2023,3,401526834,2199,113
2023-09-16,2023-09-16T16:00Z,Boise State,Mountain West,North Dakota,Other/FCS,42.0,18.0,False,2023,3,401532582,68,155
2023-09-16,2023-09-16T23:30Z,West Virginia,Big 12,Pittsburgh,ACC,17.0,6.0,False,2023,3,401525503,277,221
2023-09-16,2023-09-16T19:30Z,Appalachian State,Sun Belt,East Carolina,American,43.0,28.0,False,2023,3,401531412,2026,151
2023-09-16,2023-09-16T23:00Z,Cincinnati,Big 12,Miami (OH),MAC,24.0,31.0,False,2023,3,401525835,2132,193
2023-09-16,2023-09-16T21:00Z,Washington State,Pac-12,Northern Colorado,Other/FCS,64.0,21.0,False,2023,3,401524013,265,2458
2023-09-16,2023-09-16T19:30Z,South Florida,American,Alabama,SEC,3.0,17.0,False,2023,3,401520244,58,333
2023-09-16,2023-09-16T18:00Z,Utah,Pac-12,Weber State,Other/FCS,31.0,7.0,False,2023,3,401524012,254,2692
2023-09-16,2023-09-17T00:00Z,Oregon,Pac-12,Hawai'i,Mountain West,55.0,10.0,False,2023,3,401524008,2483,62
2023-09-16,2023-09-16T21:00Z,UCLA,Pac-12,North Carolina Central,Other/FCS,59.0,7.0,False,2023,3,401524011,26,2428
2023-09-16,2023-09-16T18:30Z,Notre Dame,FBS Indep.,Central Michigan,MAC,41.0,17.0,False,2023,3,401525437,87,2117
2023-09-16,2023-09-17T00:00Z,Texas,Big 12,Wyoming,Mountain West,31.0,10.0,False,2023,3,401525840,251,2751
2023-09-16,2023-09-16T16:00Z,Mississippi State,SEC,LSU,SEC,14.0,41.0,False,2023,3,401520235,344,99
2023-09-16,2023-09-16T21:00Z,Michigan State,Big Ten,Washington,Pac-12,7.0,41.0,False,2023,3,401520233,127,264
2023-09-16,2023-09-16T23:30Z,Ole Miss,SEC,Georgia Tech,ACC,48.0,23.0,False,2023,3,401520241,145,59
2023-09-16,2023-09-17T02:00Z,Colorado,Pac-12,Colorado State,Mountain West,43.0,35.0,False,2023,3,401524007,38,36
2023-09-16,2023-09-16T19:30Z,Tulsa,American,Oklahoma,Big 12,17.0,66.0,False,2023,3,401525842,202,201
2023-09-16,2023-09-16T19:30Z,North Carolina,ACC,Minnesota,Big Ten,31.0,13.0,False,2023,3,401520239,153,135
2023-09-16,2023-09-16T19:30Z,Duke,ACC,Northwestern,Big Ten,38.0,14.0,False,2023,3,401520223,150,77
2023-09-16,2023-09-16T19:30Z,Oregon State,Pac-12,San Diego State,Mountain West,26.0,9.0,False,2023,3,401524009,204,21
2023-09-16,2023-09-16T16:00Z,Missouri,SEC,Kansas State,Big 12,30.0,27.0,False,2023,3,401520236,142,2306
2023-09-16,2023-09-16T19:30Z,Iowa,Big Ten,Western Michigan,MAC,41.0,10.0,False,2023,3,401520227,2294,2711
2023-09-16,2023-09-16T23:30Z,Kentucky,SEC,Akron,MAC,35.0,3.0,False,2023,3,401520228,96,2006
2023-09-16,2023-09-16T23:00Z,Oklahoma State,Big 12,South Alabama,Sun Belt,7.0,33.0,False,2023,3,401525839,197,6
2023-09-16,2023-09-16T23:00Z,Toledo,MAC,San José State,Mountain West,21.0,17.0,False,2023,3,401532403,2649,23
2023-09-16,2023-09-16T23:00Z,Troy,Sun Belt,James Madison,Sun Belt,14.0,16.0,False,2023,3,401531848,2653,256
2023-09-16,2023-09-16T23:00Z,Coastal Carolina,Sun Belt,Duquesne,Other/FCS,66.0,7.0,False,2023,3,401531845,324,2184
2023-09-16,2023-09-16T23:00Z,Rice,American,Texas Southern,Other/FCS,59.0,7.0,False,2023,3,401531441,242,2640
2023-09-16,2023-09-16T23:00Z,SMU,American,Prairie View A&M,Other/FCS,69.0,0.0,False,2023,3,401531438,2567,2504
2023-09-16,2023-09-16T23:30Z,Arkansas,SEC,BYU,Big 12,31.0,38.0,False,2023,3,401520220,8,252
2023-09-16,2023-09-16T16:00Z,Boston College,ACC,Florida State,ACC,29.0,31.0,False,2023,3,401525500,103,52
2023-09-16,2023-09-16T23:30Z,Michigan,Big Ten,Bowling Green,MAC,31.0,6.0,False,2023,3,401520232,130,189
2023-09-16,2023-09-16T20:00Z,Ohio State,Big Ten,Western Kentucky,CUSA,63.0,10.0,False,2023,3,401520240,194,98
2023-09-16,2023-09-16T23:00Z,Florida,SEC,Tennessee,SEC,29.0,16.0,False,2023,3,401520224,57,2633
2023-09-16,2023-09-16T19:30Z,Georgia,SEC,South Carolina,SEC,24.0,14.0,False,2023,3,401520225,61,2579
2023-09-16,2023-09-16T23:00Z,Texas Tech,Big 12,Tarleton State,Other/FCS,41.0,3.0,False,2023,3,401525841,2641,2627
2023-09-16,2023-09-16T16:00Z,Illinois,Big Ten,Penn State,Big Ten,13.0,30.0,False,2023,3,401520226,356,213
2023-09-16,2023-09-16T16:00Z,Indiana,Big Ten,Louisville,ACC,14.0,21.0,True,2023,3,401520230,84,97
2023-09-16,2023-09-16T23:00Z,UAB,American,Louisiana,Sun Belt,21.0,41.0,False,2023,3,401531379,5,309
2023-09-21,2023-09-21T23:30Z,Coastal Carolina,Sun Belt,Georgia State,Sun Belt,17.0,30.0,False,2023,4,401531849,324,2247
2023-09-22,2023-09-22T23:00Z,Purdue,Big Ten,Wisconsin,Big Ten,17.0,38.0,False,2023,4,401520266,2509,275
2023-09-22,2023-09-22T23:30Z,Virginia,ACC,NC State,ACC,21.0,24.0,False,2023,4,401525505,258,152
2023-09-22,2023-09-23T02:30Z,San Diego State,Mountain West,Boise State,Mountain West,31.0,34.0,False,2023,4,401532583,21,68
2023-09-22,2023-09-23T02:30Z,San José State,Mountain West,Air Force,Mountain West,20.0,45.0,False,2023,4,401532584,23,2005
2023-09-23,2023-09-23T23:00Z,LSU,SEC,Arkansas,SEC,34.0,31.0,False,2023,4,401520258,99,8
2023-09-23,2023-09-23T16:00Z,Clemson,ACC,Florida State,ACC,24.0,31.0,False,2023,4,401525507,228,52
2023-09-23,2023-09-24T02:45Z,Arizona State,Pac-12,USC,Pac-12,28.0,42.0,False,2023,4,401524014,9,30
2023-09-23,2023-09-23T19:30Z,Nebraska,Big Ten,Louisiana Tech,CUSA,28.0,14.0,False,2023,4,401520263,158,2348
2023-09-23,2023-09-23T23:30Z,Notre Dame,FBS Indep.,Ohio State,Big Ten,14.0,17.0,False,2023,4,401521330,87,194
2023-09-23,2023-09-24T02:30Z,Washington,Pac-12,California,Pac-12,59.0,32.0,False,2023,4,401524018,264,25
2023-09-23,2023-09-23T19:30Z,Utah,Pac-12,UCLA,Pac-12,14.0,7.0,False,2023,4,401524017,254,26
2023-09-23,2023-09-23T23:30Z,Baylor,Big 12,Texas,Big 12,6.0,38.0,False,2023,4,401525844,239,251
2023-09-23,2023-09-23T19:30Z,Alabama,SEC,Ole Miss,SEC,24.0,10.0,False,2023,4,401520250,333,145
2023-09-23,2023-09-23T23:00Z,Washington State,Pac-12,Oregon State,Pac-12,38.0,35.0,False,2023,4,401524019,265,204
2023-09-23,2023-09-23T23:30Z,Georgia,SEC,UAB,American,49.0,21.0,False,2023,4,401520252,61,5
2023-09-23,2023-09-23T16:00Z,Cincinnati,Big 12,Oklahoma,Big 12,6.0,20.0,False,2023,4,401525845,2132,201
2023-09-23,2023-09-23T19:30Z,Oregon,Pac-12,Colorado,Pac-12,42.0,6.0,False,2023,4,401524015,2483,38
2023-09-23,2023-09-23T23:30Z,Penn State,Big Ten,Iowa,Big Ten,31.0,0.0,False,2023,4,401520265,213,2294
2023-09-23,2023-09-23T16:00Z,Michigan,Big Ten,Rutgers,Big Ten,31.0,7.0,False,2023,4,401520260,130,164
2023-09-23,2023-09-23T19:30Z,Temple,American,Miami,ACC,7.0,41.0,False,2023,4,401525509,218,2390
2023-09-23,2023-09-23T23:00Z,Florida,SEC,Charlotte,American,22.0,7.0,False,2023,4,401520251,57,2429
2023-09-23,2023-09-23T16:00Z,Syracuse,ACC,Army,FBS Indep.,29.0,16.0,False,2023,4,401520268,183,349
2023-09-23,2023-09-23T16:00Z,Texas A&M,SEC,Auburn,SEC,27.0,10.0,False,2023,4,401520270,245,2
2023-09-23,2023-09-23T16:00Z,Troy,Sun Belt,Western Kentucky,CUSA,27.0,24.0,False,2023,4,401520271,2653,98
2023-09-23,2023-09-23T16:00Z,Vanderbilt,SEC,Kentucky,SEC,28.0,45.0,False,2023,4,401520274,238,96
2023-09-23,2023-09-23T16:00Z,Marshall,Sun Belt,Virginia Tech,ACC,24.0,17.0,False,2023,4,401525511,276,259
2023-09-23,2023-09-23T16:00Z,TCU,Big 12,SMU,American,34.0,17.0,False,2023,4,401525849,2628,2567
2023-09-23,2023-09-23T16:00Z,Northern Illinois,MAC,Tulsa,American,14.0,22.0,False,2023,4,401531338,2459,202
2023-09-23,2023-09-23T17:30Z,Toledo,MAC,Western Michigan,MAC,49.0,31.0,False,2023,4,401532406,2649,2711
2023-09-23,2023-09-23T18:00Z,Ball State,MAC,Georgia Southern,Sun Belt,3.0,40.0,False,2023,4,401531871,2050,290
2023-09-23,2023-09-23T19:30Z,Illinois,Big Ten,Florida Atlantic,American,23.0,17.0,False,2023,4,401520255,356,2226
2023-09-23,2023-09-24T02:30Z,Fresno State,Mountain West,Kent State,MAC,53.0,10.0,False,2023,4,401532407,278,2309
2023-09-23,2023-09-23T20:00Z,Tennessee,SEC,UTSA,American,45.0,14.0,False,2023,4,401520269,2633,2636
2023-09-23,2023-09-24T00:00Z,Pittsburgh,ACC,North Carolina,ACC,24.0,41.0,False,2023,4,401525510,221,153
2023-09-23,2023-09-23T19:30Z,UConn,FBS Indep.,Duke,ACC,7.0,41.0,False,2023,4,401520272,41,150
2023-09-23,2023-09-23T19:30Z,Louisville,ACC,Boston College,ACC,56.0,28.0,False,2023,4,401525506,97,103
2023-09-23,2023-09-23T23:00Z,Stanford,Pac-12,Arizona,Pac-12,20.0,21.0,False,2023,4,401524016,24,12
2023-09-23,2023-09-23T19:30Z,West Virginia,Big 12,Texas Tech,Big 12,20.0,13.0,False,2023,4,401525850,277,2641
2023-09-23,2023-09-23T19:30Z,Massachusetts,FBS Indep.,New Mexico,Mountain West,31.0,34.0,False,2023,4,401526835,113,167
2023-09-23,2023-09-23T19:30Z,Old Dominion,Sun Belt,Texas A&M-Commerce,Other/FCS,10.0,9.0,False,2023,4,401531873,295,2837
2023-09-23,2023-09-23T19:30Z,Bowling Green,MAC,Ohio,MAC,7.0,38.0,False,2023,4,401532405,189,195
2023-09-23,2023-09-23T22:30Z,Wake Forest,ACC,Georgia Tech,ACC,16.0,30.0,False,2023,4,401525508,154,59
2023-09-23,2023-09-23T19:30Z,Miami (OH),MAC,Delaware State,Other/FCS,62.0,20.0,False,2023,4,401532408,193,2169
2023-09-23,2023-09-23T21:00Z,Jacksonville State,CUSA,Eastern Michigan,MAC,21.0,0.0,False,2023,4,401520257,55,2199
2023-09-23,2023-09-23T20:00Z,Iowa State,Big 12,Oklahoma State,Big 12,34.0,27.0,False,2023,4,401525846,66,197
2023-09-23,2023-09-23T21:00Z,South Alabama,Sun Belt,Central Michigan,MAC,30.0,34.0,False,2023,4,401531876,6,2117
2023-09-23,2023-09-23T22:00Z,East Carolina,American,Gardner-Webb,Other/FCS,44.0,0.0,False,2023,4,401531413,151,2241
2023-09-23,2023-09-24T03:59Z,Hawai'i,Mountain West,New Mexico State,CUSA,20.0,17.0,False,2023,4,401520253,62,166
2023-09-23,2023-09-23T22:30Z,Florida International,CUSA,Liberty,CUSA,6.0,38.0,False,2023,4,401520275,2229,2335
2023-09-23,2023-09-23T20:00Z,South Florida,American,Rice,American,42.0,29.0,False,2023,4,401531423,58,242
2023-09-23,2023-09-23T23:00Z,Houston,Big 12,Sam Houston,CUSA,38.0,7.0,False,2023,4,401520254,248,2534
2023-09-23,2023-09-23T19:30Z,Michigan State,Big Ten,Maryland,Big Ten,9.0,31.0,False,2023,4,401520261,127,120
2023-09-23,2023-09-23T23:00Z,Wyoming,Mountain West,Appalachian State,Sun Belt,22.0,19.0,False,2023,4,401531870,2751,2026
2023-09-23,2023-09-23T23:00Z,Arkansas State,Sun Belt,Southern Miss,Sun Belt,44.0,37.0,False,2023,4,401531874,2032,2572
2023-09-23,2023-09-23T23:00Z,Texas State,Sun Belt,Nevada,Mountain West,35.0,24.0,False,2023,4,401531877,326,2440
2023-09-23,2023-09-23T23:30Z,Indiana,Big Ten,Akron,MAC,29.0,27.0,False,2023,4,401520256,84,2006
2023-09-23,2023-09-23T23:30Z,Missouri,SEC,Memphis,American,34.0,27.0,True,2023,4,401520259,142,235
2023-09-23,2023-09-23T23:30Z,Northwestern,Big Ten,Minnesota,Big Ten,37.0,34.0,False,2023,4,401520264,77,135
2023-09-23,2023-09-23T23:30Z,South Carolina,SEC,Mississippi State,SEC,37.0,30.0,False,2023,4,401520267,2579,344
2023-09-23,2023-09-23T23:30Z,Louisiana,Sun Belt,Buffalo,MAC,45.0,38.0,False,2023,4,401531875,309,2084
2023-09-23,2023-09-24T00:00Z,Kansas State,Big 12,UCF,Big 12,44.0,31.0,False,2023,4,401525848,2306,2116
2023-09-23,2023-09-24T00:00Z,Utah State,Mountain West,James Madison,Sun Belt,38.0,45.0,False,2023,4,401531872,328,256
2023-09-23,2023-09-24T01:00Z,UTEP,CUSA,UNLV,Mountain West,28.0,45.0,False,2023,4,401520273,2638,2439
2023-09-23,2023-09-23T19:30Z,Kansas,Big 12,BYU,Big 12,38.0,27.0,False,2023,4,401525847,2305,252
2023-09-23,2023-09-23T23:00Z,Tulane,American,Nicholls,Other/FCS,36.0,7.0,False,2023,4,401531349,2655,2447
2023-09-23,2023-09-23T23:00Z,Middle Tennessee,CUSA,Colorado State,Mountain West,23.0,31.0,False,2023,4,401520262,2393,36
2023-09-28,2023-09-29T00:00Z,Sam Houston,CUSA,Jacksonville State,CUSA,28.0,35.0,False,2023,5,401520276,2534,55
2023-09-28,2023-09-28T23:30Z,Tulsa,American,Temple,American,48.0,26.0,False,2023,5,401531339,202,218
2023-09-28,2023-09-28T23:30Z,Western Kentucky,CUSA,Middle Tennessee,CUSA,31.0,10.0,False,2023,5,401520277,98,2393
2023-09-29,2023-09-30T01:00Z,Oregon State,Pac-12,Utah,Pac-12,21.0,7.0,False,2023,5,401524020,204,254
2023-09-29,2023-09-29T23:00Z,NC State,ACC,Louisville,ACC,10.0,13.0,False,2023,5,401525512,152,97
2023-09-29,2023-09-30T01:00Z,UTEP,CUSA,Louisiana Tech,CUSA,10.0,24.0,False,2023,5,401520278,2638,2348
2023-09-29,2023-09-30T02:15Z,BYU,Big 12,Cincinnati,Big 12,35.0,27.0,False,2023,5,401525851,252,2132
2023-09-30,2023-09-30T23:30Z,Tennessee,SEC,South Carolina,SEC,41.0,20.0,False,2023,5,401520291,2633,2579
2023-09-30,2023-09-30T23:00Z,Oklahoma,Big 12,Iowa State,Big 12,50.0,20.0,False,2023,5,401525852,201,66
2023-09-30,2023-09-30T16:00Z,Colorado,Pac-12,USC,Pac-12,41.0,48.0,False,2023,5,401524023,38,30
2023-09-30,2023-09-30T19:30Z,Auburn,SEC,Georgia,SEC,20.0,27.0,False,2023,5,401520280,2,61
2023-09-30,2023-09-30T18:30Z,Kent State,MAC,Miami (OH),MAC,3.0,23.0,False,2023,5,401532413,2309,193
2023-09-30,2023-09-30T16:00Z,Northwestern,Big Ten,Penn State,Big Ten,13.0,41.0,False,2023,5,401520287,77,213
2023-09-30,2023-10-01T02:00Z,Arizona,Pac-12,Washington,Pac-12,24.0,31.0,False,2023,5,401524021,12,264
2023-09-30,2023-09-30T22:30Z,Stanford,Pac-12,Oregon,Pac-12,6.0,42.0,False,2023,5,401524024,24,2483
2023-09-30,2023-09-30T23:30Z,Duke,ACC,Notre Dame,FBS Indep.,14.0,21.0,False,2023,5,401525438,150,87
2023-09-30,2023-10-01T01:00Z,Mississippi State,SEC,Alabama,SEC,17.0,40.0,False,2023,5,401520285,344,333
2023-09-30,2023-09-30T19:30Z,Texas,Big 12,Kansas,Big 12,40.0,14.0,False,2023,5,401525854,251,2305
2023-09-30,2023-09-30T22:00Z,Ole Miss,SEC,LSU,SEC,55.0,49.0,False,2023,5,401520288,145,99
2023-09-30,2023-09-30T16:00Z,Arkansas,SEC,Texas A&M,SEC,22.0,34.0,True,2023,5,401520279,8,245
2023-09-30,2023-10-01T02:30Z,Fresno State,Mountain West,Nevada,Mountain West,27.0,9.0,False,2023,5,401532587,278,2440
2023-09-30,2023-09-30T16:00Z,Minnesota,Big Ten,Louisiana,Sun Belt,35.0,24.0,False,2023,5,401520284,135,309
2023-09-30,2023-09-30T16:00Z,Kentucky,SEC,Florida,SEC,33.0,14.0,False,2023,5,401520282,96,57
2023-09-30,2023-09-30T16:00Z,UConn,FBS Indep.,Utah State,Mountain West,33.0,34.0,False,2023,5,401520292,41,328
2023-09-30,2023-09-30T19:30Z,Navy,American,South Florida,American,30.0,44.0,False,2023,5,401531424,2426,58
2023-09-30,2023-09-30T16:00Z,Tulane,American,UAB,American,35.0,23.0,False,2023,5,401531370,2655,5
2023-09-30,2023-09-30T16:00Z,James Madison,Sun Belt,South Alabama,Sun Belt,31.0,23.0,False,2023,5,401531880,256,6
2023-09-30,2023-09-30T16:00Z,Akron,MAC,Buffalo,MAC,10.0,13.0,False,2023,5,401532412,2006,2084
2023-09-30,2023-09-30T17:30Z,Central Michigan,MAC,Eastern Michigan,MAC,26.0,23.0,False,2023,5,401532410,2117,2199
2023-09-30,2023-09-30T19:30Z,Nebraska,Big Ten,Michigan,Big Ten,7.0,45.0,False,2023,5,401520286,158,130
2023-09-30,2023-09-30T18:00Z,Boston College,ACC,Virginia,ACC,27.0,24.0,False,2023,5,401525513,103,258
2023-09-30,2023-09-30T20:00Z,Vanderbilt,SEC,Missouri,SEC,21.0,38.0,False,2023,5,401520293,238,142
2023-09-30,2023-09-30T16:00Z,Syracuse,ACC,Clemson,ACC,14.0,31.0,False,2023,5,401525514,183,228
2023-09-30,2023-10-01T00:00Z,TCU,Big 12,West Virginia,Big 12,21.0,24.0,False,2023,5,401525853,2628,277
2023-09-30,2023-09-30T23:00Z,Georgia Southern,Sun Belt,Coastal Carolina,Sun Belt,38.0,28.0,False,2023,5,401531878,290,324
2023-09-30,2023-09-30T19:30Z,UCF,Big 12,Baylor,Big 12,35.0,36.0,False,2023,5,401525856,2116,239
2023-09-30,2023-09-30T19:30Z,Purdue,Big Ten,Illinois,Big Ten,44.0,19.0,False,2023,5,401520289,2509,356
2023-09-30,2023-09-30T20:00Z,Memphis,American,Boise State,Mountain West,35.0,32.0,False,2023,5,401531429,235,68
2023-09-30,2023-09-30T19:30Z,Rutgers,Big Ten,Wagner,Other/FCS,52.0,3.0,False,2023,5,401520290,164,2681
2023-09-30,2023-09-30T19:30Z,Texas Tech,Big 12,Houston,Big 12,49.0,28.0,False,2023,5,401525855,2641,248
2023-09-30,2023-09-30T19:30Z,Massachusetts,FBS Indep.,Arkansas State,Sun Belt,28.0,52.0,False,2023,5,401526836,113,2032
2023-09-30,2023-09-30T19:30Z,Marshall,Sun Belt,Old Dominion,Sun Belt,41.0,35.0,False,2023,5,401531881,276,295
2023-09-30,2023-09-30T19:30Z,Western Michigan,MAC,Ball State,MAC,42.0,24.0,False,2023,5,401532409,2711,2050
2023-09-30,2023-09-30T19:30Z,Georgia Tech,ACC,Bowling Green,MAC,27.0,38.0,False,2023,5,401525515,59,189
2023-09-30,2023-09-30T19:30Z,Toledo,MAC,Northern Illinois,MAC,35.0,33.0,False,2023,5,401532411,2649,2459
2023-09-30,2023-09-30T20:00Z,UNLV,Mountain West,Hawai'i,Mountain West,44.0,20.0,False,2023,5,401532586,2439,62
2023-09-30,2023-09-30T19:30Z,Maryland,Big Ten,Indiana,Big Ten,44.0,17.0,False,2023,5,401520283,120,84
2023-09-30,2023-09-30T23:00Z,Georgia State,Sun Belt,Troy,Sun Belt,7.0,28.0,False,2023,5,401531879,2247,2653
2023-09-30,2023-09-30T23:00Z,Colorado State,Mountain West,Utah Tech,Other/FCS,41.0,20.0,False,2023,5,401532585,36,3101
2023-09-30,2023-09-30T23:30Z,Iowa,Big Ten,Michigan State,Big Ten,26.0,16.0,False,2023,5,401520281,2294,127
2023-09-30,2023-09-30T19:00Z,California,Pac-12,Arizona State,Pac-12,24.0,21.0,False,2023,5,401524022,25,9
2023-09-30,2023-10-01T00:00Z,Virginia Tech,ACC,Pittsburgh,ACC,38.0,21.0,False,2023,5,401525516,259,221
2023-09-30,2023-09-30T23:30Z,SMU,American,Charlotte,American,34.0,16.0,False,2023,5,401531404,2567,2429
2023-09-30,2023-10-01T00:00Z,UL Monroe,Sun Belt,Appalachian State,Sun Belt,40.0,41.0,False,2023,5,401531882,2433,2026
2023-09-30,2023-10-01T00:00Z,Air Force,Mountain West,San Diego State,Mountain West,49.0,10.0,False,2023,5,401532589,2005,21
2023-09-30,2023-09-30T23:00Z,Rice,American,East Carolina,American,24.0,17.0,False,2023,5,401531414,242,151
2023-09-30,2023-09-30T23:00Z,Southern Miss,Sun Belt,Texas State,Sun Belt,36.0,50.0,False,2023,5,401531883,2572,326
2023-09-30,2023-09-30T23:00Z,North Texas,American,Abilene Christian,Other/FCS,45.0,31.0,False,2023,5,401531436,249,2000
2023-09-30,2023-09-30T20:00Z,Wyoming,Mountain West,New Mexico,Mountain West,35.0,26.0,False,2023,5,401532588,2751,167
2023-10-04,2023-10-05T01:00Z,New Mexico State,CUSA,Florida International,CUSA,34.0,17.0,False,2023,6,401520297,166,2229
2023-10-04,2023-10-05T00:00Z,Middle Tennessee,CUSA,Jacksonville State,CUSA,30.0,45.0,False,2023,6,401520294,2393,55
2023-10-05,2023-10-05T23:00Z,Liberty,CUSA,Sam Houston,CUSA,21.0,16.0,False,2023,6,401520296,2335,2534
2023-10-05,2023-10-06T00:00Z,Louisiana Tech,CUSA,Western Kentucky,CUSA,28.0,35.0,False,2023,6,401520295,2348,98
2023-10-06,2023-10-06T23:30Z,Oklahoma State,Big 12,Kansas State,Big 12,29.0,21.0,False,2023,6,401525857,197,2306
2023-10-06,2023-10-07T00:00Z,Illinois,Big Ten,Nebraska,Big Ten,7.0,20.0,False,2023,6,401520301,356,158
2023-10-07,2023-10-07T16:00Z,Texas,Big 12,Oklahoma,Big 12,30.0,34.0,True,2023,6,401525861,251,201
2023-10-07,2023-10-07T16:00Z,Ohio State,Big Ten,Maryland,Big Ten,37.0,17.0,False,2023,6,401520307,194,120
2023-10-07,2023-10-07T19:30Z,Florida State,ACC,Virginia Tech,ACC,39.0,17.0,False,2023,6,401525518,52,259
2023-10-07,2023-10-08T02:30Z,USC,Pac-12,Arizona,Pac-12,43.0,41.0,False,2023,6,401524025,30,12
2023-10-07,2023-10-07T23:37Z,Louisville,ACC,Notre Dame,FBS Indep.,33.0,20.0,False,2023,6,401525439,97,87
2023-10-07,2023-10-07T16:00Z,Virginia,ACC,William & Mary,Other/FCS,27.0,13.0,False,2023,6,401525522,258,2729
2023-10-07,2023-10-07T19:30Z,Texas A&M,SEC,Alabama,SEC,20.0,26.0,False,2023,6,401520310,245,333
2023-10-07,2023-10-07T19:30Z,North Carolina,ACC,Syracuse,ACC,40.0,7.0,False,2023,6,401525520,153,183
2023-10-07,2023-10-07T18:00Z,NC State,ACC,Marshall,Sun Belt,48.0,41.0,False,2023,6,401525521,152,276
2023-10-07,2023-10-08T00:00Z,Wyoming,Mountain West,Fresno State,Mountain West,24.0,19.0,False,2023,6,401532591,2751,278
2023-10-07,2023-10-07T16:00Z,Mississippi State,SEC,Western Michigan,MAC,41.0,28.0,False,2023,6,401520304,344,2711
2023-10-07,2023-10-07T16:00Z,Army,FBS Indep.,Boston College,ACC,24.0,27.0,False,2023,6,401520298,349,103
2023-10-07,2023-10-07T19:00Z,UCLA,Pac-12,Washington State,Pac-12,25.0,17.0,False,2023,6,401524028,26,265
2023-10-07,2023-10-07T23:00Z,UL Monroe,Sun Belt,South Alabama,Sun Belt,7.0,55.0,False,2023,6,401531885,2433,6
2023-10-07,2023-10-07T23:00Z,Southern Miss,Sun Belt,Old Dominion,Sun Belt,13.0,17.0,False,2023,6,401531886,2572,295
2023-10-07,2023-10-08T00:00Z,Baylor,Big 12,Texas Tech,Big 12,14.0,39.0,False,2023,6,401525858,239,2641
2023-10-07,2023-10-08T00:00Z,Iowa State,Big 12,TCU,Big 12,27.0,14.0,False,2023,6,401525859,66,2628
2023-10-07,2023-10-08T00:00Z,Utah State,Mountain West,Colorado State,Mountain West,44.0,24.0,False,2023,6,401532590,328,36
2023-10-07,2023-10-08T00:00Z,Miami,ACC,Georgia Tech,ACC,20.0,23.0,False,2023,6,401525519,2390,59
2023-10-07,2023-10-07T16:00Z,Missouri,SEC,LSU,SEC,39.0,49.0,False,2023,6,401520305,142,99
2023-10-07,2023-10-07T23:30Z,Ole Miss,SEC,Arkansas,SEC,27.0,20.0,False,2023,6,401520308,145,8
2023-10-07,2023-10-07T23:30Z,Minnesota,Big Ten,Michigan,Big Ten,10.0,52.0,False,2023,6,401520303,135,130
2023-10-07,2023-10-07T23:00Z,Georgia,SEC,Kentucky,SEC,51.0,13.0,False,2023,6,401520300,61,96
2023-10-07,2023-10-07T22:30Z,Arizona State,Pac-12,Colorado,Pac-12,24.0,27.0,False,2023,6,401524026,9,38
2023-10-07,2023-10-07T22:00Z,Florida Atlantic,American,Tulsa,American,20.0,17.0,False,2023,6,401531340,2226,202
2023-10-07,2023-10-07T18:00Z,Temple,American,UTSA,American,34.0,49.0,False,2023,6,401531389,218,2636
2023-10-07,2023-10-07T18:00Z,Buffalo,MAC,Central Michigan,MAC,37.0,13.0,False,2023,6,401532415,2084,2117
2023-10-07,2023-10-07T19:00Z,Northwestern,Big Ten,Howard,Other/FCS,23.0,20.0,False,2023,6,401520306,77,47
2023-10-07,2023-10-07T19:30Z,Iowa,Big Ten,Purdue,Big Ten,20.0,14.0,False,2023,6,401520302,2294,2509
2023-10-07,2023-10-07T19:30Z,Clemson,ACC,Wake Forest,ACC,17.0,12.0,False,2023,6,401525517,228,154
2023-10-07,2023-10-07T19:30Z,Navy,American,North Texas,American,27.0,24.0,False,2023,6,401531433,2426,249
2023-10-07,2023-10-07T19:30Z,Louisiana,Sun Belt,Texas State,Sun Belt,34.0,30.0,False,2023,6,401531884,309,326
2023-10-07,2023-10-08T02:00Z,California,Pac-12,Oregon State,Pac-12,40.0,52.0,False,2023,6,401524027,25,204
2023-10-07,2023-10-07T20:00Z,Kansas,Big 12,UCF,Big 12,51.0,22.0,False,2023,6,401525860,2305,2116
2023-10-07,2023-10-07T19:30Z,Ohio,MAC,Kent State,MAC,42.0,17.0,False,2023,6,401532417,195,2309
2023-10-07,2023-10-07T20:00Z,UAB,American,South Florida,American,56.0,35.0,False,2023,6,401531380,5,58
2023-10-07,2023-10-07T20:00Z,Troy,Sun Belt,Arkansas State,Sun Belt,37.0,3.0,False,2023,6,401531887,2653,2032
2023-10-07,2023-10-07T21:00Z,Rice,American,UConn,FBS Indep.,31.0,38.0,False,2023,6,401520309,242,41
2023-10-07,2023-10-07T19:30Z,Miami (OH),MAC,Bowling Green,MAC,27.0,0.0,False,2023,6,401532416,193,189
2023-10-07,2023-10-07T16:00Z,Massachusetts,FBS Indep.,Toledo,MAC,24.0,41.0,False,2023,6,401526837,113,2649
2023-10-07,2023-10-08T00:00Z,Boise State,Mountain West,San José State,Mountain West,35.0,27.0,False,2023,6,401532592,68,23
2023-10-07,2023-10-07T16:00Z,Wisconsin,Big Ten,Rutgers,Big Ten,24.0,13.0,False,2023,6,401520311,275,164
2023-10-07,2023-10-07T19:30Z,Akron,MAC,Northern Illinois,MAC,14.0,55.0,False,2023,6,401532418,2006,2459
2023-10-07,2023-10-07T19:30Z,Eastern Michigan,MAC,Ball State,MAC,24.0,10.0,False,2023,6,401532414,2199,2050
2023-10-07,2023-10-07T20:00Z,Florida,SEC,Vanderbilt,SEC,38.0,14.0,False,2023,6,401520299,57,238
2023-10-10,2023-10-10T23:30Z,Jacksonville State,CUSA,Liberty,CUSA,13.0,31.0,False,2023,7,401520312,55,2335
2023-10-10,2023-10-10T23:00Z,Middle Tennessee,CUSA,Louisiana Tech,CUSA,31.0,23.0,False,2023,7,401520313,2393,2348
2023-10-10,2023-10-10T23:30Z,Appalachian State,Sun Belt,Coastal Carolina,Sun Belt,24.0,27.0,False,2023,7,401531888,2026,324
2023-10-11,2023-10-12T01:00Z,New Mexico State,CUSA,Sam Houston,CUSA,27.0,13.0,False,2023,7,401520315,166,2534
2023-10-11,2023-10-11T23:30Z,Florida International,CUSA,UTEP,CUSA,14.0,27.0,False,2023,7,401520314,2229,2638
2023-10-12,2023-10-12T23:00Z,Houston,Big 12,West Virginia,Big 12,41.0,39.0,False,2023,7,401525862,248,277
2023-10-12,2023-10-12T23:30Z,East Carolina,American,SMU,American,10.0,31.0,False,2023,7,401531415,151,2567
2023-10-13,2023-10-14T02:00Z,Colorado,Pac-12,Stanford,Pac-12,43.0,46.0,False,2023,7,401524029,38,24
2023-10-13,2023-10-14T00:00Z,Utah State,Mountain West,Fresno State,Mountain West,32.0,37.0,False,2023,7,401532594,328,278
2023-10-13,2023-10-13T23:00Z,Memphis,American,Tulane,American,21.0,31.0,False,2023,7,401531371,235,2655
2023-10-14,2023-10-14T16:00Z,Purdue,Big Ten,Ohio State,Big Ten,7.0,41.0,False,2023,7,401520323,2509,194
2023-10-14,2023-10-14T22:30Z,Pittsburgh,ACC,Louisville,ACC,38.0,21.0,False,2023,7,401525525,221,97
2023-10-14,2023-10-14T16:00Z,Michigan,Big Ten,Indiana,Big Ten,52.0,7.0,False,2023,7,401520321,130,84
2023-10-14,2023-10-14T23:00Z,Georgia State,Sun Belt,Marshall,Sun Belt,41.0,24.0,False,2023,7,401531889,2247,276
2023-10-14,2023-10-14T16:00Z,Florida State,ACC,Syracuse,ACC,41.0,3.0,False,2023,7,401525524,52,183
2023-10-14,2023-10-14T19:30Z,Washington,Pac-12,Oregon,Pac-12,36.0,33.0,False,2023,7,401524034,264,2483
2023-10-14,2023-10-14T23:30Z,Notre Dame,FBS Indep.,USC,Pac-12,48.0,20.0,False,2023,7,401524031,87,30
2023-10-14,2023-10-14T16:00Z,Alabama,SEC,Arkansas,SEC,24.0,21.0,False,2023,7,401520316,333,8
2023-10-14,2023-10-14T23:30Z,North Carolina,ACC,Miami,ACC,41.0,31.0,False,2023,7,401525526,153,2390
2023-10-14,2023-10-14T16:00Z,Vanderbilt,SEC,Georgia,SEC,20.0,37.0,False,2023,7,401520327,238,61
2023-10-14,2023-10-14T23:00Z,Washington State,Pac-12,Arizona,Pac-12,6.0,44.0,False,2023,7,401524030,265,12
2023-10-14,2023-10-14T16:00Z,North Texas,American,Temple,American,45.0,14.0,False,2023,7,401531390,249,218
2023-10-14,2023-10-14T19:00Z,Utah,Pac-12,California,Pac-12,34.0,14.0,False,2023,7,401524033,254,25
2023-10-14,2023-10-14T23:00Z,LSU,SEC,Auburn,SEC,48.0,18.0,False,2023,7,401520319,99,2
2023-10-14,2023-10-14T19:30Z,Oklahoma State,Big 12,Kansas,Big 12,39.0,32.0,False,2023,7,401525864,197,2305
2023-10-14,2023-10-14T23:30Z,Kentucky,SEC,Missouri,SEC,21.0,38.0,False,2023,7,401520318,96,142
2023-10-14,2023-10-14T16:00Z,Rutgers,Big Ten,Michigan State,Big Ten,27.0,24.0,False,2023,7,401520324,164,127
2023-10-14,2023-10-14T16:00Z,Cincinnati,Big 12,Iowa State,Big 12,10.0,30.0,False,2023,7,401525863,2132,66
2023-10-14,2023-10-15T00:00Z,Oregon State,Pac-12,UCLA,Pac-12,36.0,24.0,False,2023,7,401524032,204,26
2023-10-14,2023-10-14T19:30Z,Tennessee,SEC,Texas A&M,SEC,20.0,13.0,False,2023,7,401520326,2633,245
2023-10-14,2023-10-15T00:00Z,Duke,ACC,NC State,ACC,24.0,3.0,False,2023,7,401525523,150,152
2023-10-14,2023-10-14T19:30Z,Virginia Tech,ACC,Wake Forest,ACC,30.0,13.0,False,2023,7,401525527,259,154
2023-10-14,2023-10-14T16:00Z,James Madison,Sun Belt,Georgia Southern,Sun Belt,41.0,13.0,False,2023,7,401531890,256,290
2023-10-14,2023-10-14T20:00Z,Northern Illinois,MAC,Ohio,MAC,23.0,13.0,False,2023,7,401532424,2459,195
2023-10-14,2023-10-14T19:30Z,Maryland,Big Ten,Illinois,Big Ten,24.0,27.0,False,2023,7,401520320,120,356
2023-10-14,2023-10-14T18:00Z,Ball State,MAC,Toledo,MAC,6.0,13.0,False,2023,7,401532419,2050,2649
2023-10-14,2023-10-14T19:30Z,Penn State,Big Ten,Massachusetts,FBS Indep.,63.0,0.0,False,2023,7,401520322,213,113
2023-10-14,2023-10-14T16:00Z,Eastern Michigan,MAC,Kent State,MAC,28.0,14.0,False,2023,7,401532422,2199,2309
2023-10-14,2023-10-14T19:30Z,South Carolina,SEC,Florida,SEC,39.0,41.0,False,2023,7,401520325,2579,57
2023-10-14,2023-10-14T19:30Z,TCU,Big 12,BYU,Big 12,44.0,11.0,False,2023,7,401525865,2628,252
2023-10-14,2023-10-14T19:30Z,South Florida,American,Florida Atlantic,American,14.0,56.0,False,2023,7,401531420,58,2226
2023-10-14,2023-10-14T19:30Z,Central Michigan,MAC,Akron,MAC,17.0,10.0,False,2023,7,401532420,2117,2006
2023-10-14,2023-10-14T19:30Z,Buffalo,MAC,Bowling Green,MAC,14.0,24.0,False,2023,7,401532421,2084,189
2023-10-14,2023-10-14T19:30Z,Western Michigan,MAC,Miami (OH),MAC,21.0,34.0,False,2023,7,401532423,2711,193
2023-10-14,2023-10-14T19:30Z,Army,FBS Indep.,Troy,Sun Belt,0.0,19.0,False,2023,7,401520317,349,2653
2023-10-14,2023-10-14T21:00Z,Nevada,Mountain West,UNLV,Mountain West,27.0,45.0,False,2023,7,401532597,2440,2439
2023-10-14,2023-10-14T20:00Z,Wisconsin,Big Ten,Iowa,Big Ten,6.0,15.0,False,2023,7,401520328,275,2294
2023-10-14,2023-10-14T23:00Z,Texas Tech,Big 12,Kansas State,Big 12,21.0,38.0,False,2023,7,401525866,2641,2306
2023-10-14,2023-10-14T18:00Z,Charlotte,American,Navy,American,0.0,14.0,False,2023,7,401531405,2429,2426
2023-10-14,2023-10-14T23:00Z,Air Force,Mountain West,Wyoming,Mountain West,34.0,27.0,False,2023,7,401532598,2005,2751
2023-10-14,2023-10-15T00:00Z,UTSA,American,UAB,American,41.0,20.0,False,2023,7,401531381,2636,5
2023-10-14,2023-10-15T02:00Z,Colorado State,Mountain West,Boise State,Mountain West,31.0,30.0,False,2023,7,401532593,36,68
2023-10-14,2023-10-15T03:00Z,Hawai'i,Mountain West,San Diego State,Mountain West,34.0,41.0,False,2023,7,401532595,62,21
2023-10-14,2023-10-14T23:00Z,Texas State,Sun Belt,UL Monroe,Sun Belt,21.0,20.0,False,2023,7,401531891,326,2433
2023-10-14,2023-10-14T22:00Z,New Mexico,Mountain West,San José State,Mountain West,24.0,52.0,False,2023,7,401532596,167,23
2023-10-17,2023-10-17T23:30Z,South Alabama,Sun Belt,Southern Miss,Sun Belt,55.0,3.0,False,2023,8,401531892,6,2572
2023-10-17,2023-10-17T23:30Z,Jacksonville State,CUSA,Western Kentucky,CUSA,20.0,17.0,False,2023,8,401520329,55,98
2023-10-17,2023-10-17T23:00Z,Liberty,CUSA,Middle Tennessee,CUSA,42.0,35.0,False,2023,8,401520330,2335,2393
2023-10-18,2023-10-19T01:00Z,UTEP,CUSA,New Mexico State,CUSA,7.0,28.0,False,2023,8,401520332,2638,166
2023-10-18,2023-10-18T23:00Z,Sam Houston,CUSA,Florida International,CUSA,27.0,33.0,False,2023,8,401520331,2534,2229
2023-10-19,2023-10-19T23:00Z,Tulsa,American,Rice,American,10.0,42.0,False,2023,8,401531341,202,242
2023-10-19,2023-10-19T23:00Z,Marshall,Sun Belt,James Madison,Sun Belt,9.0,20.0,False,2023,8,401531893,276,256
2023-10-20,2023-10-20T23:00Z,Temple,American,SMU,American,0.0,55.0,False,2023,8,401531391,218,2567
2023-10-21,2023-10-21T23:30Z,Florida State,ACC,Duke,ACC,38.0,20.0,False,2023,8,401525530,52,150
2023-10-21,2023-10-22T02:45Z,Washington,Pac-12,Arizona State,Pac-12,15.0,7.0,False,2023,8,401524038,264,9
2023-10-21,2023-10-21T20:00Z,Houston,Big 12,Texas,Big 12,24.0,31.0,False,2023,8,401525869,248,251
2023-10-21,2023-10-21T19:30Z,Oregon,Pac-12,Washington State,Pac-12,38.0,24.0,False,2023,8,401524035,2483,265
2023-10-21,2023-10-21T16:00Z,Indiana,Big Ten,Rutgers,Big Ten,14.0,31.0,False,2023,8,401520337,84,164
2023-10-21,2023-10-21T22:30Z,North Carolina,ACC,Virginia,ACC,27.0,31.0,False,2023,8,401525531,153,258
2023-10-21,2023-10-21T16:00Z,Ohio State,Big Ten,Penn State,Big Ten,20.0,12.0,False,2023,8,401520343,194,213
2023-10-21,2023-10-22T00:00Z,USC,Pac-12,Utah,Pac-12,32.0,34.0,False,2023,8,401524037,30,254
2023-10-21,2023-10-21T23:30Z,LSU,SEC,Army,FBS Indep.,62.0,0.0,False,2023,8,401520339,99,349
2023-10-21,2023-10-21T19:30Z,Missouri,SEC,South Carolina,SEC,34.0,12.0,False,2023,8,401520341,142,2579
2023-10-21,2023-10-21T23:00Z,Auburn,SEC,Ole Miss,SEC,21.0,28.0,False,2023,8,401520335,2,145
2023-10-21,2023-10-21T19:30Z,Iowa,Big Ten,Minnesota,Big Ten,10.0,12.0,False,2023,8,401520338,2294,135
2023-10-21,2023-10-22T02:30Z,Stanford,Pac-12,UCLA,Pac-12,7.0,42.0,False,2023,8,401524036,24,26
2023-10-21,2023-10-21T19:30Z,Alabama,SEC,Tennessee,SEC,34.0,20.0,False,2023,8,401520333,333,2633
2023-10-21,2023-10-21T23:00Z,UNLV,Mountain West,Colorado State,Mountain West,25.0,23.0,False,2023,8,401532599,2439,36
2023-10-21,2023-10-21T23:00Z,Old Dominion,Sun Belt,Appalachian State,Sun Belt,28.0,21.0,False,2023,8,401531895,295,2026
2023-10-21,2023-10-22T00:00Z,Miami,ACC,Clemson,ACC,28.0,20.0,False,2023,8,401525529,2390,228
2023-10-21,2023-10-22T01:00Z,San Diego State,Mountain West,Nevada,Mountain West,0.0,6.0,False,2023,8,401532601,21,2440
2023-10-21,2023-10-21T23:00Z,San José State,Mountain West,Utah State,Mountain West,42.0,21.0,False,2023,8,401532602,23,328
2023-10-21,2023-10-21T16:00Z,Navy,American,Air Force,Mountain West,6.0,17.0,False,2023,8,401531434,2426,2005
2023-10-21,2023-10-21T19:30Z,Tulane,American,North Texas,American,35.0,28.0,False,2023,8,401531372,2655,249
2023-10-21,2023-10-21T23:30Z,Michigan State,Big Ten,Michigan,Big Ten,0.0,49.0,False,2023,8,401520340,127,130
2023-10-21,2023-10-22T00:00Z,Louisiana,Sun Belt,Georgia State,Sun Belt,17.0,20.0,False,2023,8,401531897,309,2247
2023-10-21,2023-10-21T23:00Z,Kansas State,Big 12,TCU,Big 12,41.0,3.0,False,2023,8,401525870,2306,2628
2023-10-21,2023-10-21T19:30Z,Illinois,Big Ten,Wisconsin,Big Ten,21.0,25.0,False,2023,8,401520336,356,275
2023-10-21,2023-10-21T16:00Z,Cincinnati,Big 12,Baylor,Big 12,29.0,32.0,False,2023,8,401525868,2132,239
2023-10-21,2023-10-21T16:00Z,UAB,American,Memphis,American,21.0,45.0,False,2023,8,401531382,5,235
2023-10-21,2023-10-21T16:00Z,Ohio,MAC,Western Michigan,MAC,20.0,17.0,False,2023,8,401532428,195,2711
2023-10-21,2023-10-21T18:00Z,East Carolina,American,Charlotte,American,7.0,10.0,False,2023,8,401531406,151,2429
2023-10-21,2023-10-21T18:00Z,Georgia Southern,Sun Belt,UL Monroe,Sun Belt,38.0,28.0,False,2023,8,401531894,290,2433
2023-10-21,2023-10-21T18:00Z,Bowling Green,MAC,Akron,MAC,41.0,14.0,False,2023,8,401532429,189,2006
2023-10-21,2023-10-21T19:30Z,West Virginia,Big 12,Oklahoma State,Big 12,34.0,48.0,False,2023,8,401525872,277,197
2023-10-21,2023-10-21T19:30Z,Nebraska,Big Ten,Northwestern,Big Ten,17.0,9.0,False,2023,8,401520342,158,77
2023-10-21,2023-10-21T19:30Z,UConn,FBS Indep.,South Florida,American,21.0,24.0,False,2023,8,401520344,41,58
2023-10-21,2023-10-21T19:30Z,Ball State,MAC,Central Michigan,MAC,24.0,17.0,False,2023,8,401532425,2050,2117
2023-10-21,2023-10-21T19:30Z,Northern Illinois,MAC,Eastern Michigan,MAC,20.0,13.0,False,2023,8,401532426,2459,2199
2023-10-21,2023-10-21T19:30Z,Kent State,MAC,Buffalo,MAC,6.0,24.0,False,2023,8,401532430,2309,2084
2023-10-21,2023-10-21T20:00Z,Miami (OH),MAC,Toledo,MAC,17.0,21.0,False,2023,8,401532427,193,2649
2023-10-21,2023-10-21T22:00Z,Florida Atlantic,American,UTSA,American,10.0,36.0,False,2023,8,401531397,2226,2636
2023-10-21,2023-10-21T22:00Z,New Mexico,Mountain West,Hawai'i,Mountain West,42.0,21.0,False,2023,8,401532600,167,62
2023-10-21,2023-10-21T19:30Z,Wake Forest,ACC,Pittsburgh,ACC,21.0,17.0,False,2023,8,401525532,154,221
2023-10-21,2023-10-21T16:00Z,Georgia Tech,ACC,Boston College,ACC,23.0,38.0,False,2023,8,401525528,59,103
2023-10-21,2023-10-21T16:00Z,Oklahoma,Big 12,UCF,Big 12,31.0,29.0,False,2023,8,401525871,201,2116
2023-10-21,2023-10-21T16:00Z,Arkansas,SEC,Mississippi State,SEC,3.0,7.0,False,2023,8,401520334,8,344
2023-10-21,2023-10-21T23:00Z,BYU,Big 12,Texas Tech,Big 12,27.0,14.0,False,2023,8,401525867,252,2641
2023-10-21,2023-10-21T23:00Z,Arkansas State,Sun Belt,Coastal Carolina,Sun Belt,17.0,27.0,False,2023,8,401531896,2032,324
2023-10-24,2023-10-24T23:00Z,Louisiana Tech,CUSA,New Mexico State,CUSA,24.0,27.0,False,2023,9,401520345,2348,166
2023-10-24,2023-10-24T23:30Z,Western Kentucky,CUSA,Liberty,CUSA,29.0,42.0,False,2023,9,401520346,98,2335
2023-10-25,2023-10-26T00:00Z,Sam Houston,CUSA,UTEP,CUSA,34.0,37.0,False,2023,9,401520348,2534,2638
2023-10-25,2023-10-25T23:00Z,Florida International,CUSA,Jacksonville State,CUSA,16.0,41.0,False,2023,9,401520347,2229,55
2023-10-26,2023-10-26T23:30Z,Virginia Tech,ACC,Syracuse,ACC,38.0,10.0,False,2023,9,401525533,259,183
2023-10-26,2023-10-26T23:30Z,Georgia Southern,Sun Belt,Georgia State,Sun Belt,44.0,27.0,False,2023,9,401531929,290,2247
2023-10-27,2023-10-27T23:30Z,Charlotte,American,Florida Atlantic,American,16.0,38.0,False,2023,9,401531407,2429,2226
2023-10-28,2023-10-28T16:00Z,Kansas State,Big 12,Houston,Big 12,41.0,0.0,False,2023,9,401525875,2306,248
2023-10-28,2023-10-28T23:00Z,Texas State,Sun Belt,Troy,Sun Belt,13.0,31.0,False,2023,9,401531903,326,2653
2023-10-28,2023-10-28T16:00Z,Army,FBS Indep.,Massachusetts,FBS Indep.,14.0,21.0,False,2023,9,401520349,349,113
2023-10-28,2023-10-28T21:00Z,UL Monroe,Sun Belt,Arkansas State,Sun Belt,24.0,34.0,False,2023,9,401531901,2433,2032
2023-10-28,2023-10-28T19:30Z,Ohio,MAC,Miami (OH),MAC,16.0,30.0,False,2023,9,401532432,195,193
2023-10-28,2023-10-28T19:30Z,Appalachian State,Sun Belt,Southern Miss,Sun Belt,48.0,38.0,False,2023,9,401531898,2026,2572
2023-10-28,2023-10-28T19:30Z,UTSA,American,East Carolina,American,41.0,27.0,False,2023,9,401531398,2636,151
2023-10-28,2023-10-28T21:00Z,South Alabama,Sun Belt,Louisiana,Sun Belt,20.0,33.0,False,2023,9,401531902,6,309
2023-10-28,2023-10-28T19:30Z,Miami,ACC,Virginia,ACC,29.0,26.0,False,2023,9,401525538,2390,258
2023-10-28,2023-10-28T16:00Z,Texas A&M,SEC,South Carolina,SEC,30.0,17.0,False,2023,9,401520359,245,2579
2023-10-28,2023-10-28T16:00Z,Northwestern,Big Ten,Maryland,Big Ten,33.0,27.0,False,2023,9,401520356,77,120
2023-10-28,2023-10-28T17:00Z,Eastern Michigan,MAC,Western Michigan,MAC,21.0,45.0,False,2023,9,401532431,2199,2711
2023-10-28,2023-10-28T19:30Z,Baylor,Big 12,Iowa State,Big 12,18.0,30.0,False,2023,9,401525873,239,66
2023-10-28,2023-10-28T23:00Z,Kentucky,SEC,Tennessee,SEC,27.0,33.0,False,2023,9,401520353,96,2633
2023-10-28,2023-10-28T18:00Z,NC State,ACC,Clemson,ACC,24.0,17.0,False,2023,9,401525534,152,228
2023-10-28,2023-10-28T19:00Z,North Texas,American,Memphis,American,42.0,45.0,False,2023,9,401531430,249,235
2023-10-28,2023-10-28T19:30Z,Auburn,SEC,Mississippi State,SEC,27.0,13.0,False,2023,9,401520350,2,344
2023-10-28,2023-10-28T19:30Z,Minnesota,Big Ten,Michigan State,Big Ten,27.0,12.0,False,2023,9,401520354,135,127
2023-10-28,2023-10-29T00:00Z,Arizona State,Pac-12,Washington State,Pac-12,38.0,27.0,False,2023,9,401524040,9,265
2023-10-28,2023-10-28T19:30Z,Nebraska,Big Ten,Purdue,Big Ten,31.0,14.0,False,2023,9,401520355,158,2509
2023-10-28,2023-10-28T16:00Z,UCF,Big 12,West Virginia,Big 12,28.0,41.0,False,2023,9,401525878,2116,277
2023-10-28,2023-10-28T16:00Z,SMU,American,Tulsa,American,69.0,10.0,False,2023,9,401531342,2567,202
2023-10-28,2023-10-28T19:30Z,Notre Dame,FBS Indep.,Pittsburgh,ACC,58.0,7.0,False,2023,9,401525440,87,221
2023-10-28,2023-10-28T22:00Z,Coastal Carolina,Sun Belt,Marshall,Sun Belt,34.0,6.0,False,2023,9,401531899,324,276
2023-10-28,2023-10-28T16:00Z,Wake Forest,ACC,Florida State,ACC,16.0,41.0,False,2023,9,401525536,154,52
2023-10-28,2023-10-29T02:30Z,Nevada,Mountain West,New Mexico,Mountain West,34.0,24.0,False,2023,9,401532604,2440,167
2023-10-28,2023-10-28T23:30Z,UCLA,Pac-12,Colorado,Pac-12,28.0,16.0,False,2023,9,401524043,26,38
2023-10-28,2023-10-28T19:30Z,Louisville,ACC,Duke,ACC,23.0,0.0,False,2023,9,401525535,97,150
2023-10-28,2023-10-29T00:00Z,Georgia Tech,ACC,North Carolina,ACC,46.0,42.0,False,2023,9,401525537,59,153
2023-10-28,2023-10-28T20:00Z,Rice,American,Tulane,American,28.0,30.0,False,2023,9,401531373,242,2655
2023-10-28,2023-10-28T23:30Z,Ole Miss,SEC,Vanderbilt,SEC,33.0,7.0,False,2023,9,401520357,145,238
2023-10-28,2023-10-28T16:00Z,Kansas,Big 12,Oklahoma,Big 12,38.0,33.0,False,2023,9,401525874,2305,201
2023-10-28,2023-10-28T16:00Z,Penn State,Big Ten,Indiana,Big Ten,33.0,24.0,False,2023,9,401520358,213,84
2023-10-28,2023-10-28T19:30Z,Utah,Pac-12,Oregon,Pac-12,6.0,35.0,False,2023,9,401524044,254,2483
2023-10-28,2023-10-28T19:30Z,Texas,Big 12,BYU,Big 12,35.0,6.0,False,2023,9,401525877,251,252
2023-10-28,2023-10-28T20:00Z,California,Pac-12,USC,Pac-12,49.0,50.0,False,2023,9,401524041,25,30
2023-10-28,2023-10-28T19:30Z,Florida,SEC,Georgia,SEC,20.0,43.0,True,2023,9,401520352,57,61
2023-10-28,2023-10-29T02:30Z,Arizona,Pac-12,Oregon State,Pac-12,27.0,24.0,False,2023,9,401524039,12,204
2023-10-28,2023-10-29T00:00Z,James Madison,Sun Belt,Old Dominion,Sun Belt,30.0,27.0,False,2023,9,401531900,256,295
2023-10-28,2023-10-28T23:00Z,Colorado State,Mountain West,Air Force,Mountain West,13.0,30.0,False,2023,9,401532603,36,2005
2023-10-28,2023-10-28T16:00Z,Boston College,ACC,UConn,FBS Indep.,21.0,14.0,False,2023,9,401520351,103,41
2023-10-28,2023-10-29T03:59Z,Hawai'i,Mountain West,San José State,Mountain West,0.0,35.0,False,2023,9,401532605,62,23
2023-10-28,2023-10-29T00:00Z,Oklahoma State,Big 12,Cincinnati,Big 12,45.0,13.0,False,2023,9,401525876,197,2132
2023-10-28,2023-10-29T02:30Z,Fresno State,Mountain West,UNLV,Mountain West,31.0,24.0,False,2023,9,401532606,278,2439
2023-10-28,2023-10-28T21:30Z,Boise State,Mountain West,Wyoming,Mountain West,32.0,7.0,False,2023,9,401532607,68,2751
2023-10-28,2023-10-28T23:00Z,Stanford,Pac-12,Washington,Pac-12,33.0,42.0,False,2023,9,401524042,24,264
2023-10-28,2023-10-28T23:30Z,Wisconsin,Big Ten,Ohio State,Big Ten,10.0,24.0,False,2023,9,401520360,275,194
2023-10-31,2023-10-31T23:30Z,Toledo,MAC,Buffalo,MAC,31.0,13.0,False,2023,10,401532434,2649,2084
2023-10-31,2023-10-31T23:00Z,Central Michigan,MAC,Northern Illinois,MAC,37.0,31.0,False,2023,10,401532433,2117,2459
2023-11-01,2023-11-01T23:30Z,Akron,MAC,Kent State,MAC,31.0,27.0,False,2023,10,401532436,2006,2309
2023-11-01,2023-11-01T23:00Z,Bowling Green,MAC,Ball State,MAC,24.0,21.0,False,2023,10,401532435,189,2050
2023-11-02,2023-11-02T23:30Z,Duke,ACC,Wake Forest,ACC,24.0,21.0,False,2023,10,401525539,150,154
2023-11-02,2023-11-02T23:00Z,Texas Tech,Big 12,TCU,Big 12,35.0,28.0,False,2023,10,401525879,2641,2628
2023-11-02,2023-11-02T23:30Z,Troy,Sun Belt,South Alabama,Sun Belt,28.0,10.0,False,2023,10,401531904,2653,6
2023-11-03,2023-11-03T23:30Z,Syracuse,ACC,Boston College,ACC,10.0,17.0,False,2023,10,401525540,183,103
2023-11-03,2023-11-04T00:00Z,Wyoming,Mountain West,Colorado State,Mountain West,24.0,15.0,False,2023,10,401532609,2751,36
2023-11-04,2023-11-04T19:30Z,East Carolina,American,Tulane,American,10.0,13.0,False,2023,10,401531374,151,2655
2023-11-04,2023-11-04T22:00Z,New Mexico,Mountain West,UNLV,Mountain West,14.0,56.0,False,2023,10,401532611,167,2439
2023-11-04,2023-11-04T22:00Z,New Mexico State,CUSA,Middle Tennessee,CUSA,13.0,7.0,False,2023,10,401520372,166,2393
2023-11-04,2023-11-04T18:30Z,Air Force,Mountain West,Army,FBS Indep.,3.0,23.0,True,2023,10,401520361,2005,349
2023-11-04,2023-11-05T02:00Z,Fresno State,Mountain West,Boise State,Mountain West,37.0,30.0,False,2023,10,401532608,278,68
2023-11-04,2023-11-05T01:00Z,Washington State,Pac-12,Stanford,Pac-12,7.0,10.0,False,2023,10,401524050,265,24
2023-11-04,2023-11-05T01:00Z,UTEP,CUSA,Western Kentucky,CUSA,13.0,21.0,False,2023,10,401520378,2638,98
2023-11-04,2023-11-05T00:00Z,NC State,ACC,Miami,ACC,20.0,6.0,False,2023,10,401525544,152,2390
2023-11-04,2023-11-04T16:00Z,Rutgers,Big Ten,Ohio State,Big Ten,16.0,35.0,False,2023,10,401520375,164,194
2023-11-04,2023-11-04T19:30Z,Georgia,SEC,Missouri,SEC,30.0,21.0,False,2023,10,401520364,61,142
2023-11-04,2023-11-04T23:30Z,Michigan,Big Ten,Purdue,Big Ten,41.0,13.0,False,2023,10,401520368,130,2509
2023-11-04,2023-11-04T23:30Z,USC,Pac-12,Washington,Pac-12,42.0,52.0,False,2023,10,401524048,30,264
2023-11-04,2023-11-04T16:00Z,Texas,Big 12,Kansas State,Big 12,33.0,30.0,False,2023,10,401525884,251,2306
2023-11-04,2023-11-04T19:30Z,Oklahoma State,Big 12,Oklahoma,Big 12,27.0,24.0,False,2023,10,401525883,197,201
2023-11-04,2023-11-04T23:45Z,Alabama,SEC,LSU,SEC,42.0,28.0,False,2023,10,401520362,333,99
2023-11-04,2023-11-05T02:30Z,Arizona,Pac-12,UCLA,Pac-12,27.0,10.0,False,2023,10,401524045,12,26
2023-11-04,2023-11-04T18:00Z,Utah,Pac-12,Arizona State,Pac-12,55.0,3.0,False,2023,10,401524049,254,9
2023-11-04,2023-11-04T21:30Z,Oregon,Pac-12,California,Pac-12,63.0,19.0,False,2023,10,401524047,2483,25
2023-11-04,2023-11-04T16:00Z,Tennessee,SEC,UConn,FBS Indep.,59.0,3.0,False,2023,10,401520377,2633,41
2023-11-04,2023-11-04T22:00Z,Appalachian State,Sun Belt,Marshall,Sun Belt,31.0,9.0,False,2023,10,401531905,2026,276
2023-11-04,2023-11-04T16:00Z,Clemson,ACC,Notre Dame,FBS Indep.,31.0,23.0,False,2023,10,401525441,228,87
2023-11-04,2023-11-04T19:30Z,Louisville,ACC,Virginia Tech,ACC,34.0,3.0,False,2023,10,401525543,97,259
2023-11-04,2023-11-04T22:00Z,Liberty,CUSA,Louisiana Tech,CUSA,56.0,30.0,False,2023,10,401520366,2335,2348
2023-11-04,2023-11-04T19:30Z,Maryland,Big Ten,Penn State,Big Ten,15.0,51.0,False,2023,10,401520367,120,213
2023-11-04,2023-11-04T16:00Z,Ole Miss,SEC,Texas A&M,SEC,38.0,35.0,False,2023,10,401520374,145,245
2023-11-04,2023-11-05T02:00Z,Colorado,Pac-12,Oregon State,Pac-12,19.0,26.0,False,2023,10,401524046,38,204
2023-11-04,2023-11-04T19:30Z,Pittsburgh,ACC,Florida State,ACC,7.0,24.0,False,2023,10,401525541,221,52
2023-11-04,2023-11-04T23:00Z,Iowa State,Big 12,Kansas,Big 12,21.0,28.0,False,2023,10,401525882,66,2305
2023-11-04,2023-11-04T16:00Z,Indiana,Big Ten,Wisconsin,Big Ten,20.0,14.0,False,2023,10,401520365,84,275
2023-11-04,2023-11-04T19:00Z,UAB,American,Florida Atlantic,American,45.0,42.0,False,2023,10,401531383,5,2226
2023-11-04,2023-11-04T20:00Z,Nevada,Mountain West,Hawai'i,Mountain West,14.0,27.0,False,2023,10,401532610,2440,62
2023-11-04,2023-11-04T23:00Z,West Virginia,Big 12,BYU,Big 12,37.0,7.0,False,2023,10,401525885,277,252
2023-11-04,2023-11-04T23:00Z,San Diego State,Mountain West,Utah State,Mountain West,24.0,32.0,False,2023,10,401532612,21,328
2023-11-04,2023-11-04T23:30Z,Rice,American,SMU,American,31.0,36.0,False,2023,10,401531440,242,2567
2023-11-04,2023-11-04T16:00Z,Michigan State,Big Ten,Nebraska,Big Ten,20.0,17.0,False,2023,10,401520369,127,158
2023-11-04,2023-11-04T16:00Z,South Carolina,SEC,Jacksonville State,CUSA,38.0,28.0,False,2023,10,401520376,2579,55
2023-11-04,2023-11-04T16:00Z,North Carolina,ACC,Campbell,Other/FCS,59.0,7.0,False,2023,10,401525545,153,2097
2023-11-04,2023-11-04T17:00Z,Sam Houston,CUSA,Kennesaw State,Other/FCS,24.0,21.0,False,2023,10,401525451,2534,338
2023-11-04,2023-11-04T18:00Z,Virginia,ACC,Georgia Tech,ACC,17.0,45.0,False,2023,10,401525542,258,59
2023-11-04,2023-11-04T18:00Z,Temple,American,Navy,American,32.0,18.0,False,2023,10,401531392,218,2426
2023-11-04,2023-11-04T19:00Z,Memphis,American,South Florida,American,59.0,50.0,False,2023,10,401531425,235,58
2023-11-04,2023-11-04T19:30Z,Minnesota,Big Ten,Illinois,Big Ten,26.0,27.0,False,2023,10,401520370,135,356
2023-11-04,2023-11-04T19:00Z,North Texas,American,UTSA,American,29.0,37.0,False,2023,10,401531399,249,2636
2023-11-04,2023-11-04T20:00Z,Southern Miss,Sun Belt,UL Monroe,Sun Belt,24.0,7.0,False,2023,10,401531909,2572,2433
2023-11-04,2023-11-04T19:30Z,Georgia State,Sun Belt,James Madison,Sun Belt,14.0,42.0,False,2023,10,401531906,2247,256
2023-11-04,2023-11-04T19:30Z,Northwestern,Big Ten,Iowa,Big Ten,7.0,10.0,True,2023,10,401520373,77,2294
2023-11-04,2023-11-04T19:30Z,Massachusetts,FBS Indep.,Merrimack,Other/FCS,31.0,21.0,False,2023,10,401520400,113,2771
2023-11-04,2023-11-04T23:30Z,Mississippi State,SEC,Kentucky,SEC,3.0,24.0,False,2023,10,401520371,344,96
2023-11-04,2023-11-04T19:30Z,Baylor,Big 12,Houston,Big 12,24.0,25.0,False,2023,10,401525880,239,248
2023-11-04,2023-11-04T21:00Z,Texas State,Sun Belt,Georgia Southern,Sun Belt,45.0,24.0,False,2023,10,401531910,326,290
2023-11-04,2023-11-04T20:00Z,Vanderbilt,SEC,Auburn,SEC,15.0,31.0,False,2023,10,401520379,238,2
2023-11-04,2023-11-04T19:30Z,Old Dominion,Sun Belt,Coastal Carolina,Sun Belt,24.0,28.0,False,2023,10,401531907,295,324
2023-11-04,2023-11-04T19:00Z,Arkansas State,Sun Belt,Louisiana,Sun Belt,37.0,17.0,False,2023,10,401531908,2032,309
2023-11-04,2023-11-04T20:00Z,Tulsa,American,Charlotte,American,26.0,33.0,False,2023,10,401531343,202,2429
2023-11-04,2023-11-04T19:30Z,Cincinnati,Big 12,UCF,Big 12,26.0,28.0,False,2023,10,401525881,2132,2116
2023-11-04,2023-11-04T16:00Z,Florida,SEC,Arkansas,SEC,36.0,39.0,False,2023,10,401520363,57,8
2023-11-07,2023-11-08T00:00Z,Northern Illinois,MAC,Ball State,MAC,17.0,20.0,False,2023,11,401532437,2459,2050
2023-11-07,2023-11-08T00:00Z,Western Michigan,MAC,Central Michigan,MAC,38.0,28.0,False,2023,11,401532438,2711,2117
2023-11-07,2023-11-08T00:30Z,Buffalo,MAC,Ohio,MAC,10.0,20.0,False,2023,11,401532439,2084,195
2023-11-08,2023-11-09T00:00Z,Miami (OH),MAC,Akron,MAC,19.0,0.0,False,2023,11,401532441,193,2006
2023-11-08,2023-11-09T00:00Z,Kent State,MAC,Bowling Green,MAC,19.0,49.0,False,2023,11,401532442,2309,189
2023-11-08,2023-11-09T00:30Z,Toledo,MAC,Eastern Michigan,MAC,49.0,23.0,False,2023,11,401532440,2649,2199
2023-11-09,2023-11-10T00:30Z,Louisville,ACC,Virginia,ACC,31.0,24.0,False,2023,11,401525546,97,258
2023-11-09,2023-11-10T00:30Z,Louisiana,Sun Belt,Southern Miss,Sun Belt,31.0,34.0,False,2023,11,401531911,309,2572
2023-11-10,2023-11-11T02:00Z,SMU,American,North Texas,American,45.0,21.0,False,2023,11,401531437,2567,249
2023-11-10,2023-11-11T03:45Z,UNLV,Mountain West,Wyoming,Mountain West,34.0,14.0,False,2023,11,401532618,2439,2751
2023-11-11,2023-11-11T21:00Z,California,Pac-12,Washington State,Pac-12,42.0,39.0,False,2023,11,401524051,25,265
2023-11-11,2023-11-12T00:30Z,Ohio State,Big Ten,Michigan State,Big Ten,38.0,3.0,False,2023,11,401520393,194,127
2023-11-11,2023-11-12T04:00Z,Hawai'i,Mountain West,Air Force,Mountain West,27.0,13.0,False,2023,11,401532613,62,2005
2023-11-11,2023-11-12T03:30Z,San José State,Mountain West,Fresno State,Mountain West,42.0,18.0,False,2023,11,401532614,23,278
2023-11-11,2023-11-11T20:30Z,Florida State,ACC,Miami,ACC,27.0,20.0,False,2023,11,401525550,52,2390
2023-11-11,2023-11-12T00:00Z,Colorado State,Mountain West,San Diego State,Mountain West,22.0,19.0,False,2023,11,401532617,36,21
2023-11-11,2023-11-12T03:15Z,BYU,Big 12,Iowa State,Big 12,13.0,45.0,False,2023,11,401525886,252,66
2023-11-11,2023-11-12T00:30Z,UTSA,American,Rice,American,34.0,14.0,False,2023,11,401531400,2636,242
2023-11-11,2023-11-12T00:00Z,Marshall,Sun Belt,Georgia Southern,Sun Belt,38.0,33.0,False,2023,11,401531914,276,290
2023-11-11,2023-11-12T00:00Z,Houston,Big 12,Cincinnati,Big 12,14.0,24.0,False,2023,11,401525887,248,2132
2023-11-11,2023-11-11T19:00Z,UL Monroe,Sun Belt,Troy,Sun Belt,14.0,45.0,False,2023,11,401531915,2433,2653
2023-11-11,2023-11-12T02:00Z,UCLA,Pac-12,Arizona State,Pac-12,7.0,17.0,False,2023,11,401524055,26,9
2023-11-11,2023-11-11T22:00Z,South Alabama,Sun Belt,Arkansas State,Sun Belt,21.0,14.0,False,2023,11,401531916,6,2032
2023-11-11,2023-11-11T20:30Z,Syracuse,ACC,Pittsburgh,ACC,28.0,13.0,True,2023,11,401525552,183,221
2023-11-11,2023-11-11T20:30Z,Navy,American,UAB,American,31.0,6.0,False,2023,11,401531384,2426,5
2023-11-11,2023-11-11T20:30Z,Western Kentucky,CUSA,New Mexico State,CUSA,29.0,38.0,False,2023,11,401520399,98,166
2023-11-11,2023-11-11T20:30Z,Wisconsin,Big Ten,Northwestern,Big Ten,10.0,24.0,False,2023,11,401520398,275,77
2023-11-11,2023-11-11T20:30Z,Purdue,Big Ten,Minnesota,Big Ten,49.0,30.0,False,2023,11,401520395,2509,135
2023-11-11,2023-11-11T20:30Z,Middle Tennessee,CUSA,Florida International,CUSA,40.0,6.0,False,2023,11,401520390,2393,2229
2023-11-11,2023-11-11T19:00Z,Georgia State,Sun Belt,Appalachian State,Sun Belt,14.0,42.0,False,2023,11,401531913,2247,2026
2023-11-11,2023-11-11T20:00Z,Utah State,Mountain West,Nevada,Mountain West,41.0,24.0,False,2023,11,401532615,328,2440
2023-11-11,2023-11-11T20:00Z,Louisiana Tech,CUSA,Sam Houston,CUSA,27.0,42.0,False,2023,11,401520387,2348,2534
2023-11-11,2023-11-11T21:00Z,Florida Atlantic,American,East Carolina,American,7.0,22.0,False,2023,11,401531416,2226,151
2023-11-11,2023-11-11T17:00Z,Penn State,Big Ten,Michigan,Big Ten,15.0,24.0,False,2023,11,401520394,213,130
2023-11-11,2023-11-11T20:30Z,Coastal Carolina,Sun Belt,Texas State,Sun Belt,31.0,23.0,False,2023,11,401531912,324,326
2023-11-11,2023-11-11T21:00Z,Arkansas,SEC,Auburn,SEC,10.0,48.0,False,2023,11,401520380,8,2
2023-11-11,2023-11-11T17:00Z,Clemson,ACC,Georgia Tech,ACC,42.0,21.0,False,2023,11,401525548,228,59
2023-11-11,2023-11-12T00:30Z,Texas A&M,SEC,Mississippi State,SEC,51.0,10.0,False,2023,11,401520397,245,344
2023-11-11,2023-11-11T19:00Z,Colorado,Pac-12,Arizona,Pac-12,31.0,34.0,False,2023,11,401524052,38,12
2023-11-11,2023-11-11T19:00Z,Wake Forest,ACC,NC State,ACC,6.0,26.0,False,2023,11,401525551,154,152
2023-11-11,2023-11-11T20:00Z,Kansas State,Big 12,Baylor,Big 12,59.0,25.0,False,2023,11,401525889,2306,239
2023-11-11,2023-11-11T17:00Z,Army,FBS Indep.,Holy Cross,Other/FCS,17.0,14.0,False,2023,11,401520381,349,107
2023-11-11,2023-11-11T17:00Z,Illinois,Big Ten,Indiana,Big Ten,48.0,45.0,False,2023,11,401520383,356,84
2023-11-11,2023-11-11T17:00Z,Nebraska,Big Ten,Maryland,Big Ten,10.0,13.0,False,2023,11,401520392,158,120
2023-11-11,2023-11-11T17:00Z,South Florida,American,Temple,American,27.0,23.0,False,2023,11,401531393,58,218
2023-11-11,2023-11-11T17:00Z,Boston College,ACC,Virginia Tech,ACC,22.0,48.0,False,2023,11,401525547,103,259
2023-11-11,2023-11-12T01:00Z,North Carolina,ACC,Duke,ACC,47.0,45.0,False,2023,11,401525549,153,150
2023-11-11,2023-11-11T18:00Z,Liberty,CUSA,Old Dominion,Sun Belt,38.0,10.0,False,2023,11,401520388,2335,295
2023-11-11,2023-11-12T00:00Z,Georgia,SEC,Ole Miss,SEC,52.0,17.0,False,2023,11,401520382,61,145
2023-11-11,2023-11-11T19:00Z,James Madison,Sun Belt,UConn,FBS Indep.,44.0,6.0,False,2023,11,401520385,256,41
2023-11-11,2023-11-11T17:00Z,South Carolina,SEC,Vanderbilt,SEC,47.0,6.0,False,2023,11,401520396,2579,238
2023-11-11,2023-11-11T17:00Z,Tulane,American,Tulsa,American,24.0,22.0,False,2023,11,401531344,2655,202
2023-11-11,2023-11-12T03:00Z,Boise State,Mountain West,New Mexico,Mountain West,42.0,14.0,False,2023,11,401532616,68,167
2023-11-11,2023-11-12T00:30Z,LSU,SEC,Florida,SEC,52.0,35.0,False,2023,11,401520389,99,57
2023-11-11,2023-11-11T17:00Z,Kansas,Big 12,Texas Tech,Big 12,13.0,16.0,False,2023,11,401525888,2305,2641
2023-11-11,2023-11-11T20:30Z,UCF,Big 12,Oklahoma State,Big 12,45.0,3.0,False,2023,11,401525892,2116,197
2023-11-11,2023-11-11T20:30Z,Missouri,SEC,Tennessee,SEC,36.0,7.0,False,2023,11,401520391,142,2633
2023-11-11,2023-11-11T22:30Z,Oregon State,Pac-12,Stanford,Pac-12,62.0,17.0,False,2023,11,401524054,204,24
2023-11-11,2023-11-11T19:00Z,Charlotte,American,Memphis,American,38.0,44.0,False,2023,11,401531408,2429,235
2023-11-11,2023-11-11T17:00Z,Kentucky,SEC,Alabama,SEC,21.0,49.0,False,2023,11,401520386,96,333
2023-11-11,2023-11-12T00:00Z,Oklahoma,Big 12,West Virginia,Big 12,59.0,20.0,False,2023,11,401525890,201,277
2023-11-11,2023-11-12T00:30Z,TCU,Big 12,Texas,Big 12,26.0,29.0,False,2023,11,401525891,2628,251
2023-11-11,2023-11-12T03:30Z,Oregon,Pac-12,USC,Pac-12,36.0,27.0,False,2023,11,401524053,2483,30
2023-11-11,2023-11-11T20:30Z,Washington,Pac-12,Utah,Pac-12,35.0,28.0,False,2023,11,401524056,264,254
2023-11-11,2023-11-11T20:30Z,Iowa,Big Ten,Rutgers,Big Ten,22.0,0.0,False,2023,11,401520384,2294,164
2023-11-14,2023-11-15T00:00Z,Northern Illinois,MAC,Western Michigan,MAC,24.0,0.0,False,2023,12,401532444,2459,2711
2023-11-14,2023-11-15T00:00Z,Bowling Green,MAC,Toledo,MAC,31.0,32.0,False,2023,12,401532443,189,2649
2023-11-14,2023-11-15T00:00Z,Eastern Michigan,MAC,Akron,MAC,30.0,27.0,False,2023,12,401532445,2199,2006
2023-11-15,2023-11-16T00:00Z,Ohio,MAC,Central Michigan,MAC,34.0,20.0,False,2023,12,401532446,195,2117
2023-11-15,2023-11-16T00:00Z,Miami (OH),MAC,Buffalo,MAC,23.0,10.0,False,2023,12,401532447,193,2084
2023-11-16,2023-11-17T00:00Z,Pittsburgh,ACC,Boston College,ACC,24.0,16.0,False,2023,12,401525553,221,103
2023-11-17,2023-11-18T03:30Z,Washington State,Pac-12,Colorado,Pac-12,56.0,14.0,False,2023,12,401524057,265,38
2023-11-17,2023-11-18T02:00Z,UTSA,American,South Florida,American,49.0,21.0,False,2023,12,401531401,2636,58
2023-11-18,2023-11-18T20:00Z,Tulsa,American,North Texas,American,28.0,35.0,False,2023,12,401531345,202,249
2023-11-18,2023-11-18T17:00Z,BYU,Big 12,Oklahoma,Big 12,24.0,31.0,False,2023,12,401525893,252,201
2023-11-18,2023-11-19T01:00Z,LSU,SEC,Georgia State,Sun Belt,56.0,14.0,False,2023,12,401520409,99,2247
2023-11-18,2023-11-18T19:00Z,Wyoming,Mountain West,Hawai'i,Mountain West,42.0,9.0,False,2023,12,401532620,2751,62
2023-11-18,2023-11-18T20:00Z,UAB,American,Temple,American,34.0,24.0,False,2023,12,401531385,5,218
2023-11-18,2023-11-18T19:30Z,West Virginia,Big 12,Cincinnati,Big 12,42.0,21.0,False,2023,12,401525899,277,2132
2023-11-18,2023-11-19T01:00Z,Georgia Tech,ACC,Syracuse,ACC,31.0,22.0,False,2023,12,401525557,59,183
2023-11-18,2023-11-18T20:00Z,Virginia,ACC,Duke,ACC,30.0,27.0,False,2023,12,401525555,258,150
2023-11-18,2023-11-19T00:30Z,South Carolina,SEC,Kentucky,SEC,17.0,14.0,False,2023,12,401520418,2579,96
2023-11-18,2023-11-19T00:30Z,Arkansas,SEC,Florida International,CUSA,44.0,20.0,False,2023,12,401520402,8,2229
2023-11-18,2023-11-19T00:00Z,Utah State,Mountain West,Boise State,Mountain West,10.0,45.0,False,2023,12,401532619,328,68
2023-11-18,2023-11-19T03:30Z,Fresno State,Mountain West,New Mexico,Mountain West,17.0,25.0,False,2023,12,401532622,278,167
2023-11-18,2023-11-18T23:30Z,Stanford,Pac-12,California,Pac-12,15.0,27.0,False,2023,12,401524061,24,25
2023-11-18,2023-11-18T20:00Z,Colorado State,Mountain West,Nevada,Mountain West,30.0,20.0,False,2023,12,401532621,36,2440
2023-11-18,2023-11-18T22:00Z,Texas Tech,Big 12,UCF,Big 12,24.0,23.0,False,2023,12,401525898,2641,2116
2023-11-18,2023-11-18T23:00Z,Georgia Southern,Sun Belt,Old Dominion,Sun Belt,17.0,20.0,False,2023,12,401531917,290,295
2023-11-18,2023-11-18T20:30Z,Western Kentucky,CUSA,Sam Houston,CUSA,28.0,23.0,False,2023,12,401520423,98,2534
2023-11-18,2023-11-18T22:00Z,South Alabama,Sun Belt,Marshall,Sun Belt,28.0,0.0,False,2023,12,401531920,6,276
2023-11-18,2023-11-18T20:30Z,TCU,Big 12,Baylor,Big 12,42.0,17.0,False,2023,12,401525897,2628,239
2023-11-18,2023-11-18T20:30Z,Virginia Tech,ACC,NC State,ACC,28.0,35.0,False,2023,12,401525559,259,152
2023-11-18,2023-11-18T20:30Z,USC,Pac-12,UCLA,Pac-12,20.0,38.0,False,2023,12,401524062,30,26
2023-11-18,2023-11-18T20:30Z,Troy,Sun Belt,Louisiana,Sun Belt,31.0,24.0,False,2023,12,401531921,2653,309
2023-11-18,2023-11-18T17:00Z,Ole Miss,SEC,UL Monroe,Sun Belt,35.0,3.0,False,2023,12,401520416,145,2433
2023-11-18,2023-11-18T20:00Z,Arkansas State,Sun Belt,Texas State,Sun Belt,77.0,31.0,False,2023,12,401531919,2032,326
2023-11-18,2023-11-18T21:00Z,Auburn,SEC,New Mexico State,CUSA,10.0,31.0,False,2023,12,401520404,2,166
2023-11-18,2023-11-18T20:30Z,Air Force,Mountain West,UNLV,Mountain West,27.0,31.0,False,2023,12,401532624,2005,2439
2023-11-18,2023-11-18T19:00Z,Ball State,MAC,Kent State,MAC,34.0,3.0,False,2023,12,401532448,2050,2309
2023-11-18,2023-11-18T20:30Z,Iowa,Big Ten,Illinois,Big Ten,15.0,13.0,False,2023,12,401520406,2294,356
2023-11-18,2023-11-18T17:00Z,Penn State,Big Ten,Rutgers,Big Ten,27.0,6.0,False,2023,12,401520417,213,164
2023-11-18,2023-11-19T00:30Z,Wisconsin,Big Ten,Nebraska,Big Ten,24.0,17.0,False,2023,12,401520422,275,158
2023-11-18,2023-11-19T00:30Z,Missouri,SEC,Florida,SEC,33.0,31.0,False,2023,12,401520413,142,57
2023-11-18,2023-11-19T03:30Z,San José State,Mountain West,San Diego State,Mountain West,24.0,13.0,False,2023,12,401532623,23,21
2023-11-18,2023-11-18T23:30Z,Florida State,ACC,North Alabama,Other/FCS,58.0,13.0,False,2023,12,401525556,52,2453
2023-11-18,2023-11-18T19:00Z,Jacksonville State,CUSA,Louisiana Tech,CUSA,56.0,17.0,False,2023,12,401520407,55,2348
2023-11-18,2023-11-18T18:00Z,Liberty,CUSA,Massachusetts,FBS Indep.,49.0,25.0,False,2023,12,401520408,2335,113
2023-11-18,2023-11-18T17:00Z,Memphis,American,SMU,American,34.0,38.0,False,2023,12,401531431,235,2567
2023-11-18,2023-11-18T17:00Z,UConn,FBS Indep.,Sacred Heart,Other/FCS,31.0,3.0,False,2023,12,401520421,41,2529
2023-11-18,2023-11-18T17:00Z,Miami,ACC,Louisville,ACC,31.0,38.0,False,2023,12,401525558,2390,97
2023-11-18,2023-11-18T17:00Z,Mississippi State,SEC,Southern Miss,Sun Belt,41.0,20.0,False,2023,12,401520412,344,2572
2023-11-18,2023-11-18T17:00Z,Northwestern,Big Ten,Purdue,Big Ten,23.0,15.0,False,2023,12,401520414,77,2509
2023-11-18,2023-11-18T17:00Z,Indiana,Big Ten,Michigan State,Big Ten,21.0,24.0,False,2023,12,401520405,84,127
2023-11-18,2023-11-18T17:00Z,Florida Atlantic,American,Tulane,American,8.0,24.0,False,2023,12,401531375,2226,2655
2023-11-18,2023-11-18T21:00Z,Houston,Big 12,Oklahoma State,Big 12,30.0,43.0,False,2023,12,401525894,248,197
2023-11-18,2023-11-18T17:00Z,Texas A&M,SEC,Abilene Christian,Other/FCS,38.0,10.0,False,2023,12,401520420,245,2000
2023-11-18,2023-11-18T19:00Z,Middle Tennessee,CUSA,UTEP,CUSA,34.0,30.0,False,2023,12,401520411,2393,2638
2023-11-18,2023-11-18T17:00Z,Army,FBS Indep.,Coastal Carolina,Sun Belt,28.0,21.0,False,2023,12,401520403,349,324
2023-11-18,2023-11-18T17:00Z,Alabama,SEC,Chattanooga,Other/FCS,66.0,10.0,False,2023,12,401520401,333,236
2023-11-18,2023-11-18T17:00Z,Navy,American,East Carolina,American,10.0,0.0,False,2023,12,401531417,2426,151
2023-11-18,2023-11-18T21:00Z,Ohio State,Big Ten,Minnesota,Big Ten,37.0,3.0,False,2023,12,401520415,194,135
2023-11-18,2023-11-18T19:00Z,James Madison,Sun Belt,Appalachian State,Sun Belt,23.0,26.0,False,2023,12,401531918,256,2026
2023-11-18,2023-11-18T20:30Z,Clemson,ACC,North Carolina,ACC,31.0,20.0,False,2023,12,401525554,228,153
2023-11-18,2023-11-18T20:30Z,Notre Dame,FBS Indep.,Wake Forest,ACC,45.0,7.0,False,2023,12,401525442,87,154
2023-11-18,2023-11-18T19:30Z,Arizona,Pac-12,Utah,Pac-12,42.0,18.0,False,2023,12,401524058,12,254
2023-11-18,2023-11-19T00:00Z,Kansas,Big 12,Kansas State,Big 12,27.0,31.0,False,2023,12,401525896,2305,2306
2023-11-18,2023-11-18T21:00Z,Arizona State,Pac-12,Oregon,Pac-12,13.0,49.0,False,2023,12,401524059,9,2483
2023-11-18,2023-11-18T17:00Z,Maryland,Big Ten,Michigan,Big Ten,24.0,31.0,False,2023,12,401520410,120,130
2023-11-18,2023-11-19T00:30Z,Oregon State,Pac-12,Washington,Pac-12,20.0,22.0,False,2023,12,401524060,204,264
2023-11-18,2023-11-18T19:00Z,Charlotte,American,Rice,American,7.0,28.0,False,2023,12,401531409,2429,242
2023-11-18,2023-11-19T01:00Z,Iowa State,Big 12,Texas,Big 12,16.0,26.0,False,2023,12,401525895,66,251
2023-11-18,2023-11-18T20:30Z,Tennessee,SEC,Georgia,SEC,10.0,38.0,False,2023,12,401520419,2633,61
2023-11-21,2023-11-22T00:00Z,Western Michigan,MAC,Bowling Green,MAC,10.0,34.0,False,2023,13,401532450,2711,189
2023-11-21,2023-11-22T00:30Z,Buffalo,MAC,Eastern Michigan,MAC,11.0,24.0,False,2023,13,401532449,2084,2199
2023-11-23,2023-11-24T00:30Z,Mississippi State,SEC,Ole Miss,SEC,7.0,17.0,False,2023,13,401520424,344,145
2023-11-24,2023-11-24T20:30Z,New Mexico,Mountain West,Utah State,Mountain West,41.0,44.0,False,2023,13,401532629,167,328
2023-11-24,2023-11-24T17:00Z,Akron,MAC,Ohio,MAC,14.0,25.0,False,2023,13,401532452,2006,195
2023-11-24,2023-11-25T00:30Z,Texas,Big 12,Texas Tech,Big 12,57.0,7.0,False,2023,13,401525901,251,2641
2023-11-24,2023-11-24T17:00Z,Oklahoma,Big 12,TCU,Big 12,69.0,45.0,False,2023,13,401525900,201,2628
2023-11-24,2023-11-24T21:00Z,Boise State,Mountain West,Air Force,Mountain West,27.0,19.0,False,2023,13,401532625,68,2005
2023-11-24,2023-11-24T17:00Z,Central Michigan,MAC,Toledo,MAC,17.0,32.0,False,2023,13,401532451,2117,2649
2023-11-24,2023-11-25T01:30Z,Oregon,Pac-12,Oregon State,Pac-12,31.0,7.0,False,2023,13,401524063,2483,204
2023-11-24,2023-11-24T20:30Z,Tulane,American,UTSA,American,29.0,16.0,False,2023,13,401531376,2655,2636
2023-11-24,2023-11-25T00:30Z,Michigan State,Big Ten,Penn State,Big Ten,0.0,42.0,False,2023,13,401520435,127,213
2023-11-24,2023-11-24T21:00Z,Arkansas,SEC,Missouri,SEC,14.0,48.0,False,2023,13,401520426,8,142
2023-11-24,2023-11-24T17:00Z,Boston College,ACC,Miami,ACC,20.0,45.0,False,2023,13,401525560,103,2390
2023-11-24,2023-11-24T17:00Z,Temple,American,Memphis,American,21.0,45.0,False,2023,13,401531394,218,235
2023-11-24,2023-11-24T17:00Z,Nebraska,Big Ten,Iowa,Big Ten,10.0,13.0,False,2023,13,401520425,158,2294
2023-11-25,2023-11-25T17:00Z,Louisville,ACC,Kentucky,SEC,31.0,38.0,False,2023,13,401520432,97,96
2023-11-25,2023-11-26T02:00Z,Nevada,Mountain West,Wyoming,Mountain West,6.0,42.0,False,2023,13,401532630,2440,2751
2023-11-25,2023-11-25T20:30Z,UTEP,CUSA,Liberty,CUSA,28.0,42.0,False,2023,13,401520444,2638,2335
2023-11-25,2023-11-26T00:30Z,Cincinnati,Big 12,Kansas,Big 12,16.0,49.0,False,2023,13,401525903,2132,2305
2023-11-25,2023-11-25T20:30Z,Virginia,ACC,Virginia Tech,ACC,17.0,55.0,False,2023,13,401525564,258,259
2023-11-25,2023-11-26T00:00Z,Stanford,Pac-12,Notre Dame,FBS Indep.,23.0,56.0,False,2023,13,401524065,24,87
2023-11-25,2023-11-26T00:30Z,Georgia Tech,ACC,Georgia,SEC,23.0,31.0,False,2023,13,401520430,59,61
2023-11-25,2023-11-25T17:00Z,Michigan,Big Ten,Ohio State,Big Ten,30.0,24.0,False,2023,13,401520434,130,194
2023-11-25,2023-11-25T21:00Z,Washington,Pac-12,Washington State,Pac-12,24.0,21.0,False,2023,13,401524068,264,265
2023-11-25,2023-11-25T20:30Z,Auburn,SEC,Alabama,SEC,24.0,27.0,False,2023,13,401520427,2,333
2023-11-25,2023-11-25T20:00Z,UNLV,Mountain West,San José State,Mountain West,31.0,37.0,False,2023,13,401532628,2439,23
2023-11-25,2023-11-25T20:30Z,Oklahoma State,Big 12,BYU,Big 12,40.0,34.0,False,2023,13,401525905,197,252
2023-11-25,2023-11-26T01:00Z,Kansas State,Big 12,Iowa State,Big 12,35.0,42.0,False,2023,13,401525904,2306,66
2023-11-25,2023-11-25T20:30Z,Arizona State,Pac-12,Arizona,Pac-12,23.0,59.0,False,2023,13,401524064,9,12
2023-11-25,2023-11-25T20:30Z,Tennessee,SEC,Vanderbilt,SEC,48.0,24.0,False,2023,13,401520442,2633,238
2023-11-25,2023-11-26T00:00Z,Florida,SEC,Florida State,ACC,15.0,24.0,False,2023,13,401520429,57,52
2023-11-25,2023-11-26T01:00Z,NC State,ACC,North Carolina,ACC,39.0,20.0,False,2023,13,401525562,152,153
2023-11-25,2023-11-26T03:30Z,UCLA,Pac-12,California,Pac-12,7.0,33.0,False,2023,13,401524066,26,25
2023-11-25,2023-11-26T03:30Z,San Diego State,Mountain West,Fresno State,Mountain West,33.0,18.0,False,2023,13,401532627,21,278
2023-11-25,2023-11-25T17:00Z,Purdue,Big Ten,Indiana,Big Ten,35.0,31.0,False,2023,13,401520438,2509,84
2023-11-25,2023-11-25T17:00Z,LSU,SEC,Texas A&M,SEC,42.0,30.0,False,2023,13,401520433,99,245
2023-11-25,2023-11-26T00:30Z,South Florida,American,Charlotte,American,48.0,14.0,False,2023,13,401531410,58,2429
2023-11-25,2023-11-26T04:00Z,Hawai'i,Mountain West,Colorado State,Mountain West,27.0,24.0,False,2023,13,401532626,62,36
2023-11-25,2023-11-25T17:00Z,Sam Houston,CUSA,Middle Tennessee,CUSA,23.0,20.0,False,2023,13,401520440,2534,2393
2023-11-25,2023-11-26T00:00Z,Baylor,Big 12,West Virginia,Big 12,31.0,34.0,False,2023,13,401525902,239,277
2023-11-25,2023-11-25T17:00Z,Duke,ACC,Pittsburgh,ACC,30.0,19.0,False,2023,13,401525561,150,221
2023-11-25,2023-11-25T20:30Z,Illinois,Big Ten,Northwestern,Big Ten,43.0,45.0,False,2023,13,401520431,356,77
2023-11-25,2023-11-25T20:30Z,Minnesota,Big Ten,Wisconsin,Big Ten,14.0,28.0,False,2023,13,401520436,135,275
2023-11-25,2023-11-25T20:30Z,Rutgers,Big Ten,Maryland,Big Ten,24.0,42.0,False,2023,13,401520439,164,120
2023-11-25,2023-11-25T20:30Z,Appalachian State,Sun Belt,Georgia Southern,Sun Belt,55.0,27.0,False,2023,13,401531922,2026,290
2023-11-25,2023-11-25T19:00Z,North Texas,American,UAB,American,45.0,42.0,False,2023,13,401531386,249,5
2023-11-25,2023-11-25T20:00Z,Louisiana,Sun Belt,UL Monroe,Sun Belt,52.0,21.0,False,2023,13,401531926,309,2433
2023-11-25,2023-11-25T21:00Z,New Mexico State,CUSA,Jacksonville State,CUSA,20.0,17.0,False,2023,13,401520437,166,55
2023-11-25,2023-11-25T17:00Z,Kent State,MAC,Northern Illinois,MAC,27.0,37.0,False,2023,13,401532453,2309,2459
2023-11-25,2023-11-25T20:30Z,Coastal Carolina,Sun Belt,James Madison,Sun Belt,14.0,56.0,False,2023,13,401531923,324,256
2023-11-25,2023-11-25T20:30Z,Marshall,Sun Belt,Arkansas State,Sun Belt,35.0,21.0,False,2023,13,401531924,276,2032
2023-11-25,2023-11-25T19:00Z,Old Dominion,Sun Belt,Georgia State,Sun Belt,25.0,24.0,False,2023,13,401531925,295,2247
2023-11-25,2023-11-25T17:00Z,Massachusetts,FBS Indep.,UConn,FBS Indep.,18.0,31.0,False,2023,13,401520443,113,41
2023-11-25,2023-11-25T20:00Z,Utah,Pac-12,Colorado,Pac-12,23.0,17.0,False,2023,13,401524067,254,38
2023-11-25,2023-11-25T19:00Z,East Carolina,American,Tulsa,American,27.0,29.0,False,2023,13,401531346,151,202
2023-11-25,2023-11-25T19:00Z,Syracuse,ACC,Wake Forest,ACC,35.0,31.0,False,2023,13,401525563,183,154
2023-11-25,2023-11-25T18:00Z,Rice,American,Florida Atlantic,American,24.0,21.0,False,2023,13,401531421,242,2226
2023-11-25,2023-11-25T17:00Z,Ball State,MAC,Miami (OH),MAC,15.0,17.0,False,2023,13,401532454,2050,193
2023-11-25,2023-11-25T17:00Z,Southern Miss,Sun Belt,Troy,Sun Belt,17.0,35.0,False,2023,13,401531927,2572,2653
2023-11-25,2023-11-25T17:00Z,SMU,American,Navy,American,59.0,14.0,False,2023,13,401531435,2567,2426
2023-11-25,2023-11-25T17:00Z,UCF,Big 12,Houston,Big 12,27.0,13.0,False,2023,13,401525906,2116,248
2023-11-25,2023-11-26T00:30Z,South Carolina,SEC,Clemson,ACC,7.0,16.0,False,2023,13,401520441,2579,228
2023-11-25,2023-11-25T20:00Z,Florida International,CUSA,Western Kentucky,CUSA,28.0,41.0,False,2023,13,401520428,2229,98
2023-11-25,2023-11-26T00:00Z,Texas State,Sun Belt,South Alabama,Sun Belt,52.0,44.0,False,2023,13,401531928,326,6
2023-12-01,2023-12-02T00:00Z,Liberty,CUSA,New Mexico State,CUSA,49.0,35.0,False,2023,14,401539476,2335,166
2023-12-01,2023-12-02T01:00Z,Washington,Pac-12,Oregon,Pac-12,34.0,31.0,True,2023,14,401539475,264,2483
2023-12-02,2023-12-02T20:00Z,UNLV,Mountain West,Boise State,Mountain West,20.0,44.0,False,2023,14,401539482,2439,68
2023-12-02,2023-12-02T21:00Z,Alabama,SEC,Georgia,SEC,27.0,24.0,True,2023,14,401539483,333,61
2023-12-02,2023-12-02T21:00Z,Troy,Sun Belt,Appalachian State,Sun Belt,49.0,23.0,False,2023,14,401539484,2653,2026
2023-12-02,2023-12-03T01:00Z,Florida State,ACC,Louisville,ACC,16.0,6.0,True,2023,14,401539478,52,97
2023-12-02,2023-12-03T01:00Z,Iowa,Big Ten,Michigan,Big Ten,0.0,26.0,True,2023,14,401539480,2294,130
2023-12-02,2023-12-02T17:00Z,Texas,Big 12,Oklahoma State,Big 12,49.0,21.0,True,2023,14,401539479,251,197
2023-12-02,2023-12-02T21:00Z,Tulane,American,SMU,American,14.0,26.0,False,2023,14,401539477,2655,2567
2023-12-02,2023-12-02T17:00Z,Toledo,MAC,Miami (OH),MAC,14.0,23.0,True,2023,14,401539481,2649,193
2023-12-09,2023-12-09T20:00Z,Navy,American,Army,FBS Indep.,11.0,17.0,True,2023,15,401520445,2426,349
2023-12-16,2023-12-16T16:00Z,Ohio,MAC,Georgia Southern,Sun Belt,41.0,21.0,True,2023,1,401551733,195,290
2023-12-16,2023-12-16T20:30Z,Appalachian State,Sun Belt,Miami (OH),MAC,13.0,9.0,True,2023,1,401551731,2026,193
2023-12-16,2023-12-16T19:15Z,Louisiana,Sun Belt,Jacksonville State,CUSA,31.0,34.0,True,2023,1,401551751,309,55
2023-12-16,2023-12-17T00:30Z,Boise State,Mountain West,UCLA,Pac-12,22.0,35.0,True,2023,1,401551752,68,26
2023-12-16,2023-12-17T02:15Z,Texas Tech,Big 12,California,Pac-12,34.0,14.0,True,2023,1,401551753,2641,25
2023-12-16,2023-12-16T22:45Z,Fresno State,Mountain West,New Mexico State,CUSA,37.0,10.0,True,2023,1,401551732,278,166
2023-12-18,2023-12-18T19:30Z,Old Dominion,Sun Belt,Western Kentucky,CUSA,35.0,38.0,True,2023,1,401551469,295,98
2023-12-19,2023-12-20T02:00Z,Marshall,Sun Belt,UTSA,American,17.0,35.0,True,2023,1,401551735,276,2636
2023-12-21,2023-12-22T01:00Z,Syracuse,ACC,South Florida,American,0.0,45.0,True,2023,1,401551737,183,58
2023-12-22,2023-12-22T23:30Z,UCF,Big 12,Georgia Tech,ACC,17.0,30.0,True,2023,1,401551754,2116,59
2023-12-23,2023-12-24T00:00Z,South Alabama,Sun Belt,Eastern Michigan,MAC,59.0,10.0,False,2023,1,401551755,6,2199
2023-12-23,2023-12-24T03:30Z,San José State,Mountain West,Coastal Carolina,Sun Belt,14.0,24.0,True,2023,1,401551746,23,324
2023-12-23,2023-12-24T00:30Z,Northwestern,Big Ten,Utah,Pac-12,14.0,7.0,True,2023,1,401551744,77,254
2023-12-23,2023-12-23T17:00Z,Northern Illinois,MAC,Arkansas State,Sun Belt,21.0,19.0,True,2023,1,401551741,2459,2032
2023-12-23,2023-12-23T20:30Z,Air Force,Mountain West,James Madison,Sun Belt,31.0,21.0,True,2023,1,401551742,2005,256
2023-12-23,2023-12-23T17:00Z,Duke,ACC,Troy,Sun Belt,17.0,10.0,True,2023,1,401551739,150,2653
2023-12-23,2023-12-23T20:30Z,Utah State,Mountain West,Georgia State,Sun Belt,22.0,45.0,True,2023,1,401551743,328,2247
2023-12-26,2023-12-27T02:00Z,UNLV,Mountain West,Kansas,Big 12,36.0,49.0,True,2023,1,401551757,2439,2305
2023-12-26,2023-12-26T19:00Z,Minnesota,Big Ten,Bowling Green,MAC,30.0,24.0,True,2023,1,401551756,135,189
2023-12-26,2023-12-26T22:30Z,Rice,American,Texas State,Sun Belt,21.0,45.0,True,2023,1,401551748,242,326
2023-12-27,2023-12-28T02:00Z,Oklahoma State,Big 12,Texas A&M,SEC,31.0,23.0,True,2023,1,401551749,197,245
2023-12-27,2023-12-27T22:30Z,West Virginia,Big 12,North Carolina,ACC,30.0,10.0,True,2023,1,401551761,277,153
2023-12-27,2023-12-27T19:00Z,Tulane,American,Virginia Tech,ACC,20.0,41.0,True,2023,1,401551758,2655,259
2023-12-27,2023-12-28T01:00Z,USC,Pac-12,Louisville,ACC,42.0,28.0,True,2023,1,401581109,30,97
2023-12-28,2023-12-29T02:15Z,Oklahoma,Big 12,Arizona,Pac-12,24.0,38.0,True,2023,1,401551765,201,12
2023-12-28,2023-12-28T22:45Z,Kansas State,Big 12,NC State,ACC,28.0,19.0,True,2023,1,401551764,2306,152
2023-12-28,2023-12-28T16:00Z,Boston College,ACC,SMU,American,23.0,14.0,True,2023,1,401551750,103,2567
2023-12-28,2023-12-28T19:15Z,Miami,ACC,Rutgers,Big Ten,24.0,31.0,True,2023,1,401551762,2390,164
2023-12-29,2023-12-30T01:00Z,Ohio State,Big Ten,Missouri,SEC,3.0,14.0,True,2023,1,401551768,194,142
2023-12-29,2023-12-29T19:00Z,Notre Dame,FBS Indep.,Oregon State,Pac-12,40.0,8.0,True,2023,1,401551798,87,204
2023-12-29,2023-12-29T17:00Z,Kentucky,SEC,Clemson,ACC,35.0,38.0,True,2023,1,401551766,96,228
2023-12-29,2023-12-29T20:30Z,Memphis,American,Iowa State,Big 12,36.0,26.0,True,2023,1,401551767,235,66
2023-12-30,2023-12-30T21:30Z,Wyoming,Mountain West,Toledo,MAC,16.0,15.0,True,2023,1,401554566,2751,2649
2023-12-30,2023-12-30T19:00Z,Maryland,Big Ten,Auburn,SEC,31.0,13.0,True,2023,1,401551770,120,2
2023-12-30,2023-12-30T21:00Z,Florida State,ACC,Georgia,SEC,3.0,63.0,True,2023,1,401551773,52,61
2023-12-30,2023-12-30T17:00Z,Penn State,Big Ten,Ole Miss,SEC,25.0,38.0,True,2023,1,401551769,213,145
2024-01-01,2024-01-01T17:00Z,LSU,SEC,Wisconsin,Big Ten,35.0,31.0,True,2023,1,401551778,99,275
2024-01-01,2024-01-01T22:00Z,Michigan,Big Ten,Alabama,SEC,27.0,20.0,True,2023,1,401551786,130,333
2024-01-01,2024-01-02T02:00Z,Washington,Pac-12,Texas,Big 12,37.0,31.0,True,2023,1,401551788,264,251
2024-01-01,2024-01-01T18:00Z,Oregon,Pac-12,Liberty,CUSA,45.0,6.0,True,2023,1,401551782,2483,2335
2024-01-01,2024-01-01T18:00Z,Tennessee,SEC,Iowa,Big Ten,35.0,0.0,True,2023,1,401551780,2633,2294
2024-01-08,2024-01-09T00:30Z,Michigan,Big Ten,Washington,Pac-12,34.0,13.0,True,2023,1,401551789,130,264
2024-08-24,2024-08-24T16:00Z,Georgia Tech,ACC,Florida State,ACC,24.0,21.0,True,2024,1,401635525,59,52
2024-08-24,2024-08-24T20:00Z,New Mexico,Mountain West,Montana State,Other/FCS,31.0,35.0,False,2024,1,401643697,167,147
2024-08-24,2024-08-25T00:00Z,Nevada,Mountain West,SMU,ACC,24.0,29.0,False,2024,1,401643696,2440,2567
2024-08-24,2024-08-25T03:59Z,Hawai'i,Mountain West,Delaware State,Other/FCS,35.0,14.0,False,2024,1,401643858,62,2169
2024-08-29,2024-08-29T23:00Z,UCF,Big 12,New Hampshire,Other/FCS,57.0,3.0,False,2024,1,401628582,2116,160
2024-08-29,2024-08-29T23:32Z,NC State,ACC,Western Carolina,Other/FCS,38.0,21.0,False,2024,1,401634299,152,2717
2024-08-29,2024-08-29T22:00Z,Rutgers,Big Ten,Howard,Other/FCS,44.0,7.0,False,2024,1,401628458,164,47
2024-08-29,2024-08-30T00:00Z,Kansas,Big 12,Lindenwood,Other/FCS,48.0,3.0,False,2024,1,401636606,2305,2815
2024-08-29,2024-08-29T23:00Z,Wake Forest,ACC,North Carolina A&T,Other/FCS,45.0,13.0,False,2024,1,401628581,154,2448
2024-08-29,2024-08-30T01:00Z,Utah,Big 12,Southern Utah,Other/FCS,49.0,0.0,False,2024,1,401636607,254,253
2024-08-29,2024-08-30T00:00Z,Missouri,SEC,Murray State,Other/FCS,51.0,0.0,False,2024,1,401628327,142,93
2024-08-29,2024-08-29T23:30Z,Toledo,MAC,Duquesne,Other/FCS,49.0,10.0,False,2024,1,401644728,2649,2184
2024-08-29,2024-08-29T23:00Z,Central Michigan,MAC,Central Connecticut,Other/FCS,66.0,10.0,False,2024,1,401644730,2117,2115
2024-08-29,2024-08-29T23:00Z,Bowling Green,MAC,Fordham,Other/FCS,41.0,17.0,False,2024,1,401644729,189,2230
2024-08-29,2024-08-30T00:00Z,Tulane,American,SE Louisiana,Other/FCS,52.0,0.0,False,2024,1,401645317,2655,2545
2024-08-29,2024-08-29T23:30Z,Arkansas,SEC,Arkansas-Pine Bluff,Other/FCS,70.0,0.0,True,2024,1,401628320,8,2029
2024-08-29,2024-08-30T01:00Z,UL Monroe,Sun Belt,Jackson State,Other/FCS,30.0,14.0,False,2024,1,401636387,2433,2296
2024-08-29,2024-08-30T00:00Z,Colorado,Big 12,North Dakota State,Other/FCS,31.0,26.0,False,2024,1,401634206,38,2449
2024-08-29,2024-08-30T02:00Z,San José State,Mountain West,Sacramento State,Other/FCS,42.0,24.0,False,2024,1,401643698,23,16
2024-08-29,2024-08-30T00:00Z,Jacksonville State,CUSA,Coastal Carolina,Sun Belt,27.0,55.0,False,2024,1,401640998,55,324
2024-08-29,2024-08-30T00:00Z,UAB,American,Alcorn State,Other/FCS,41.0,3.0,False,2024,1,401645316,5,2016
2024-08-29,2024-08-29T23:00Z,Buffalo,MAC,Lafayette,Other/FCS,30.0,13.0,False,2024,1,401644727,2084,322
2024-08-29,2024-08-30T00:00Z,Tulsa,American,Northwestern State,Other/FCS,62.0,28.0,False,2024,1,401645318,202,2466
2024-08-29,2024-08-30T01:00Z,Minnesota,Big Ten,North Carolina,ACC,17.0,19.0,False,2024,1,401628448,135,153
2024-08-29,2024-08-30T01:15Z,Illinois,Big Ten,Eastern Illinois,Other/FCS,45.0,0.0,False,2024,1,401654845,356,2197
2024-08-30,2024-08-30T23:00Z,Oklahoma,SEC,Temple,American,51.0,3.0,False,2024,1,401628328,201,218
2024-08-30,2024-08-30T22:00Z,Army,American,Lehigh,Other/FCS,42.0,7.0,False,2024,1,401645319,349,2329
2024-08-30,2024-08-30T23:00Z,Michigan State,Big Ten,Florida Atlantic,American,16.0,10.0,False,2024,1,401628453,127,2226
2024-08-30,2024-08-30T23:30Z,Duke,ACC,Elon,Other/FCS,26.0,3.0,False,2024,1,401628584,150,2210
2024-08-30,2024-08-31T01:00Z,Wisconsin,Big Ten,Western Michigan,MAC,28.0,14.0,False,2024,1,401628461,275,2711
2024-08-30,2024-08-31T02:30Z,Stanford,ACC,TCU,Big 12,27.0,34.0,False,2024,1,401634300,24,2628
2024-08-31,2024-08-31T16:00Z,Iowa,Big Ten,Illinois State,Other/FCS,40.0,0.0,False,2024,1,401628450,2294,2287
2024-08-31,2024-08-31T23:30Z,Oregon,Big Ten,Idaho,Other/FCS,24.0,14.0,False,2024,1,401628456,2483,70
2024-08-31,2024-08-31T19:30Z,Texas,SEC,Colorado State,Mountain West,52.0,0.0,False,2024,1,401628331,251,36
2024-08-31,2024-08-31T23:00Z,Alabama,SEC,Western Kentucky,CUSA,63.0,0.0,False,2024,1,401628319,333,98
2024-08-31,2024-08-31T23:00Z,Ole Miss,SEC,Furman,Other/FCS,76.0,0.0,False,2024,1,401628325,145,231
2024-08-31,2024-08-31T16:00Z,West Virginia,Big 12,Penn State,Big Ten,12.0,34.0,False,2024,1,401628457,277,213
2024-08-31,2024-08-31T23:30Z,Michigan,Big Ten,Fresno State,Mountain West,30.0,10.0,False,2024,1,401628452,130,278
2024-08-31,2024-08-31T18:00Z,Oklahoma State,Big 12,South Dakota State,Other/FCS,44.0,20.0,False,2024,1,401634212,197,2571
2024-08-31,2024-08-31T19:30Z,Ohio State,Big Ten,Akron,MAC,52.0,6.0,False,2024,1,401628455,194,2006
2024-08-31,2024-08-31T23:00Z,Kansas State,Big 12,UT Martin,Other/FCS,41.0,6.0,False,2024,1,401636612,2306,2630
2024-08-31,2024-08-31T19:30Z,Florida,SEC,Miami,ACC,17.0,41.0,False,2024,1,401628322,57,2390
2024-08-31,2024-08-31T19:30Z,Nebraska,Big Ten,UTEP,CUSA,40.0,7.0,False,2024,1,401628454,158,2638
2024-08-31,2024-08-31T16:45Z,Tennessee,SEC,Chattanooga,Other/FCS,69.0,3.0,False,2024,1,401628330,2633,236
2024-08-31,2024-09-01T02:30Z,Arizona,Big 12,New Mexico,Mountain West,61.0,39.0,False,2024,1,401636608,12,167
2024-08-31,2024-08-31T20:00Z,Georgia Southern,Sun Belt,Boise State,Mountain West,45.0,56.0,False,2024,1,401643700,290,68
2024-08-31,2024-09-01T00:00Z,San Diego State,Mountain West,East Texas A&M,Other/FCS,45.0,14.0,False,2024,1,401643702,21,2837
2024-08-31,2024-08-31T19:30Z,Northwestern,Big Ten,Miami (OH),MAC,13.0,6.0,False,2024,1,401644683,77,193
2024-08-31,2024-09-01T00:00Z,Texas State,Sun Belt,Lamar,Other/FCS,34.0,27.0,False,2024,1,401643776,326,2320
2024-08-31,2024-08-31T16:00Z,Vanderbilt,SEC,Virginia Tech,ACC,34.0,27.0,False,2024,1,401628333,238,259
2024-08-31,2024-08-31T16:00Z,Louisville,ACC,Austin Peay,Other/FCS,62.0,0.0,False,2024,1,401632062,97,2046
2024-08-31,2024-08-31T16:00Z,Georgia,SEC,Clemson,ACC,34.0,3.0,True,2024,1,401628323,61,228
2024-08-31,2024-08-31T16:00Z,Purdue,Big Ten,Indiana State,Other/FCS,49.0,0.0,False,2024,1,401634169,2509,282
2024-08-31,2024-08-31T16:00Z,Navy,American,Bucknell,Other/FCS,49.0,21.0,False,2024,1,401645322,2426,2083
2024-08-31,2024-08-31T18:30Z,Cincinnati,Big 12,Towson,Other/FCS,38.0,20.0,False,2024,1,401628591,2132,119
2024-08-31,2024-08-31T19:00Z,Washington State,Pac-12,Portland State,Other/FCS,70.0,30.0,False,2024,1,401637159,265,2502
2024-08-31,2024-08-31T19:30Z,Indiana,Big Ten,Florida International,CUSA,31.0,7.0,False,2024,1,401628449,84,2229
2024-08-31,2024-08-31T19:30Z,App State,Sun Belt,East Tennessee State,Other/FCS,38.0,10.0,False,2024,1,401634133,2026,2193
2024-08-31,2024-08-31T16:00Z,Maryland,Big Ten,UConn,FBS Indep.,50.0,7.0,False,2024,1,401628451,120,41
2024-08-31,2024-08-31T19:30Z,Iowa State,Big 12,North Dakota,Other/FCS,21.0,3.0,False,2024,1,401634197,66,155
2024-08-31,2024-08-31T19:30Z,Syracuse,ACC,Ohio,MAC,38.0,22.0,False,2024,1,401634304,183,195
2024-08-31,2024-08-31T19:30Z,UTSA,American,Kennesaw State,CUSA,28.0,16.0,False,2024,1,401641015,2636,338
2024-08-31,2024-08-31T19:30Z,Air Force,Mountain West,Merrimack,Other/FCS,21.0,6.0,False,2024,1,401643699,2005,2771
2024-08-31,2024-08-31T19:30Z,Massachusetts,FBS Indep.,Eastern Michigan,MAC,14.0,28.0,False,2024,1,401629039,113,2199
2024-08-31,2024-08-31T19:30Z,Northern Illinois,MAC,Western Illinois,Other/FCS,54.0,15.0,False,2024,1,401644731,2459,2710
2024-08-31,2024-09-01T03:00Z,Washington,Big Ten,Weber State,Other/FCS,35.0,3.0,False,2024,1,401628460,264,2692
2024-08-31,2024-08-31T20:15Z,South Carolina,SEC,Old Dominion,Sun Belt,23.0,19.0,False,2024,1,401628329,2579,295
2024-08-31,2024-08-31T21:00Z,California,ACC,UC Davis,Other/FCS,31.0,13.0,False,2024,1,401634301,25,302
2024-08-31,2024-08-31T23:30Z,Auburn,SEC,Alabama A&M,Other/FCS,73.0,3.0,False,2024,1,401628321,2,2010
2024-08-31,2024-08-31T21:00Z,South Alabama,Sun Belt,North Texas,American,38.0,52.0,False,2024,1,401643775,6,249
2024-08-31,2024-08-31T22:00Z,Mississippi State,SEC,Eastern Kentucky,Other/FCS,56.0,7.0,False,2024,1,401628326,344,2198
2024-08-31,2024-08-31T23:00Z,Rice,American,Sam Houston,CUSA,14.0,34.0,False,2024,1,401641039,242,2534
2024-08-31,2024-08-31T22:00Z,Liberty,CUSA,Campbell,Other/FCS,41.0,24.0,False,2024,1,401628586,2335,2097
2024-08-31,2024-08-31T22:00Z,East Carolina,American,Norfolk State,Other/FCS,42.0,3.0,False,2024,1,401645320,151,2450
2024-08-31,2024-08-31T23:00Z,Arkansas State,Sun Belt,Central Arkansas,Other/FCS,34.0,31.0,False,2024,1,401632064,2032,2110
2024-08-31,2024-08-31T23:00Z,South Florida,American,Bethune-Cookman,Other/FCS,48.0,3.0,False,2024,1,401636363,58,2065
2024-08-31,2024-08-31T23:00Z,Baylor,Big 12,Tarleton State,Other/FCS,45.0,3.0,False,2024,1,401636610,239,2627
2024-08-31,2024-08-31T23:00Z,Houston,Big 12,UNLV,Mountain West,7.0,27.0,False,2024,1,401636611,248,2439
2024-08-31,2024-08-31T23:00Z,Middle Tennessee,CUSA,Tennessee Tech,Other/FCS,32.0,25.0,False,2024,1,401641023,2393,2635
2024-08-31,2024-08-31T23:00Z,Troy,Sun Belt,Nevada,Mountain West,26.0,28.0,False,2024,1,401643701,2653,2440
2024-08-31,2024-08-31T22:00Z,Virginia,ACC,Richmond,Other/FCS,34.0,13.0,False,2024,1,401628589,258,257
2024-08-31,2024-09-01T02:30Z,Arizona State,Big 12,Wyoming,Mountain West,48.0,7.0,False,2024,1,401636609,9,2751
2024-08-31,2024-08-31T22:30Z,Oregon State,Pac-12,Idaho State,Other/FCS,38.0,15.0,False,2024,1,401643704,204,304
2024-08-31,2024-09-01T00:00Z,Louisiana Tech,CUSA,Nicholls,Other/FCS,25.0,17.0,False,2024,1,401641007,2348,2447
2024-08-31,2024-08-31T23:30Z,Texas A&M,SEC,Notre Dame,FBS Indep.,13.0,23.0,False,2024,1,401628332,245,87
2024-08-31,2024-08-31T23:30Z,Hawai'i,Mountain West,UCLA,Big Ten,13.0,16.0,False,2024,1,401628459,62,26
2024-08-31,2024-08-31T16:00Z,Pittsburgh,ACC,Kent State,MAC,55.0,24.0,False,2024,1,401634305,221,2309
2024-08-31,2024-09-01T01:00Z,New Mexico State,CUSA,Southeast Missouri State,Other/FCS,23.0,16.0,False,2024,1,401641032,166,2546
2024-08-31,2024-09-01T00:00Z,Charlotte,American,James Madison,Sun Belt,7.0,30.0,False,2024,1,401643774,2429,256
2024-08-31,2024-09-01T00:00Z,Utah State,Mountain West,Robert Morris,Other/FCS,36.0,14.0,False,2024,1,401643703,328,2523
2024-08-31,2024-08-31T23:00Z,Memphis,American,North Alabama,Other/FCS,40.0,0.0,False,2024,1,401645321,235,2453
2024-08-31,2024-09-01T00:00Z,Louisiana,Sun Belt,Grambling,Other/FCS,40.0,10.0,False,2024,1,401636380,309,2755
2024-08-31,2024-09-01T00:00Z,SMU,ACC,Houston Christian,Other/FCS,59.0,7.0,False,2024,1,401634303,2567,2277
2024-08-31,2024-09-01T00:00Z,Georgia Tech,ACC,Georgia State,Sun Belt,35.0,12.0,False,2024,1,401634302,59,2247
2024-08-31,2024-09-01T00:00Z,BYU,Big 12,Southern Illinois,Other/FCS,41.0,13.0,False,2024,1,401634240,252,79
2024-08-31,2024-08-31T23:45Z,Kentucky,SEC,Southern Miss,Sun Belt,31.0,0.0,False,2024,1,401628324,96,2572
2024-08-31,2024-08-31T23:30Z,Texas Tech,Big 12,Abilene Christian,Other/FCS,52.0,51.0,False,2024,1,401636613,2641,2000
2024-08-31,2024-08-31T21:00Z,Marshall,Sun Belt,Stony Brook,Other/FCS,45.0,3.0,False,2024,1,401628590,276,2619
2024-09-01,2024-09-01T23:30Z,LSU,SEC,USC,Big Ten,20.0,27.0,True,2024,1,401628334,99,30
2024-09-02,2024-09-02T23:30Z,Florida State,ACC,Boston College,ACC,13.0,28.0,False,2024,1,401634306,52,103
2024-09-06,2024-09-07T01:00Z,Northwestern,Big Ten,Duke,ACC,20.0,26.0,False,2024,2,401635533,77,150
2024-09-06,2024-09-06T23:00Z,SMU,ACC,BYU,Big 12,15.0,18.0,False,2024,2,401634765,2567,252
2024-09-06,2024-09-06T23:00Z,Indiana,Big Ten,Western Illinois,Other/FCS,77.0,3.0,False,2024,2,401628463,84,2710
2024-09-07,2024-09-07T23:00Z,Air Force,Mountain West,San José State,Mountain West,7.0,17.0,False,2024,2,401643705,2005,23
2024-09-07,2024-09-07T19:30Z,Washington,Big Ten,Eastern Michigan,MAC,30.0,9.0,False,2024,2,401628473,264,2199
2024-09-07,2024-09-07T19:30Z,Maryland,Big Ten,Michigan State,Big Ten,24.0,27.0,False,2024,2,401628465,120,127
2024-09-07,2024-09-08T02:00Z,Washington State,Pac-12,Texas Tech,Big 12,37.0,16.0,False,2024,2,401636859,265,2641
2024-09-07,2024-09-08T01:00Z,UTEP,CUSA,Southern Utah,Other/FCS,24.0,27.0,False,2024,2,401632072,2638,253
2024-09-07,2024-09-08T00:00Z,TCU,Big 12,Long Island University,Other/FCS,45.0,0.0,False,2024,2,401636615,2628,2341
2024-09-07,2024-09-07T23:30Z,North Texas,American,Stephen F. Austin,Other/FCS,35.0,20.0,False,2024,2,401645325,249,2617
2024-09-07,2024-09-07T23:02Z,UCF,Big 12,Sam Houston,CUSA,45.0,14.0,False,2024,2,401636617,2116,2534
2024-09-07,2024-09-07T19:30Z,Wisconsin,Big Ten,South Dakota,Other/FCS,27.0,13.0,False,2024,2,401628474,275,233
2024-09-07,2024-09-08T02:00Z,Fresno State,Mountain West,Sacramento State,Other/FCS,46.0,30.0,False,2024,2,401643707,278,16
2024-09-07,2024-09-07T23:00Z,Rice,American,Texas Southern,Other/FCS,69.0,7.0,False,2024,2,401645326,242,2640
2024-09-07,2024-09-07T23:00Z,Southern Miss,Sun Belt,SE Louisiana,Other/FCS,35.0,10.0,False,2024,2,401643782,2572,2545
2024-09-07,2024-09-07T23:00Z,UL Monroe,Sun Belt,UAB,American,32.0,6.0,False,2024,2,401643780,2433,5
2024-09-07,2024-09-07T23:00Z,Arkansas State,Sun Belt,Tulsa,American,28.0,24.0,False,2024,2,401643779,2032,202
2024-09-07,2024-09-07T23:00Z,Nevada,Mountain West,Georgia Southern,Sun Belt,17.0,20.0,False,2024,2,401643708,2440,290
2024-09-07,2024-09-07T23:00Z,Colorado State,Mountain West,Northern Colorado,Other/FCS,38.0,17.0,False,2024,2,401643706,36,2458
2024-09-07,2024-09-07T23:00Z,Stanford,ACC,Cal Poly,Other/FCS,41.0,7.0,False,2024,2,401635539,24,13
2024-09-07,2024-09-07T23:30Z,Nebraska,Big Ten,Colorado,Big 12,28.0,10.0,False,2024,2,401628467,158,38
2024-09-07,2024-09-07T23:00Z,Wake Forest,ACC,Virginia,ACC,30.0,31.0,False,2024,2,401635639,154,258
2024-09-07,2024-09-07T23:30Z,Vanderbilt,SEC,Alcorn State,Other/FCS,55.0,0.0,False,2024,2,401628349,238,2016
2024-09-07,2024-09-07T19:30Z,Kentucky,SEC,South Carolina,SEC,6.0,31.0,False,2024,2,401628340,96,2579
2024-09-07,2024-09-07T22:00Z,James Madison,Sun Belt,Gardner-Webb,Other/FCS,13.0,6.0,False,2024,2,401643777,256,2241
2024-09-07,2024-09-07T23:00Z,Georgia State,Sun Belt,Chattanooga,Other/FCS,24.0,21.0,False,2024,2,401632459,2247,236
2024-09-07,2024-09-07T23:00Z,Coastal Carolina,Sun Belt,William & Mary,Other/FCS,40.0,21.0,False,2024,2,401628603,324,2729
2024-09-07,2024-09-07T23:00Z,Florida,SEC,Samford,Other/FCS,45.0,7.0,False,2024,2,401628338,57,2535
2024-09-07,2024-09-07T22:00Z,Ohio,MAC,South Alabama,Sun Belt,27.0,20.0,False,2024,2,401643781,195,6
2024-09-07,2024-09-07T22:00Z,Old Dominion,Sun Belt,East Carolina,American,14.0,20.0,False,2024,2,401643778,295,151
2024-09-07,2024-09-07T19:30Z,Boston College,ACC,Duquesne,Other/FCS,56.0,0.0,False,2024,2,401635531,103,2184
2024-09-07,2024-09-07T22:00Z,Florida International,CUSA,Central Michigan,MAC,52.0,16.0,False,2024,2,401640979,2229,2117
2024-09-07,2024-09-07T22:00Z,West Virginia,Big 12,UAlbany,Other/FCS,49.0,14.0,False,2024,2,401628593,277,399
2024-09-07,2024-09-07T20:30Z,Virginia Tech,ACC,Marshall,Sun Belt,31.0,14.0,False,2024,2,401635540,259,276
2024-09-07,2024-09-07T20:00Z,Texas State,Sun Belt,UTSA,American,49.0,10.0,False,2024,2,401643783,326,2636
2024-09-07,2024-09-07T19:30Z,Navy,American,Temple,American,38.0,11.0,False,2024,2,401645324,2426,218
2024-09-07,2024-09-07T19:30Z,Wyoming,Mountain West,Idaho,Other/FCS,13.0,17.0,False,2024,2,401643710,2751,70
2024-09-07,2024-09-07T19:30Z,North Carolina,ACC,Charlotte,American,38.0,20.0,False,2024,2,401635537,153,2429
2024-09-07,2024-09-07T23:00Z,Western Kentucky,CUSA,Eastern Kentucky,Other/FCS,31.0,0.0,False,2024,2,401632068,98,2198
2024-09-07,2024-09-07T19:30Z,Toledo,MAC,Massachusetts,FBS Indep.,38.0,23.0,False,2024,2,401629040,2649,113
2024-09-07,2024-09-08T02:30Z,Arizona State,Big 12,Mississippi State,SEC,30.0,23.0,False,2024,2,401628343,9,344
2024-09-07,2024-09-07T16:00Z,Oklahoma State,Big 12,Arkansas,SEC,39.0,31.0,False,2024,2,401628336,197,8
2024-09-07,2024-09-07T18:30Z,Kent State,MAC,St. Francis (PA),Other/FCS,17.0,23.0,False,2024,2,401644732,2309,2598
2024-09-07,2024-09-07T18:00Z,Ball State,MAC,Missouri State,Other/FCS,42.0,34.0,False,2024,2,401634181,2050,2623
2024-09-07,2024-09-07T16:45Z,Texas A&M,SEC,McNeese,Other/FCS,52.0,10.0,False,2024,2,401628348,245,2377
2024-09-07,2024-09-07T16:00Z,Florida Atlantic,American,Army,American,7.0,24.0,False,2024,2,401645323,2226,349
2024-09-07,2024-09-07T16:00Z,Memphis,American,Troy,Sun Belt,38.0,17.0,False,2024,2,401643784,235,2653
2024-09-07,2024-09-07T16:00Z,UConn,FBS Indep.,Merrimack,Other/FCS,63.0,17.0,False,2024,2,401636999,41,2771
2024-09-07,2024-09-08T02:30Z,San Diego State,Mountain West,Oregon State,Pac-12,0.0,21.0,False,2024,2,401643709,21,204
2024-09-07,2024-09-07T19:30Z,Auburn,SEC,California,ACC,14.0,21.0,False,2024,2,401628337,2,25
2024-09-07,2024-09-07T16:00Z,Minnesota,Big Ten,Rhode Island,Other/FCS,48.0,0.0,False,2024,2,401628466,135,227
2024-09-07,2024-09-08T00:00Z,Clemson,ACC,App State,Sun Belt,66.0,20.0,False,2024,2,401635532,228,2026
2024-09-07,2024-09-07T16:00Z,Syracuse,ACC,Georgia Tech,ACC,31.0,28.0,False,2024,2,401635534,183,59
2024-09-07,2024-09-07T19:30Z,Louisville,ACC,Jacksonville State,CUSA,49.0,14.0,False,2024,2,401635535,97,55
2024-09-07,2024-09-08T02:00Z,Arizona,Big 12,Northern Arizona,Other/FCS,22.0,10.0,False,2024,2,401636614,12,2464
2024-09-07,2024-09-07T23:00Z,Illinois,Big Ten,Kansas,Big 12,23.0,17.0,False,2024,2,401628462,356,2305
2024-09-07,2024-09-07T23:00Z,Kennesaw State,CUSA,Louisiana,Sun Belt,10.0,34.0,False,2024,2,401641016,338,309
2024-09-07,2024-09-07T19:00Z,UNLV,Mountain West,Utah Tech,Other/FCS,72.0,14.0,False,2024,2,401632071,2439,3101
2024-09-07,2024-09-07T16:00Z,Cincinnati,Big 12,Pittsburgh,ACC,27.0,28.0,False,2024,2,401635538,2132,221
2024-09-07,2024-09-08T02:15Z,New Mexico State,CUSA,Liberty,CUSA,24.0,30.0,False,2024,2,401640989,166,2335
2024-09-07,2024-09-07T19:30Z,Iowa,Big Ten,Iowa State,Big 12,19.0,20.0,False,2024,2,401628464,2294,66
2024-09-07,2024-09-07T16:00Z,Rutgers,Big Ten,Akron,MAC,49.0,17.0,False,2024,2,401628471,164,2006
2024-09-07,2024-09-07T23:30Z,NC State,ACC,Tennessee,SEC,10.0,51.0,True,2024,2,401628346,152,2633
2024-09-07,2024-09-08T03:00Z,USC,Big Ten,Utah State,Mountain West,48.0,0.0,False,2024,2,401628472,30,328
2024-09-07,2024-09-07T22:00Z,Miami,ACC,Florida A&M,Other/FCS,56.0,9.0,False,2024,2,401635536,2390,50
2024-09-07,2024-09-07T19:30Z,Utah,Big 12,Baylor,Big 12,23.0,12.0,False,2024,2,401636618,254,239
2024-09-07,2024-09-07T23:00Z,Missouri,SEC,Buffalo,MAC,38.0,0.0,False,2024,2,401628344,142,2084
2024-09-07,2024-09-07T16:00Z,Penn State,Big Ten,Bowling Green,MAC,34.0,27.0,False,2024,2,401628470,213,189
2024-09-07,2024-09-07T16:00Z,Tulane,American,Kansas State,Big 12,27.0,34.0,False,2024,2,401636616,2655,2306
2024-09-07,2024-09-07T23:45Z,Oklahoma,SEC,Houston,Big 12,16.0,12.0,False,2024,2,401628345,201,248
2024-09-07,2024-09-07T19:30Z,Notre Dame,FBS Indep.,Northern Illinois,MAC,14.0,16.0,False,2024,2,401628977,87,2459
2024-09-07,2024-09-07T23:00Z,Alabama,SEC,South Florida,American,42.0,16.0,False,2024,2,401628335,333,58
2024-09-07,2024-09-07T16:00Z,Michigan,Big Ten,Texas,SEC,12.0,31.0,False,2024,2,401628347,130,251
2024-09-07,2024-09-07T23:30Z,Ohio State,Big Ten,Western Michigan,MAC,56.0,0.0,False,2024,2,401628468,194,2711
2024-09-07,2024-09-08T02:00Z,Oregon,Big Ten,Boise State,Mountain West,37.0,34.0,False,2024,2,401628469,2483,68
2024-09-07,2024-09-07T20:15Z,Ole Miss,SEC,Middle Tennessee,CUSA,52.0,3.0,False,2024,2,401628342,145,2393
2024-09-07,2024-09-07T18:00Z,Georgia,SEC,Tennessee Tech,Other/FCS,48.0,3.0,False,2024,2,401628339,61,2635
2024-09-07,2024-09-07T23:30Z,LSU,SEC,Nicholls,Other/FCS,44.0,21.0,False,2024,2,401628341,99,2447
2024-09-12,2024-09-12T23:30Z,Texas State,Sun Belt,Arizona State,Big 12,28.0,31.0,False,2024,3,401636867,326,9
2024-09-12,2024-09-12T23:30Z,South Alabama,Sun Belt,Northwestern State,Other/FCS,87.0,10.0,False,2024,3,401643788,6,2466
2024-09-13,2024-09-13T23:00Z,Kansas,Big 12,UNLV,Mountain West,20.0,23.0,False,2024,3,401636863,2305,2439
2024-09-13,2024-09-14T00:00Z,Kansas State,Big 12,Arizona,Big 12,31.0,7.0,False,2024,3,401636864,2306,12
2024-09-14,2024-09-14T19:30Z,Minnesota,Big Ten,Nevada,Mountain West,27.0,0.0,False,2024,3,401628481,135,2440
2024-09-14,2024-09-14T16:00Z,Florida State,ACC,Memphis,American,12.0,20.0,False,2024,3,401635542,52,235
2024-09-14,2024-09-14T16:00Z,NC State,ACC,Louisiana Tech,CUSA,30.0,20.0,False,2024,3,401635546,152,2348
2024-09-14,2024-09-14T16:00Z,Illinois,Big Ten,Central Michigan,MAC,30.0,9.0,False,2024,3,401628475,356,2117
2024-09-14,2024-09-14T23:30Z,Nebraska,Big Ten,Northern Iowa,Other/FCS,34.0,3.0,False,2024,3,401628482,158,2460
2024-09-14,2024-09-14T18:00Z,Temple,American,Coastal Carolina,Sun Belt,20.0,28.0,False,2024,3,401643786,218,324
2024-09-14,2024-09-14T19:30Z,Florida,SEC,Texas A&M,SEC,20.0,33.0,False,2024,3,401628353,57,245
2024-09-14,2024-09-14T22:00Z,Akron,MAC,Colgate,Other/FCS,31.0,20.0,False,2024,3,401644733,2006,2142
2024-09-14,2024-09-14T17:00Z,Buffalo,MAC,Massachusetts,FBS Indep.,34.0,3.0,False,2024,3,401629041,2084,113
2024-09-14,2024-09-14T19:30Z,Purdue,Big Ten,Notre Dame,FBS Indep.,7.0,66.0,False,2024,3,401628978,2509,87
2024-09-14,2024-09-14T19:30Z,Michigan State,Big Ten,Prairie View A&M,Other/FCS,40.0,0.0,False,2024,3,401628480,127,2504
2024-09-14,2024-09-14T20:15Z,Arkansas,SEC,UAB,American,37.0,27.0,False,2024,3,401628351,8,5
2024-09-14,2024-09-14T16:00Z,Miami (OH),MAC,Cincinnati,Big 12,16.0,27.0,False,2024,3,401636865,193,2132
2024-09-14,2024-09-14T21:55Z,Miami,ACC,Ball State,MAC,62.0,0.0,False,2024,3,401635544,2390,2050
2024-09-14,2024-09-14T16:00Z,Texas Tech,Big 12,North Texas,American,66.0,21.0,False,2024,3,401636868,2641,249
2024-09-14,2024-09-14T19:30Z,Ohio,MAC,Morgan State,Other/FCS,21.0,6.0,False,2024,3,401644734,195,2415
2024-09-14,2024-09-14T20:00Z,Iowa,Big Ten,Troy,Sun Belt,38.0,21.0,False,2024,3,401628477,2294,2653
2024-09-14,2024-09-14T23:30Z,Kentucky,SEC,Georgia,SEC,12.0,13.0,False,2024,3,401628354,96,61
2024-09-14,2024-09-14T23:00Z,Texas,SEC,UTSA,American,56.0,7.0,False,2024,3,401628361,251,2636
2024-09-14,2024-09-14T16:00Z,Wisconsin,Big Ten,Alabama,SEC,10.0,42.0,False,2024,3,401628350,275,333
2024-09-14,2024-09-14T22:30Z,Wake Forest,ACC,Ole Miss,SEC,6.0,40.0,False,2024,3,401628355,154,145
2024-09-14,2024-09-14T16:45Z,Missouri,SEC,Boston College,ACC,27.0,21.0,False,2024,3,401628357,142,103
2024-09-14,2024-09-14T23:45Z,Tennessee,SEC,Kent State,MAC,71.0,0.0,False,2024,3,401628360,2633,2309
2024-09-14,2024-09-14T19:30Z,Pittsburgh,ACC,West Virginia,Big 12,38.0,34.0,False,2024,3,401635547,221,277
2024-09-14,2024-09-14T20:00Z,East Carolina,American,App State,Sun Belt,19.0,21.0,False,2024,3,401643785,151,2026
2024-09-14,2024-09-14T16:00Z,Tulsa,American,Oklahoma State,Big 12,10.0,45.0,False,2024,3,401636869,202,197
2024-09-14,2024-09-14T19:30Z,Georgia Tech,ACC,VMI,Other/FCS,59.0,7.0,False,2024,3,401635543,59,2678
2024-09-14,2024-09-14T19:30Z,Washington,Big Ten,Washington State,Pac-12,19.0,24.0,True,2024,3,401628484,264,265
2024-09-14,2024-09-15T02:30Z,Fresno State,Mountain West,New Mexico State,CUSA,48.0,0.0,False,2024,3,401641033,278,166
2024-09-14,2024-09-14T20:30Z,Utah State,Mountain West,Utah,Big 12,21.0,38.0,False,2024,3,401636870,328,254
2024-09-14,2024-09-14T23:00Z,Southern Miss,Sun Belt,South Florida,American,24.0,49.0,False,2024,3,401643789,2572,58
2024-09-14,2024-09-14T23:00Z,Middle Tennessee,CUSA,Western Kentucky,CUSA,21.0,49.0,False,2024,3,401641024,2393,98
2024-09-14,2024-09-14T23:00Z,Eastern Michigan,MAC,Jacksonville State,CUSA,37.0,34.0,False,2024,3,401640999,2199,55
2024-09-14,2024-09-14T23:00Z,Georgia State,Sun Belt,Vanderbilt,SEC,36.0,32.0,False,2024,3,401628362,2247,238
2024-09-14,2024-09-14T19:30Z,Oregon State,Pac-12,Oregon,Big Ten,14.0,49.0,False,2024,3,401628483,204,2483
2024-09-14,2024-09-14T23:00Z,San José State,Mountain West,Kennesaw State,CUSA,31.0,10.0,False,2024,3,401641017,23,338
2024-09-14,2024-09-14T22:30Z,Western Michigan,MAC,Bethune-Cookman,Other/FCS,59.0,31.0,False,2024,3,401636364,2711,2065
2024-09-14,2024-09-14T22:00Z,Old Dominion,Sun Belt,Virginia Tech,ACC,17.0,37.0,False,2024,3,401635548,295,259
2024-09-14,2024-09-14T22:00Z,Georgia Southern,Sun Belt,South Carolina State,Other/FCS,42.0,14.0,False,2024,3,401643787,290,2569
2024-09-14,2024-09-14T22:00Z,Duke,ACC,UConn,FBS Indep.,26.0,21.0,False,2024,3,401629030,150,41
2024-09-14,2024-09-14T22:00Z,Liberty,CUSA,UTEP,CUSA,28.0,10.0,False,2024,3,401640990,2335,2638
2024-09-14,2024-09-14T23:00Z,Sam Houston,CUSA,Hawai'i,Mountain West,31.0,13.0,False,2024,3,401641040,2534,62
2024-09-14,2024-09-14T16:00Z,South Carolina,SEC,LSU,SEC,33.0,36.0,False,2024,3,401628359,2579,99
2024-09-14,2024-09-14T22:00Z,Charlotte,American,Gardner-Webb,Other/FCS,27.0,26.0,False,2024,3,401645327,2429,2241
2024-09-14,2024-09-14T22:00Z,North Carolina,ACC,North Carolina Central,Other/FCS,45.0,10.0,False,2024,3,401635545,153,2428
2024-09-14,2024-09-14T23:30Z,UCLA,Big Ten,Indiana,Big Ten,13.0,42.0,False,2024,3,401628476,26,84
2024-09-14,2024-09-14T23:30Z,Baylor,Big 12,Air Force,Mountain West,31.0,3.0,False,2024,3,401636860,239,2005
2024-09-14,2024-09-14T23:30Z,Colorado State,Mountain West,Colorado,Big 12,9.0,28.0,False,2024,3,401636861,36,38
2024-09-14,2024-09-14T23:30Z,TCU,Big 12,UCF,Big 12,34.0,35.0,False,2024,3,401636866,2628,2116
2024-09-14,2024-09-14T23:30Z,Northwestern,Big Ten,Eastern Illinois,Other/FCS,31.0,7.0,False,2024,3,401655632,77,2197
2024-09-14,2024-09-14T23:42Z,Florida Atlantic,American,Florida International,CUSA,38.0,20.0,False,2024,3,401640980,2226,2229
2024-09-14,2024-09-15T00:00Z,Virginia,ACC,Maryland,Big Ten,13.0,27.0,False,2024,3,401628478,258,120
2024-09-14,2024-09-15T00:00Z,Houston,Big 12,Rice,American,33.0,7.0,False,2024,3,401636862,248,242
2024-09-14,2024-09-15T01:00Z,Wyoming,Mountain West,BYU,Big 12,14.0,34.0,False,2024,3,401636871,2751,252
2024-09-14,2024-09-14T19:30Z,Oklahoma,SEC,Tulane,American,34.0,19.0,False,2024,3,401628358,201,2655
2024-09-14,2024-09-14T16:00Z,Michigan,Big Ten,Arkansas State,Sun Belt,28.0,18.0,False,2024,3,401628479,130,2032
2024-09-14,2024-09-14T23:30Z,Mississippi State,SEC,Toledo,MAC,17.0,41.0,False,2024,3,401628356,344,2649
2024-09-14,2024-09-14T23:30Z,Auburn,SEC,New Mexico,Mountain West,45.0,19.0,False,2024,3,401628352,2,167
2024-09-14,2024-09-15T02:30Z,California,ACC,San Diego State,Mountain West,31.0,10.0,False,2024,3,401635541,25,21
2024-09-19,2024-09-19T23:30Z,App State,Sun Belt,South Alabama,Sun Belt,14.0,48.0,False,2024,4,401643790,2026,6
2024-09-20,2024-09-20T23:30Z,Syracuse,ACC,Stanford,ACC,24.0,26.0,False,2024,4,401634766,183,24
2024-09-20,2024-09-21T00:00Z,Nebraska,Big Ten,Illinois,Big Ten,24.0,31.0,False,2024,4,401628485,158,356
2024-09-20,2024-09-21T02:00Z,Washington State,Pac-12,San José State,Mountain West,54.0,52.0,False,2024,4,401643714,265,23
2024-09-21,2024-09-21T19:30Z,Pittsburgh,ACC,Youngstown State,Other/FCS,73.0,17.0,False,2024,4,401634247,221,2754
2024-09-21,2024-09-22T00:30Z,New Mexico,Mountain West,Fresno State,Mountain West,21.0,38.0,False,2024,4,401643711,167,278
2024-09-21,2024-09-21T17:00Z,Central Michigan,MAC,Ball State,MAC,37.0,34.0,False,2024,4,401644735,2117,2050
2024-09-21,2024-09-22T01:45Z,Boise State,Mountain West,Portland State,Other/FCS,56.0,14.0,False,2024,4,401637162,68,2502
2024-09-21,2024-09-22T03:59Z,Hawai'i,Mountain West,Northern Iowa,Other/FCS,36.0,7.0,False,2024,4,401643712,62,2460
2024-09-21,2024-09-21T21:00Z,SMU,ACC,TCU,Big 12,66.0,42.0,False,2024,4,401635557,2567,2628
2024-09-21,2024-09-21T20:00Z,Middle Tennessee,CUSA,Duke,ACC,17.0,45.0,False,2024,4,401635553,2393,150
2024-09-21,2024-09-21T23:00Z,Louisiana Tech,CUSA,Tulsa,American,20.0,23.0,False,2024,4,401641008,2348,202
2024-09-21,2024-09-21T19:30Z,UTSA,American,Houston Christian,Other/FCS,45.0,7.0,False,2024,4,401645330,2636,2277
2024-09-21,2024-09-21T23:30Z,Texas A&M,SEC,Bowling Green,MAC,26.0,20.0,False,2024,4,401628372,245,189
2024-09-21,2024-09-21T16:00Z,Mississippi State,SEC,Florida,SEC,28.0,45.0,False,2024,4,401628367,344,57
2024-09-21,2024-09-21T16:00Z,Indiana,Big Ten,Charlotte,American,52.0,14.0,False,2024,4,401628486,84,2429
2024-09-21,2024-09-21T16:00Z,Maryland,Big Ten,Villanova,Other/FCS,38.0,20.0,False,2024,4,401628488,120,222
2024-09-21,2024-09-21T16:00Z,Louisiana,Sun Belt,Tulane,American,33.0,41.0,False,2024,4,401643791,309,2655
2024-09-21,2024-09-21T16:00Z,North Carolina,ACC,James Madison,Sun Belt,50.0,70.0,False,2024,4,401635556,153,256
2024-09-21,2024-09-21T16:00Z,West Virginia,Big 12,Kansas,Big 12,32.0,28.0,False,2024,4,401636879,277,2305
2024-09-21,2024-09-21T16:00Z,Army,American,Rice,American,37.0,14.0,False,2024,4,401645328,349,242
2024-09-21,2024-09-21T16:45Z,Kentucky,SEC,Ohio,MAC,41.0,6.0,False,2024,4,401628364,96,195
2024-09-21,2024-09-21T16:00Z,Cincinnati,Big 12,Houston,Big 12,34.0,0.0,False,2024,4,401636873,2132,248
2024-09-21,2024-09-21T18:00Z,Coastal Carolina,Sun Belt,Virginia,ACC,24.0,43.0,False,2024,4,401635558,324,258
2024-09-21,2024-09-21T18:00Z,Temple,American,Utah State,Mountain West,45.0,29.0,False,2024,4,401643715,218,328
2024-09-21,2024-09-22T00:30Z,Oregon State,Pac-12,Purdue,Big Ten,38.0,21.0,False,2024,4,401643717,204,2509
2024-09-21,2024-09-21T18:00Z,Eastern Michigan,MAC,St. Francis (PA),Other/FCS,36.0,0.0,False,2024,4,401644737,2199,2598
2024-09-21,2024-09-21T19:00Z,Jacksonville State,CUSA,Southern Miss,Sun Belt,44.0,7.0,False,2024,4,401641000,55,2572
2024-09-21,2024-09-21T19:00Z,Nevada,Mountain West,Eastern Washington,Other/FCS,49.0,16.0,False,2024,4,401643713,2440,331
2024-09-21,2024-09-21T19:30Z,Auburn,SEC,Arkansas,SEC,14.0,24.0,False,2024,4,401628363,2,8
2024-09-21,2024-09-21T19:30Z,Virginia Tech,ACC,Rutgers,Big Ten,23.0,26.0,False,2024,4,401628494,259,164
2024-09-21,2024-09-21T19:30Z,Massachusetts,FBS Indep.,Central Connecticut,Other/FCS,35.0,31.0,False,2024,4,401629042,113,2115
2024-09-21,2024-09-21T19:30Z,Navy,American,Memphis,American,56.0,44.0,False,2024,4,401645329,2426,235
2024-09-21,2024-09-21T19:30Z,Texas Tech,Big 12,Arizona State,Big 12,30.0,22.0,False,2024,4,401636877,2641,9
2024-09-21,2024-09-21T23:00Z,North Texas,American,Wyoming,Mountain West,44.0,17.0,False,2024,4,401643716,249,2751
2024-09-21,2024-09-21T19:30Z,Michigan,Big Ten,USC,Big Ten,27.0,24.0,False,2024,4,401628489,130,30
2024-09-21,2024-09-21T23:30Z,Minnesota,Big Ten,Iowa,Big Ten,14.0,31.0,False,2024,4,401628487,135,2294
2024-09-21,2024-09-21T23:30Z,South Carolina,SEC,Akron,MAC,50.0,7.0,False,2024,4,401628370,2579,2006
2024-09-21,2024-09-22T00:00Z,Colorado,Big 12,Baylor,Big 12,38.0,31.0,False,2024,4,401636874,38,239
2024-09-21,2024-09-22T00:00Z,Texas,SEC,UL Monroe,Sun Belt,51.0,3.0,False,2024,4,401628371,251,2433
2024-09-21,2024-09-21T16:00Z,Ohio State,Big Ten,Marshall,Sun Belt,49.0,14.0,False,2024,4,401628492,194,276
2024-09-21,2024-09-21T23:45Z,Ole Miss,SEC,Georgia Southern,Sun Belt,52.0,13.0,False,2024,4,401628366,145,290
2024-09-21,2024-09-21T23:30Z,Oklahoma,SEC,Tennessee,SEC,15.0,25.0,False,2024,4,401628369,201,2633
2024-09-21,2024-09-21T19:30Z,Penn State,Big Ten,Kent State,MAC,56.0,0.0,False,2024,4,401628493,213,2309
2024-09-21,2024-09-21T19:30Z,Louisville,ACC,Georgia Tech,ACC,31.0,19.0,False,2024,4,401635554,97,59
2024-09-21,2024-09-21T20:00Z,Oklahoma State,Big 12,Utah,Big 12,19.0,22.0,False,2024,4,401636876,197,254
2024-09-21,2024-09-22T02:30Z,BYU,Big 12,Kansas State,Big 12,38.0,9.0,False,2024,4,401636872,252,2306
2024-09-21,2024-09-21T19:30Z,LSU,SEC,UCLA,Big Ten,34.0,17.0,False,2024,4,401628365,99,26
2024-09-21,2024-09-21T19:30Z,Notre Dame,FBS Indep.,Miami (OH),MAC,28.0,3.0,False,2024,4,401628979,87,193
2024-09-21,2024-09-21T23:00Z,South Florida,American,Miami,ACC,15.0,50.0,False,2024,4,401635555,58,2390
2024-09-21,2024-09-21T18:00Z,Iowa State,Big 12,Arkansas State,Sun Belt,52.0,7.0,False,2024,4,401636875,66,2032
2024-09-21,2024-09-21T19:30Z,Northern Illinois,MAC,Buffalo,MAC,20.0,23.0,False,2024,4,401644736,2459,2084
2024-09-21,2024-09-21T21:00Z,Colorado State,Mountain West,UTEP,CUSA,27.0,17.0,False,2024,4,401641028,36,2638
2024-09-21,2024-09-21T22:00Z,Florida International,CUSA,Monmouth,Other/FCS,42.0,45.0,False,2024,4,401628625,2229,2405
2024-09-21,2024-09-21T22:00Z,Liberty,CUSA,East Carolina,American,35.0,24.0,False,2024,4,401640991,2335,151
2024-09-21,2024-09-21T23:00Z,Washington,Big Ten,Northwestern,Big Ten,24.0,5.0,False,2024,4,401628491,264,77
2024-09-21,2024-09-22T00:00Z,Boston College,ACC,Michigan State,Big Ten,23.0,19.0,False,2024,4,401628490,103,127
2024-09-21,2024-09-21T23:00Z,UConn,FBS Indep.,Florida Atlantic,American,48.0,14.0,False,2024,4,401629031,41,2226
2024-09-21,2024-09-21T20:15Z,Missouri,SEC,Vanderbilt,SEC,30.0,27.0,False,2024,4,401628368,142,238
2024-09-21,2024-09-21T23:00Z,Florida State,ACC,California,ACC,14.0,9.0,False,2024,4,401635551,52,25
2024-09-21,2024-09-21T23:00Z,Troy,Sun Belt,Florida A&M,Other/FCS,34.0,12.0,False,2024,4,401636374,2653,50
2024-09-21,2024-09-21T16:00Z,Clemson,ACC,NC State,ACC,59.0,35.0,False,2024,4,401635552,228,152
2024-09-21,2024-09-21T23:00Z,Sam Houston,CUSA,New Mexico State,CUSA,31.0,11.0,False,2024,4,401641034,2534,166
2024-09-21,2024-09-21T23:00Z,Western Kentucky,CUSA,Toledo,MAC,26.0,21.0,False,2024,4,401641037,98,2649
2024-09-26,2024-09-26T23:30Z,Temple,American,Army,American,14.0,42.0,False,2024,5,401645331,218,349
2024-09-27,2024-09-27T23:30Z,Miami,ACC,Virginia Tech,ACC,38.0,34.0,False,2024,5,401634767,2390,259
2024-09-27,2024-09-28T00:00Z,Rutgers,Big Ten,Washington,Big Ten,21.0,18.0,False,2024,5,401628501,164,264
2024-09-28,2024-09-28T16:00Z,Boston College,ACC,Western Kentucky,CUSA,21.0,20.0,False,2024,5,401635560,103,98
2024-09-28,2024-09-28T16:00Z,UConn,FBS Indep.,Buffalo,MAC,47.0,3.0,False,2024,5,401629032,41,2084
2024-09-28,2024-09-28T16:00Z,Purdue,Big Ten,Nebraska,Big Ten,10.0,28.0,False,2024,5,401628499,2509,158
2024-09-28,2024-09-28T16:00Z,Indiana,Big Ten,Maryland,Big Ten,42.0,28.0,False,2024,5,401628496,84,120
2024-09-28,2024-09-29T02:00Z,Boise State,Mountain West,Washington State,Pac-12,45.0,24.0,False,2024,5,401643719,68,265
2024-09-28,2024-09-29T00:00Z,New Mexico State,CUSA,New Mexico,Mountain West,40.0,50.0,False,2024,5,401641035,166,167
2024-09-28,2024-09-28T19:30Z,Texas A&M,SEC,Arkansas,SEC,21.0,17.0,True,2024,5,401628373,245,8
2024-09-28,2024-09-28T19:30Z,Auburn,SEC,Oklahoma,SEC,21.0,27.0,False,2024,5,401628375,2,201
2024-09-28,2024-09-28T16:00Z,Kansas State,Big 12,Oklahoma State,Big 12,42.0,20.0,False,2024,5,401636883,2306,197
2024-09-28,2024-09-28T23:00Z,Houston,Big 12,Iowa State,Big 12,0.0,20.0,False,2024,5,401636881,248,66
2024-09-28,2024-09-28T19:30Z,Notre Dame,FBS Indep.,Louisville,ACC,31.0,24.0,False,2024,5,401628980,87,97
2024-09-28,2024-09-28T16:00Z,Syracuse,ACC,Holy Cross,Other/FCS,42.0,14.0,False,2024,5,401635565,183,107
2024-09-28,2024-09-28T23:45Z,LSU,SEC,South Alabama,Sun Belt,42.0,10.0,False,2024,5,401628376,99,6
2024-09-28,2024-09-28T19:30Z,USC,Big Ten,Wisconsin,Big Ten,38.0,21.0,False,2024,5,401628502,30,275
2024-09-28,2024-09-28T16:00Z,NC State,ACC,Northern Illinois,MAC,24.0,17.0,False,2024,5,401635564,152,2459
2024-09-28,2024-09-28T16:00Z,Michigan,Big Ten,Minnesota,Big Ten,27.0,24.0,False,2024,5,401628497,130,135
2024-09-28,2024-09-29T02:15Z,Utah,Big 12,Arizona,Big 12,10.0,23.0,False,2024,5,401636886,254,12
2024-09-28,2024-09-28T23:30Z,Penn State,Big Ten,Illinois,Big Ten,21.0,7.0,False,2024,5,401628495,213,356
2024-09-28,2024-09-29T03:00Z,UCLA,Big Ten,Oregon,Big Ten,13.0,34.0,False,2024,5,401628500,26,2483
2024-09-28,2024-09-28T16:00Z,Ole Miss,SEC,Kentucky,SEC,17.0,20.0,False,2024,5,401628377,145,96
2024-09-28,2024-09-28T23:30Z,Michigan State,Big Ten,Ohio State,Big Ten,7.0,38.0,False,2024,5,401628498,127,194
2024-09-28,2024-09-28T23:30Z,Alabama,SEC,Georgia,SEC,41.0,34.0,False,2024,5,401628374,333,61
2024-09-28,2024-09-28T16:00Z,Baylor,Big 12,BYU,Big 12,28.0,34.0,False,2024,5,401636880,239,252
2024-09-28,2024-09-29T00:00Z,Wyoming,Mountain West,Air Force,Mountain West,31.0,19.0,False,2024,5,401643718,2751,2005
2024-09-28,2024-09-28T19:30Z,Central Michigan,MAC,San Diego State,Mountain West,22.0,21.0,False,2024,5,401643721,2117,21
2024-09-28,2024-09-28T23:00Z,Clemson,ACC,Stanford,ACC,40.0,14.0,False,2024,5,401635561,228,24
2024-09-28,2024-09-28T19:30Z,UNLV,Mountain West,Fresno State,Mountain West,59.0,14.0,False,2024,5,401643720,2439,278
2024-09-28,2024-09-28T19:30Z,Ohio,MAC,Akron,MAC,30.0,10.0,False,2024,5,401644738,195,2006
2024-09-28,2024-09-28T19:30Z,Georgia State,Sun Belt,Georgia Southern,Sun Belt,21.0,38.0,False,2024,5,401643792,2247,290
2024-09-28,2024-09-29T00:00Z,Texas Tech,Big 12,Cincinnati,Big 12,44.0,41.0,False,2024,5,401636884,2641,2132
2024-09-28,2024-09-29T00:00Z,SMU,ACC,Florida State,ACC,42.0,16.0,False,2024,5,401635563,2567,52
2024-09-28,2024-09-28T23:30Z,Memphis,American,Middle Tennessee,CUSA,24.0,7.0,False,2024,5,401641025,235,2393
2024-09-28,2024-09-28T23:00Z,North Texas,American,Tulsa,American,52.0,20.0,False,2024,5,401645336,249,202
2024-09-28,2024-09-28T23:00Z,Rice,American,Charlotte,American,20.0,21.0,False,2024,5,401645333,242,2429
2024-09-28,2024-09-28T23:00Z,Troy,Sun Belt,UL Monroe,Sun Belt,9.0,13.0,False,2024,5,401643796,2653,2433
2024-09-28,2024-09-28T22:00Z,Florida Atlantic,American,Wagner,Other/FCS,41.0,10.0,False,2024,5,401645335,2226,2681
2024-09-28,2024-09-28T22:00Z,Kennesaw State,CUSA,UT Martin,Other/FCS,13.0,24.0,False,2024,5,401641018,338,2630
2024-09-28,2024-09-28T20:00Z,East Carolina,American,UTSA,American,30.0,20.0,False,2024,5,401645334,151,2636
2024-09-28,2024-09-28T16:00Z,UAB,American,Navy,American,18.0,41.0,False,2024,5,401645332,5,2426
2024-09-28,2024-09-28T20:20Z,UCF,Big 12,Colorado,Big 12,21.0,48.0,False,2024,5,401636885,2116,38
2024-09-28,2024-09-28T20:00Z,Duke,ACC,North Carolina,ACC,21.0,20.0,False,2024,5,401635562,150,153
2024-09-28,2024-09-28T19:30Z,Marshall,Sun Belt,Western Michigan,MAC,27.0,20.0,False,2024,5,401643794,276,2711
2024-09-28,2024-09-28T22:00Z,Florida International,CUSA,Louisiana Tech,CUSA,17.0,10.0,False,2024,5,401640981,2229,2348
2024-09-28,2024-09-28T19:30Z,Kent State,MAC,Eastern Michigan,MAC,33.0,52.0,False,2024,5,401644739,2309,2199
2024-09-28,2024-09-28T21:00Z,Bowling Green,MAC,Old Dominion,Sun Belt,27.0,30.0,False,2024,5,401643795,189,295
2024-09-28,2024-09-28T20:15Z,Texas,SEC,Mississippi State,SEC,35.0,13.0,False,2024,5,401628378,251,344
2024-09-28,2024-09-28T19:30Z,Kansas,Big 12,TCU,Big 12,27.0,38.0,False,2024,5,401636882,2305,2628
2024-09-28,2024-09-28T19:30Z,Wake Forest,ACC,Louisiana,Sun Belt,38.0,41.0,False,2024,5,401635659,154,309
2024-09-28,2024-09-28T19:30Z,Miami (OH),MAC,Massachusetts,FBS Indep.,23.0,20.0,False,2024,5,401629043,193,113
2024-09-28,2024-09-28T19:00Z,Sam Houston,CUSA,Texas State,Sun Belt,40.0,39.0,True,2024,5,401641041,2534,326
2024-09-28,2024-09-28T17:30Z,James Madison,Sun Belt,Ball State,MAC,63.0,7.0,False,2024,5,401643793,256,2050
2024-09-28,2024-09-28T16:00Z,Tulane,American,South Florida,American,45.0,10.0,False,2024,5,401645337,2655,58
2024-10-03,2024-10-03T23:00Z,Troy,Sun Belt,Texas State,Sun Belt,17.0,38.0,False,2024,6,401643797,2653,326
2024-10-03,2024-10-04T01:00Z,UTEP,CUSA,Sam Houston,CUSA,21.0,41.0,False,2024,6,401641029,2638,2534
2024-10-04,2024-10-04T23:30Z,TCU,Big 12,Houston,Big 12,19.0,30.0,False,2024,6,401636891,2628,248
2024-10-04,2024-10-04T23:00Z,Kennesaw State,CUSA,Jacksonville State,CUSA,24.0,63.0,False,2024,6,401641001,338,55
2024-10-04,2024-10-05T01:00Z,UNLV,Mountain West,Syracuse,ACC,41.0,44.0,False,2024,6,401634779,2439,183
2024-10-04,2024-10-05T01:00Z,Oregon,Big Ten,Michigan State,Big Ten,31.0,10.0,False,2024,6,401628506,2483,127
2024-10-05,2024-10-05T23:30Z,Washington,Big Ten,Michigan,Big Ten,27.0,17.0,False,2024,6,401628505,264,130
2024-10-05,2024-10-05T17:00Z,UAB,American,Tulane,American,20.0,71.0,False,2024,6,401645338,5,2655
2024-10-05,2024-10-05T19:30Z,UConn,FBS Indep.,Temple,American,29.0,20.0,False,2024,6,401629033,41,218
2024-10-05,2024-10-05T18:00Z,Ball State,MAC,Western Michigan,MAC,42.0,45.0,False,2024,6,401644741,2050,2711
2024-10-05,2024-10-05T16:00Z,Tulsa,American,Army,American,7.0,49.0,False,2024,6,401645339,202,349
2024-10-05,2024-10-05T16:00Z,Air Force,Mountain West,Navy,American,7.0,34.0,False,2024,6,401643722,2005,2426
2024-10-05,2024-10-06T03:00Z,Arizona,Big 12,Texas Tech,Big 12,22.0,28.0,False,2024,6,401636887,12,2641
2024-10-05,2024-10-05T16:00Z,North Carolina,ACC,Pittsburgh,ACC,24.0,34.0,False,2024,6,401635572,153,221
2024-10-05,2024-10-05T16:00Z,NC State,ACC,Wake Forest,ACC,30.0,34.0,False,2024,6,401635638,152,154
2024-10-05,2024-10-05T19:30Z,Northwestern,Big Ten,Indiana,Big Ten,24.0,41.0,False,2024,6,401628503,77,84
2024-10-05,2024-10-05T23:30Z,Iowa State,Big 12,Baylor,Big 12,43.0,21.0,False,2024,6,401636889,66,239
2024-10-05,2024-10-05T23:00Z,Florida State,ACC,Clemson,ACC,13.0,29.0,False,2024,6,401635569,52,228
2024-10-05,2024-10-05T19:30Z,South Carolina,SEC,Ole Miss,SEC,3.0,27.0,False,2024,6,401628382,2579,145
2024-10-05,2024-10-05T19:30Z,Stanford,ACC,Virginia Tech,ACC,7.0,31.0,False,2024,6,401635573,24,259
2024-10-05,2024-10-05T16:00Z,Virginia,ACC,Boston College,ACC,24.0,14.0,False,2024,6,401635567,258,103
2024-10-05,2024-10-05T20:00Z,Nebraska,Big Ten,Rutgers,Big Ten,14.0,7.0,False,2024,6,401628508,158,164
2024-10-05,2024-10-05T16:00Z,Northern Illinois,MAC,Massachusetts,FBS Indep.,34.0,20.0,False,2024,6,401629044,2459,113
2024-10-05,2024-10-05T16:00Z,Louisville,ACC,SMU,ACC,27.0,34.0,False,2024,6,401635571,97,2567
2024-10-05,2024-10-05T16:00Z,Wisconsin,Big Ten,Purdue,Big Ten,52.0,6.0,False,2024,6,401628509,275,2509
2024-10-05,2024-10-05T23:00Z,Boise State,Mountain West,Utah State,Mountain West,62.0,30.0,False,2024,6,401643723,68,328
2024-10-05,2024-10-05T19:30Z,Marshall,Sun Belt,App State,Sun Belt,52.0,37.0,False,2024,6,401643799,276,2026
2024-10-05,2024-10-06T02:30Z,California,ACC,Miami,ACC,38.0,39.0,False,2024,6,401635568,25,2390
2024-10-05,2024-10-05T19:30Z,Akron,MAC,Bowling Green,MAC,20.0,27.0,False,2024,6,401644740,2006,189
2024-10-05,2024-10-05T23:00Z,Southern Miss,Sun Belt,Louisiana,Sun Belt,13.0,23.0,False,2024,6,401643802,2572,309
2024-10-05,2024-10-05T19:30Z,Ohio State,Big Ten,Iowa,Big Ten,35.0,7.0,False,2024,6,401628504,194,2294
2024-10-05,2024-10-05T20:15Z,Vanderbilt,SEC,Alabama,SEC,40.0,35.0,False,2024,6,401628384,238,333
2024-10-05,2024-10-05T23:30Z,Arkansas,SEC,Tennessee,SEC,19.0,14.0,False,2024,6,401628379,8,2633
2024-10-05,2024-10-05T20:00Z,Oklahoma State,Big 12,West Virginia,Big 12,14.0,38.0,False,2024,6,401636890,197,277
2024-10-05,2024-10-05T22:30Z,Oregon State,Pac-12,Colorado State,Mountain West,39.0,31.0,False,2024,6,401643724,204,36
2024-10-05,2024-10-05T23:30Z,Minnesota,Big Ten,USC,Big Ten,24.0,17.0,False,2024,6,401628507,135,30
2024-10-05,2024-10-05T23:00Z,Arkansas State,Sun Belt,South Alabama,Sun Belt,18.0,16.0,False,2024,6,401643800,2032,6
2024-10-05,2024-10-05T16:00Z,Texas A&M,SEC,Missouri,SEC,41.0,10.0,False,2024,6,401628383,245,142
2024-10-05,2024-10-05T19:30Z,Toledo,MAC,Miami (OH),MAC,30.0,20.0,False,2024,6,401644684,2649,193
2024-10-05,2024-10-06T00:00Z,Arizona State,Big 12,Kansas,Big 12,35.0,31.0,False,2024,6,401636888,9,2305
2024-10-05,2024-10-06T00:00Z,San Diego State,Mountain West,Hawai'i,Mountain West,27.0,24.0,False,2024,6,401643725,21,62
2024-10-05,2024-10-05T19:30Z,Georgia,SEC,Auburn,SEC,31.0,13.0,False,2024,6,401628381,61,2
2024-10-05,2024-10-05T16:00Z,Penn State,Big Ten,UCLA,Big Ten,27.0,11.0,False,2024,6,401628510,213,26
2024-10-05,2024-10-05T19:30Z,Charlotte,American,East Carolina,American,55.0,24.0,False,2024,6,401645340,2429,151
2024-10-05,2024-10-05T23:30Z,San José State,Mountain West,Nevada,Mountain West,35.0,31.0,False,2024,6,401643726,23,2440
2024-10-05,2024-10-05T23:00Z,UL Monroe,Sun Belt,James Madison,Sun Belt,21.0,19.0,False,2024,6,401643801,2433,256
2024-10-05,2024-10-05T23:45Z,Florida,SEC,UCF,Big 12,24.0,13.0,False,2024,6,401628380,57,2116
2024-10-05,2024-10-06T00:00Z,Georgia Tech,ACC,Duke,ACC,24.0,14.0,False,2024,6,401635570,59,150
2024-10-05,2024-10-05T23:00Z,Coastal Carolina,Sun Belt,Old Dominion,Sun Belt,45.0,37.0,False,2024,6,401643798,324,295
2024-10-08,2024-10-08T23:00Z,Liberty,CUSA,Florida International,CUSA,31.0,24.0,False,2024,7,401640982,2335,2229
2024-10-09,2024-10-09T23:30Z,Jacksonville State,CUSA,New Mexico State,CUSA,54.0,13.0,False,2024,7,401641002,55,166
2024-10-10,2024-10-11T00:00Z,Louisiana Tech,CUSA,Middle Tennessee,CUSA,48.0,21.0,False,2024,7,401641009,2348,2393
2024-10-10,2024-10-11T00:00Z,Western Kentucky,CUSA,UTEP,CUSA,44.0,17.0,False,2024,7,401641030,98,2638
2024-10-10,2024-10-10T23:30Z,James Madison,Sun Belt,Coastal Carolina,Sun Belt,39.0,7.0,False,2024,7,401643803,256,324
2024-10-11,2024-10-12T02:30Z,Arizona State,Big 12,Utah,Big 12,27.0,19.0,False,2024,7,401636892,9,254
2024-10-11,2024-10-12T01:00Z,Utah State,Mountain West,UNLV,Mountain West,34.0,50.0,False,2024,7,401643733,328,2439
2024-10-11,2024-10-12T00:00Z,Maryland,Big Ten,Northwestern,Big Ten,10.0,37.0,False,2024,7,401628513,120,77
2024-10-12,2024-10-13T01:00Z,UCLA,Big Ten,Minnesota,Big Ten,17.0,21.0,False,2024,7,401628514,26,135
2024-10-12,2024-10-12T23:30Z,Louisiana,Sun Belt,App State,Sun Belt,34.0,24.0,False,2024,7,401643806,309,2026
2024-10-12,2024-10-12T23:30Z,Nevada,Mountain West,Oregon State,Pac-12,42.0,37.0,False,2024,7,401643731,2440,204
2024-10-12,2024-10-12T23:00Z,Rice,American,UTSA,American,29.0,27.0,False,2024,7,401645344,242,2636
2024-10-12,2024-10-12T23:00Z,Florida Atlantic,American,North Texas,American,37.0,41.0,False,2024,7,401645343,2226,249
2024-10-12,2024-10-12T23:00Z,Texas State,Sun Belt,Arkansas State,Sun Belt,41.0,9.0,False,2024,7,401643808,326,2032
2024-10-12,2024-10-12T23:00Z,Fresno State,Mountain West,Washington State,Pac-12,17.0,25.0,False,2024,7,401643730,278,265
2024-10-12,2024-10-12T23:00Z,New Mexico,Mountain West,Air Force,Mountain West,52.0,37.0,False,2024,7,401643727,167,2005
2024-10-12,2024-10-12T19:30Z,South Florida,American,Memphis,American,3.0,21.0,False,2024,7,401645341,58,235
2024-10-12,2024-10-12T19:30Z,Colorado State,Mountain West,San José State,Mountain West,31.0,24.0,False,2024,7,401643729,36,23
2024-10-12,2024-10-12T19:30Z,Western Michigan,MAC,Akron,MAC,34.0,24.0,False,2024,7,401644742,2711,2006
2024-10-12,2024-10-12T19:30Z,Georgia State,Sun Belt,Old Dominion,Sun Belt,14.0,21.0,False,2024,7,401643805,2247,295
2024-10-12,2024-10-12T19:30Z,Wyoming,Mountain West,San Diego State,Mountain West,24.0,27.0,False,2024,7,401643732,2751,21
2024-10-12,2024-10-12T19:30Z,UCF,Big 12,Cincinnati,Big 12,13.0,19.0,False,2024,7,401636895,2116,2132
2024-10-12,2024-10-12T20:00Z,Central Michigan,MAC,Ohio,MAC,25.0,27.0,False,2024,7,401644746,2117,195
2024-10-12,2024-10-12T18:00Z,Eastern Michigan,MAC,Miami (OH),MAC,14.0,38.0,False,2024,7,401644685,2199,193
2024-10-12,2024-10-12T19:30Z,Virginia,ACC,Louisville,ACC,20.0,24.0,False,2024,7,401635578,258,97
2024-10-12,2024-10-12T23:55Z,Kentucky,SEC,Vanderbilt,SEC,13.0,20.0,False,2024,7,401628387,96,238
2024-10-12,2024-10-12T19:30Z,Bowling Green,MAC,Northern Illinois,MAC,7.0,17.0,False,2024,7,401644744,189,2459
2024-10-12,2024-10-12T21:00Z,UL Monroe,Sun Belt,Southern Miss,Sun Belt,38.0,21.0,False,2024,7,401643807,2433,2572
2024-10-12,2024-10-12T16:00Z,Army,American,UAB,American,44.0,10.0,False,2024,7,401645342,349,5
2024-10-12,2024-10-13T00:00Z,Georgia Southern,Sun Belt,Marshall,Sun Belt,24.0,23.0,False,2024,7,401643804,290,276
2024-10-12,2024-10-12T16:00Z,Kent State,MAC,Ball State,MAC,35.0,37.0,False,2024,7,401644743,2309,2050
2024-10-12,2024-10-13T00:00Z,West Virginia,Big 12,Iowa State,Big 12,16.0,28.0,False,2024,7,401636896,277,66
2024-10-12,2024-10-12T16:00Z,Rutgers,Big Ten,Wisconsin,Big Ten,7.0,42.0,False,2024,7,401628517,164,275
2024-10-12,2024-10-12T16:00Z,Iowa,Big Ten,Washington,Big Ten,40.0,16.0,False,2024,7,401628512,2294,264
2024-10-12,2024-10-12T19:30Z,Illinois,Big Ten,Purdue,Big Ten,50.0,49.0,False,2024,7,401628511,356,2509
2024-10-12,2024-10-12T19:30Z,Pittsburgh,ACC,California,ACC,17.0,15.0,False,2024,7,401635575,221,25
2024-10-12,2024-10-12T16:00Z,Massachusetts,FBS Indep.,Missouri,SEC,3.0,45.0,False,2024,7,401628389,113,142
2024-10-12,2024-10-13T02:25Z,Colorado,Big 12,Kansas State,Big 12,28.0,31.0,False,2024,7,401636894,38,2306
2024-10-12,2024-10-13T03:00Z,Hawai'i,Mountain West,Boise State,Mountain West,7.0,28.0,False,2024,7,401643728,62,68
2024-10-12,2024-10-12T20:00Z,BYU,Big 12,Arizona,Big 12,41.0,19.0,False,2024,7,401636893,252,12
2024-10-12,2024-10-13T00:00Z,NC State,ACC,Syracuse,ACC,17.0,24.0,False,2024,7,401635574,152,183
2024-10-12,2024-10-12T20:15Z,Georgia,SEC,Mississippi State,SEC,41.0,31.0,False,2024,7,401628386,61,344
2024-10-12,2024-10-12T23:30Z,LSU,SEC,Ole Miss,SEC,29.0,26.0,False,2024,7,401628388,99,145
2024-10-12,2024-10-12T23:00Z,Tennessee,SEC,Florida,SEC,23.0,17.0,False,2024,7,401628391,2633,57
2024-10-12,2024-10-12T16:00Z,Alabama,SEC,South Carolina,SEC,27.0,25.0,False,2024,7,401628385,333,2579
2024-10-12,2024-10-12T19:30Z,USC,Big Ten,Penn State,Big Ten,30.0,33.0,False,2024,7,401628516,30,213
2024-10-12,2024-10-12T23:30Z,Oregon,Big Ten,Ohio State,Big Ten,32.0,31.0,False,2024,7,401628515,2483,194
2024-10-12,2024-10-12T19:30Z,Oklahoma,SEC,Texas,SEC,3.0,34.0,True,2024,7,401628390,201,251
2024-10-12,2024-10-12T16:00Z,North Carolina,ACC,Georgia Tech,ACC,34.0,41.0,False,2024,7,401635577,153,59
2024-10-12,2024-10-12T19:30Z,Notre Dame,FBS Indep.,Stanford,ACC,49.0,7.0,False,2024,7,401628981,87,24
2024-10-12,2024-10-12T16:00Z,Buffalo,MAC,Toledo,MAC,30.0,15.0,False,2024,7,401644745,2084,2649
2024-10-12,2024-10-12T16:00Z,Wake Forest,ACC,Clemson,ACC,14.0,49.0,False,2024,7,401635576,154,228
2024-10-15,2024-10-16T00:00Z,Middle Tennessee,CUSA,Kennesaw State,CUSA,14.0,5.0,False,2024,8,401641019,2393,338
2024-10-15,2024-10-16T01:00Z,New Mexico State,CUSA,Louisiana Tech,CUSA,33.0,30.0,False,2024,8,401641010,166,2348
2024-10-15,2024-10-15T23:30Z,South Alabama,Sun Belt,Troy,Sun Belt,25.0,9.0,False,2024,8,401643809,6,2653
2024-10-16,2024-10-16T23:00Z,Sam Houston,CUSA,Western Kentucky,CUSA,14.0,31.0,False,2024,8,401641038,2534,98
2024-10-16,2024-10-17T01:00Z,UTEP,CUSA,Florida International,CUSA,30.0,21.0,False,2024,8,401640983,2638,2229
2024-10-17,2024-10-17T23:30Z,Virginia Tech,ACC,Boston College,ACC,42.0,21.0,False,2024,8,401634768,259,103
2024-10-17,2024-10-17T23:00Z,Marshall,Sun Belt,Georgia State,Sun Belt,35.0,20.0,False,2024,8,401643810,276,2247
2024-10-18,2024-10-19T02:30Z,Nevada,Mountain West,Fresno State,Mountain West,21.0,24.0,False,2024,8,401643735,2440,278
2024-10-18,2024-10-18T23:00Z,Duke,ACC,Florida State,ACC,23.0,16.0,False,2024,8,401634769,150,52
2024-10-18,2024-10-19T02:15Z,BYU,Big 12,Oklahoma State,Big 12,38.0,35.0,False,2024,8,401636898,252,197
2024-10-18,2024-10-19T00:00Z,Purdue,Big Ten,Oregon,Big Ten,0.0,35.0,False,2024,8,401628523,2509,2483
2024-10-19,2024-10-19T19:30Z,Bowling Green,MAC,Kent State,MAC,27.0,6.0,False,2024,8,401644748,189,2309
2024-10-19,2024-10-19T19:30Z,Northern Illinois,MAC,Toledo,MAC,6.0,13.0,False,2024,8,401644751,2459,2649
2024-10-19,2024-10-19T19:30Z,South Florida,American,UAB,American,35.0,25.0,False,2024,8,401645345,58,5
2024-10-19,2024-10-19T19:30Z,Miami (OH),MAC,Ohio,MAC,30.0,20.0,False,2024,8,401644686,193,195
2024-10-19,2024-10-19T19:30Z,Tulane,American,Rice,American,24.0,10.0,False,2024,8,401645350,2655,242
2024-10-19,2024-10-19T20:00Z,Maryland,Big Ten,USC,Big Ten,29.0,28.0,False,2024,8,401628521,120,30
2024-10-19,2024-10-19T20:00Z,Arizona,Big 12,Colorado,Big 12,7.0,34.0,False,2024,8,401636897,12,38
2024-10-19,2024-10-19T20:00Z,Texas Tech,Big 12,Baylor,Big 12,35.0,59.0,False,2024,8,401636902,2641,239
2024-10-19,2024-10-19T19:30Z,Old Dominion,Sun Belt,Texas State,Sun Belt,24.0,14.0,False,2024,8,401643813,295,326
2024-10-19,2024-10-19T19:30Z,UTSA,American,Florida Atlantic,American,38.0,24.0,False,2024,8,401645348,2636,2226
2024-10-19,2024-10-19T19:30Z,Washington State,Pac-12,Hawai'i,Mountain West,42.0,10.0,False,2024,8,401643736,265,62
2024-10-19,2024-10-19T19:30Z,California,ACC,NC State,ACC,23.0,24.0,False,2024,8,401635587,25,152
2024-10-19,2024-10-19T18:00Z,Temple,American,Tulsa,American,20.0,10.0,False,2024,8,401645351,218,202
2024-10-19,2024-10-19T18:00Z,Eastern Michigan,MAC,Central Michigan,MAC,38.0,34.0,False,2024,8,401644750,2199,2117
2024-10-19,2024-10-19T16:45Z,Oklahoma,SEC,South Carolina,SEC,9.0,35.0,False,2024,8,401628396,201,2579
2024-10-19,2024-10-19T16:00Z,Coastal Carolina,Sun Belt,Louisiana,Sun Belt,24.0,34.0,False,2024,8,401643811,324,309
2024-10-19,2024-10-19T16:00Z,UConn,FBS Indep.,Wake Forest,ACC,20.0,23.0,False,2024,8,401629034,41,154
2024-10-19,2024-10-19T23:45Z,Florida,SEC,Kentucky,SEC,48.0,20.0,False,2024,8,401628393,57,96
2024-10-19,2024-10-20T02:30Z,Utah,Big 12,TCU,Big 12,7.0,13.0,False,2024,8,401636903,254,2628
2024-10-19,2024-10-20T00:00Z,Air Force,Mountain West,Colorado State,Mountain West,13.0,21.0,False,2024,8,401643734,2005,36
2024-10-19,2024-10-19T20:00Z,Utah State,Mountain West,New Mexico,Mountain West,45.0,50.0,False,2024,8,401643737,328,167
2024-10-19,2024-10-19T19:30Z,Kansas,Big 12,Houston,Big 12,42.0,14.0,False,2024,8,401636901,2305,248
2024-10-19,2024-10-19T20:00Z,San José State,Mountain West,Wyoming,Mountain West,24.0,14.0,False,2024,8,401643738,23,2751
2024-10-19,2024-10-19T19:30Z,Buffalo,MAC,Western Michigan,MAC,41.0,48.0,False,2024,8,401644749,2084,2711
2024-10-19,2024-10-19T16:00Z,Northwestern,Big Ten,Wisconsin,Big Ten,3.0,23.0,False,2024,8,401628522,77,275
2024-10-19,2024-10-19T19:30Z,Georgia Tech,ACC,Notre Dame,FBS Indep.,13.0,31.0,True,2024,8,401628982,59,87
2024-10-19,2024-10-19T16:00Z,Cincinnati,Big 12,Arizona State,Big 12,24.0,14.0,False,2024,8,401636899,2132,9
2024-10-19,2024-10-19T16:00Z,Indiana,Big Ten,Nebraska,Big Ten,56.0,7.0,False,2024,8,401628519,84,158
2024-10-19,2024-10-19T23:30Z,West Virginia,Big 12,Kansas State,Big 12,18.0,45.0,False,2024,8,401636904,277,2306
2024-10-19,2024-10-19T23:30Z,Iowa State,Big 12,UCF,Big 12,38.0,35.0,False,2024,8,401636900,66,2116
2024-10-19,2024-10-20T00:00Z,Stanford,ACC,SMU,ACC,10.0,40.0,False,2024,8,401635590,24,2567
2024-10-19,2024-10-19T19:30Z,Illinois,Big Ten,Michigan,Big Ten,21.0,7.0,False,2024,8,401628518,356,130
2024-10-19,2024-10-19T16:00Z,Army,American,East Carolina,American,45.0,28.0,False,2024,8,401645346,349,151
2024-10-19,2024-10-19T19:30Z,Navy,American,Charlotte,American,51.0,17.0,False,2024,8,401645347,2426,2429
2024-10-19,2024-10-19T16:00Z,Missouri,SEC,Auburn,SEC,21.0,17.0,False,2024,8,401628395,142,2
2024-10-19,2024-10-19T16:00Z,Clemson,ACC,Virginia,ACC,48.0,31.0,False,2024,8,401635588,228,258
2024-10-19,2024-10-19T23:00Z,Vanderbilt,SEC,Ball State,MAC,24.0,14.0,False,2024,8,401628399,238,2050
2024-10-19,2024-10-19T16:00Z,Louisville,ACC,Miami,ACC,45.0,52.0,False,2024,8,401635589,97,2390
2024-10-19,2024-10-19T23:49Z,Texas,SEC,Georgia,SEC,15.0,30.0,False,2024,8,401628398,251,61
2024-10-19,2024-10-19T20:15Z,Mississippi State,SEC,Texas A&M,SEC,24.0,34.0,False,2024,8,401628394,344,245
2024-10-19,2024-10-19T19:30Z,Tennessee,SEC,Alabama,SEC,24.0,17.0,False,2024,8,401628397,2633,333
2024-10-19,2024-10-19T16:00Z,Rutgers,Big Ten,UCLA,Big Ten,32.0,35.0,False,2024,8,401628524,164,26
2024-10-19,2024-10-20T02:00Z,Oregon State,Pac-12,UNLV,Mountain West,25.0,33.0,False,2024,8,401643739,204,2439
2024-10-19,2024-10-19T23:30Z,Memphis,American,North Texas,American,52.0,44.0,False,2024,8,401645349,235,249
2024-10-19,2024-10-19T23:30Z,Michigan State,Big Ten,Iowa,Big Ten,32.0,20.0,False,2024,8,401628520,127,2294
2024-10-19,2024-10-19T20:00Z,Georgia Southern,Sun Belt,James Madison,Sun Belt,28.0,14.0,False,2024,8,401643812,290,256
2024-10-19,2024-10-19T23:00Z,Southern Miss,Sun Belt,Arkansas State,Sun Belt,28.0,44.0,False,2024,8,401643814,2572,2032
2024-10-19,2024-10-19T23:00Z,Arkansas,SEC,LSU,SEC,10.0,34.0,False,2024,8,401628392,8,99
2024-10-22,2024-10-22T23:30Z,Florida International,CUSA,Sam Houston,CUSA,7.0,10.0,False,2024,9,401640984,2229,2534
2024-10-22,2024-10-23T00:00Z,Louisiana Tech,CUSA,UTEP,CUSA,14.0,10.0,False,2024,9,401641011,2348,2638
2024-10-23,2024-10-23T23:00Z,Kennesaw State,CUSA,Liberty,CUSA,27.0,24.0,False,2024,9,401640993,338,2335
2024-10-23,2024-10-23T23:30Z,Jacksonville State,CUSA,Middle Tennessee,CUSA,42.0,20.0,False,2024,9,401641003,55,2393
2024-10-24,2024-10-24T23:30Z,Pittsburgh,ACC,Syracuse,ACC,41.0,13.0,False,2024,9,401634770,221,183
2024-10-24,2024-10-24T23:00Z,Old Dominion,Sun Belt,Georgia Southern,Sun Belt,47.0,19.0,False,2024,9,401643815,295,290
2024-10-25,2024-10-26T02:30Z,UNLV,Mountain West,Boise State,Mountain West,24.0,29.0,False,2024,9,401643740,2439,68
2024-10-25,2024-10-25T23:30Z,Boston College,ACC,Louisville,ACC,27.0,31.0,False,2024,9,401634771,103,97
2024-10-25,2024-10-26T03:00Z,USC,Big Ten,Rutgers,Big Ten,42.0,20.0,False,2024,9,401628532,30,164
2024-10-26,2024-10-26T18:00Z,East Carolina,American,Temple,American,56.0,34.0,False,2024,9,401645352,151,218
2024-10-26,2024-10-27T00:00Z,Kansas State,Big 12,Kansas,Big 12,29.0,27.0,False,2024,9,401636909,2306,2305
2024-10-26,2024-10-26T19:30Z,Alabama,SEC,Missouri,SEC,34.0,0.0,False,2024,9,401628400,333,142
2024-10-26,2024-10-26T16:00Z,Indiana,Big Ten,Washington,Big Ten,31.0,17.0,False,2024,9,401628526,84,264
2024-10-26,2024-10-26T23:30Z,Texas A&M,SEC,LSU,SEC,38.0,23.0,False,2024,9,401628404,245,99
2024-10-26,2024-10-26T19:30Z,UCF,Big 12,BYU,Big 12,24.0,37.0,False,2024,9,401636911,2116,252
2024-10-26,2024-10-26T16:00Z,Ole Miss,SEC,Oklahoma,SEC,26.0,14.0,False,2024,9,401628402,145,201
2024-10-26,2024-10-26T23:00Z,Miami,ACC,Florida State,ACC,36.0,14.0,False,2024,9,401635596,2390,52
2024-10-26,2024-10-26T20:15Z,Vanderbilt,SEC,Texas,SEC,24.0,27.0,False,2024,9,401628405,238,251
2024-10-26,2024-10-26T16:00Z,Navy,American,Notre Dame,FBS Indep.,14.0,51.0,True,2024,9,401628983,2426,87
2024-10-26,2024-10-26T16:00Z,Ohio State,Big Ten,Nebraska,Big Ten,21.0,17.0,False,2024,9,401628530,194,158
2024-10-26,2024-10-26T16:00Z,Memphis,American,Charlotte,American,33.0,28.0,False,2024,9,401645353,235,2429
2024-10-26,2024-10-26T16:00Z,Virginia,ACC,North Carolina,ACC,14.0,41.0,False,2024,9,401635598,258,153
2024-10-26,2024-10-26T16:00Z,North Texas,American,Tulane,American,37.0,45.0,False,2024,9,401645354,249,2655
2024-10-26,2024-10-26T16:45Z,Mississippi State,SEC,Arkansas,SEC,25.0,58.0,False,2024,9,401628403,344,8
2024-10-26,2024-10-26T17:00Z,App State,Sun Belt,Georgia State,Sun Belt,33.0,26.0,False,2024,9,401643816,2026,2247
2024-10-26,2024-10-26T18:00Z,Miami (OH),MAC,Central Michigan,MAC,46.0,7.0,False,2024,9,401644687,193,2117
2024-10-26,2024-10-26T19:30Z,Minnesota,Big Ten,Maryland,Big Ten,48.0,23.0,False,2024,9,401628528,135,120
2024-10-26,2024-10-26T19:30Z,Stanford,ACC,Wake Forest,ACC,24.0,27.0,False,2024,9,401635599,24,154
2024-10-26,2024-10-26T16:00Z,Ohio,MAC,Buffalo,MAC,47.0,16.0,False,2024,9,401644755,195,2084
2024-10-26,2024-10-26T23:30Z,Wisconsin,Big Ten,Penn State,Big Ten,13.0,28.0,False,2024,9,401628531,275,213
2024-10-26,2024-10-26T16:00Z,Virginia Tech,ACC,Georgia Tech,ACC,21.0,6.0,False,2024,9,401635597,259,59
2024-10-26,2024-10-26T19:30Z,Oregon,Big Ten,Illinois,Big Ten,38.0,9.0,False,2024,9,401628525,2483,356
2024-10-26,2024-10-27T00:00Z,Duke,ACC,SMU,ACC,27.0,28.0,False,2024,9,401635595,150,2567
2024-10-26,2024-10-26T19:30Z,Iowa,Big Ten,Northwestern,Big Ten,40.0,14.0,False,2024,9,401628527,2294,77
2024-10-26,2024-10-26T19:30Z,Baylor,Big 12,Oklahoma State,Big 12,38.0,28.0,False,2024,9,401636906,239,197
2024-10-26,2024-10-26T19:30Z,Ball State,MAC,Northern Illinois,MAC,25.0,23.0,False,2024,9,401644753,2050,2459
2024-10-26,2024-10-26T19:30Z,Toledo,MAC,Bowling Green,MAC,26.0,41.0,False,2024,9,401644754,2649,189
2024-10-26,2024-10-26T19:30Z,Western Michigan,MAC,Kent State,MAC,52.0,21.0,False,2024,9,401644756,2711,2309
2024-10-26,2024-10-26T19:30Z,Massachusetts,FBS Indep.,Wagner,Other/FCS,35.0,7.0,False,2024,9,401645308,113,2681
2024-10-26,2024-10-26T19:30Z,Tulsa,American,UTSA,American,46.0,45.0,False,2024,9,401645355,202,2636
2024-10-26,2024-10-26T20:00Z,California,ACC,Oregon State,Pac-12,44.0,7.0,False,2024,9,401635594,25,204
2024-10-26,2024-10-26T21:00Z,Colorado State,Mountain West,New Mexico,Mountain West,17.0,6.0,False,2024,9,401643741,36,167
2024-10-26,2024-10-26T23:00Z,Arizona,Big 12,West Virginia,Big 12,26.0,31.0,False,2024,9,401636905,12,277
2024-10-26,2024-10-26T19:30Z,James Madison,Sun Belt,Southern Miss,Sun Belt,32.0,15.0,False,2024,9,401643817,256,2572
2024-10-26,2024-10-26T19:30Z,Akron,MAC,Eastern Michigan,MAC,25.0,21.0,False,2024,9,401644752,2006,2199
2024-10-26,2024-10-26T23:00Z,Wyoming,Mountain West,Utah State,Mountain West,25.0,27.0,False,2024,9,401643745,2751,328
2024-10-26,2024-10-26T23:00Z,Arkansas State,Sun Belt,Troy,Sun Belt,34.0,31.0,False,2024,9,401643818,2032,2653
2024-10-26,2024-10-26T23:30Z,Michigan,Big Ten,Michigan State,Big Ten,24.0,17.0,False,2024,9,401628529,130,127
2024-10-26,2024-10-26T23:45Z,Kentucky,SEC,Auburn,SEC,10.0,24.0,False,2024,9,401628401,96,2
2024-10-26,2024-10-27T00:00Z,Fresno State,Mountain West,San José State,Mountain West,33.0,10.0,False,2024,9,401643742,278,23
2024-10-26,2024-10-27T02:15Z,Colorado,Big 12,Cincinnati,Big 12,34.0,23.0,False,2024,9,401636907,38,2132
2024-10-26,2024-10-27T02:30Z,San Diego State,Mountain West,Washington State,Pac-12,26.0,29.0,False,2024,9,401643744,21,265
2024-10-26,2024-10-27T03:59Z,Hawai'i,Mountain West,Nevada,Mountain West,34.0,13.0,False,2024,9,401643743,62,2440
2024-10-26,2024-10-26T21:00Z,South Alabama,Sun Belt,UL Monroe,Sun Belt,46.0,17.0,False,2024,9,401643819,6,2433
2024-10-26,2024-10-26T23:00Z,Houston,Big 12,Utah,Big 12,17.0,14.0,False,2024,9,401636908,248,254
2024-10-26,2024-10-26T19:30Z,TCU,Big 12,Texas Tech,Big 12,35.0,34.0,False,2024,9,401636910,2628,2641
2024-10-26,2024-10-26T19:30Z,UConn,FBS Indep.,Rice,American,17.0,10.0,False,2024,9,401629035,41,242
2024-10-29,2024-10-29T23:00Z,Florida International,CUSA,New Mexico State,CUSA,34.0,13.0,False,2024,10,401640985,2229,166
2024-10-29,2024-10-30T00:00Z,Sam Houston,CUSA,Louisiana Tech,CUSA,9.0,3.0,False,2024,10,401641012,2534,2348
2024-10-29,2024-10-29T23:30Z,Texas State,Sun Belt,Louisiana,Sun Belt,17.0,23.0,False,2024,10,401643820,326,309
2024-10-30,2024-10-30T23:00Z,Liberty,CUSA,Jacksonville State,CUSA,21.0,31.0,False,2024,10,401640994,2335,55
2024-10-30,2024-10-30T23:30Z,Western Kentucky,CUSA,Kennesaw State,CUSA,31.0,14.0,False,2024,10,401641020,98,338
2024-10-31,2024-10-31T23:30Z,Charlotte,American,Tulane,American,3.0,34.0,False,2024,10,401645356,2429,2655
2024-11-01,2024-11-01T23:30Z,Florida Atlantic,American,South Florida,American,21.0,44.0,False,2024,10,401645357,2226,58
2024-11-01,2024-11-01T23:00Z,UConn,FBS Indep.,Georgia State,Sun Belt,34.0,27.0,False,2024,10,401629036,41,2247
2024-11-01,2024-11-02T00:00Z,Boise State,Mountain West,San Diego State,Mountain West,56.0,24.0,False,2024,10,401643747,68,21
2024-11-02,2024-11-02T20:00Z,Rice,American,Navy,American,24.0,10.0,False,2024,10,401645360,242,2426
2024-11-02,2024-11-02T16:00Z,Penn State,Big Ten,Ohio State,Big Ten,13.0,20.0,False,2024,10,401628539,213,194
2024-11-02,2024-11-02T18:30Z,App State,Sun Belt,Old Dominion,Sun Belt,28.0,20.0,False,2024,10,401643821,2026,295
2024-11-02,2024-11-02T20:00Z,Troy,Sun Belt,Coastal Carolina,Sun Belt,38.0,24.0,False,2024,10,401643824,2653,324
2024-11-02,2024-11-03T00:00Z,Nevada,Mountain West,Colorado State,Mountain West,21.0,38.0,False,2024,10,401643748,2440,36
2024-11-02,2024-11-03T00:00Z,Baylor,Big 12,TCU,Big 12,37.0,34.0,False,2024,10,401636912,239,2628
2024-11-02,2024-11-02T23:30Z,South Alabama,Sun Belt,Georgia Southern,Sun Belt,30.0,34.0,False,2024,10,401643823,6,290
2024-11-02,2024-11-02T16:45Z,Auburn,SEC,Vanderbilt,SEC,7.0,17.0,False,2024,10,401628407,2,238
2024-11-02,2024-11-02T23:00Z,Fresno State,Mountain West,Hawai'i,Mountain West,20.0,21.0,False,2024,10,401643749,278,62
2024-11-02,2024-11-02T20:00Z,New Mexico,Mountain West,Wyoming,Mountain West,45.0,49.0,False,2024,10,401643750,167,2751
2024-11-02,2024-11-02T23:30Z,Iowa,Big Ten,Wisconsin,Big Ten,42.0,10.0,False,2024,10,401628535,2294,275
2024-11-02,2024-11-02T23:30Z,Washington,Big Ten,USC,Big Ten,26.0,21.0,False,2024,10,401628540,264,30
2024-11-02,2024-11-02T19:30Z,UTEP,CUSA,Middle Tennessee,CUSA,13.0,20.0,False,2024,10,401641026,2638,2393
2024-11-02,2024-11-02T19:30Z,UCF,Big 12,Arizona,Big 12,56.0,12.0,False,2024,10,401636916,2116,12
2024-11-02,2024-11-02T19:30Z,Oklahoma State,Big 12,Arizona State,Big 12,21.0,42.0,False,2024,10,401636915,197,9
2024-11-02,2024-11-02T19:30Z,Florida State,ACC,North Carolina,ACC,11.0,35.0,False,2024,10,401635602,52,153
2024-11-02,2024-11-02T19:30Z,Nebraska,Big Ten,UCLA,Big Ten,20.0,27.0,False,2024,10,401628537,158,26
2024-11-02,2024-11-02T19:30Z,Marshall,Sun Belt,UL Monroe,Sun Belt,28.0,23.0,False,2024,10,401643822,276,2433
2024-11-02,2024-11-02T20:15Z,Mississippi State,SEC,Massachusetts,FBS Indep.,45.0,20.0,False,2024,10,401628409,344,113
2024-11-02,2024-11-02T18:30Z,UAB,American,Tulsa,American,59.0,21.0,False,2024,10,401645358,5,202
2024-11-02,2024-11-02T19:30Z,Iowa State,Big 12,Texas Tech,Big 12,22.0,23.0,False,2024,10,401636914,66,2641
2024-11-02,2024-11-02T16:00Z,Arkansas,SEC,Ole Miss,SEC,31.0,63.0,False,2024,10,401628406,8,145
2024-11-02,2024-11-03T00:00Z,SMU,ACC,Pittsburgh,ACC,48.0,25.0,False,2024,10,401635627,2567,221
2024-11-02,2024-11-02T16:00Z,Miami,ACC,Duke,ACC,53.0,31.0,False,2024,10,401635601,2390,150
2024-11-02,2024-11-02T16:00Z,Illinois,Big Ten,Minnesota,Big Ten,17.0,25.0,False,2024,10,401628533,356,135
2024-11-02,2024-11-02T16:00Z,Oklahoma,SEC,Maine,Other/FCS,59.0,14.0,False,2024,10,401628410,201,311
2024-11-02,2024-11-02T16:00Z,Purdue,Big Ten,Northwestern,Big Ten,20.0,26.0,False,2024,10,401628538,2509,77
2024-11-02,2024-11-02T16:00Z,UTSA,American,Memphis,American,44.0,36.0,False,2024,10,401645359,2636,235
2024-11-02,2024-11-02T16:00Z,Syracuse,ACC,Virginia Tech,ACC,38.0,31.0,False,2024,10,401635604,183,259
2024-11-02,2024-11-02T16:00Z,NC State,ACC,Stanford,ACC,59.0,28.0,False,2024,10,401635516,152,24
2024-11-02,2024-11-02T16:00Z,Army,American,Air Force,Mountain West,20.0,3.0,False,2024,10,401643746,349,2005
2024-11-02,2024-11-02T16:00Z,Akron,MAC,Buffalo,MAC,30.0,41.0,False,2024,10,401644757,2006,2084
2024-11-02,2024-11-02T19:30Z,Houston,Big 12,Kansas State,Big 12,24.0,19.0,False,2024,10,401636913,248,2306
2024-11-02,2024-11-02T23:30Z,Clemson,ACC,Louisville,ACC,21.0,33.0,False,2024,10,401635600,228,97
2024-11-02,2024-11-02T16:00Z,Eastern Michigan,MAC,Toledo,MAC,28.0,29.0,False,2024,10,401644758,2199,2649
2024-11-02,2024-11-02T23:30Z,South Carolina,SEC,Texas A&M,SEC,44.0,20.0,False,2024,10,401628411,2579,245
2024-11-02,2024-11-02T23:45Z,Tennessee,SEC,Kentucky,SEC,28.0,18.0,False,2024,10,401628412,2633,96
2024-11-02,2024-11-02T19:30Z,Michigan,Big Ten,Oregon,Big Ten,17.0,38.0,False,2024,10,401628536,130,2483
2024-11-02,2024-11-02T19:30Z,Michigan State,Big Ten,Indiana,Big Ten,10.0,47.0,False,2024,10,401628534,127,84
2024-11-02,2024-11-02T19:30Z,Georgia,SEC,Florida,SEC,34.0,20.0,True,2024,10,401628408,61,57
2024-11-05,2024-11-06T01:00Z,Ball State,MAC,Miami (OH),MAC,21.0,27.0,False,2024,11,401644688,2050,193
2024-11-05,2024-11-06T00:30Z,Central Michigan,MAC,Bowling Green,MAC,13.0,23.0,False,2024,11,401644760,2117,189
2024-11-06,2024-11-07T00:00Z,Western Michigan,MAC,Northern Illinois,MAC,28.0,42.0,False,2024,11,401644762,2711,2459
2024-11-06,2024-11-07T00:00Z,Kent State,MAC,Ohio,MAC,0.0,41.0,False,2024,11,401644761,2309,195
2024-11-07,2024-11-08T01:00Z,East Carolina,American,Florida Atlantic,American,49.0,14.0,False,2024,11,401645361,151,2226
2024-11-07,2024-11-08T01:00Z,Coastal Carolina,Sun Belt,App State,Sun Belt,38.0,24.0,False,2024,11,401643825,324,2026
2024-11-08,2024-11-09T01:00Z,Wake Forest,ACC,California,ACC,36.0,46.0,False,2024,11,401634773,154,25
2024-11-08,2024-11-09T02:00Z,UCLA,Big Ten,Iowa,Big Ten,20.0,17.0,False,2024,11,401628542,26,2294
2024-11-08,2024-11-09T02:00Z,Memphis,American,Rice,American,27.0,20.0,False,2024,11,401645362,235,242
2024-11-08,2024-11-09T03:30Z,San Diego State,Mountain West,New Mexico,Mountain West,16.0,21.0,False,2024,11,401643754,21,167
2024-11-09,2024-11-09T20:30Z,Ole Miss,SEC,Georgia,SEC,28.0,10.0,False,2024,11,401628414,145,61
2024-11-09,2024-11-09T17:00Z,Ohio State,Big Ten,Purdue,Big Ten,45.0,0.0,False,2024,11,401628545,194,2509
2024-11-09,2024-11-09T17:00Z,Georgia Tech,ACC,Miami,ACC,28.0,23.0,False,2024,11,401635609,59,2390
2024-11-09,2024-11-09T17:00Z,Texas,SEC,Florida,SEC,49.0,17.0,False,2024,11,401628417,251,57
2024-11-09,2024-11-10T00:00Z,Tennessee,SEC,Mississippi State,SEC,33.0,14.0,False,2024,11,401628416,2633,344
2024-11-09,2024-11-09T20:30Z,Indiana,Big Ten,Michigan,Big Ten,20.0,15.0,False,2024,11,401628541,84,130
2024-11-09,2024-11-10T03:15Z,Utah,Big 12,BYU,Big 12,21.0,22.0,False,2024,11,401636922,254,252
2024-11-09,2024-11-10T01:00Z,Penn State,Big Ten,Washington,Big Ten,35.0,6.0,False,2024,11,401628546,213,264
2024-11-09,2024-11-10T03:30Z,Washington State,Pac-12,Utah State,Mountain West,49.0,28.0,False,2024,11,401643756,265,328
2024-11-09,2024-11-10T00:45Z,Missouri,SEC,Oklahoma,SEC,30.0,23.0,False,2024,11,401628415,142,201
2024-11-09,2024-11-09T21:00Z,Texas Tech,Big 12,Colorado,Big 12,27.0,41.0,False,2024,11,401636921,2641,38
2024-11-09,2024-11-09T17:00Z,Cincinnati,Big 12,West Virginia,Big 12,24.0,31.0,False,2024,11,401636918,2132,277
2024-11-09,2024-11-09T20:30Z,Kansas,Big 12,Iowa State,Big 12,45.0,36.0,False,2024,11,401636919,2305,66
2024-11-09,2024-11-10T01:00Z,Boise State,Mountain West,Nevada,Mountain West,28.0,21.0,False,2024,11,401643752,68,2440
2024-11-09,2024-11-10T01:00Z,Pittsburgh,ACC,Virginia,ACC,19.0,24.0,False,2024,11,401635610,221,258
2024-11-09,2024-11-10T00:30Z,LSU,SEC,Alabama,SEC,13.0,42.0,False,2024,11,401628413,99,333
2024-11-09,2024-11-10T02:00Z,Hawai'i,Mountain West,UNLV,Mountain West,27.0,29.0,False,2024,11,401643753,62,2439
2024-11-09,2024-11-09T20:35Z,Virginia Tech,ACC,Clemson,ACC,14.0,24.0,False,2024,11,401635607,259,228
2024-11-09,2024-11-09T17:00Z,UL Monroe,Sun Belt,Texas State,Sun Belt,17.0,38.0,False,2024,11,401643828,2433,326
2024-11-09,2024-11-10T00:30Z,Notre Dame,FBS Indep.,Florida State,ACC,52.0,3.0,False,2024,11,401628984,87,52
2024-11-09,2024-11-09T17:00Z,Boston College,ACC,Syracuse,ACC,37.0,31.0,False,2024,11,401635606,103,183
2024-11-09,2024-11-09T17:00Z,Rutgers,Big Ten,Minnesota,Big Ten,26.0,19.0,False,2024,11,401628544,164,135
2024-11-09,2024-11-10T00:00Z,Oregon,Big Ten,Maryland,Big Ten,39.0,18.0,False,2024,11,401628543,2483,120
2024-11-09,2024-11-09T18:00Z,Middle Tennessee,CUSA,Liberty,CUSA,17.0,37.0,False,2024,11,401640995,2393,2335
2024-11-09,2024-11-09T19:30Z,UAB,American,UConn,FBS Indep.,23.0,31.0,False,2024,11,401629037,5,41
2024-11-09,2024-11-09T20:00Z,Southern Miss,Sun Belt,Marshall,Sun Belt,3.0,37.0,False,2024,11,401643829,2572,276
2024-11-09,2024-11-09T20:30Z,NC State,ACC,Duke,ACC,19.0,29.0,False,2024,11,401635608,152,150
2024-11-09,2024-11-09T20:30Z,Oregon State,Pac-12,San José State,Mountain West,13.0,24.0,False,2024,11,401643755,204,23
2024-11-09,2024-11-09T21:15Z,Vanderbilt,SEC,South Carolina,SEC,7.0,28.0,False,2024,11,401628418,238,2579
2024-11-09,2024-11-09T20:30Z,James Madison,Sun Belt,Georgia State,Sun Belt,38.0,7.0,False,2024,11,401643826,256,2247
2024-11-09,2024-11-09T21:00Z,Tulane,American,Temple,American,52.0,6.0,False,2024,11,401645364,2655,218
2024-11-09,2024-11-09T21:30Z,Louisiana Tech,CUSA,Jacksonville State,CUSA,37.0,44.0,False,2024,11,401641004,2348,55
2024-11-09,2024-11-09T22:00Z,Louisiana,Sun Belt,Arkansas State,Sun Belt,55.0,19.0,False,2024,11,401643827,309,2032
2024-11-09,2024-11-09T23:00Z,New Mexico State,CUSA,Western Kentucky,CUSA,28.0,41.0,False,2024,11,401641036,166,98
2024-11-09,2024-11-10T00:00Z,Arizona State,Big 12,UCF,Big 12,35.0,31.0,False,2024,11,401636917,9,2116
2024-11-09,2024-11-10T00:00Z,TCU,Big 12,Oklahoma State,Big 12,38.0,13.0,False,2024,11,401636920,2628,197
2024-11-09,2024-11-10T02:45Z,Air Force,Mountain West,Fresno State,Mountain West,36.0,28.0,False,2024,11,401643751,2005,278
2024-11-09,2024-11-09T21:00Z,UTEP,CUSA,Kennesaw State,CUSA,43.0,35.0,False,2024,11,401641021,2638,338
2024-11-09,2024-11-09T17:00Z,South Florida,American,Navy,American,7.0,28.0,False,2024,11,401645363,58,2426
2024-11-09,2024-11-09T20:30Z,North Texas,American,Army,American,3.0,14.0,False,2024,11,401629045,249,349
2024-11-12,2024-11-13T00:00Z,Bowling Green,MAC,Western Michigan,MAC,31.0,13.0,False,2024,12,401644764,189,2711
2024-11-12,2024-11-13T00:00Z,Toledo,MAC,Central Michigan,MAC,37.0,10.0,False,2024,12,401644765,2649,2117
2024-11-12,2024-11-13T00:00Z,Buffalo,MAC,Ball State,MAC,51.0,48.0,False,2024,12,401644763,2084,2050
2024-11-13,2024-11-14T00:00Z,Miami (OH),MAC,Kent State,MAC,34.0,7.0,False,2024,12,401644689,193,2309
2024-11-13,2024-11-14T00:00Z,Northern Illinois,MAC,Akron,MAC,29.0,16.0,False,2024,12,401644766,2459,2006
2024-11-13,2024-11-14T00:00Z,Ohio,MAC,Eastern Michigan,MAC,35.0,10.0,False,2024,12,401644767,195,2199
2024-11-14,2024-11-15T00:30Z,Tulsa,American,East Carolina,American,31.0,38.0,False,2024,12,401645365,202,151
2024-11-15,2024-11-16T03:15Z,Arizona,Big 12,Houston,Big 12,27.0,3.0,False,2024,12,401636923,12,248
2024-11-15,2024-11-16T01:00Z,UTSA,American,North Texas,American,48.0,27.0,False,2024,12,401645366,2636,249
2024-11-15,2024-11-16T01:00Z,Colorado State,Mountain West,Wyoming,Mountain West,24.0,10.0,False,2024,12,401643759,36,2751
2024-11-15,2024-11-16T02:00Z,Washington,Big Ten,UCLA,Big Ten,31.0,19.0,False,2024,12,401628553,264,26
2024-11-16,2024-11-16T17:00Z,Western Kentucky,CUSA,Louisiana Tech,CUSA,7.0,12.0,False,2024,12,401641013,98,2348
2024-11-16,2024-11-16T17:00Z,Arkansas,SEC,Texas,SEC,10.0,20.0,False,2024,12,401628419,8,251
2024-11-16,2024-11-16T20:30Z,Purdue,Big Ten,Penn State,Big Ten,10.0,49.0,False,2024,12,401628552,2509,213
2024-11-16,2024-11-17T03:15Z,BYU,Big 12,Kansas,Big 12,13.0,17.0,False,2024,12,401636924,252,2305
2024-11-16,2024-11-17T00:30Z,Georgia,SEC,Tennessee,SEC,31.0,17.0,False,2024,12,401628421,61,2633
2024-11-16,2024-11-16T20:30Z,Notre Dame,FBS Indep.,Virginia,ACC,35.0,14.0,False,2024,12,401628985,87,258
2024-11-16,2024-11-16T20:30Z,SMU,ACC,Boston College,ACC,38.0,28.0,False,2024,12,401635580,2567,103
2024-11-16,2024-11-17T00:00Z,San José State,Mountain West,Boise State,Mountain West,21.0,42.0,False,2024,12,401643758,23,68
2024-11-16,2024-11-16T17:45Z,Auburn,SEC,UL Monroe,Sun Belt,48.0,14.0,False,2024,12,401628426,2,2433
2024-11-16,2024-11-16T19:00Z,Alabama,SEC,Mercer,Other/FCS,52.0,7.0,False,2024,12,401628425,333,2382
2024-11-16,2024-11-16T17:00Z,Colorado,Big 12,Utah,Big 12,49.0,24.0,False,2024,12,401636925,38,254
2024-11-16,2024-11-17T00:00Z,Kansas State,Big 12,Arizona State,Big 12,14.0,24.0,False,2024,12,401636927,2306,9
2024-11-16,2024-11-17T00:45Z,Texas A&M,SEC,New Mexico State,CUSA,38.0,3.0,False,2024,12,401628424,245,166
2024-11-16,2024-11-16T17:00Z,Massachusetts,FBS Indep.,Liberty,CUSA,34.0,35.0,False,2024,12,401629046,113,2335
2024-11-16,2024-11-17T00:30Z,Wisconsin,Big Ten,Oregon,Big Ten,13.0,16.0,False,2024,12,401628551,275,2483
2024-11-16,2024-11-16T20:30Z,Florida,SEC,LSU,SEC,27.0,16.0,False,2024,12,401628420,57,99
2024-11-16,2024-11-16T21:15Z,South Carolina,SEC,Missouri,SEC,34.0,30.0,False,2024,12,401628423,2579,142
2024-11-16,2024-11-16T17:00Z,Pittsburgh,ACC,Clemson,ACC,20.0,24.0,False,2024,12,401635582,221,228
2024-11-16,2024-11-16T17:00Z,Navy,American,Tulane,American,0.0,35.0,False,2024,12,401645370,2426,2655
2024-11-16,2024-11-16T20:30Z,Stanford,ACC,Louisville,ACC,38.0,35.0,False,2024,12,401635517,24,97
2024-11-16,2024-11-17T02:30Z,New Mexico,Mountain West,Washington State,Pac-12,38.0,35.0,False,2024,12,401643761,167,265
2024-11-16,2024-11-16T17:00Z,Northwestern,Big Ten,Ohio State,Big Ten,7.0,31.0,False,2024,12,401628550,77,194
2024-11-16,2024-11-16T21:00Z,Old Dominion,Sun Belt,James Madison,Sun Belt,32.0,35.0,False,2024,12,401643833,295,256
2024-11-16,2024-11-16T19:00Z,Jacksonville State,CUSA,Florida International,CUSA,34.0,31.0,False,2024,12,401640986,55,2229
2024-11-16,2024-11-16T19:30Z,Illinois,Big Ten,Michigan State,Big Ten,38.0,16.0,False,2024,12,401628547,356,127
2024-11-16,2024-11-16T20:00Z,California,ACC,Syracuse,ACC,25.0,33.0,False,2024,12,401635581,25,183
2024-11-16,2024-11-16T20:00Z,Kennesaw State,CUSA,Sam Houston,CUSA,17.0,23.0,False,2024,12,401641022,338,2534
2024-11-16,2024-11-16T20:00Z,Utah State,Mountain West,Hawai'i,Mountain West,55.0,10.0,False,2024,12,401643760,328,62
2024-11-16,2024-11-16T20:30Z,Air Force,Mountain West,Oregon State,Pac-12,28.0,0.0,False,2024,12,401643757,2005,204
2024-11-16,2024-11-16T21:00Z,USC,Big Ten,Nebraska,Big Ten,28.0,20.0,False,2024,12,401628549,30,158
2024-11-16,2024-11-16T21:00Z,Georgia Southern,Sun Belt,Troy,Sun Belt,20.0,28.0,False,2024,12,401643830,290,2653
2024-11-16,2024-11-16T20:30Z,Charlotte,American,South Florida,American,24.0,59.0,False,2024,12,401645368,2429,58
2024-11-16,2024-11-16T22:00Z,Georgia State,Sun Belt,Arkansas State,Sun Belt,20.0,27.0,False,2024,12,401643831,2247,2032
2024-11-16,2024-11-16T21:00Z,West Virginia,Big 12,Baylor,Big 12,35.0,49.0,False,2024,12,401636929,277,239
2024-11-16,2024-11-17T01:00Z,Memphis,American,UAB,American,53.0,18.0,False,2024,12,401645367,235,5
2024-11-16,2024-11-16T23:00Z,Maryland,Big Ten,Rutgers,Big Ten,17.0,31.0,False,2024,12,401628548,120,164
2024-11-16,2024-11-17T03:30Z,UNLV,Mountain West,San Diego State,Mountain West,41.0,20.0,False,2024,12,401643762,2439,21
2024-11-16,2024-11-17T01:00Z,Iowa State,Big 12,Cincinnati,Big 12,34.0,17.0,False,2024,12,401636926,66,2132
2024-11-16,2024-11-17T00:00Z,Louisiana,Sun Belt,South Alabama,Sun Belt,22.0,24.0,False,2024,12,401643834,309,6
2024-11-16,2024-11-16T19:00Z,Temple,American,Florida Atlantic,American,18.0,15.0,False,2024,12,401645369,218,2226
2024-11-16,2024-11-17T01:00Z,North Carolina,ACC,Wake Forest,ACC,31.0,24.0,False,2024,12,401635583,153,154
2024-11-16,2024-11-16T18:00Z,Marshall,Sun Belt,Coastal Carolina,Sun Belt,31.0,19.0,False,2024,12,401643832,276,324
2024-11-16,2024-11-16T18:30Z,Kentucky,SEC,Murray State,Other/FCS,48.0,6.0,False,2024,12,401628422,96,93
2024-11-16,2024-11-17T00:00Z,Texas State,Sun Belt,Southern Miss,Sun Belt,58.0,3.0,False,2024,12,401643835,326,2572
2024-11-19,2024-11-20T00:00Z,Kent State,MAC,Akron,MAC,17.0,38.0,False,2024,13,401644769,2309,2006
2024-11-19,2024-11-20T00:30Z,Central Michigan,MAC,Western Michigan,MAC,16.0,14.0,False,2024,13,401644770,2117,2711
2024-11-19,2024-11-20T01:00Z,Miami (OH),MAC,Northern Illinois,MAC,20.0,9.0,False,2024,13,401644690,193,2459
2024-11-20,2024-11-21T00:00Z,Eastern Michigan,MAC,Buffalo,MAC,20.0,37.0,False,2024,13,401644772,2199,2084
2024-11-20,2024-11-21T00:00Z,Toledo,MAC,Ohio,MAC,7.0,24.0,False,2024,13,401644773,2649,195
2024-11-21,2024-11-22T00:30Z,Georgia Tech,ACC,NC State,ACC,30.0,29.0,False,2024,13,401634772,59,152
2024-11-22,2024-11-23T01:00Z,Michigan State,Big Ten,Purdue,Big Ten,24.0,17.0,False,2024,13,401628558,127,2509
2024-11-22,2024-11-23T00:00Z,UTSA,American,Temple,American,51.0,27.0,False,2024,13,401645374,2636,218
2024-11-22,2024-11-23T03:00Z,San José State,Mountain West,UNLV,Mountain West,16.0,27.0,False,2024,13,401643767,23,2439
2024-11-23,2024-11-23T19:30Z,App State,Sun Belt,James Madison,Sun Belt,34.0,20.0,False,2024,13,401643836,2026,256
2024-11-23,2024-11-24T03:30Z,UCLA,Big Ten,USC,Big Ten,13.0,19.0,False,2024,13,401628561,26,30
2024-11-23,2024-11-24T01:00Z,Kansas State,Big 12,Cincinnati,Big 12,41.0,15.0,False,2024,13,401636933,2306,2132
2024-11-23,2024-11-24T01:00Z,Duke,ACC,Virginia Tech,ACC,31.0,28.0,False,2024,13,401635615,150,259
2024-11-23,2024-11-24T00:45Z,LSU,SEC,Vanderbilt,SEC,24.0,17.0,False,2024,13,401628431,99,238
2024-11-23,2024-11-24T00:30Z,Old Dominion,Sun Belt,Marshall,Sun Belt,35.0,42.0,False,2024,13,401643838,295,276
2024-11-23,2024-11-24T00:00Z,Texas State,Sun Belt,Georgia State,Sun Belt,44.0,52.0,False,2024,13,401643842,326,2247
2024-11-23,2024-11-24T00:00Z,Houston,Big 12,Baylor,Big 12,10.0,20.0,False,2024,13,401636931,248,239
2024-11-23,2024-11-23T19:00Z,Ball State,MAC,Bowling Green,MAC,13.0,38.0,False,2024,13,401644774,2050,189
2024-11-23,2024-11-23T21:00Z,Arkansas,SEC,Louisiana Tech,CUSA,35.0,14.0,False,2024,13,401628427,8,2348
2024-11-23,2024-11-23T20:30Z,South Florida,American,Tulsa,American,63.0,30.0,False,2024,13,401645375,58,202
2024-11-23,2024-11-23T22:00Z,Louisiana,Sun Belt,Troy,Sun Belt,51.0,30.0,False,2024,13,401643840,309,2653
2024-11-23,2024-11-23T20:30Z,Coastal Carolina,Sun Belt,Georgia Southern,Sun Belt,6.0,26.0,False,2024,13,401643837,324,290
2024-11-23,2024-11-23T21:00Z,Louisville,ACC,Pittsburgh,ACC,37.0,9.0,False,2024,13,401635617,97,221
2024-11-23,2024-11-23T20:30Z,Utah State,Mountain West,San Diego State,Mountain West,41.0,20.0,False,2024,13,401643766,328,21
2024-11-23,2024-11-23T19:30Z,Middle Tennessee,CUSA,New Mexico State,CUSA,21.0,36.0,False,2024,13,401641027,2393,166
2024-11-23,2024-11-23T20:30Z,Oklahoma State,Big 12,Texas Tech,Big 12,48.0,56.0,False,2024,13,401636934,197,2641
2024-11-23,2024-11-23T20:30Z,California,ACC,Stanford,ACC,24.0,21.0,False,2024,13,401635613,25,24
2024-11-23,2024-11-23T20:30Z,Nebraska,Big Ten,Wisconsin,Big Ten,44.0,25.0,False,2024,13,401628560,158,275
2024-11-23,2024-11-23T20:30Z,Michigan,Big Ten,Northwestern,Big Ten,50.0,6.0,False,2024,13,401628557,130,77
2024-11-23,2024-11-23T20:00Z,TCU,Big 12,Arizona,Big 12,49.0,28.0,False,2024,13,401636935,2628,12
2024-11-23,2024-11-23T20:30Z,West Virginia,Big 12,UCF,Big 12,31.0,21.0,False,2024,13,401636937,277,2116
2024-11-23,2024-11-23T20:00Z,Florida Atlantic,American,Charlotte,American,27.0,39.0,False,2024,13,401645371,2226,2429
2024-11-23,2024-11-23T20:00Z,Southern Miss,Sun Belt,South Alabama,Sun Belt,14.0,35.0,False,2024,13,401643841,2572,6
2024-11-23,2024-11-23T20:00Z,Arkansas State,Sun Belt,UL Monroe,Sun Belt,28.0,21.0,False,2024,13,401643839,2032,2433
2024-11-23,2024-11-23T20:00Z,Kennesaw State,CUSA,Florida International,CUSA,27.0,26.0,False,2024,13,401640987,338,2229
2024-11-23,2024-11-23T20:30Z,North Texas,American,East Carolina,American,28.0,40.0,False,2024,13,401645372,249,151
2024-11-23,2024-11-24T00:00Z,Oregon State,Pac-12,Washington State,Pac-12,41.0,38.0,False,2024,13,401628572,204,265
2024-11-23,2024-11-23T17:00Z,Rutgers,Big Ten,Illinois,Big Ten,31.0,38.0,False,2024,13,401628554,164,356
2024-11-23,2024-11-23T18:00Z,Tennessee,SEC,UTEP,CUSA,56.0,0.0,False,2024,13,401628435,2633,2638
2024-11-23,2024-11-24T00:30Z,Utah,Big 12,Iowa State,Big 12,28.0,31.0,False,2024,13,401636936,254,66
2024-11-23,2024-11-24T03:30Z,Fresno State,Mountain West,Colorado State,Mountain West,28.0,22.0,False,2024,13,401643765,278,36
2024-11-23,2024-11-24T03:30Z,Nevada,Mountain West,Air Force,Mountain West,19.0,22.0,False,2024,13,401643763,2440,2005
2024-11-23,2024-11-23T17:00Z,Jacksonville State,CUSA,Sam Houston,CUSA,21.0,11.0,False,2024,13,401641005,55,2534
2024-11-23,2024-11-23T17:00Z,Boston College,ACC,North Carolina,ACC,41.0,21.0,False,2024,13,401635612,103,153
2024-11-23,2024-11-23T17:00Z,Syracuse,ACC,UConn,FBS Indep.,31.0,24.0,False,2024,13,401635518,183,41
2024-11-23,2024-11-23T17:00Z,Maryland,Big Ten,Iowa,Big Ten,13.0,29.0,False,2024,13,401628556,120,2294
2024-11-23,2024-11-23T21:15Z,Mississippi State,SEC,Missouri,SEC,20.0,39.0,False,2024,13,401628432,344,142
2024-11-23,2024-11-23T20:30Z,Kansas,Big 12,Colorado,Big 12,37.0,21.0,False,2024,13,401636932,2305,38
2024-11-23,2024-11-24T00:30Z,Auburn,SEC,Texas A&M,SEC,43.0,41.0,False,2024,13,401628428,2,245
2024-11-23,2024-11-23T20:30Z,Arizona State,Big 12,BYU,Big 12,28.0,23.0,False,2024,13,401636930,9,252
2024-11-23,2024-11-23T17:00Z,Virginia,ACC,SMU,ACC,7.0,33.0,False,2024,13,401635619,258,2567
2024-11-23,2024-11-23T21:00Z,South Carolina,SEC,Wofford,Other/FCS,56.0,12.0,False,2024,13,401628434,2579,2747
2024-11-23,2024-11-23T19:00Z,UAB,American,Rice,American,40.0,14.0,False,2024,13,401645373,5,242
2024-11-23,2024-11-23T17:45Z,Georgia,SEC,Massachusetts,FBS Indep.,59.0,21.0,False,2024,13,401628430,61,113
2024-11-23,2024-11-23T20:30Z,Clemson,ACC,The Citadel,Other/FCS,51.0,14.0,False,2024,13,401635614,228,2643
2024-11-23,2024-11-23T17:00Z,Miami,ACC,Wake Forest,ACC,42.0,14.0,False,2024,13,401635618,2390,154
2024-11-23,2024-11-24T00:00Z,Notre Dame,FBS Indep.,Army,American,49.0,14.0,True,2024,13,401640959,87,349
2024-11-23,2024-11-24T00:30Z,Oklahoma,SEC,Alabama,SEC,24.0,3.0,False,2024,13,401628433,201,333
2024-11-23,2024-11-23T20:30Z,Texas,SEC,Kentucky,SEC,31.0,14.0,False,2024,13,401628436,251,96
2024-11-23,2024-11-23T17:00Z,Florida,SEC,Ole Miss,SEC,24.0,17.0,False,2024,13,401628429,57,145
2024-11-23,2024-11-23T17:00Z,Ohio State,Big Ten,Indiana,Big Ten,38.0,15.0,False,2024,13,401628555,194,84
2024-11-23,2024-11-23T18:00Z,Liberty,CUSA,Western Kentucky,CUSA,38.0,21.0,False,2024,13,401640996,2335,98
2024-11-23,2024-11-23T18:30Z,Florida State,ACC,Charleston Southern,Other/FCS,41.0,7.0,False,2024,13,401635616,52,2127
2024-11-23,2024-11-24T00:00Z,Wyoming,Mountain West,Boise State,Mountain West,13.0,17.0,False,2024,13,401643764,2751,68
2024-11-23,2024-11-23T20:30Z,Minnesota,Big Ten,Penn State,Big Ten,25.0,26.0,False,2024,13,401628559,135,213
2024-11-26,2024-11-27T00:00Z,Akron,MAC,Toledo,MAC,21.0,14.0,False,2024,14,401644775,2006,2649
2024-11-26,2024-11-27T00:00Z,Buffalo,MAC,Kent State,MAC,43.0,7.0,False,2024,14,401644776,2084,2309
2024-11-28,2024-11-29T00:30Z,Tulane,American,Memphis,American,24.0,34.0,False,2024,14,401645376,2655,235
2024-11-29,2024-11-29T17:00Z,Wisconsin,Big Ten,Minnesota,Big Ten,7.0,24.0,False,2024,14,401628568,275,135
2024-11-29,2024-11-29T17:00Z,Boise State,Mountain West,Oregon State,Pac-12,34.0,18.0,False,2024,14,401643769,68,204
2024-11-29,2024-11-29T17:00Z,Bowling Green,MAC,Miami (OH),MAC,12.0,28.0,False,2024,14,401644691,189,193
2024-11-29,2024-11-30T00:30Z,Georgia,SEC,Georgia Tech,ACC,44.0,42.0,False,2024,14,401628439,61,59
2024-11-29,2024-11-29T17:00Z,Ohio,MAC,Ball State,MAC,42.0,21.0,False,2024,14,401644777,195,2050
2024-11-29,2024-11-29T17:00Z,Colorado,Big 12,Oklahoma State,Big 12,52.0,0.0,False,2024,14,401636938,38,197
2024-11-29,2024-11-29T20:30Z,Ole Miss,SEC,Mississippi State,SEC,26.0,14.0,False,2024,14,401628442,145,344
2024-11-29,2024-11-30T01:00Z,UCF,Big 12,Utah,Big 12,14.0,28.0,False,2024,14,401636939,2116,254
2024-11-29,2024-11-29T20:30Z,South Alabama,Sun Belt,Texas State,Sun Belt,38.0,45.0,False,2024,14,401643843,6,326
2024-11-29,2024-11-30T00:30Z,Iowa,Big Ten,Nebraska,Big Ten,13.0,10.0,False,2024,14,401628562,2294,158
2024-11-29,2024-11-29T20:30Z,Sam Houston,CUSA,Liberty,CUSA,20.0,18.0,False,2024,14,401640997,2534,2335
2024-11-29,2024-11-29T17:00Z,East Carolina,American,Navy,American,20.0,34.0,False,2024,14,401645379,151,2426
2024-11-29,2024-11-29T20:30Z,Colorado State,Mountain West,Utah State,Mountain West,42.0,37.0,False,2024,14,401643770,36,328
2024-11-29,2024-11-29T21:00Z,San José State,Mountain West,Stanford,ACC,34.0,31.0,False,2024,14,401635625,23,24
2024-11-30,2024-11-30T17:00Z,Texas Tech,Big 12,West Virginia,Big 12,52.0,15.0,False,2024,14,401636945,2641,277
2024-11-30,2024-12-01T03:15Z,BYU,Big 12,Houston,Big 12,30.0,18.0,False,2024,14,401636942,252,248
2024-11-30,2024-12-01T00:30Z,Texas A&M,SEC,Texas,SEC,7.0,17.0,False,2024,14,401628445,245,251
2024-11-30,2024-11-30T20:30Z,Penn State,Big Ten,Maryland,Big Ten,44.0,7.0,False,2024,14,401628565,213,120
2024-11-30,2024-12-01T00:30Z,Oregon,Big Ten,Washington,Big Ten,49.0,21.0,False,2024,14,401628569,2483,264
2024-11-30,2024-11-30T17:00Z,Clemson,ACC,South Carolina,SEC,14.0,17.0,False,2024,14,401628444,228,2579
2024-11-30,2024-11-30T20:30Z,Syracuse,ACC,Miami,ACC,42.0,38.0,False,2024,14,401635623,183,2390
2024-11-30,2024-11-30T20:30Z,SMU,ACC,California,ACC,38.0,6.0,False,2024,14,401635621,2567,25
2024-11-30,2024-12-01T00:00Z,Indiana,Big Ten,Purdue,Big Ten,66.0,0.0,False,2024,14,401628564,84,2509
2024-11-30,2024-11-30T20:30Z,USC,Big Ten,Notre Dame,FBS Indep.,35.0,49.0,False,2024,14,401628571,30,87
2024-11-30,2024-11-30T17:00Z,Baylor,Big 12,Kansas,Big 12,45.0,17.0,False,2024,14,401636941,239,2305
2024-11-30,2024-11-30T17:00Z,UL Monroe,Sun Belt,Louisiana,Sun Belt,23.0,37.0,False,2024,14,401643848,2433,309
2024-11-30,2024-11-30T17:00Z,Ohio State,Big Ten,Michigan,Big Ten,10.0,13.0,False,2024,14,401628566,194,130
2024-11-30,2024-11-30T17:00Z,Massachusetts,FBS Indep.,UConn,FBS Indep.,42.0,47.0,False,2024,14,401629038,113,41
2024-11-30,2024-12-01T01:00Z,UNLV,Mountain West,Nevada,Mountain West,38.0,14.0,False,2024,14,401643772,2439,2440
2024-11-30,2024-11-30T20:30Z,Missouri,SEC,Arkansas,SEC,28.0,21.0,False,2024,14,401628443,142,8
2024-11-30,2024-11-30T17:00Z,Kentucky,SEC,Louisville,ACC,14.0,41.0,False,2024,14,401628440,96,97
2024-11-30,2024-11-30T17:00Z,Temple,American,North Texas,American,17.0,24.0,False,2024,14,401645381,218,249
2024-11-30,2024-11-30T17:00Z,Wake Forest,ACC,Duke,ACC,17.0,23.0,False,2024,14,401635622,154,150
2024-11-30,2024-11-30T20:30Z,Alabama,SEC,Auburn,SEC,28.0,14.0,False,2024,14,401628437,333,2
2024-11-30,2024-11-30T17:00Z,Northwestern,Big Ten,Illinois,Big Ten,28.0,38.0,True,2024,14,401628563,77,356
2024-11-30,2024-11-30T20:30Z,Arizona,Big 12,Arizona State,Big 12,7.0,49.0,False,2024,14,401636940,12,9
2024-11-30,2024-12-01T00:30Z,Iowa State,Big 12,Kansas State,Big 12,29.0,21.0,False,2024,14,401636944,66,2306
2024-11-30,2024-11-30T17:00Z,Army,American,UTSA,American,29.0,24.0,False,2024,14,401645378,349,2636
2024-11-30,2024-11-30T17:00Z,Vanderbilt,SEC,Tennessee,SEC,23.0,36.0,False,2024,14,401628446,238,2633
2024-11-30,2024-11-30T18:30Z,Western Michigan,MAC,Eastern Michigan,MAC,26.0,18.0,False,2024,14,401644780,2711,2199
2024-11-30,2024-11-30T21:00Z,New Mexico State,CUSA,UTEP,CUSA,35.0,42.0,False,2024,14,401641031,166,2638
2024-11-30,2024-11-30T19:00Z,Georgia State,Sun Belt,Coastal Carolina,Sun Belt,27.0,48.0,False,2024,14,401643845,2247,324
2024-11-30,2024-11-30T19:00Z,Troy,Sun Belt,Southern Miss,Sun Belt,52.0,20.0,False,2024,14,401643849,2653,2572
2024-11-30,2024-11-30T20:30Z,Charlotte,American,UAB,American,29.0,27.0,False,2024,14,401645377,2429,5
2024-11-30,2024-11-30T20:30Z,North Carolina,ACC,NC State,ACC,30.0,35.0,False,2024,14,401635624,153,152
2024-11-30,2024-11-30T20:00Z,Boston College,ACC,Pittsburgh,ACC,34.0,23.0,False,2024,14,401635620,103,221
2024-11-30,2024-11-30T20:30Z,Michigan State,Big Ten,Rutgers,Big Ten,14.0,41.0,False,2024,14,401628567,127,164
2024-11-30,2024-11-30T20:30Z,UCLA,Big Ten,Fresno State,Mountain West,20.0,13.0,False,2024,14,401628570,26,278
2024-11-30,2024-11-30T19:00Z,Rice,American,South Florida,American,35.0,28.0,False,2024,14,401645382,242,58
2024-11-30,2024-11-30T23:00Z,Cincinnati,Big 12,TCU,Big 12,13.0,20.0,False,2024,14,401636943,2132,2628
2024-11-30,2024-11-30T21:00Z,Louisiana Tech,CUSA,Kennesaw State,CUSA,33.0,0.0,False,2024,14,401641014,2348,338
2024-11-30,2024-11-30T20:00Z,Arkansas State,Sun Belt,Old Dominion,Sun Belt,32.0,40.0,False,2024,14,401643847,2032,295
2024-11-30,2024-12-01T01:00Z,James Madison,Sun Belt,Marshall,Sun Belt,33.0,35.0,False,2024,14,401643846,256,276
2024-11-30,2024-11-30T21:00Z,Western Kentucky,CUSA,Jacksonville State,CUSA,19.0,17.0,False,2024,14,401641006,98,55
2024-11-30,2024-12-01T04:00Z,Hawai'i,Mountain West,New Mexico,Mountain West,38.0,30.0,False,2024,14,401643771,62,167
2024-11-30,2024-11-30T19:00Z,Florida International,CUSA,Middle Tennessee,CUSA,35.0,24.0,False,2024,14,401640988,2229,2393
2024-11-30,2024-11-30T20:30Z,Northern Illinois,MAC,Central Michigan,MAC,24.0,16.0,False,2024,14,401644779,2459,2117
2024-11-30,2024-11-30T23:00Z,Georgia Southern,Sun Belt,App State,Sun Belt,29.0,20.0,False,2024,14,401643844,290,2026
2024-11-30,2024-12-01T00:00Z,LSU,SEC,Oklahoma,SEC,37.0,17.0,False,2024,14,401628441,99,201
2024-11-30,2024-12-01T00:00Z,Florida State,ACC,Florida,SEC,11.0,31.0,False,2024,14,401628438,52,57
2024-11-30,2024-12-01T03:30Z,San Diego State,Mountain West,Air Force,Mountain West,20.0,31.0,False,2024,14,401643768,21,2005
2024-11-30,2024-11-30T20:30Z,Tulsa,American,Florida Atlantic,American,16.0,63.0,False,2024,14,401645380,202,2226
2024-11-30,2024-12-01T01:00Z,Virginia Tech,ACC,Virginia,ACC,37.0,17.0,False,2024,14,401635640,259,258
2024-11-30,2024-11-30T23:30Z,Washington State,Pac-12,Wyoming,Mountain West,14.0,15.0,False,2024,14,401643773,265,2751
2024-12-06,2024-12-07T01:00Z,Boise State,Mountain West,UNLV,Mountain West,21.0,7.0,False,2024,15,401673468,68,2439
2024-12-06,2024-12-07T01:00Z,Army,American,Tulane,American,35.0,14.0,False,2024,15,401673462,349,2655
2024-12-06,2024-12-07T00:00Z,Jacksonville State,CUSA,Western Kentucky,CUSA,52.0,12.0,False,2024,15,401673466,55,98
2024-12-07,2024-12-08T01:00Z,Oregon,Big Ten,Penn State,Big Ten,45.0,37.0,True,2024,15,401673464,2483,213
2024-12-07,2024-12-07T21:00Z,Texas,SEC,Georgia,SEC,19.0,22.0,True,2024,15,401673469,251,61
2024-12-07,2024-12-08T01:00Z,SMU,ACC,Clemson,ACC,31.0,34.0,True,2024,15,401673463,2567,228
2024-12-07,2024-12-07T17:00Z,Miami (OH),MAC,Ohio,MAC,3.0,38.0,True,2024,15,401673467,193,195
2024-12-07,2024-12-08T00:30Z,Louisiana,Sun Belt,Marshall,Sun Belt,3.0,31.0,False,2024,15,401673470,309,276
2024-12-07,2024-12-07T17:00Z,Arizona State,Big 12,Iowa State,Big 12,45.0,19.0,True,2024,15,401673465,9,66
2024-12-14,2024-12-14T20:00Z,Army,American,Navy,American,13.0,31.0,True,2024,16,401645383,349,2426
2024-12-14,2024-12-15T02:00Z,Western Michigan,MAC,South Alabama,Sun Belt,23.0,30.0,True,2024,1,401677077,2711,6
2024-12-17,2024-12-18T02:00Z,West Virginia,Big 12,Memphis,American,37.0,42.0,True,2024,1,401677080,277,235
2024-12-18,2024-12-19T02:00Z,UNLV,Mountain West,California,ACC,24.0,13.0,True,2024,1,401677081,2439,25
2024-12-18,2024-12-18T22:30Z,James Madison,Sun Belt,Western Kentucky,CUSA,27.0,17.0,True,2024,1,401677079,256,98
2024-12-19,2024-12-20T00:00Z,Sam Houston,CUSA,Georgia Southern,Sun Belt,31.0,26.0,True,2024,1,401677082,2534,290
2024-12-20,2024-12-21T01:00Z,Notre Dame,FBS Indep.,Indiana,Big Ten,27.0,17.0,False,2024,1,401677179,87,84
2024-12-20,2024-12-20T17:00Z,Jacksonville State,CUSA,Ohio,MAC,27.0,30.0,True,2024,1,401677083,55,195
2024-12-20,2024-12-20T20:30Z,Florida,SEC,Tulane,American,33.0,8.0,True,2024,1,401677084,57,2655
2024-12-21,2024-12-22T01:00Z,Ohio State,Big Ten,Tennessee,SEC,42.0,17.0,False,2024,1,401677177,194,2633
2024-12-21,2024-12-21T21:00Z,Texas,SEC,Clemson,ACC,38.0,24.0,False,2024,1,401677176,251,228
2024-12-21,2024-12-21T17:00Z,Penn State,Big Ten,SMU,ACC,38.0,10.0,False,2024,1,401677178,213,2567
2024-12-23,2024-12-23T16:00Z,Coastal Carolina,Sun Belt,UTSA,American,15.0,44.0,False,2024,1,401677085,324,2636
2024-12-23,2024-12-23T19:30Z,Fresno State,Mountain West,Northern Illinois,MAC,20.0,28.0,True,2024,1,401677086,278,2459
2024-12-24,2024-12-25T01:00Z,San José State,Mountain West,South Florida,American,39.0,41.0,True,2024,1,401677087,23,58
2024-12-26,2024-12-26T19:00Z,Toledo,MAC,Pittsburgh,ACC,48.0,46.0,True,2024,1,401677180,2649,221
2024-12-26,2024-12-26T22:40Z,Kansas State,Big 12,Rutgers,Big Ten,44.0,41.0,True,2024,1,401677088,2306,164
2024-12-26,2024-12-27T02:10Z,Bowling Green,MAC,Arkansas State,Sun Belt,31.0,38.0,True,2024,1,401677089,189,2032
2024-12-27,2024-12-28T01:00Z,Washington State,Pac-12,Syracuse,ACC,35.0,52.0,True,2024,1,401729867,265,183
2024-12-27,2024-12-27T17:00Z,Navy,American,Oklahoma,SEC,21.0,20.0,True,2024,1,401677090,2426,201
2024-12-27,2024-12-27T20:30Z,Vanderbilt,SEC,Georgia Tech,ACC,35.0,27.0,True,2024,1,401677091,238,59
2024-12-27,2024-12-28T00:00Z,Arkansas,SEC,Texas Tech,Big 12,39.0,26.0,True,2024,1,401677092,8,2641
2024-12-27,2024-12-28T03:30Z,Texas A&M,SEC,USC,Big Ten,31.0,35.0,True,2024,1,401677093,245,30
2024-12-28,2024-12-28T20:30Z,Miami,ACC,Iowa State,Big 12,41.0,42.0,True,2024,1,401677097,2390,66
2024-12-28,2024-12-29T00:30Z,Colorado,Big 12,BYU,Big 12,14.0,36.0,True,2024,1,401677099,38,252
2024-12-28,2024-12-29T02:15Z,Army,American,Louisiana Tech,CUSA,27.0,6.0,True,2024,1,401677100,349,2348
2024-12-28,2024-12-28T16:00Z,North Carolina,ACC,UConn,FBS Indep.,14.0,27.0,True,2024,1,401677094,153,41
2024-12-28,2024-12-28T17:00Z,Nebraska,Big Ten,Boston College,ACC,20.0,15.0,True,2024,1,401677095,158,103
2024-12-28,2024-12-28T19:15Z,TCU,Big 12,Louisiana,Sun Belt,34.0,3.0,True,2024,1,401677096,2628,309
2024-12-28,2024-12-28T21:30Z,Colorado State,Mountain West,Miami (OH),MAC,17.0,43.0,True,2024,1,401677188,36,193
2024-12-28,2024-12-28T22:45Z,NC State,ACC,East Carolina,American,21.0,26.0,True,2024,1,401677098,152,151
2024-12-30,2024-12-30T19:30Z,Missouri,SEC,Iowa,Big Ten,27.0,24.0,True,2024,1,401677101,142,2294
2024-12-31,2025-01-01T00:30Z,Boise State,Mountain West,Penn State,Big Ten,14.0,31.0,True,2024,1,401677181,68,213
2024-12-31,2024-12-31T20:00Z,Illinois,Big Ten,South Carolina,SEC,21.0,17.0,True,2024,1,401677103,356,2579
2024-12-31,2024-12-31T20:30Z,LSU,SEC,Baylor,Big 12,44.0,31.0,True,2024,1,401677104,99,239
2024-12-31,2024-12-31T19:00Z,Washington,Big Ten,Louisville,ACC,34.0,35.0,True,2024,1,401677190,264,97
2024-12-31,2024-12-31T17:00Z,Michigan,Big Ten,Alabama,SEC,19.0,13.0,True,2024,1,401677102,130,333
2025-01-01,2025-01-01T22:00Z,Oregon,Big Ten,Ohio State,Big Ten,21.0,41.0,True,2024,1,401677183,2483,194
2025-01-01,2025-01-01T18:00Z,Arizona State,Big 12,Texas,SEC,31.0,39.0,True,2024,1,401677182,9,251
2025-01-02,2025-01-02T21:00Z,Georgia,SEC,Notre Dame,FBS Indep.,10.0,23.0,True,2024,1,401677184,61,87
2025-01-02,2025-01-03T01:00Z,Ole Miss,SEC,Duke,ACC,52.0,20.0,True,2024,1,401677105,145,150
2025-01-03,2025-01-03T21:00Z,Texas State,Sun Belt,North Texas,American,30.0,28.0,True,2024,1,401677106,326,249
2025-01-03,2025-01-04T00:30Z,Virginia Tech,ACC,Minnesota,Big Ten,10.0,24.0,True,2024,1,401677107,259,135
2025-01-04,2025-01-04T16:00Z,Liberty,CUSA,Buffalo,MAC,7.0,26.0,True,2024,1,401677108,2335,2084
2025-01-09,2025-01-10T00:30Z,Penn State,Big Ten,Notre Dame,FBS Indep.,24.0,27.0,True,2024,1,401677189,213,87
2025-01-10,2025-01-11T00:30Z,Texas,SEC,Ohio State,Big Ten,14.0,28.0,True,2024,1,401677191,251,194
2025-01-20,2025-01-21T00:30Z,Notre Dame,FBS Indep.,Ohio State,Big Ten,23.0,34.0,True,2024,1,401677192,87,194
2025-08-23,2025-08-23T23:30Z,Hawai'i,Mountain West,Stanford,ACC,23.0,20.0,False,2025,1,401754516,62,24
2025-08-23,2025-08-23T20:00Z,UNLV,Mountain West,Idaho State,Other/FCS,38.0,31.0,False,2025,1,401760371,2439,304
2025-08-23,2025-08-23T16:00Z,Kansas State,Big 12,Iowa State,Big 12,21.0,24.0,True,2025,1,401756846,2306,66
2025-08-23,2025-08-23T23:00Z,Western Kentucky,CUSA,Sam Houston,CUSA,41.0,24.0,False,2025,1,401757218,98,2534
2025-08-23,2025-08-23T22:30Z,Kansas,Big 12,Fresno State,Mountain West,31.0,7.0,False,2025,1,401756847,2305,278
2025-08-28,2025-08-28T23:00Z,Delaware,CUSA,Delaware State,Other/FCS,35.0,17.0,False,2025,1,401757219,48,2169
2025-08-28,2025-08-28T23:00Z,UL Monroe,Sun Belt,Saint Francis,Other/FCS,29.0,0.0,False,2025,1,401761588,2433,2598
2025-08-28,2025-08-28T21:30Z,South Florida,American,Boise State,Mountain West,34.0,7.0,False,2025,1,401762522,58,68
2025-08-28,2025-08-29T01:00Z,Wisconsin,Big Ten,Miami (OH),MAC,17.0,0.0,False,2025,1,401762791,275,193
2025-08-28,2025-08-28T22:00Z,Bowling Green,MAC,Lafayette,Other/FCS,26.0,7.0,False,2025,1,401762790,189,322
2025-08-28,2025-08-28T23:00Z,NC State,ACC,East Carolina,American,24.0,17.0,False,2025,1,401754373,152,151
2025-08-28,2025-08-28T23:00Z,UCF,Big 12,Jacksonville State,CUSA,17.0,10.0,False,2025,1,401756848,2116,55
2025-08-28,2025-08-28T23:00Z,Akron,MAC,Wyoming,Mountain West,0.0,10.0,False,2025,1,401762789,2006,2751
2025-08-28,2025-08-29T02:00Z,San Diego State,Mountain West,Stony Brook,Other/FCS,42.0,0.0,False,2025,1,401760357,21,2619
2025-08-28,2025-08-28T23:30Z,Duke,ACC,Elon,Other/FCS,45.0,17.0,False,2025,1,401754517,150,2210
2025-08-28,2025-08-29T00:00Z,Houston,Big 12,Stephen F. Austin,Other/FCS,27.0,0.0,False,2025,1,401756852,248,2617
2025-08-28,2025-08-29T00:30Z,UAB,American,Alabama State,Other/FCS,52.0,42.0,False,2025,1,401762430,5,2011
2025-08-28,2025-08-29T01:00Z,Cincinnati,Big 12,Nebraska,Big Ten,17.0,20.0,True,2025,1,401752796,2132,158
2025-08-28,2025-08-28T23:30Z,Missouri,SEC,Central Arkansas,Other/FCS,61.0,6.0,False,2025,1,401752674,142,2110
2025-08-28,2025-08-28T22:00Z,Rutgers,Big Ten,Ohio,MAC,34.0,31.0,False,2025,1,401752794,164,195
2025-08-28,2025-08-28T23:30Z,Oklahoma State,Big 12,UT Martin,Other/FCS,27.0,7.0,False,2025,1,401756876,197,2630
2025-08-28,2025-08-29T00:00Z,Minnesota,Big Ten,Buffalo,MAC,23.0,10.0,False,2025,1,401752793,135,2084
2025-08-29,2025-08-30T00:00Z,Colorado,Big 12,Georgia Tech,ACC,20.0,27.0,False,2025,1,401754375,38,59
2025-08-29,2025-08-29T23:00Z,Charlotte,American,App State,Sun Belt,11.0,34.0,True,2025,1,401761589,2429,2026
2025-08-29,2025-08-29T23:30Z,Illinois,Big Ten,Western Illinois,Other/FCS,52.0,3.0,False,2025,1,401752795,356,2710
2025-08-29,2025-08-29T23:00Z,Wake Forest,ACC,Kennesaw State,CUSA,10.0,9.0,False,2025,1,401754374,154,338
2025-08-29,2025-08-30T00:15Z,Florida International,CUSA,Bethune-Cookman,Other/FCS,42.0,9.0,False,2025,1,401766898,2229,2065
2025-08-29,2025-08-29T22:00Z,Army,American,Tarleton State,Other/FCS,27.0,30.0,False,2025,1,401762432,349,2627
2025-08-29,2025-08-30T00:00Z,Baylor,Big 12,Auburn,SEC,24.0,38.0,False,2025,1,401752667,239,2
2025-08-29,2025-08-30T01:30Z,Sam Houston,CUSA,UNLV,Mountain West,21.0,38.0,False,2025,1,401757224,2534,2439
2025-08-29,2025-08-30T02:30Z,San José State,Mountain West,Central Michigan,MAC,14.0,16.0,False,2025,1,401760358,23,2117
2025-08-29,2025-08-29T23:30Z,Kansas,Big 12,Wagner,Other/FCS,46.0,7.0,False,2025,1,401756854,2305,2681
2025-08-29,2025-08-29T23:00Z,Michigan State,Big Ten,Western Michigan,MAC,23.0,6.0,False,2025,1,401752802,127,2711
2025-08-30,2025-08-30T23:00Z,Texas A&M,SEC,UTSA,American,42.0,24.0,False,2025,1,401752678,245,2636
2025-08-30,2025-08-30T19:30Z,Penn State,Big Ten,Nevada,Mountain West,46.0,11.0,False,2025,1,401752807,213,2440
2025-08-30,2025-08-30T19:30Z,Georgia,SEC,Marshall,Sun Belt,45.0,7.0,False,2025,1,401752669,61,276
2025-08-30,2025-08-30T20:00Z,Oregon,Big Ten,Montana State,Other/FCS,59.0,13.0,False,2025,1,401752804,2483,147
2025-08-30,2025-08-30T16:00Z,Ohio State,Big Ten,Texas,SEC,14.0,7.0,False,2025,1,401752677,194,251
2025-08-30,2025-08-30T23:30Z,Michigan,Big Ten,New Mexico,Mountain West,34.0,17.0,False,2025,1,401752808,130,167
2025-08-30,2025-08-30T22:00Z,Oklahoma,SEC,Illinois State,Other/FCS,35.0,3.0,False,2025,1,401752675,201,2287
2025-08-30,2025-08-30T23:00Z,Florida,SEC,Long Island University,Other/FCS,55.0,0.0,False,2025,1,401752668,57,2341
2025-08-30,2025-08-31T01:15Z,SMU,ACC,East Texas A&M,Other/FCS,42.0,13.0,False,2025,1,401754521,2567,2837
2025-08-30,2025-08-30T23:00Z,Kansas State,Big 12,North Dakota,Other/FCS,38.0,35.0,False,2025,1,401756855,2306,155
2025-08-30,2025-08-30T18:00Z,UConn,FBS Indep.,Central Connecticut,Other/FCS,59.0,13.0,False,2025,1,401757167,41,2115
2025-08-30,2025-08-30T19:30Z,Florida State,ACC,Alabama,SEC,31.0,17.0,False,2025,1,401752665,52,333
2025-08-30,2025-08-30T18:30Z,Indiana,Big Ten,Old Dominion,Sun Belt,27.0,14.0,False,2025,1,401752806,84,295
2025-08-30,2025-08-30T16:00Z,Tennessee,SEC,Syracuse,ACC,45.0,26.0,True,2025,1,401752676,2633,183
2025-08-30,2025-08-30T19:30Z,Iowa State,Big 12,South Dakota,Other/FCS,55.0,7.0,False,2025,1,401756853,66,233
2025-08-30,2025-08-30T23:45Z,Ole Miss,SEC,Georgia State,Sun Belt,63.0,7.0,False,2025,1,401752672,145,2247
2025-08-30,2025-08-30T16:00Z,Purdue,Big Ten,Ball State,MAC,31.0,0.0,False,2025,1,401752801,2509,2050
2025-08-30,2025-08-30T18:00Z,West Virginia,Big 12,Robert Morris,Other/FCS,45.0,3.0,False,2025,1,401756878,277,2523
2025-08-30,2025-08-30T23:30Z,Texas Tech,Big 12,Arkansas-Pine Bluff,Other/FCS,67.0,7.0,False,2025,1,401756877,2641,2029
2025-08-30,2025-08-30T16:00Z,Maryland,Big Ten,Florida Atlantic,American,39.0,7.0,False,2025,1,401752797,120,2226
2025-08-30,2025-08-30T19:00Z,Louisville,ACC,Eastern Kentucky,Other/FCS,51.0,17.0,False,2025,1,401754519,97,2198
2025-08-30,2025-08-30T23:30Z,Clemson,ACC,LSU,SEC,10.0,17.0,False,2025,1,401752671,228,99
2025-08-30,2025-08-30T16:00Z,Tulane,American,Northwestern,Big Ten,23.0,3.0,False,2025,1,401752803,2655,77
2025-08-30,2025-08-30T16:00Z,Navy,American,VMI,Other/FCS,52.0,7.0,False,2025,1,401762434,2426,2678
2025-08-30,2025-08-30T16:00Z,Kent State,MAC,Merrimack,Other/FCS,21.0,17.0,False,2025,1,401762792,2309,2771
2025-08-30,2025-08-30T16:45Z,Kentucky,SEC,Toledo,MAC,24.0,16.0,False,2025,1,401752670,96,2649
2025-08-30,2025-08-30T18:00Z,Boston College,ACC,Fordham,Other/FCS,66.0,10.0,False,2025,1,401754518,103,2230
2025-08-30,2025-08-30T16:00Z,Pittsburgh,ACC,Duquesne,Other/FCS,61.0,9.0,False,2025,1,401754520,221,2184
2025-08-30,2025-08-31T02:00Z,Arizona State,Big 12,Northern Arizona,Other/FCS,38.0,19.0,False,2025,1,401756850,9,2464
2025-08-30,2025-08-30T16:00Z,Southern Miss,Sun Belt,Mississippi State,SEC,17.0,34.0,False,2025,1,401752673,2572,344
2025-08-30,2025-08-31T00:00Z,Tulsa,American,Abilene Christian,Other/FCS,35.0,7.0,False,2025,1,401762457,202,2000
2025-08-30,2025-08-30T22:00Z,Virginia,ACC,Coastal Carolina,Sun Belt,48.0,7.0,False,2025,1,401754616,258,324
2025-08-30,2025-08-30T23:00Z,Troy,Sun Belt,Nicholls,Other/FCS,38.0,20.0,False,2025,1,401761595,2653,2447
2025-08-30,2025-08-30T19:30Z,Northern Illinois,MAC,Holy Cross,Other/FCS,19.0,17.0,False,2025,1,401762793,2459,107
2025-08-30,2025-08-30T20:00Z,Liberty,CUSA,Maine,Other/FCS,28.0,7.0,False,2025,1,401757220,2335,311
2025-08-30,2025-08-30T20:15Z,Arkansas,SEC,Alabama A&M,Other/FCS,52.0,7.0,False,2025,1,401752666,8,2010
2025-08-30,2025-08-30T22:00Z,Iowa,Big Ten,UAlbany,Other/FCS,34.0,7.0,False,2025,1,401752799,2294,399
2025-08-30,2025-08-30T22:00Z,James Madison,Sun Belt,Weber State,Other/FCS,45.0,10.0,False,2025,1,401761590,256,2692
2025-08-30,2025-08-30T23:00Z,Arkansas State,Sun Belt,Southeast Missouri State,Other/FCS,42.0,24.0,False,2025,1,401761591,2032,2546
2025-08-30,2025-08-30T23:00Z,Vanderbilt,SEC,Charleston Southern,Other/FCS,45.0,3.0,False,2025,1,401752679,238,2127
2025-08-30,2025-08-30T23:00Z,Middle Tennessee,CUSA,Austin Peay,Other/FCS,14.0,34.0,False,2025,1,401757222,2393,2046
2025-08-30,2025-08-30T23:00Z,Western Kentucky,CUSA,North Alabama,Other/FCS,55.0,6.0,False,2025,1,401757226,98,2453
2025-08-30,2025-08-30T23:00Z,South Alabama,Sun Belt,Morgan State,Other/FCS,38.0,21.0,False,2025,1,401761593,6,2415
2025-08-30,2025-08-30T19:30Z,Massachusetts,MAC,Temple,American,10.0,42.0,False,2025,1,401762456,113,218
2025-08-30,2025-08-30T23:30Z,USC,Big Ten,Missouri State,CUSA,73.0,13.0,False,2025,1,401752798,30,2623
2025-08-30,2025-08-30T20:30Z,Memphis,American,Chattanooga,Other/FCS,45.0,10.0,False,2025,1,401762433,235,236
2025-08-30,2025-08-30T23:30Z,Utah State,Mountain West,UTEP,CUSA,28.0,16.0,False,2025,1,401757225,328,2638
2025-08-30,2025-08-31T01:00Z,New Mexico State,CUSA,Bryant,Other/FCS,19.0,3.0,False,2025,1,401757223,166,2803
2025-08-30,2025-08-31T00:00Z,BYU,Big 12,Portland State,Other/FCS,69.0,0.0,False,2025,1,401756851,252,2502
2025-08-30,2025-08-31T00:00Z,Louisiana,Sun Belt,Rice,American,12.0,14.0,False,2025,1,401761592,309,242
2025-08-30,2025-08-31T00:00Z,Texas State,Sun Belt,Eastern Michigan,MAC,52.0,27.0,False,2025,1,401761594,326,2199
2025-08-30,2025-08-31T02:30Z,Oregon State,Pac-12,California,ACC,15.0,34.0,False,2025,1,401752936,204,25
2025-08-30,2025-08-30T19:30Z,Air Force,Mountain West,Bucknell,Other/FCS,49.0,13.0,False,2025,1,401760359,2005,2083
2025-08-30,2025-08-31T00:00Z,North Texas,American,Lamar,Other/FCS,51.0,0.0,False,2025,1,401762435,249,2320
2025-08-30,2025-08-31T02:00Z,Washington State,Pac-12,Idaho,Other/FCS,13.0,10.0,False,2025,1,401752947,265,70
2025-08-30,2025-08-31T02:30Z,Arizona,Big 12,Hawai'i,Mountain West,40.0,6.0,False,2025,1,401756849,12,62
2025-08-30,2025-08-31T03:00Z,UCLA,Big Ten,Utah,Big 12,10.0,43.0,False,2025,1,401752800,26,254
2025-08-30,2025-08-31T03:00Z,Washington,Big Ten,Colorado State,Mountain West,38.0,21.0,False,2025,1,401752805,264,36
2025-08-30,2025-08-30T23:30Z,Louisiana Tech,CUSA,SE Louisiana,Other/FCS,24.0,0.0,False,2025,1,401757221,2348,2545
2025-08-30,2025-08-31T01:30Z,Fresno State,Mountain West,Georgia Southern,Sun Belt,42.0,14.0,False,2025,1,401760361,278,290
2025-08-31,2025-08-31T23:30Z,Miami,ACC,Notre Dame,FBS Indep.,27.0,24.0,False,2025,1,401754522,2390,87
2025-08-31,2025-08-31T19:00Z,South Carolina,SEC,Virginia Tech,ACC,24.0,11.0,True,2025,1,401752680,2579,259
2025-09-01,2025-09-02T00:00Z,North Carolina,ACC,TCU,Big 12,14.0,48.0,False,2025,1,401754523,153,2628
2025-09-05,2025-09-05T23:00Z,Louisville,ACC,James Madison,Sun Belt,28.0,14.0,False,2025,2,401754528,97,256
2025-09-05,2025-09-05T23:30Z,Northwestern,Big Ten,Western Illinois,Other/FCS,42.0,7.0,False,2025,2,401752817,77,2710
2025-09-05,2025-09-06T01:00Z,Boise State,Mountain West,Eastern Washington,Other/FCS,51.0,14.0,False,2025,2,401760363,68,331
2025-09-05,2025-09-05T23:30Z,Maryland,Big Ten,Northern Illinois,MAC,20.0,9.0,False,2025,2,401752826,120,2459
2025-09-06,2025-09-06T23:30Z,LSU,SEC,Louisiana Tech,CUSA,23.0,7.0,False,2025,2,401752687,99,2348
2025-09-06,2025-09-06T18:28Z,Georgia,SEC,Austin Peay,Other/FCS,28.0,6.0,False,2025,2,401752685,61,2046
2025-09-06,2025-09-06T23:00Z,Miami,ACC,Bethune-Cookman,Other/FCS,45.0,3.0,False,2025,2,401754641,2390,2065
2025-09-06,2025-09-06T19:30Z,Oregon,Big Ten,Oklahoma State,Big 12,69.0,3.0,False,2025,2,401752824,2483,197
2025-09-06,2025-09-06T16:00Z,Texas,SEC,San José State,Mountain West,38.0,7.0,False,2025,2,401752693,251,23
2025-09-06,2025-09-06T19:30Z,Clemson,ACC,Troy,Sun Belt,27.0,16.0,False,2025,2,401754637,228,2653
2025-09-06,2025-09-06T16:00Z,Duke,ACC,Illinois,Big Ten,19.0,45.0,False,2025,2,401752825,150,356
2025-09-06,2025-09-06T19:30Z,Kentucky,SEC,Ole Miss,SEC,23.0,30.0,False,2025,2,401752686,96,145
2025-09-06,2025-09-06T23:30Z,Mississippi State,SEC,Arizona State,Big 12,24.0,20.0,False,2025,2,401752688,344,9
2025-09-06,2025-09-06T20:15Z,Florida,SEC,South Florida,American,16.0,18.0,False,2025,2,401752684,57,58
2025-09-06,2025-09-06T16:00Z,Florida State,ACC,East Texas A&M,Other/FCS,77.0,3.0,False,2025,2,401754621,52,2837
2025-09-06,2025-09-06T23:30Z,Oklahoma,SEC,Michigan,Big Ten,24.0,13.0,False,2025,2,401752690,201,130
2025-09-06,2025-09-06T16:00Z,Iowa State,Big 12,Iowa,Big Ten,16.0,13.0,False,2025,2,401752822,66,2294
2025-09-06,2025-09-06T19:30Z,Buffalo,MAC,Saint Francis,Other/FCS,45.0,6.0,False,2025,2,401762794,2084,2598
2025-09-06,2025-09-06T16:45Z,Texas A&M,SEC,Utah State,Mountain West,44.0,22.0,False,2025,2,401752694,245,328
2025-09-06,2025-09-06T23:45Z,Alabama,SEC,UL Monroe,Sun Belt,73.0,0.0,False,2025,2,401752681,333,2433
2025-09-06,2025-09-06T16:00Z,SMU,ACC,Baylor,Big 12,45.0,48.0,False,2025,2,401754525,2567,239
2025-09-06,2025-09-06T16:00Z,Indiana,Big Ten,Kennesaw State,CUSA,56.0,9.0,False,2025,2,401752812,84,338
2025-09-06,2025-09-06T16:00Z,Penn State,Big Ten,Florida International,CUSA,34.0,0.0,False,2025,2,401752811,213,2229
2025-09-06,2025-09-06T19:00Z,New Mexico,Mountain West,Idaho State,Other/FCS,32.0,22.0,False,2025,2,401760366,167,304
2025-09-06,2025-09-06T16:00Z,Jacksonville State,CUSA,Liberty,CUSA,34.0,24.0,False,2025,2,401757227,55,2335
2025-09-06,2025-09-06T19:30Z,Navy,American,UAB,American,38.0,24.0,False,2025,2,401762458,2426,5
2025-09-06,2025-09-06T16:00Z,Texas Tech,Big 12,Kent State,MAC,62.0,14.0,False,2025,2,401756885,2641,2309
2025-09-06,2025-09-06T22:00Z,Utah,Big 12,Cal Poly,Other/FCS,63.0,9.0,False,2025,2,401756887,254,13
2025-09-06,2025-09-06T16:00Z,Minnesota,Big Ten,Northwestern State,Other/FCS,66.0,0.0,False,2025,2,401752813,135,2466
2025-09-06,2025-09-06T16:00Z,NC State,ACC,Virginia,ACC,35.0,31.0,False,2025,2,401754524,152,258
2025-09-06,2025-09-06T16:00Z,Pittsburgh,ACC,Central Michigan,MAC,45.0,17.0,False,2025,2,401754529,221,2117
2025-09-06,2025-09-06T16:00Z,Syracuse,ACC,UConn,FBS Indep.,27.0,20.0,False,2025,2,401754618,183,41
2025-09-06,2025-09-06T19:30Z,Cincinnati,Big 12,Bowling Green,MAC,34.0,20.0,False,2025,2,401756880,2132,189
2025-09-06,2025-09-06T18:00Z,Temple,American,Howard,Other/FCS,55.0,7.0,False,2025,2,401762462,218,47
2025-09-06,2025-09-06T19:30Z,Missouri,SEC,Kansas,Big 12,42.0,31.0,False,2025,2,401752689,142,2305
2025-09-06,2025-09-06T19:30Z,Oregon State,Pac-12,Fresno State,Mountain West,27.0,36.0,False,2025,2,401752937,204,278
2025-09-06,2025-09-06T19:30Z,Georgia Tech,ACC,Gardner-Webb,Other/FCS,59.0,12.0,False,2025,2,401754622,59,2241
2025-09-06,2025-09-06T19:30Z,Tennessee,SEC,East Tennessee State,Other/FCS,72.0,17.0,False,2025,2,401752692,2633,2193
2025-09-06,2025-09-06T19:30Z,Colorado,Big 12,Delaware,CUSA,31.0,7.0,False,2025,2,401756881,38,48
2025-09-06,2025-09-06T19:30Z,App State,Sun Belt,Lindenwood,Other/FCS,20.0,13.0,False,2025,2,401761596,2026,2815
2025-09-06,2025-09-06T19:30Z,UTSA,American,Texas State,Sun Belt,36.0,43.0,False,2025,2,401761603,2636,326
2025-09-06,2025-09-06T19:30Z,Western Michigan,MAC,North Texas,American,30.0,33.0,False,2025,2,401762461,2711,249
2025-09-06,2025-09-06T20:00Z,Wisconsin,Big Ten,Middle Tennessee,CUSA,42.0,10.0,False,2025,2,401752820,275,2393
2025-09-06,2025-09-06T19:30Z,Ohio State,Big Ten,Grambling,Other/FCS,70.0,0.0,False,2025,2,401752815,194,2755
2025-09-06,2025-09-06T23:00Z,Georgia State,Sun Belt,Memphis,American,16.0,38.0,False,2025,2,401761598,2247,235
2025-09-06,2025-09-06T23:00Z,Colorado State,Mountain West,Northern Colorado,Other/FCS,21.0,17.0,False,2025,2,401760364,36,2458
2025-09-06,2025-09-06T21:30Z,Massachusetts,MAC,Bryant,Other/FCS,26.0,27.0,False,2025,2,401762816,113,2803
2025-09-06,2025-09-06T23:00Z,Toledo,MAC,Western Kentucky,CUSA,45.0,21.0,False,2025,2,401757232,2649,98
2025-09-06,2025-09-06T20:00Z,Wyoming,Mountain West,Northern Iowa,Other/FCS,31.0,7.0,False,2025,2,401760367,2751,2460
2025-09-06,2025-09-06T20:25Z,Wake Forest,ACC,Western Carolina,Other/FCS,42.0,10.0,False,2025,2,401754620,154,2717
2025-09-06,2025-09-06T20:30Z,Rutgers,Big Ten,Miami (OH),MAC,45.0,17.0,False,2025,2,401752818,164,193
2025-09-06,2025-09-06T21:00Z,Arkansas,SEC,Arkansas State,Sun Belt,56.0,14.0,False,2025,2,401752682,8,2032
2025-09-06,2025-09-06T21:00Z,Nevada,Mountain West,Sacramento State,Other/FCS,20.0,17.0,False,2025,2,401760365,2440,16
2025-09-06,2025-09-06T21:00Z,Southern Miss,Sun Belt,Jackson State,Other/FCS,38.0,20.0,False,2025,2,401761602,2572,2296
2025-09-06,2025-09-06T22:00Z,California,ACC,Texas Southern,Other/FCS,35.0,3.0,False,2025,2,401754530,25,2640
2025-09-06,2025-09-06T22:00Z,Marshall,Sun Belt,Missouri State,CUSA,20.0,21.0,False,2025,2,401757228,276,2623
2025-09-06,2025-09-06T22:00Z,Old Dominion,Sun Belt,North Carolina Central,Other/FCS,54.0,6.0,False,2025,2,401761599,295,2428
2025-09-06,2025-09-06T22:00Z,East Carolina,American,Campbell,Other/FCS,56.0,3.0,False,2025,2,401762459,151,2097
2025-09-06,2025-09-06T22:00Z,Florida Atlantic,American,Florida A&M,Other/FCS,56.0,14.0,False,2025,2,401762460,2226,50
2025-09-06,2025-09-06T23:00Z,Charlotte,American,North Carolina,ACC,3.0,20.0,False,2025,2,401754527,2429,153
2025-09-06,2025-09-06T23:00Z,Kansas State,Big 12,Army,American,21.0,24.0,False,2025,2,401756882,2306,349
2025-09-06,2025-09-06T23:00Z,South Carolina,SEC,South Carolina State,Other/FCS,38.0,10.0,False,2025,2,401752691,2579,2569
2025-09-06,2025-09-07T03:59Z,Hawai'i,Mountain West,Sam Houston,CUSA,37.0,20.0,False,2025,2,401757230,62,2534
2025-09-06,2025-09-06T23:00Z,UCF,Big 12,North Carolina A&T,Other/FCS,68.0,7.0,False,2025,2,401756886,2116,2448
2025-09-06,2025-09-06T23:00Z,Rice,American,Houston,Big 12,9.0,35.0,False,2025,2,401756884,242,248
2025-09-06,2025-09-07T00:00Z,Louisiana,Sun Belt,McNeese,Other/FCS,34.0,10.0,False,2025,2,401761600,309,2377
2025-09-06,2025-09-06T23:00Z,Eastern Michigan,MAC,Long Island University,Other/FCS,23.0,28.0,False,2025,2,401762795,2199,2341
2025-09-06,2025-09-06T23:30Z,Auburn,SEC,Ball State,MAC,42.0,3.0,False,2025,2,401752683,2,2050
2025-09-06,2025-09-06T23:30Z,Virginia Tech,ACC,Vanderbilt,SEC,20.0,44.0,False,2025,2,401752695,259,238
2025-09-06,2025-09-06T23:30Z,Nebraska,Big Ten,Akron,MAC,68.0,0.0,False,2025,2,401752810,158,2006
2025-09-06,2025-09-06T23:30Z,USC,Big Ten,Georgia Southern,Sun Belt,59.0,20.0,False,2025,2,401752814,30,290
2025-09-06,2025-09-06T23:30Z,Michigan State,Big Ten,Boston College,ACC,42.0,40.0,False,2025,2,401752816,127,103
2025-09-06,2025-09-06T23:30Z,Purdue,Big Ten,Southern Illinois,Other/FCS,34.0,17.0,False,2025,2,401752819,2509,79
2025-09-06,2025-09-06T23:30Z,Coastal Carolina,Sun Belt,Charleston Southern,Other/FCS,13.0,0.0,False,2025,2,401761597,324,2127
2025-09-06,2025-09-07T00:00Z,UNLV,Mountain West,UCLA,Big Ten,30.0,23.0,False,2025,2,401752823,2439,26
2025-09-06,2025-09-07T01:00Z,UTEP,CUSA,UT Martin,Other/FCS,42.0,17.0,False,2025,2,401757231,2638,2630
2025-09-06,2025-09-07T02:00Z,Arizona,Big 12,Weber State,Other/FCS,48.0,3.0,False,2025,2,401756879,12,2692
2025-09-06,2025-09-07T02:15Z,Washington State,Pac-12,San Diego State,Mountain West,36.0,13.0,False,2025,2,401752948,265,21
2025-09-06,2025-09-07T02:15Z,BYU,Big 12,Stanford,ACC,27.0,3.0,False,2025,2,401754526,252,24
2025-09-06,2025-09-07T03:00Z,Washington,Big Ten,UC Davis,Other/FCS,70.0,10.0,False,2025,2,401752821,264,302
2025-09-06,2025-09-06T23:00Z,South Alabama,Sun Belt,Tulane,American,31.0,33.0,False,2025,2,401761601,6,2655
2025-09-06,2025-09-06T20:00Z,Ohio,MAC,West Virginia,Big 12,17.0,10.0,False,2025,2,401756883,195,277
2025-09-06,2025-09-07T01:00Z,New Mexico State,CUSA,Tulsa,American,21.0,14.0,False,2025,2,401757229,166,202
2025-09-11,2025-09-11T23:30Z,Wake Forest,ACC,NC State,ACC,24.0,34.0,False,2025,3,401754531,154,152
2025-09-12,2025-09-12T22:30Z,Indiana,Big Ten,Indiana State,Other/FCS,73.0,0.0,False,2025,3,401752836,84,282
2025-09-12,2025-09-13T01:00Z,Arizona,Big 12,Kansas State,Big 12,23.0,17.0,False,2025,3,401756888,12,2306
2025-09-12,2025-09-12T23:30Z,Houston,Big 12,Colorado,Big 12,36.0,20.0,False,2025,3,401756893,248,38
2025-09-12,2025-09-12T23:00Z,Syracuse,ACC,Colgate,Other/FCS,66.0,24.0,False,2025,3,401754532,183,2142
2025-09-12,2025-09-13T02:00Z,UCLA,Big Ten,New Mexico,Mountain West,10.0,35.0,False,2025,3,401752837,26,167
2025-09-13,2025-09-13T19:30Z,Tennessee,SEC,Georgia,SEC,41.0,44.0,False,2025,3,401752705,2633,61
2025-09-13,2025-09-13T23:45Z,South Carolina,SEC,Vanderbilt,SEC,7.0,31.0,False,2025,3,401752704,2579,238
2025-09-13,2025-09-13T16:00Z,Michigan,Big Ten,Central Michigan,MAC,63.0,3.0,False,2025,3,401752839,130,2117
2025-09-13,2025-09-13T19:30Z,West Virginia,Big 12,Pittsburgh,ACC,31.0,24.0,False,2025,3,401754638,277,221
2025-09-13,2025-09-13T20:15Z,Texas,SEC,UTEP,CUSA,27.0,10.0,False,2025,3,401752706,251,2638
2025-09-13,2025-09-13T23:30Z,Notre Dame,FBS Indep.,Texas A&M,SEC,40.0,41.0,False,2025,3,401752707,87,245
2025-09-13,2025-09-14T03:59Z,Hawai'i,Mountain West,Portland State,Other/FCS,23.0,3.0,False,2025,3,401760370,62,2502
2025-09-13,2025-09-13T16:00Z,Georgia Tech,ACC,Clemson,ACC,24.0,21.0,False,2025,3,401754623,59,228
2025-09-13,2025-09-14T00:00Z,Wyoming,Mountain West,Utah,Big 12,6.0,31.0,False,2025,3,401756895,2751,254
2025-09-13,2025-09-13T16:00Z,Temple,American,Oklahoma,SEC,3.0,42.0,False,2025,3,401752703,218,201
2025-09-13,2025-09-13T23:00Z,Ole Miss,SEC,Arkansas,SEC,41.0,35.0,False,2025,3,401752700,145,8
2025-09-13,2025-09-13T16:00Z,Alabama,SEC,Wisconsin,Big Ten,38.0,14.0,False,2025,3,401752696,333,275
2025-09-13,2025-09-13T19:30Z,Texas Tech,Big 12,Oregon State,Pac-12,45.0,14.0,False,2025,3,401752938,2641,204
2025-09-13,2025-09-13T23:00Z,Illinois,Big Ten,Western Michigan,MAC,38.0,0.0,False,2025,3,401752829,356,2711
2025-09-13,2025-09-13T19:30Z,Michigan State,Big Ten,Youngstown State,Other/FCS,41.0,24.0,False,2025,3,401752834,127,2754
2025-09-13,2025-09-13T19:30Z,Missouri State,CUSA,SMU,ACC,10.0,28.0,False,2025,3,401754615,2623,2567
2025-09-13,2025-09-13T16:00Z,Virginia,ACC,William & Mary,Other/FCS,55.0,16.0,False,2025,3,401754619,258,2729
2025-09-13,2025-09-13T16:00Z,Baylor,Big 12,Samford,Other/FCS,42.0,7.0,False,2025,3,401756891,239,2535
2025-09-13,2025-09-13T16:00Z,Troy,Sun Belt,Memphis,American,7.0,28.0,False,2025,3,401761608,2653,235
2025-09-13,2025-09-13T16:00Z,Kent State,MAC,Buffalo,MAC,28.0,31.0,False,2025,3,401762817,2309,2084
2025-09-13,2025-09-13T18:00Z,Ball State,MAC,New Hampshire,Other/FCS,34.0,29.0,False,2025,3,401762818,2050,160
2025-09-13,2025-09-13T19:30Z,North Carolina,ACC,Richmond,Other/FCS,41.0,6.0,False,2025,3,401754639,153,257
2025-09-13,2025-09-13T19:30Z,Rutgers,Big Ten,Norfolk State,Other/FCS,60.0,10.0,False,2025,3,401752833,164,2450
2025-09-13,2025-09-13T20:30Z,Miami,ACC,South Florida,American,49.0,12.0,False,2025,3,401754535,2390,58
2025-09-13,2025-09-13T19:30Z,North Texas,American,Washington State,Pac-12,59.0,10.0,False,2025,3,401752949,249,265
2025-09-13,2025-09-13T23:30Z,Iowa,Big Ten,Massachusetts,MAC,47.0,7.0,False,2025,3,401752830,2294,113
2025-09-13,2025-09-13T17:00Z,Missouri,SEC,Louisiana,Sun Belt,52.0,10.0,False,2025,3,401752702,142,309
2025-09-13,2025-09-13T19:30Z,Cincinnati,Big 12,Northwestern State,Other/FCS,70.0,0.0,False,2025,3,401756892,2132,2466
2025-09-13,2025-09-13T16:00Z,Nebraska,Big Ten,Houston Christian,Other/FCS,59.0,7.0,False,2025,3,401752828,158,2277
2025-09-13,2025-09-13T16:45Z,Auburn,SEC,South Alabama,Sun Belt,31.0,15.0,False,2025,3,401752697,2,6
2025-09-13,2025-09-13T16:00Z,Maryland,Big Ten,Towson,Other/FCS,44.0,17.0,False,2025,3,401752838,120,119
2025-09-13,2025-09-13T20:00Z,Arkansas State,Sun Belt,Iowa State,Big 12,16.0,24.0,False,2025,3,401756890,2032,66
2025-09-13,2025-09-13T22:00Z,Charlotte,American,Monmouth,Other/FCS,42.0,35.0,False,2025,3,401762464,2429,2405
2025-09-13,2025-09-13T19:30Z,UTSA,American,Incarnate Word,Other/FCS,48.0,20.0,False,2025,3,401762467,2636,2916
2025-09-13,2025-09-13T23:00Z,Georgia Southern,Sun Belt,Jacksonville State,CUSA,41.0,34.0,False,2025,3,401757234,290,55
2025-09-13,2025-09-13T23:00Z,Virginia Tech,ACC,Old Dominion,Sun Belt,26.0,45.0,False,2025,3,401754536,259,295
2025-09-13,2025-09-13T22:45Z,Purdue,Big Ten,USC,Big Ten,17.0,33.0,False,2025,3,401752832,2509,30
2025-09-13,2025-09-13T22:00Z,Marshall,Sun Belt,Eastern Kentucky,Other/FCS,38.0,7.0,False,2025,3,401761606,276,2198
2025-09-13,2025-09-13T22:00Z,Kennesaw State,CUSA,Merrimack,Other/FCS,27.0,13.0,False,2025,3,401757235,338,2771
2025-09-13,2025-09-13T21:00Z,Nevada,Mountain West,Middle Tennessee,CUSA,13.0,14.0,False,2025,3,401757258,2440,2393
2025-09-13,2025-09-13T19:30Z,Penn State,Big Ten,Villanova,Other/FCS,52.0,6.0,False,2025,3,401752835,213,222
2025-09-13,2025-09-13T21:00Z,Bowling Green,MAC,Liberty,CUSA,23.0,13.0,False,2025,3,401757256,189,2335
2025-09-13,2025-09-13T16:00Z,Northwestern,Big Ten,Oregon,Big Ten,14.0,34.0,False,2025,3,401752831,77,2483
2025-09-13,2025-09-13T19:00Z,Delaware,CUSA,UConn,FBS Indep.,44.0,41.0,False,2025,3,401757168,48,41
2025-09-13,2025-09-13T23:00Z,Ohio State,Big Ten,Ohio,MAC,37.0,9.0,False,2025,3,401752827,194,195
2025-09-13,2025-09-13T22:00Z,Mississippi State,SEC,Alcorn State,Other/FCS,63.0,0.0,False,2025,3,401752701,344,2016
2025-09-13,2025-09-13T23:00Z,Southern Miss,Sun Belt,App State,Sun Belt,38.0,22.0,False,2025,3,401761607,2572,2026
2025-09-13,2025-09-13T23:00Z,Georgia State,Sun Belt,Murray State,Other/FCS,37.0,21.0,False,2025,3,401761605,2247,93
2025-09-13,2025-09-14T02:00Z,Fresno State,Mountain West,Southern,Other/FCS,56.0,7.0,False,2025,3,401760369,278,2582
2025-09-13,2025-09-13T23:30Z,Louisiana Tech,CUSA,New Mexico State,CUSA,49.0,14.0,False,2025,3,401757257,2348,166
2025-09-13,2025-09-13T23:30Z,Coastal Carolina,Sun Belt,East Carolina,American,0.0,38.0,False,2025,3,401761604,324,151
2025-09-13,2025-09-14T00:00Z,Tulane,American,Duke,ACC,34.0,27.0,False,2025,3,401754534,2655,150
2025-09-13,2025-09-14T00:00Z,TCU,Big 12,Abilene Christian,Other/FCS,42.0,21.0,False,2025,3,401756894,2628,2000
2025-09-13,2025-09-14T00:00Z,Tulsa,American,Navy,American,23.0,42.0,False,2025,3,401762465,202,2426
2025-09-13,2025-09-14T00:30Z,Florida International,CUSA,Florida Atlantic,American,38.0,28.0,False,2025,3,401757233,2229,2226
2025-09-13,2025-09-14T00:30Z,UAB,American,Akron,MAC,31.0,28.0,False,2025,3,401762463,5,2006
2025-09-13,2025-09-14T01:45Z,Utah State,Mountain West,Air Force,Mountain West,49.0,30.0,False,2025,3,401760368,328,2005
2025-09-13,2025-09-13T23:30Z,LSU,SEC,Florida,SEC,20.0,10.0,False,2025,3,401752699,99,57
2025-09-13,2025-09-14T02:30Z,California,ACC,Minnesota,Big Ten,27.0,14.0,False,2025,3,401752840,25,135
2025-09-13,2025-09-14T02:30Z,Stanford,ACC,Boston College,ACC,30.0,20.0,False,2025,3,401754533,24,103
2025-09-13,2025-09-13T23:00Z,Rice,American,Prairie View A&M,Other/FCS,38.0,17.0,False,2025,3,401762466,242,2504
2025-09-13,2025-09-14T02:30Z,Arizona State,Big 12,Texas State,Sun Belt,34.0,15.0,False,2025,3,401756889,9,326
2025-09-13,2025-09-13T23:30Z,Kentucky,SEC,Eastern Michigan,MAC,48.0,23.0,False,2025,3,401752698,96,2199
2025-09-13,2025-09-13T19:30Z,Toledo,MAC,Morgan State,Other/FCS,60.0,0.0,False,2025,3,401762819,2649,2415
2025-09-18,2025-09-18T23:30Z,Charlotte,American,Rice,American,17.0,28.0,False,2025,4,401762468,2429,242
2025-09-19,2025-09-19T23:30Z,Oklahoma State,Big 12,Tulsa,American,12.0,19.0,False,2025,4,401756900,197,202
2025-09-19,2025-09-20T00:00Z,Rutgers,Big Ten,Iowa,Big Ten,28.0,38.0,False,2025,4,401752844,164,2294
2025-09-20,2025-09-20T16:00Z,Virginia Tech,ACC,Wofford,Other/FCS,38.0,6.0,False,2025,4,401754617,259,2747
2025-09-20,2025-09-20T19:00Z,Oregon,Big Ten,Oregon State,Pac-12,41.0,7.0,False,2025,4,401752841,2483,204
2025-09-20,2025-09-21T00:00Z,Texas,SEC,Sam Houston,CUSA,55.0,0.0,False,2025,4,401752723,251,2534
2025-09-20,2025-09-20T23:30Z,Indiana,Big Ten,Illinois,Big Ten,63.0,10.0,False,2025,4,401752843,84,356
2025-09-20,2025-09-20T19:30Z,Oklahoma,SEC,Auburn,SEC,24.0,17.0,False,2025,4,401752714,201,2
2025-09-20,2025-09-20T19:30Z,Ole Miss,SEC,Tulane,American,45.0,10.0,False,2025,4,401752711,145,2655
2025-09-20,2025-09-20T16:45Z,Tennessee,SEC,UAB,American,56.0,24.0,False,2025,4,401752715,2633,5
2025-09-20,2025-09-20T21:05Z,Georgia Tech,ACC,Temple,American,45.0,24.0,False,2025,4,401754542,59,218
2025-09-20,2025-09-20T19:30Z,Eastern Michigan,MAC,Louisiana,Sun Belt,34.0,31.0,False,2025,4,401761610,2199,309
2025-09-20,2025-09-20T23:30Z,Vanderbilt,SEC,Georgia State,Sun Belt,70.0,21.0,False,2025,4,401752716,238,2247
2025-09-20,2025-09-20T19:30Z,Notre Dame,FBS Indep.,Purdue,Big Ten,56.0,30.0,False,2025,4,401752848,87,2509
2025-09-20,2025-09-21T03:00Z,USC,Big Ten,Michigan State,Big Ten,45.0,31.0,False,2025,4,401752847,30,127
2025-09-20,2025-09-20T16:00Z,Memphis,American,Arkansas,SEC,32.0,31.0,False,2025,4,401752708,235,8
2025-09-20,2025-09-20T16:00Z,Utah,Big 12,Texas Tech,Big 12,10.0,34.0,False,2025,4,401756901,254,2641
2025-09-20,2025-09-20T16:00Z,Clemson,ACC,Syracuse,ACC,21.0,34.0,False,2025,4,401754537,228,183
2025-09-20,2025-09-20T23:30Z,Miami,ACC,Florida,SEC,26.0,7.0,False,2025,4,401752709,2390,57
2025-09-20,2025-09-20T16:00Z,Wisconsin,Big Ten,Maryland,Big Ten,10.0,27.0,False,2025,4,401752845,275,120
2025-09-20,2025-09-20T19:30Z,UConn,FBS Indep.,Ball State,MAC,31.0,25.0,False,2025,4,401757169,41,2050
2025-09-20,2025-09-21T03:59Z,Hawai'i,Mountain West,Fresno State,Mountain West,21.0,23.0,False,2025,4,401760374,62,278
2025-09-20,2025-09-20T23:00Z,Missouri,SEC,South Carolina,SEC,29.0,20.0,False,2025,4,401752713,142,2579
2025-09-20,2025-09-20T17:00Z,Central Michigan,MAC,Wagner,Other/FCS,49.0,10.0,False,2025,4,401762822,2117,2681
2025-09-20,2025-09-20T19:30Z,UCF,Big 12,North Carolina,ACC,34.0,9.0,False,2025,4,401754640,2116,153
2025-09-20,2025-09-20T16:00Z,Army,American,North Texas,American,38.0,45.0,False,2025,4,401762469,349,249
2025-09-20,2025-09-20T16:00Z,Miami (OH),MAC,UNLV,Mountain West,38.0,41.0,False,2025,4,401760376,193,2439
2025-09-20,2025-09-20T16:00Z,Louisville,ACC,Bowling Green,MAC,40.0,17.0,False,2025,4,401754642,97,189
2025-09-20,2025-09-20T16:00Z,TCU,Big 12,SMU,ACC,35.0,24.0,False,2025,4,401754636,2628,2567
2025-09-20,2025-09-20T16:00Z,South Florida,American,South Carolina State,Other/FCS,63.0,14.0,False,2025,4,401762470,58,2569
2025-09-20,2025-09-20T19:30Z,Florida State,ACC,Kent State,MAC,66.0,10.0,False,2025,4,401754541,52,2309
2025-09-20,2025-09-20T23:45Z,LSU,SEC,SE Louisiana,Other/FCS,56.0,10.0,False,2025,4,401752710,99,2545
2025-09-20,2025-09-20T19:30Z,Liberty,CUSA,James Madison,Sun Belt,13.0,31.0,False,2025,4,401757262,2335,256
2025-09-20,2025-09-21T02:30Z,San Diego State,Mountain West,California,ACC,34.0,0.0,False,2025,4,401754540,21,25
2025-09-20,2025-09-20T19:30Z,Ohio,MAC,Gardner-Webb,Other/FCS,52.0,35.0,False,2025,4,401762823,195,2241
2025-09-20,2025-09-20T20:15Z,Mississippi State,SEC,Northern Illinois,MAC,38.0,10.0,False,2025,4,401752712,344,2459
2025-09-20,2025-09-20T21:00Z,San José State,Mountain West,Idaho,Other/FCS,31.0,28.0,False,2025,4,401760375,23,70
2025-09-20,2025-09-20T22:00Z,Kansas,Big 12,West Virginia,Big 12,41.0,10.0,False,2025,4,401756899,2305,277
2025-09-20,2025-09-20T22:00Z,Florida International,CUSA,Delaware,CUSA,16.0,38.0,False,2025,4,401757259,2229,48
2025-09-20,2025-09-20T22:00Z,Kennesaw State,CUSA,Arkansas State,Sun Belt,28.0,21.0,False,2025,4,401757261,338,2032
2025-09-20,2025-09-20T23:00Z,Jacksonville State,CUSA,Murray State,Other/FCS,45.0,10.0,False,2025,4,401757260,55,93
2025-09-20,2025-09-20T23:00Z,Middle Tennessee,CUSA,Marshall,Sun Belt,28.0,42.0,False,2025,4,401757264,2393,276
2025-09-20,2025-09-20T23:00Z,Missouri State,CUSA,UT Martin,Other/FCS,42.0,10.0,False,2025,4,401757265,2623,2630
2025-09-20,2025-09-20T23:00Z,Western Kentucky,CUSA,Nevada,Mountain West,31.0,16.0,False,2025,4,401757268,98,2440
2025-09-20,2025-09-21T02:25Z,Colorado,Big 12,Wyoming,Mountain West,37.0,20.0,False,2025,4,401756897,38,2751
2025-09-20,2025-09-20T23:00Z,Air Force,Mountain West,Boise State,Mountain West,37.0,49.0,False,2025,4,401760372,2005,68
2025-09-20,2025-09-20T22:00Z,Akron,MAC,Duquesne,Other/FCS,51.0,7.0,False,2025,4,401762821,2006,2184
2025-09-20,2025-09-20T20:00Z,Duke,ACC,NC State,ACC,45.0,33.0,False,2025,4,401754538,150,152
2025-09-20,2025-09-20T19:30Z,Nebraska,Big Ten,Michigan,Big Ten,27.0,30.0,False,2025,4,401752846,158,130
2025-09-20,2025-09-20T23:00Z,Georgia Southern,Sun Belt,Maine,Other/FCS,45.0,17.0,False,2025,4,401761609,290,311
2025-09-20,2025-09-20T19:30Z,Western Michigan,MAC,Toledo,MAC,14.0,13.0,False,2025,4,401762820,2711,2649
2025-09-20,2025-09-21T01:30Z,Colorado State,Mountain West,UTSA,American,16.0,17.0,False,2025,4,401760373,36,2636
2025-09-20,2025-09-21T01:00Z,UTEP,CUSA,UL Monroe,Sun Belt,25.0,31.0,False,2025,4,401757267,2638,2433
2025-09-20,2025-09-21T00:00Z,Texas State,Sun Belt,Nicholls,Other/FCS,35.0,3.0,False,2025,4,401761612,326,2447
2025-09-20,2025-09-20T19:30Z,Buffalo,MAC,Troy,Sun Belt,17.0,21.0,False,2025,4,401761613,2084,2653
2025-09-20,2025-09-20T23:30Z,Louisiana Tech,CUSA,Southern Miss,Sun Belt,30.0,20.0,False,2025,4,401757263,2348,2572
2025-09-20,2025-09-20T23:30Z,East Carolina,American,BYU,Big 12,13.0,34.0,False,2025,4,401756898,151,252
2025-09-20,2025-09-20T23:30Z,Baylor,Big 12,Arizona State,Big 12,24.0,27.0,False,2025,4,401756896,239,9
2025-09-20,2025-09-20T23:30Z,Virginia,ACC,Stanford,ACC,48.0,20.0,False,2025,4,401754539,258,24
2025-09-20,2025-09-21T00:00Z,Utah State,Mountain West,McNeese,Other/FCS,48.0,7.0,False,2025,4,401760377,328,2377
2025-09-20,2025-09-20T23:30Z,Washington State,Pac-12,Washington,Big Ten,24.0,59.0,False,2025,4,401752842,265,264
2025-09-20,2025-09-20T23:00Z,South Alabama,Sun Belt,Coastal Carolina,Sun Belt,20.0,38.0,False,2025,4,401761611,6,324
2025-09-25,2025-09-25T23:30Z,East Carolina,American,Army,American,28.0,6.0,False,2025,5,401762471,151,349
2025-09-26,2025-09-27T01:00Z,Arizona State,Big 12,TCU,Big 12,27.0,24.0,False,2025,5,401756902,9,2628
2025-09-26,2025-09-27T02:35Z,Oregon State,Pac-12,Houston,Big 12,24.0,27.0,False,2025,5,401752939,204,248
2025-09-26,2025-09-26T23:00Z,Virginia,ACC,Florida State,ACC,46.0,38.0,False,2025,5,401754543,258,52
2025-09-27,2025-09-27T23:00Z,Florida Atlantic,American,Memphis,American,26.0,55.0,False,2025,5,401762472,2226,235
2025-09-27,2025-09-27T23:30Z,Colorado State,Mountain West,Washington State,Pac-12,3.0,20.0,False,2025,5,401752950,36,265
2025-09-27,2025-09-27T23:30Z,Stanford,ACC,San José State,Mountain West,30.0,29.0,False,2025,5,401754549,24,23
2025-09-27,2025-09-27T23:45Z,South Carolina,SEC,Kentucky,SEC,35.0,13.0,False,2025,5,401752722,2579,96
2025-09-27,2025-09-28T00:00Z,Louisiana,Sun Belt,Marshall,Sun Belt,54.0,51.0,False,2025,5,401761615,309,276
2025-09-27,2025-09-27T16:00Z,Illinois,Big Ten,USC,Big Ten,34.0,32.0,False,2025,5,401752850,356,30
2025-09-27,2025-09-27T23:30Z,Boise State,Mountain West,App State,Sun Belt,47.0,14.0,False,2025,5,401760379,68,2026
2025-09-27,2025-09-27T19:30Z,Oklahoma State,Big 12,Baylor,Big 12,27.0,45.0,False,2025,5,401756907,197,239
2025-09-27,2025-09-27T16:00Z,Kansas,Big 12,Cincinnati,Big 12,34.0,37.0,False,2025,5,401756905,2305,2132
2025-09-27,2025-09-27T19:30Z,Toledo,MAC,Akron,MAC,45.0,3.0,False,2025,5,401762824,2649,2006
2025-09-27,2025-09-27T22:00Z,Kennesaw State,CUSA,Middle Tennessee,CUSA,24.0,16.0,False,2025,5,401757270,338,2393
2025-09-27,2025-09-27T23:00Z,NC State,ACC,Virginia Tech,ACC,21.0,23.0,False,2025,5,401754548,152,259
2025-09-27,2025-09-27T20:00Z,Air Force,Mountain West,Hawai'i,Mountain West,35.0,44.0,False,2025,5,401760378,2005,62
2025-09-27,2025-09-27T20:00Z,New Mexico,Mountain West,New Mexico State,CUSA,38.0,20.0,False,2025,5,401757274,167,166
2025-09-27,2025-09-27T19:30Z,Miami (OH),MAC,Lindenwood,Other/FCS,38.0,0.0,False,2025,5,401762827,193,2815
2025-09-27,2025-09-27T19:30Z,Navy,American,Rice,American,21.0,13.0,False,2025,5,401762473,2426,242
2025-09-27,2025-09-27T19:30Z,Northern Illinois,MAC,San Diego State,Mountain West,3.0,6.0,False,2025,5,401760380,2459,21
2025-09-27,2025-09-27T19:30Z,Buffalo,MAC,UConn,FBS Indep.,17.0,20.0,False,2025,5,401757170,2084,41
2025-09-27,2025-09-27T23:30Z,Penn State,Big Ten,Oregon,Big Ten,24.0,30.0,False,2025,5,401752854,213,2483
2025-09-27,2025-09-27T23:00Z,Missouri State,CUSA,Western Kentucky,CUSA,22.0,27.0,False,2025,5,401757273,2623,98
2025-09-27,2025-09-27T22:00Z,Old Dominion,Sun Belt,Liberty,CUSA,21.0,7.0,False,2025,5,401757271,295,2335
2025-09-27,2025-09-27T19:30Z,Washington,Big Ten,Ohio State,Big Ten,6.0,24.0,False,2025,5,401752852,264,194
2025-09-27,2025-09-27T20:00Z,Tulsa,American,Tulane,American,14.0,31.0,False,2025,5,401762474,202,2655
2025-09-27,2025-09-27T19:30Z,West Virginia,Big 12,Utah,Big 12,14.0,48.0,False,2025,5,401756908,277,254
2025-09-27,2025-09-27T23:00Z,Southern Miss,Sun Belt,Jacksonville State,CUSA,42.0,25.0,False,2025,5,401757269,2572,55
2025-09-27,2025-09-27T16:00Z,Arkansas,SEC,Notre Dame,FBS Indep.,13.0,56.0,False,2025,5,401752717,8,87
2025-09-27,2025-09-27T16:00Z,Pittsburgh,ACC,Louisville,ACC,27.0,34.0,False,2025,5,401754547,221,97
2025-09-27,2025-09-27T22:30Z,Western Michigan,MAC,Rhode Island,Other/FCS,47.0,14.0,False,2025,5,401762828,2711,227
2025-09-27,2025-09-27T16:00Z,Kansas State,Big 12,UCF,Big 12,34.0,20.0,False,2025,5,401756906,2306,2116
2025-09-27,2025-09-27T16:00Z,North Texas,American,South Alabama,Sun Belt,36.0,22.0,False,2025,5,401761617,249,6
2025-09-27,2025-09-27T16:00Z,Syracuse,ACC,Duke,ACC,3.0,38.0,False,2025,5,401754545,183,150
2025-09-27,2025-09-27T17:00Z,Central Michigan,MAC,Eastern Michigan,MAC,24.0,13.0,False,2025,5,401762826,2117,2199
2025-09-27,2025-09-27T17:30Z,James Madison,Sun Belt,Georgia Southern,Sun Belt,35.0,10.0,False,2025,5,401761614,256,290
2025-09-27,2025-09-27T19:00Z,UL Monroe,Sun Belt,Arkansas State,Sun Belt,28.0,16.0,False,2025,5,401761616,2433,2032
2025-09-27,2025-09-27T16:00Z,Ohio,MAC,Bowling Green,MAC,35.0,20.0,False,2025,5,401762825,195,189
2025-09-27,2025-09-27T19:30Z,Boston College,ACC,California,ACC,24.0,28.0,False,2025,5,401754544,103,25
2025-09-27,2025-09-28T01:00Z,UTEP,CUSA,Louisiana Tech,CUSA,11.0,30.0,False,2025,5,401757272,2638,2348
2025-09-27,2025-09-27T19:30Z,Iowa,Big Ten,Indiana,Big Ten,15.0,20.0,False,2025,5,401752853,2294,84
2025-09-27,2025-09-27T23:30Z,Missouri,SEC,Massachusetts,MAC,42.0,6.0,False,2025,5,401752721,142,113
2025-09-27,2025-09-27T16:45Z,Vanderbilt,SEC,Utah State,Mountain West,55.0,35.0,False,2025,5,401752725,238,328
2025-09-27,2025-09-27T16:00Z,Wake Forest,ACC,Georgia Tech,ACC,29.0,30.0,False,2025,5,401754546,154,59
2025-09-27,2025-09-27T20:15Z,Mississippi State,SEC,Tennessee,SEC,34.0,41.0,False,2025,5,401752720,344,2633
2025-09-27,2025-09-27T23:00Z,Iowa State,Big 12,Arizona,Big 12,39.0,14.0,False,2025,5,401756904,66,12
2025-09-27,2025-09-27T19:30Z,Texas A&M,SEC,Auburn,SEC,16.0,10.0,False,2025,5,401752724,245,2
2025-09-27,2025-09-27T23:30Z,Georgia,SEC,Alabama,SEC,21.0,24.0,False,2025,5,401752718,61,333
2025-09-27,2025-09-27T19:30Z,Ole Miss,SEC,LSU,SEC,24.0,19.0,False,2025,5,401752719,145,99
2025-09-27,2025-09-27T16:00Z,Minnesota,Big Ten,Rutgers,Big Ten,31.0,28.0,False,2025,5,401752849,135,164
2025-09-27,2025-09-28T02:15Z,Colorado,Big 12,BYU,Big 12,21.0,24.0,False,2025,5,401756903,38,252
2025-09-27,2025-09-27T19:30Z,Northwestern,Big Ten,UCLA,Big Ten,17.0,14.0,False,2025,5,401752851,77,26
2025-10-02,2025-10-03T01:00Z,New Mexico State,CUSA,Sam Houston,CUSA,37.0,10.0,False,2025,6,401757275,166,2534
2025-10-03,2025-10-04T02:00Z,San José State,Mountain West,New Mexico,Mountain West,35.0,28.0,False,2025,6,401760384,23,167
2025-10-03,2025-10-03T23:00Z,South Florida,American,Charlotte,American,54.0,26.0,False,2025,6,401762475,58,2429
2025-10-03,2025-10-04T02:30Z,San Diego State,Mountain West,Colorado State,Mountain West,45.0,24.0,False,2025,6,401760382,21,36
2025-10-03,2025-10-04T02:30Z,BYU,Big 12,West Virginia,Big 12,38.0,24.0,False,2025,6,401756909,252,277
2025-10-03,2025-10-03T23:00Z,Delaware,CUSA,Western Kentucky,CUSA,24.0,27.0,False,2025,6,401757276,48,98
2025-10-04,2025-10-04T18:00Z,NC State,ACC,Campbell,Other/FCS,56.0,10.0,False,2025,6,401754557,152,2097
2025-10-04,2025-10-04T23:30Z,Texas A&M,SEC,Mississippi State,SEC,31.0,9.0,False,2025,6,401752730,245,344
2025-10-04,2025-10-04T19:30Z,UCLA,Big Ten,Penn State,Big Ten,42.0,37.0,False,2025,6,401752855,26,213
2025-10-04,2025-10-04T19:30Z,Florida,SEC,Texas,SEC,29.0,21.0,False,2025,6,401752727,57,251
2025-10-04,2025-10-04T23:00Z,Houston,Big 12,Texas Tech,Big 12,11.0,35.0,False,2025,6,401756913,248,2641
2025-10-04,2025-10-04T16:00Z,Georgia,SEC,Kentucky,SEC,35.0,14.0,False,2025,6,401752728,61,96
2025-10-04,2025-10-04T16:00Z,Michigan,Big Ten,Wisconsin,Big Ten,24.0,10.0,False,2025,6,401752856,130,275
2025-10-04,2025-10-04T23:30Z,Ohio State,Big Ten,Minnesota,Big Ten,42.0,3.0,False,2025,6,401752859,194,135
2025-10-04,2025-10-04T16:00Z,Purdue,Big Ten,Illinois,Big Ten,27.0,43.0,False,2025,6,401752861,2509,356
2025-10-04,2025-10-04T20:00Z,Oklahoma,SEC,Kent State,MAC,44.0,0.0,False,2025,6,401752729,201,2309
2025-10-04,2025-10-04T23:30Z,Florida State,ACC,Miami,ACC,22.0,28.0,False,2025,6,401754553,52,2390
2025-10-04,2025-10-04T16:00Z,North Carolina,ACC,Clemson,ACC,10.0,38.0,False,2025,6,401754552,153,228
2025-10-04,2025-10-04T16:00Z,Baylor,Big 12,Kansas State,Big 12,35.0,34.0,False,2025,6,401756911,239,2306
2025-10-04,2025-10-04T16:00Z,Navy,American,Air Force,Mountain West,34.0,31.0,False,2025,6,401760381,2426,2005
2025-10-04,2025-10-04T16:00Z,UAB,American,Army,American,13.0,31.0,False,2025,6,401762476,5,349
2025-10-04,2025-10-04T16:00Z,Ball State,MAC,Ohio,MAC,20.0,14.0,False,2025,6,401762830,2050,195
2025-10-04,2025-10-04T17:00Z,Temple,American,UTSA,American,27.0,21.0,False,2025,6,401762479,218,2636
2025-10-04,2025-10-04T17:00Z,Virginia Tech,ACC,Wake Forest,ACC,23.0,30.0,False,2025,6,401754556,259,154
2025-10-04,2025-10-04T19:30Z,Louisville,ACC,Virginia,ACC,27.0,30.0,False,2025,6,401754554,97,258
2025-10-04,2025-10-04T18:30Z,Massachusetts,MAC,Western Michigan,MAC,3.0,21.0,False,2025,6,401762832,113,2711
2025-10-04,2025-10-04T16:00Z,Pittsburgh,ACC,Boston College,ACC,48.0,7.0,False,2025,6,401754550,221,103
2025-10-04,2025-10-04T19:30Z,Notre Dame,FBS Indep.,Boise State,Mountain West,28.0,7.0,False,2025,6,401757165,87,68
2025-10-04,2025-10-04T16:00Z,Cincinnati,Big 12,Iowa State,Big 12,38.0,30.0,False,2025,6,401756912,2132,66
2025-10-04,2025-10-04T19:30Z,Alabama,SEC,Vanderbilt,SEC,30.0,14.0,False,2025,6,401752726,333,238
2025-10-04,2025-10-04T19:30Z,Northwestern,Big Ten,UL Monroe,Sun Belt,42.0,7.0,False,2025,6,401752858,77,2433
2025-10-04,2025-10-04T19:30Z,SMU,ACC,Syracuse,ACC,31.0,18.0,False,2025,6,401754555,2567,183
2025-10-04,2025-10-04T19:30Z,UConn,FBS Indep.,Florida International,CUSA,51.0,10.0,False,2025,6,401757171,41,2229
2025-10-04,2025-10-04T19:30Z,Georgia State,Sun Belt,James Madison,Sun Belt,7.0,14.0,False,2025,6,401761618,2247,256
2025-10-04,2025-10-04T19:30Z,Buffalo,MAC,Eastern Michigan,MAC,31.0,30.0,False,2025,6,401762831,2084,2199
2025-10-04,2025-10-04T19:30Z,Northern Illinois,MAC,Miami (OH),MAC,14.0,25.0,False,2025,6,401762873,2459,193
2025-10-04,2025-10-04T20:00Z,Nebraska,Big Ten,Michigan State,Big Ten,38.0,27.0,False,2025,6,401752860,158,127
2025-10-04,2025-10-04T22:00Z,Old Dominion,Sun Belt,Coastal Carolina,Sun Belt,47.0,7.0,False,2025,6,401761619,295,324
2025-10-04,2025-10-04T23:00Z,Troy,Sun Belt,South Alabama,Sun Belt,31.0,24.0,False,2025,6,401761621,2653,6
2025-10-04,2025-10-04T19:30Z,App State,Sun Belt,Oregon State,Pac-12,27.0,23.0,False,2025,6,401752940,2026,204
2025-10-04,2025-10-04T23:00Z,Rice,American,Florida Atlantic,American,21.0,27.0,False,2025,6,401762477,242,2226
2025-10-04,2025-10-04T23:30Z,TCU,Big 12,Colorado,Big 12,35.0,21.0,False,2025,6,401756914,2628,38
2025-10-04,2025-10-04T23:30Z,UCF,Big 12,Kansas,Big 12,20.0,27.0,False,2025,6,401756915,2116,2305
2025-10-04,2025-10-05T00:00Z,Memphis,American,Tulsa,American,45.0,7.0,False,2025,6,401762478,235,202
2025-10-04,2025-10-05T02:30Z,California,ACC,Duke,ACC,21.0,45.0,False,2025,6,401754551,25,150
2025-10-04,2025-10-05T02:30Z,Fresno State,Mountain West,Nevada,Mountain West,20.0,17.0,False,2025,6,401760383,278,2440
2025-10-04,2025-10-04T20:00Z,Arkansas State,Sun Belt,Texas State,Sun Belt,31.0,30.0,False,2025,6,401761620,2032,326
2025-10-04,2025-10-04T19:30Z,Maryland,Big Ten,Washington,Big Ten,20.0,24.0,False,2025,6,401752857,120,264
2025-10-04,2025-10-04T23:00Z,Wyoming,Mountain West,UNLV,Mountain West,17.0,31.0,False,2025,6,401760385,2751,2439
2025-10-04,2025-10-04T19:00Z,Arizona,Big 12,Oklahoma State,Big 12,41.0,13.0,False,2025,6,401756910,12,197
2025-10-04,2025-10-04T19:30Z,Akron,MAC,Central Michigan,MAC,28.0,22.0,False,2025,6,401762829,2006,2117
2025-10-08,2025-10-09T00:00Z,UTEP,CUSA,Liberty,CUSA,8.0,19.0,False,2025,7,401757277,2638,2335
2025-10-08,2025-10-08T23:30Z,Middle Tennessee,CUSA,Missouri State,CUSA,20.0,22.0,False,2025,7,401757278,2393,2623
2025-10-09,2025-10-09T23:00Z,Kennesaw State,CUSA,Louisiana Tech,CUSA,35.0,7.0,False,2025,7,401757280,338,2348
2025-10-09,2025-10-10T00:00Z,Sam Houston,CUSA,Jacksonville State,CUSA,27.0,29.0,False,2025,7,401757279,2534,55
2025-10-09,2025-10-09T23:30Z,Tulane,American,East Carolina,American,26.0,19.0,False,2025,7,401762480,2655,151
2025-10-09,2025-10-10T00:00Z,Georgia Southern,Sun Belt,Southern Miss,Sun Belt,35.0,38.0,False,2025,7,401761622,290,2572
2025-10-10,2025-10-10T23:30Z,North Texas,American,South Florida,American,36.0,63.0,False,2025,7,401762481,249,58
2025-10-10,2025-10-11T01:00Z,Washington,Big Ten,Rutgers,Big Ten,38.0,19.0,False,2025,7,401752862,264,164
2025-10-10,2025-10-11T01:00Z,Colorado State,Mountain West,Fresno State,Mountain West,49.0,21.0,False,2025,7,401760388,36,278
2025-10-11,2025-10-11T16:00Z,James Madison,Sun Belt,Louisiana,Sun Belt,24.0,14.0,False,2025,7,401761625,256,309
2025-10-11,2025-10-11T23:30Z,Auburn,SEC,Georgia,SEC,10.0,20.0,False,2025,7,401752731,2,61
2025-10-11,2025-10-11T23:00Z,Texas A&M,SEC,Florida,SEC,34.0,17.0,False,2025,7,401752737,245,57
2025-10-11,2025-10-11T19:30Z,Texas,SEC,Oklahoma,SEC,23.0,6.0,True,2025,7,401752736,251,201
2025-10-11,2025-10-11T16:00Z,Missouri,SEC,Alabama,SEC,24.0,27.0,False,2025,7,401752734,142,333
2025-10-11,2025-10-11T23:30Z,Texas Tech,Big 12,Kansas,Big 12,42.0,17.0,False,2025,7,401756921,2641,2305
2025-10-11,2025-10-11T16:00Z,Illinois,Big Ten,Ohio State,Big Ten,16.0,34.0,False,2025,7,401752865,356,194
2025-10-11,2025-10-11T23:45Z,LSU,SEC,South Carolina,SEC,20.0,10.0,False,2025,7,401752732,99,2579
2025-10-11,2025-10-11T20:15Z,Tennessee,SEC,Arkansas,SEC,34.0,31.0,False,2025,7,401752735,2633,8
2025-10-11,2025-10-11T19:30Z,Notre Dame,FBS Indep.,NC State,ACC,36.0,7.0,False,2025,7,401754562,87,152
2025-10-11,2025-10-11T16:00Z,Cincinnati,Big 12,UCF,Big 12,20.0,11.0,False,2025,7,401756917,2132,2116
2025-10-11,2025-10-11T16:00Z,SMU,ACC,Stanford,ACC,34.0,10.0,False,2025,7,401754561,2567,24
2025-10-11,2025-10-11T16:00Z,Oklahoma State,Big 12,Houston,Big 12,17.0,39.0,False,2025,7,401756920,197,248
2025-10-11,2025-10-11T16:00Z,Florida State,ACC,Pittsburgh,ACC,31.0,34.0,False,2025,7,401754559,52,221
2025-10-11,2025-10-11T16:45Z,Ole Miss,SEC,Washington State,Pac-12,24.0,21.0,False,2025,7,401752733,145,265
2025-10-11,2025-10-11T23:30Z,USC,Big Ten,Michigan,Big Ten,31.0,13.0,False,2025,7,401752868,30,130
2025-10-11,2025-10-12T00:00Z,Arizona,Big 12,BYU,Big 12,27.0,33.0,False,2025,7,401756916,12,252
2025-10-11,2025-10-11T16:00Z,Michigan State,Big Ten,UCLA,Big Ten,13.0,38.0,False,2025,7,401752863,127,26
2025-10-11,2025-10-11T19:30Z,Oregon,Big Ten,Indiana,Big Ten,20.0,30.0,False,2025,7,401752870,2483,84
2025-10-11,2025-10-11T19:30Z,Colorado,Big 12,Iowa State,Big 12,24.0,17.0,False,2025,7,401756918,38,66
2025-10-11,2025-10-11T19:30Z,Georgia Tech,ACC,Virginia Tech,ACC,35.0,20.0,False,2025,7,401754560,59,259
2025-10-11,2025-10-12T01:45Z,Boise State,Mountain West,New Mexico,Mountain West,41.0,25.0,False,2025,7,401760387,68,167
2025-10-11,2025-10-12T02:25Z,Utah,Big 12,Arizona State,Big 12,42.0,10.0,False,2025,7,401756922,254,9
2025-10-11,2025-10-11T16:00Z,Bowling Green,MAC,Toledo,MAC,28.0,23.0,False,2025,7,401762835,189,2649
2025-10-11,2025-10-11T23:30Z,Minnesota,Big Ten,Purdue,Big Ten,27.0,20.0,False,2025,7,401752864,135,2509
2025-10-11,2025-10-11T19:30Z,Penn State,Big Ten,Northwestern,Big Ten,21.0,22.0,False,2025,7,401752866,213,77
2025-10-11,2025-10-11T23:00Z,Wisconsin,Big Ten,Iowa,Big Ten,0.0,37.0,False,2025,7,401752869,275,2294
2025-10-11,2025-10-11T19:30Z,Maryland,Big Ten,Nebraska,Big Ten,31.0,34.0,False,2025,7,401752867,120,158
2025-10-11,2025-10-11T19:30Z,Oregon State,Pac-12,Wake Forest,ACC,14.0,39.0,False,2025,7,401754563,204,154
2025-10-11,2025-10-11T19:30Z,Kansas State,Big 12,TCU,Big 12,41.0,28.0,False,2025,7,401756919,2306,2628
2025-10-11,2025-10-11T19:30Z,UNLV,Mountain West,Air Force,Mountain West,51.0,48.0,False,2025,7,401760386,2439,2005
2025-10-11,2025-10-11T19:30Z,Georgia State,Sun Belt,App State,Sun Belt,20.0,41.0,False,2025,7,401761624,2247,2026
2025-10-11,2025-10-11T19:30Z,Marshall,Sun Belt,Old Dominion,Sun Belt,48.0,24.0,False,2025,7,401761626,276,295
2025-10-11,2025-10-11T19:30Z,Western Michigan,MAC,Ball State,MAC,42.0,0.0,False,2025,7,401762834,2711,2050
2025-10-11,2025-10-11T23:00Z,Wyoming,Mountain West,San José State,Mountain West,35.0,28.0,False,2025,7,401760391,2751,23
2025-10-11,2025-10-11T16:00Z,Army,American,Charlotte,American,24.0,7.0,False,2025,7,401762483,349,2429
2025-10-11,2025-10-11T20:00Z,Temple,American,Navy,American,31.0,32.0,False,2025,7,401762484,218,2426
2025-10-11,2025-10-11T16:00Z,Akron,MAC,Miami (OH),MAC,7.0,20.0,False,2025,7,401762833,2006,193
2025-10-11,2025-10-11T23:30Z,Boston College,ACC,Clemson,ACC,10.0,41.0,False,2025,7,401754558,103,228
2025-10-11,2025-10-11T23:30Z,UTSA,American,Rice,American,61.0,13.0,False,2025,7,401762485,2636,242
2025-10-11,2025-10-12T00:00Z,Texas State,Sun Belt,Troy,Sun Belt,41.0,48.0,False,2025,7,401761627,326,2653
2025-10-11,2025-10-11T18:30Z,Kent State,MAC,Massachusetts,MAC,42.0,6.0,False,2025,7,401762837,2309,113
2025-10-11,2025-10-11T17:00Z,Eastern Michigan,MAC,Northern Illinois,MAC,16.0,10.0,False,2025,7,401762836,2199,2459
2025-10-11,2025-10-12T03:59Z,Hawai'i,Mountain West,Utah State,Mountain West,44.0,26.0,False,2025,7,401760389,62,328
2025-10-11,2025-10-11T22:00Z,Florida Atlantic,American,UAB,American,53.0,33.0,False,2025,7,401762482,2226,5
2025-10-11,2025-10-12T02:30Z,Nevada,Mountain West,San Diego State,Mountain West,10.0,44.0,False,2025,7,401760390,2440,21
2025-10-11,2025-10-11T23:00Z,Coastal Carolina,Sun Belt,UL Monroe,Sun Belt,23.0,8.0,False,2025,7,401761623,324,2433
2025-10-14,2025-10-14T23:00Z,Liberty,CUSA,New Mexico State,CUSA,30.0,27.0,False,2025,8,401757282,2335,166
2025-10-14,2025-10-14T23:30Z,South Alabama,Sun Belt,Arkansas State,Sun Belt,14.0,15.0,False,2025,8,401761628,6,2032
2025-10-14,2025-10-15T00:00Z,Western Kentucky,CUSA,Florida International,CUSA,6.0,25.0,False,2025,8,401757281,98,2229
2025-10-15,2025-10-15T23:00Z,Sam Houston,CUSA,UTEP,CUSA,17.0,35.0,False,2025,8,401757284,2534,2638
2025-10-15,2025-10-15T23:00Z,Jacksonville State,CUSA,Delaware,CUSA,38.0,25.0,False,2025,8,401757283,55,48
2025-10-16,2025-10-16T23:30Z,East Carolina,American,Tulsa,American,41.0,27.0,False,2025,8,401762486,151,202
2025-10-17,2025-10-18T02:30Z,California,ACC,North Carolina,ACC,21.0,18.0,False,2025,8,401754371,25,153
2025-10-17,2025-10-17T23:00Z,Miami,ACC,Louisville,ACC,21.0,24.0,False,2025,8,401754564,2390,97
2025-10-17,2025-10-18T00:00Z,Minnesota,Big Ten,Nebraska,Big Ten,24.0,6.0,False,2025,8,401752872,135,158
2025-10-17,2025-10-18T01:00Z,Utah State,Mountain West,San José State,Mountain West,30.0,25.0,False,2025,8,401760396,328,23
2025-10-18,2025-10-19T01:45Z,New Mexico,Mountain West,Nevada,Mountain West,24.0,22.0,False,2025,8,401760395,167,2440
2025-10-18,2025-10-18T16:45Z,South Carolina,SEC,Oklahoma,SEC,7.0,26.0,False,2025,8,401752744,2579,201
2025-10-18,2025-10-18T23:30Z,Notre Dame,FBS Indep.,USC,Big Ten,34.0,24.0,False,2025,8,401752871,87,30
2025-10-18,2025-10-18T16:00Z,Duke,ACC,Georgia Tech,ACC,18.0,27.0,False,2025,8,401754566,150,59
2025-10-18,2025-10-18T16:00Z,Vanderbilt,SEC,LSU,SEC,31.0,24.0,False,2025,8,401752745,238,99
2025-10-18,2025-10-18T20:00Z,Arizona State,Big 12,Texas Tech,Big 12,26.0,22.0,False,2025,8,401756923,9,2641
2025-10-18,2025-10-18T16:00Z,Michigan,Big Ten,Washington,Big Ten,24.0,7.0,False,2025,8,401752873,130,264
2025-10-18,2025-10-18T19:30Z,Georgia,SEC,Ole Miss,SEC,43.0,35.0,False,2025,8,401752742,61,145
2025-10-18,2025-10-18T21:30Z,Arkansas,SEC,Texas A&M,SEC,42.0,45.0,False,2025,8,401752739,8,245
2025-10-18,2025-10-18T22:30Z,Rutgers,Big Ten,Oregon,Big Ten,10.0,56.0,False,2025,8,401752876,164,2483
2025-10-18,2025-10-18T16:00Z,Miami (OH),MAC,Eastern Michigan,MAC,44.0,30.0,False,2025,8,401762841,193,2199
2025-10-18,2025-10-18T23:45Z,Auburn,SEC,Missouri,SEC,17.0,23.0,False,2025,8,401752740,2,142
2025-10-18,2025-10-18T23:00Z,Kentucky,SEC,Texas,SEC,13.0,16.0,False,2025,8,401752743,96,251
2025-10-18,2025-10-18T20:00Z,UAB,American,Memphis,American,31.0,24.0,False,2025,8,401762487,5,235
2025-10-18,2025-10-19T00:00Z,Oklahoma State,Big 12,Cincinnati,Big 12,17.0,49.0,False,2025,8,401756926,197,2132
2025-10-18,2025-10-18T16:00Z,Tulane,American,Army,American,24.0,17.0,False,2025,8,401762488,2655,349
2025-10-18,2025-10-18T16:00Z,Boston College,ACC,UConn,FBS Indep.,23.0,38.0,False,2025,8,401754569,103,41
2025-10-18,2025-10-18T16:00Z,Houston,Big 12,Arizona,Big 12,31.0,28.0,False,2025,8,401756925,248,12
2025-10-18,2025-10-18T16:00Z,TCU,Big 12,Baylor,Big 12,42.0,36.0,False,2025,8,401756927,2628,239
2025-10-18,2025-10-19T00:00Z,BYU,Big 12,Utah,Big 12,24.0,21.0,False,2025,8,401756924,252,254
2025-10-18,2025-10-18T19:30Z,Indiana,Big Ten,Michigan State,Big Ten,38.0,13.0,False,2025,8,401752878,84,127
2025-10-18,2025-10-18T22:30Z,Virginia,ACC,Washington State,Pac-12,22.0,20.0,False,2025,8,401752951,258,265
2025-10-18,2025-10-18T23:30Z,South Florida,American,Florida Atlantic,American,48.0,13.0,False,2025,8,401762490,58,2226
2025-10-18,2025-10-18T19:30Z,Wisconsin,Big Ten,Ohio State,Big Ten,0.0,34.0,False,2025,8,401752877,275,194
2025-10-18,2025-10-18T23:30Z,Alabama,SEC,Tennessee,SEC,37.0,20.0,False,2025,8,401752738,333,2633
2025-10-18,2025-10-18T19:30Z,Charlotte,American,Temple,American,14.0,49.0,False,2025,8,401762489,2429,218
2025-10-18,2025-10-18T19:00Z,Northwestern,Big Ten,Purdue,Big Ten,19.0,0.0,False,2025,8,401752874,77,2509
2025-10-18,2025-10-18T19:00Z,UL Monroe,Sun Belt,Troy,Sun Belt,14.0,37.0,False,2025,8,401761633,2433,2653
2025-10-18,2025-10-18T19:30Z,Clemson,ACC,SMU,ACC,24.0,35.0,False,2025,8,401754565,228,2567
2025-10-18,2025-10-18T19:30Z,Air Force,Mountain West,Wyoming,Mountain West,24.0,21.0,False,2025,8,401760392,2005,2751
2025-10-18,2025-10-18T16:00Z,Bowling Green,MAC,Central Michigan,MAC,6.0,27.0,False,2025,8,401762839,189,2117
2025-10-18,2025-10-18T19:30Z,Boise State,Mountain West,UNLV,Mountain West,56.0,31.0,False,2025,8,401760393,68,2439
2025-10-18,2025-10-18T19:30Z,App State,Sun Belt,Coastal Carolina,Sun Belt,37.0,45.0,False,2025,8,401761629,2026,324
2025-10-18,2025-10-18T19:30Z,James Madison,Sun Belt,Old Dominion,Sun Belt,63.0,27.0,False,2025,8,401761631,256,295
2025-10-18,2025-10-18T19:30Z,Marshall,Sun Belt,Texas State,Sun Belt,40.0,37.0,False,2025,8,401761632,276,326
2025-10-18,2025-10-18T18:00Z,Toledo,MAC,Kent State,MAC,45.0,10.0,False,2025,8,401762842,2649,2309
2025-10-18,2025-10-18T19:30Z,Ball State,MAC,Akron,MAC,42.0,28.0,False,2025,8,401762838,2050,2006
2025-10-18,2025-10-18T21:00Z,Louisiana,Sun Belt,Southern Miss,Sun Belt,10.0,22.0,False,2025,8,401761668,309,2572
2025-10-18,2025-10-18T23:00Z,Iowa,Big Ten,Penn State,Big Ten,25.0,24.0,False,2025,8,401752875,2294,213
2025-10-18,2025-10-18T23:00Z,UCLA,Big Ten,Maryland,Big Ten,20.0,17.0,False,2025,8,401752879,26,120
2025-10-18,2025-10-18T23:00Z,Colorado State,Mountain West,Hawai'i,Mountain West,19.0,31.0,False,2025,8,401760394,36,62
2025-10-18,2025-10-18T23:00Z,Georgia Southern,Sun Belt,Georgia State,Sun Belt,41.0,24.0,False,2025,8,401761630,290,2247
2025-10-18,2025-10-19T02:00Z,Oregon State,Pac-12,Lafayette,Other/FCS,45.0,13.0,False,2025,8,401752941,204,322
2025-10-18,2025-10-19T02:30Z,Stanford,ACC,Florida State,ACC,20.0,13.0,False,2025,8,401754567,24,52
2025-10-18,2025-10-18T19:30Z,Ohio,MAC,Northern Illinois,MAC,48.0,21.0,False,2025,8,401762843,195,2459
2025-10-18,2025-10-18T17:00Z,UCF,Big 12,West Virginia,Big 12,45.0,13.0,False,2025,8,401756928,2116,277
2025-10-18,2025-10-18T20:05Z,North Texas,American,UTSA,American,55.0,17.0,False,2025,8,401762491,249,2636
2025-10-18,2025-10-18T20:15Z,Florida,SEC,Mississippi State,SEC,23.0,21.0,False,2025,8,401752741,57,344
2025-10-18,2025-10-18T18:30Z,Massachusetts,MAC,Buffalo,MAC,21.0,28.0,False,2025,8,401762840,113,2084
2025-10-18,2025-10-18T23:30Z,Syracuse,ACC,Pittsburgh,ACC,13.0,30.0,False,2025,8,401754568,183,221
2025-10-21,2025-10-21T23:30Z,Louisiana Tech,CUSA,Western Kentucky,CUSA,27.0,28.0,False,2025,9,401757286,2348,98
2025-10-21,2025-10-21T23:00Z,Florida International,CUSA,Kennesaw State,CUSA,26.0,45.0,False,2025,9,401757285,2229,338
2025-10-22,2025-10-23T01:00Z,New Mexico State,CUSA,Missouri State,CUSA,17.0,24.0,False,2025,9,401757288,166,2623
2025-10-22,2025-10-22T23:30Z,Delaware,CUSA,Middle Tennessee,CUSA,31.0,28.0,False,2025,9,401757287,48,2393
2025-10-23,2025-10-23T23:30Z,Georgia State,Sun Belt,South Alabama,Sun Belt,31.0,38.0,False,2025,9,401761634,2247,6
2025-10-24,2025-10-25T02:00Z,Nevada,Mountain West,Boise State,Mountain West,3.0,24.0,False,2025,9,401760397,2440,68
2025-10-24,2025-10-24T23:00Z,Charlotte,American,North Texas,American,20.0,54.0,False,2025,9,401762492,2429,249
2025-10-24,2025-10-24T23:30Z,Virginia Tech,ACC,California,ACC,42.0,34.0,False,2025,9,401754372,259,25
2025-10-25,2025-10-25T19:30Z,Miami (OH),MAC,Western Michigan,MAC,26.0,17.0,False,2025,9,401762874,193,2711
2025-10-25,2025-10-25T23:00Z,Oregon,Big Ten,Wisconsin,Big Ten,21.0,7.0,False,2025,9,401752886,2483,275
2025-10-25,2025-10-25T16:00Z,Georgia Tech,ACC,Syracuse,ACC,41.0,16.0,False,2025,9,401754571,59,183
2025-10-25,2025-10-25T16:00Z,Oklahoma,SEC,Ole Miss,SEC,26.0,34.0,False,2025,9,401752750,201,145
2025-10-25,2025-10-25T19:30Z,Vanderbilt,SEC,Missouri,SEC,17.0,10.0,False,2025,9,401752752,238,142
2025-10-25,2025-10-25T23:00Z,Miami,ACC,Stanford,ACC,42.0,7.0,False,2025,9,401754572,2390,24
2025-10-25,2025-10-25T19:30Z,Iowa State,Big 12,BYU,Big 12,27.0,41.0,False,2025,9,401756931,66,252
2025-10-25,2025-10-25T16:00Z,Kansas,Big 12,Kansas State,Big 12,17.0,42.0,False,2025,9,401756932,2305,2306
2025-10-25,2025-10-25T20:00Z,Texas Tech,Big 12,Oklahoma State,Big 12,42.0,0.0,False,2025,9,401756933,2641,197
2025-10-25,2025-10-25T19:30Z,South Carolina,SEC,Alabama,SEC,22.0,29.0,False,2025,9,401752751,2579,333
2025-10-25,2025-10-25T23:30Z,Louisville,ACC,Boston College,ACC,38.0,24.0,False,2025,9,401754570,97,103
2025-10-25,2025-10-25T23:30Z,LSU,SEC,Texas A&M,SEC,25.0,49.0,False,2025,9,401752748,99,245
2025-10-25,2025-10-25T20:15Z,Mississippi State,SEC,Texas,SEC,38.0,45.0,False,2025,9,401752749,344,251
2025-10-25,2025-10-26T00:00Z,Arizona State,Big 12,Houston,Big 12,16.0,24.0,False,2025,9,401756929,9,248
2025-10-25,2025-10-25T23:30Z,Michigan State,Big Ten,Michigan,Big Ten,20.0,31.0,False,2025,9,401752881,127,130
2025-10-25,2025-10-25T16:00Z,Nebraska,Big Ten,Northwestern,Big Ten,28.0,21.0,False,2025,9,401752883,158,77
2025-10-25,2025-10-25T16:00Z,Purdue,Big Ten,Rutgers,Big Ten,24.0,27.0,False,2025,9,401752884,2509,164
2025-10-25,2025-10-25T16:00Z,Memphis,American,South Florida,American,34.0,31.0,False,2025,9,401762494,235,58
2025-10-25,2025-10-25T16:00Z,North Carolina,ACC,Virginia,ACC,16.0,17.0,False,2025,9,401754573,153,258
2025-10-25,2025-10-25T23:45Z,Kentucky,SEC,Tennessee,SEC,34.0,56.0,False,2025,9,401752747,96,2633
2025-10-25,2025-10-25T16:00Z,Indiana,Big Ten,UCLA,Big Ten,56.0,6.0,False,2025,9,401752885,84,26
2025-10-25,2025-10-26T02:25Z,Utah,Big 12,Colorado,Big 12,53.0,7.0,False,2025,9,401756934,254,38
2025-10-25,2025-10-25T23:00Z,Arkansas State,Sun Belt,Georgia Southern,Sun Belt,34.0,24.0,False,2025,9,401761636,2032,290
2025-10-25,2025-10-25T20:00Z,Cincinnati,Big 12,Baylor,Big 12,41.0,20.0,False,2025,9,401756930,2132,239
2025-10-25,2025-10-25T19:30Z,Washington,Big Ten,Illinois,Big Ten,42.0,25.0,False,2025,9,401752880,264,356
2025-10-25,2025-10-25T16:00Z,Wake Forest,ACC,SMU,ACC,13.0,12.0,False,2025,9,401752942,154,2567
2025-10-25,2025-10-25T17:00Z,Buffalo,MAC,Akron,MAC,16.0,24.0,False,2025,9,401762844,2084,2006
2025-10-25,2025-10-25T19:00Z,New Mexico,Mountain West,Utah State,Mountain West,33.0,14.0,False,2025,9,401760400,167,328
2025-10-25,2025-10-25T19:30Z,Iowa,Big Ten,Minnesota,Big Ten,41.0,3.0,False,2025,9,401752882,2294,135
2025-10-25,2025-10-25T19:30Z,Navy,American,Florida Atlantic,American,42.0,32.0,False,2025,9,401762493,2426,2226
2025-10-25,2025-10-25T19:30Z,Pittsburgh,ACC,NC State,ACC,53.0,34.0,False,2025,9,401754574,221,152
2025-10-25,2025-10-25T19:30Z,Washington State,Pac-12,Toledo,MAC,28.0,7.0,False,2025,9,401752952,265,2649
2025-10-25,2025-10-25T19:30Z,Fresno State,Mountain West,San Diego State,Mountain West,0.0,23.0,False,2025,9,401760399,278,21
2025-10-25,2025-10-25T19:30Z,Tulsa,American,Temple,American,37.0,38.0,False,2025,9,401762495,202,218
2025-10-25,2025-10-25T19:00Z,Rice,American,UConn,FBS Indep.,37.0,34.0,False,2025,9,401757172,242,41
2025-10-25,2025-10-25T19:30Z,Northern Illinois,MAC,Ball State,MAC,21.0,7.0,False,2025,9,401762845,2459,2050
2025-10-25,2025-10-25T19:30Z,Central Michigan,MAC,Massachusetts,MAC,38.0,13.0,False,2025,9,401762847,2117,113
2025-10-25,2025-10-25T22:00Z,West Virginia,Big 12,TCU,Big 12,17.0,23.0,False,2025,9,401756935,277,2628
2025-10-25,2025-10-25T16:00Z,Kent State,MAC,Bowling Green,MAC,24.0,21.0,False,2025,9,401762846,2309,189
2025-10-25,2025-10-25T23:00Z,Troy,Sun Belt,Louisiana,Sun Belt,35.0,23.0,False,2025,9,401761638,2653,309
2025-10-25,2025-10-25T23:30Z,Wyoming,Mountain West,Colorado State,Mountain West,28.0,0.0,False,2025,9,401760398,2751,36
2025-10-25,2025-10-25T19:30Z,Southern Miss,Sun Belt,UL Monroe,Sun Belt,49.0,21.0,False,2025,9,401761637,2572,2433
2025-10-25,2025-10-25T16:00Z,Old Dominion,Sun Belt,App State,Sun Belt,24.0,21.0,False,2025,9,401761635,295,2026
2025-10-25,2025-10-25T16:45Z,Arkansas,SEC,Auburn,SEC,24.0,33.0,False,2025,9,401752746,8,2
2025-10-25,2025-10-25T16:00Z,Eastern Michigan,MAC,Ohio,MAC,21.0,28.0,False,2025,9,401762848,2199,195
2025-10-28,2025-10-29T00:00Z,Kennesaw State,CUSA,UTEP,CUSA,33.0,20.0,False,2025,10,401757289,338,2638
2025-10-28,2025-10-29T00:00Z,Texas State,Sun Belt,James Madison,Sun Belt,20.0,52.0,False,2025,10,401761639,326,256
2025-10-29,2025-10-30T00:00Z,Missouri State,CUSA,Florida International,CUSA,28.0,21.0,False,2025,10,401757291,2623,2229
2025-10-29,2025-10-29T23:30Z,Middle Tennessee,CUSA,Jacksonville State,CUSA,21.0,24.0,False,2025,10,401757292,2393,55
2025-10-30,2025-10-30T23:30Z,Coastal Carolina,Sun Belt,Marshall,Sun Belt,44.0,27.0,False,2025,10,401761640,324,276
2025-10-30,2025-10-30T23:30Z,UTSA,American,Tulane,American,48.0,26.0,False,2025,10,401762443,2636,2655
2025-10-31,2025-10-31T23:00Z,Rice,American,Memphis,American,14.0,38.0,False,2025,10,401762497,242,235
2025-10-31,2025-11-01T00:00Z,Louisiana Tech,CUSA,Sam Houston,CUSA,55.0,14.0,False,2025,10,401757290,2348,2534
2025-10-31,2025-10-31T23:30Z,Syracuse,ACC,North Carolina,ACC,10.0,27.0,False,2025,10,401754575,183,153
2025-11-01,2025-11-01T19:30Z,Maryland,Big Ten,Indiana,Big Ten,10.0,55.0,False,2025,10,401752887,120,84
2025-11-01,2025-11-01T19:30Z,Kansas State,Big 12,Texas Tech,Big 12,20.0,43.0,False,2025,10,401756941,2306,2641
2025-11-01,2025-11-01T23:00Z,Michigan,Big Ten,Purdue,Big Ten,21.0,16.0,False,2025,10,401752890,130,2509
2025-11-01,2025-11-01T19:30Z,Boston College,ACC,Notre Dame,FBS Indep.,10.0,25.0,False,2025,10,401754583,103,87
2025-11-01,2025-11-01T16:00Z,Texas,SEC,Vanderbilt,SEC,34.0,31.0,False,2025,10,401752758,251,238
2025-11-01,2025-11-01T19:45Z,California,ACC,Virginia,ACC,21.0,31.0,False,2025,10,401754576,25,258
2025-11-01,2025-11-01T23:30Z,NC State,ACC,Georgia Tech,ACC,48.0,36.0,False,2025,10,401754579,152,59
2025-11-01,2025-11-01T23:30Z,Tennessee,SEC,Oklahoma,SEC,27.0,33.0,False,2025,10,401752757,2633,201
2025-11-01,2025-11-01T16:00Z,Baylor,Big 12,UCF,Big 12,30.0,3.0,False,2025,10,401756936,239,2116
2025-11-01,2025-11-01T16:00Z,North Texas,American,Navy,American,31.0,17.0,False,2025,10,401762499,249,2426
2025-11-01,2025-11-01T16:00Z,Houston,Big 12,West Virginia,Big 12,35.0,45.0,False,2025,10,401756938,248,277
2025-11-01,2025-11-01T23:30Z,Nebraska,Big Ten,USC,Big Ten,17.0,21.0,False,2025,10,401752892,158,30
2025-11-01,2025-11-01T16:00Z,Illinois,Big Ten,Rutgers,Big Ten,35.0,13.0,False,2025,10,401752891,356,164
2025-11-01,2025-11-01T16:00Z,Clemson,ACC,Duke,ACC,45.0,46.0,False,2025,10,401754577,228,150
2025-11-01,2025-11-01T16:00Z,UConn,FBS Indep.,UAB,American,38.0,19.0,False,2025,10,401757173,41,5
2025-11-01,2025-11-01T16:00Z,Air Force,Mountain West,Army,American,17.0,20.0,False,2025,10,401760401,2005,349
2025-11-01,2025-11-01T16:00Z,Ohio State,Big Ten,Penn State,Big Ten,38.0,14.0,False,2025,10,401752889,194,213
2025-11-01,2025-11-01T23:00Z,Ole Miss,SEC,South Carolina,SEC,30.0,14.0,False,2025,10,401752756,145,2579
2025-11-01,2025-11-01T19:30Z,Florida,SEC,Georgia,SEC,20.0,24.0,True,2025,10,401752755,57,61
2025-11-01,2025-11-01T19:00Z,Virginia Tech,ACC,Louisville,ACC,16.0,28.0,False,2025,10,401754580,259,97
2025-11-01,2025-11-02T02:15Z,Utah,Big 12,Cincinnati,Big 12,45.0,14.0,False,2025,10,401756942,254,2132
2025-11-01,2025-11-01T23:30Z,Oregon State,Pac-12,Washington State,Pac-12,10.0,7.0,False,2025,10,401752943,204,265
2025-11-01,2025-11-01T16:00Z,SMU,ACC,Miami,ACC,26.0,20.0,False,2025,10,401754581,2567,2390
2025-11-01,2025-11-01T19:30Z,Boise State,Mountain West,Fresno State,Mountain West,7.0,30.0,False,2025,10,401760402,68,278
2025-11-01,2025-11-01T19:30Z,Western Kentucky,CUSA,New Mexico State,CUSA,35.0,16.0,False,2025,10,401757294,98,166
2025-11-01,2025-11-01T19:30Z,Liberty,CUSA,Delaware,CUSA,59.0,30.0,False,2025,10,401757293,2335,48
2025-11-01,2025-11-01T19:30Z,Minnesota,Big Ten,Michigan State,Big Ten,23.0,20.0,False,2025,10,401752888,135,127
2025-11-01,2025-11-01T23:00Z,San Diego State,Mountain West,Wyoming,Mountain West,24.0,7.0,False,2025,10,401760405,21,2751
2025-11-01,2025-11-01T19:00Z,UNLV,Mountain West,New Mexico,Mountain West,35.0,40.0,False,2025,10,401760404,2439,167
2025-11-01,2025-11-01T19:30Z,Stanford,ACC,Pittsburgh,ACC,20.0,35.0,False,2025,10,401754582,24,221
2025-11-01,2025-11-01T19:30Z,South Alabama,Sun Belt,Louisiana,Sun Belt,22.0,31.0,False,2025,10,401761642,6,309
2025-11-01,2025-11-01T18:00Z,Temple,American,East Carolina,American,14.0,45.0,False,2025,10,401762498,218,151
2025-11-01,2025-11-02T00:00Z,Troy,Sun Belt,Arkansas State,Sun Belt,10.0,23.0,False,2025,10,401761643,2653,2032
2025-11-01,2025-11-01T23:30Z,Auburn,SEC,Kentucky,SEC,3.0,10.0,False,2025,10,401752754,2,96
2025-11-01,2025-11-01T23:30Z,Florida State,ACC,Wake Forest,ACC,42.0,7.0,False,2025,10,401754578,52,154
2025-11-01,2025-11-01T20:00Z,Arkansas,SEC,Mississippi State,SEC,35.0,38.0,False,2025,10,401752753,8,344
2025-11-01,2025-11-02T02:30Z,San José State,Mountain West,Hawai'i,Mountain West,45.0,38.0,False,2025,10,401760403,23,62
2025-11-01,2025-11-01T20:00Z,Kansas,Big 12,Oklahoma State,Big 12,38.0,21.0,False,2025,10,401756940,2305,197
2025-11-01,2025-11-01T20:00Z,Western Michigan,MAC,Central Michigan,MAC,24.0,21.0,False,2025,10,401762850,2711,2117
2025-11-01,2025-11-01T16:00Z,Bowling Green,MAC,Buffalo,MAC,3.0,28.0,False,2025,10,401762849,189,2084
2025-11-01,2025-11-01T23:00Z,Colorado,Big 12,Arizona,Big 12,17.0,52.0,False,2025,10,401756937,38,12
2025-11-01,2025-11-01T17:00Z,Iowa State,Big 12,Arizona State,Big 12,19.0,24.0,False,2025,10,401756939,66,9
2025-11-01,2025-11-01T19:30Z,UL Monroe,Sun Belt,Old Dominion,Sun Belt,6.0,31.0,False,2025,10,401761641,2433,295
2025-11-04,2025-11-05T00:00Z,Ohio,MAC,Miami (OH),MAC,24.0,20.0,False,2025,11,401762852,195,193
2025-11-04,2025-11-05T00:00Z,Akron,MAC,Massachusetts,MAC,44.0,10.0,False,2025,11,401762851,2006,113
2025-11-05,2025-11-06T00:00Z,Ball State,MAC,Kent State,MAC,17.0,13.0,False,2025,11,401762853,2050,2309
2025-11-05,2025-11-06T00:00Z,Toledo,MAC,Northern Illinois,MAC,42.0,3.0,False,2025,11,401762854,2649,2459
2025-11-06,2025-11-07T00:30Z,South Florida,American,UTSA,American,55.0,23.0,False,2025,11,401762500,58,2636
2025-11-06,2025-11-07T00:30Z,App State,Sun Belt,Georgia Southern,Sun Belt,23.0,25.0,False,2025,11,401761644,2026,290
2025-11-07,2025-11-08T01:15Z,UCF,Big 12,Houston,Big 12,27.0,30.0,False,2025,11,401756946,2116,248
2025-11-07,2025-11-08T02:10Z,Memphis,American,Tulane,American,32.0,38.0,False,2025,11,401762501,235,2655
2025-11-07,2025-11-08T02:00Z,USC,Big Ten,Northwestern,Big Ten,38.0,17.0,False,2025,11,401752896,30,77
2025-11-08,2025-11-09T00:30Z,Alabama,SEC,LSU,SEC,20.0,9.0,False,2025,11,401752759,333,99
2025-11-08,2025-11-08T19:00Z,Rice,American,UAB,American,24.0,17.0,False,2025,11,401762502,242,5
2025-11-08,2025-11-08T18:00Z,Ole Miss,SEC,The Citadel,Other/FCS,49.0,0.0,False,2025,11,401752761,145,2643
2025-11-08,2025-11-08T17:00Z,Texas Tech,Big 12,BYU,Big 12,29.0,7.0,False,2025,11,401756945,2641,252
2025-11-08,2025-11-08T20:30Z,Iowa,Big Ten,Oregon,Big Ten,16.0,18.0,False,2025,11,401752898,2294,2483
2025-11-08,2025-11-09T00:30Z,Notre Dame,FBS Indep.,Navy,American,49.0,10.0,False,2025,11,401757166,87,2426
2025-11-08,2025-11-08T18:00Z,Purdue,Big Ten,Ohio State,Big Ten,10.0,34.0,False,2025,11,401752897,2509,194
2025-11-08,2025-11-09T00:00Z,Virginia,ACC,Wake Forest,ACC,9.0,16.0,False,2025,11,401754589,258,154
2025-11-08,2025-11-08T21:30Z,Wisconsin,Big Ten,Washington,Big Ten,13.0,10.0,False,2025,11,401752899,275,264
2025-11-08,2025-11-08T17:00Z,Army,American,Temple,American,14.0,13.0,False,2025,11,401762503,349,218
2025-11-08,2025-11-08T17:00Z,Boston College,ACC,SMU,ACC,13.0,45.0,False,2025,11,401754584,103,2567
2025-11-08,2025-11-08T17:00Z,Arkansas State,Sun Belt,Southern Miss,Sun Belt,21.0,27.0,False,2025,11,401761647,2032,2572
2025-11-08,2025-11-08T17:00Z,Mississippi State,SEC,Georgia,SEC,21.0,41.0,False,2025,11,401752762,344,61
2025-11-08,2025-11-08T18:00Z,Liberty,CUSA,Missouri State,CUSA,17.0,21.0,False,2025,11,401757299,2335,2623
2025-11-08,2025-11-08T18:00Z,Eastern Michigan,MAC,Bowling Green,MAC,27.0,21.0,False,2025,11,401762855,2199,189
2025-11-08,2025-11-09T00:00Z,Louisville,ACC,California,ACC,26.0,29.0,False,2025,11,401754585,97,25
2025-11-08,2025-11-08T19:30Z,Rutgers,Big Ten,Maryland,Big Ten,35.0,20.0,False,2025,11,401752894,164,120
2025-11-08,2025-11-08T20:30Z,Miami,ACC,Syracuse,ACC,38.0,10.0,False,2025,11,401754587,2390,183
2025-11-08,2025-11-08T20:30Z,Missouri,SEC,Texas A&M,SEC,17.0,38.0,False,2025,11,401752763,142,245
2025-11-08,2025-11-08T21:00Z,Vanderbilt,SEC,Auburn,SEC,45.0,38.0,False,2025,11,401752764,238,2
2025-11-08,2025-11-08T20:00Z,East Carolina,American,Charlotte,American,48.0,22.0,False,2025,11,401762504,151,2429
2025-11-08,2025-11-08T17:00Z,West Virginia,Big 12,Colorado,Big 12,29.0,22.0,False,2025,11,401756947,277,38
2025-11-08,2025-11-09T00:00Z,Clemson,ACC,Florida State,ACC,24.0,10.0,False,2025,11,401754586,228,52
2025-11-08,2025-11-08T17:00Z,Marshall,Sun Belt,James Madison,Sun Belt,23.0,35.0,False,2025,11,401761646,276,256
2025-11-08,2025-11-08T20:00Z,Florida Atlantic,American,Tulsa,American,40.0,21.0,False,2025,11,401762505,2226,202
2025-11-08,2025-11-08T20:00Z,Middle Tennessee,CUSA,Florida International,CUSA,30.0,56.0,False,2025,11,401757296,2393,2229
2025-11-08,2025-11-08T20:30Z,UConn,FBS Indep.,Duke,ACC,37.0,34.0,False,2025,11,401754590,41,150
2025-11-08,2025-11-08T20:30Z,Arizona,Big 12,Kansas,Big 12,24.0,20.0,False,2025,11,401756943,12,2305
2025-11-08,2025-11-08T20:30Z,TCU,Big 12,Iowa State,Big 12,17.0,20.0,False,2025,11,401756944,2628,66
2025-11-08,2025-11-08T21:00Z,New Mexico State,CUSA,Kennesaw State,CUSA,21.0,24.0,False,2025,11,401757298,166,338
2025-11-08,2025-11-08T22:00Z,Louisiana,Sun Belt,Texas State,Sun Belt,42.0,39.0,False,2025,11,401761648,309,326
2025-11-08,2025-11-08T21:00Z,Coastal Carolina,Sun Belt,Georgia State,Sun Belt,40.0,27.0,False,2025,11,401761645,324,2247
2025-11-08,2025-11-08T17:00Z,Penn State,Big Ten,Indiana,Big Ten,24.0,27.0,False,2025,11,401752893,213,84
2025-11-08,2025-11-08T20:00Z,UTEP,CUSA,Jacksonville State,CUSA,27.0,30.0,False,2025,11,401757297,2638,55
2025-11-08,2025-11-09T00:30Z,Utah State,Mountain West,Nevada,Mountain West,51.0,14.0,False,2025,11,401760409,328,2440
2025-11-08,2025-11-09T02:00Z,UCLA,Big Ten,Nebraska,Big Ten,21.0,28.0,False,2025,11,401752895,26,158
2025-11-08,2025-11-09T02:30Z,Colorado State,Mountain West,UNLV,Mountain West,10.0,42.0,False,2025,11,401760407,36,2439
2025-11-08,2025-11-09T03:00Z,Oregon State,Pac-12,Sam Houston,CUSA,17.0,21.0,False,2025,11,401752944,204,2534
2025-11-08,2025-11-09T04:00Z,Hawai'i,Mountain West,San Diego State,Mountain West,38.0,6.0,False,2025,11,401760408,62,21
2025-11-08,2025-11-08T21:30Z,North Carolina,ACC,Stanford,ACC,20.0,15.0,False,2025,11,401754588,153,24
2025-11-08,2025-11-08T20:00Z,Delaware,CUSA,Louisiana Tech,CUSA,25.0,24.0,False,2025,11,401757295,48,2348
2025-11-08,2025-11-08T23:00Z,San José State,Mountain West,Air Force,Mountain West,16.0,26.0,False,2025,11,401760406,23,2005
2025-11-08,2025-11-09T00:30Z,Kentucky,SEC,Florida,SEC,38.0,7.0,False,2025,11,401752760,96,57
2025-11-11,2025-11-12T00:30Z,Akron,MAC,Kent State,MAC,35.0,42.0,False,2025,12,401762856,2006,2309
2025-11-11,2025-11-12T01:00Z,Western Michigan,MAC,Ohio,MAC,17.0,13.0,False,2025,12,401762857,2711,195
2025-11-12,2025-11-13T00:00Z,Central Michigan,MAC,Buffalo,MAC,38.0,19.0,False,2025,12,401762858,2117,2084
2025-11-12,2025-11-13T00:00Z,Massachusetts,MAC,Northern Illinois,MAC,3.0,45.0,False,2025,12,401762859,113,2459
2025-11-12,2025-11-13T00:00Z,Miami (OH),MAC,Toledo,MAC,3.0,24.0,False,2025,12,401762860,193,2649
2025-11-13,2025-11-14T00:30Z,Old Dominion,Sun Belt,Troy,Sun Belt,33.0,0.0,False,2025,12,401761649,295,2653
2025-11-14,2025-11-15T02:00Z,Oregon,Big Ten,Minnesota,Big Ten,42.0,13.0,False,2025,12,401752904,2483,135
2025-11-14,2025-11-15T00:30Z,Louisville,ACC,Clemson,ACC,19.0,20.0,False,2025,12,401754591,97,228
2025-11-15,2025-11-16T00:00Z,Baylor,Big 12,Utah,Big 12,28.0,55.0,False,2025,12,401756949,239,254
2025-11-15,2025-11-15T20:40Z,Miami,ACC,NC State,ACC,41.0,7.0,False,2025,12,401754595,2390,152
2025-11-15,2025-11-15T18:30Z,Kentucky,SEC,Tennessee Tech,Other/FCS,42.0,10.0,False,2025,12,401752767,96,2635
2025-11-15,2025-11-15T20:30Z,USC,Big Ten,Iowa,Big Ten,26.0,21.0,False,2025,12,401752907,30,2294
2025-11-15,2025-11-15T17:00Z,Northwestern,Big Ten,Michigan,Big Ten,22.0,24.0,False,2025,12,401752905,77,130
2025-11-15,2025-11-15T21:15Z,Tennessee,SEC,New Mexico State,CUSA,42.0,9.0,False,2025,12,401752771,2633,166
2025-11-15,2025-11-15T17:00Z,Cincinnati,Big 12,Arizona,Big 12,24.0,30.0,False,2025,12,401756951,2132,12
2025-11-15,2025-11-15T17:00Z,Oklahoma State,Big 12,Kansas State,Big 12,6.0,14.0,False,2025,12,401756952,197,2306
2025-11-15,2025-11-15T17:00Z,Charlotte,American,UTSA,American,7.0,28.0,False,2025,12,401762507,2429,2636
2025-11-15,2025-11-15T21:30Z,Wake Forest,ACC,North Carolina,ACC,28.0,12.0,False,2025,12,401754596,154,153
2025-11-15,2025-11-16T03:15Z,BYU,Big 12,TCU,Big 12,44.0,13.0,False,2025,12,401756950,252,2628
2025-11-15,2025-11-15T22:00Z,Florida International,CUSA,Liberty,CUSA,34.0,27.0,False,2025,12,401757301,2229,2335
2025-11-15,2025-11-16T03:30Z,Fresno State,Mountain West,Wyoming,Mountain West,24.0,3.0,False,2025,12,401760412,278,2751
2025-11-15,2025-11-16T03:30Z,San Diego State,Mountain West,Boise State,Mountain West,17.0,7.0,False,2025,12,401760410,21,68
2025-11-15,2025-11-16T03:00Z,Washington State,Pac-12,Louisiana Tech,CUSA,28.0,3.0,False,2025,12,401752953,265,2348
2025-11-15,2025-11-16T00:00Z,Washington,Big Ten,Purdue,Big Ten,49.0,13.0,False,2025,12,401752902,264,2509
2025-11-15,2025-11-16T00:45Z,Missouri,SEC,Mississippi State,SEC,49.0,27.0,False,2025,12,401752770,142,344
2025-11-15,2025-11-16T01:00Z,Jacksonville State,CUSA,Kennesaw State,CUSA,35.0,26.0,False,2025,12,401757302,55,338
2025-11-15,2025-11-16T00:00Z,Sam Houston,CUSA,Delaware,CUSA,26.0,23.0,False,2025,12,401757300,2534,48
2025-11-15,2025-11-16T00:30Z,Florida State,ACC,Virginia Tech,ACC,34.0,14.0,False,2025,12,401754594,52,259
2025-11-15,2025-11-16T00:00Z,UNLV,Mountain West,Utah State,Mountain West,29.0,26.0,False,2025,12,401760414,2439,328
2025-11-15,2025-11-15T17:00Z,Navy,American,South Florida,American,41.0,38.0,False,2025,12,401762510,2426,58
2025-11-15,2025-11-15T23:00Z,Georgia Southern,Sun Belt,Coastal Carolina,Sun Belt,45.0,40.0,False,2025,12,401761650,290,324
2025-11-15,2025-11-15T17:00Z,Pittsburgh,ACC,Notre Dame,FBS Indep.,15.0,37.0,False,2025,12,401754597,221,87
2025-11-15,2025-11-15T20:30Z,Boston College,ACC,Georgia Tech,ACC,34.0,36.0,False,2025,12,401754592,103,59
2025-11-15,2025-11-15T20:35Z,Duke,ACC,Virginia,ACC,17.0,34.0,False,2025,12,401754593,150,258
2025-11-15,2025-11-15T20:30Z,Southern Miss,Sun Belt,Texas State,Sun Belt,14.0,41.0,False,2025,12,401761654,2572,326
2025-11-15,2025-11-15T18:00Z,Arizona State,Big 12,West Virginia,Big 12,25.0,23.0,False,2025,12,401756948,9,277
2025-11-15,2025-11-15T20:30Z,Texas Tech,Big 12,UCF,Big 12,48.0,9.0,False,2025,12,401756953,2641,2116
2025-11-15,2025-11-15T19:00Z,Georgia State,Sun Belt,Marshall,Sun Belt,18.0,30.0,False,2025,12,401761651,2247,276
2025-11-15,2025-11-15T19:00Z,UAB,American,North Texas,American,24.0,53.0,False,2025,12,401762506,5,249
2025-11-15,2025-11-15T20:00Z,Missouri State,CUSA,UTEP,CUSA,38.0,24.0,False,2025,12,401757304,2623,2638
2025-11-15,2025-11-15T20:00Z,New Mexico,Mountain West,Colorado State,Mountain West,20.0,17.0,False,2025,12,401760411,167,36
2025-11-15,2025-11-15T20:30Z,Illinois,Big Ten,Maryland,Big Ten,24.0,6.0,False,2025,12,401752906,356,120
2025-11-15,2025-11-15T20:30Z,Western Kentucky,CUSA,Middle Tennessee,CUSA,42.0,26.0,False,2025,12,401757303,98,2393
2025-11-15,2025-11-15T17:45Z,LSU,SEC,Arkansas,SEC,23.0,22.0,False,2025,12,401752768,99,8
2025-11-15,2025-11-15T20:30Z,Nevada,Mountain West,San José State,Mountain West,55.0,10.0,False,2025,12,401760413,2440,23
2025-11-15,2025-11-15T18:00Z,Tulsa,American,Oregon State,Pac-12,31.0,14.0,False,2025,12,401752945,202,204
2025-11-15,2025-11-15T20:30Z,James Madison,Sun Belt,App State,Sun Belt,58.0,10.0,False,2025,12,401761652,256,2026
2025-11-15,2025-11-15T21:00Z,Tulane,American,Florida Atlantic,American,35.0,24.0,False,2025,12,401762509,2655,2226
2025-11-15,2025-11-15T20:30Z,UL Monroe,Sun Belt,South Alabama,Sun Belt,14.0,26.0,False,2025,12,401761653,2433,6
2025-11-15,2025-11-15T20:30Z,Alabama,SEC,Oklahoma,SEC,21.0,23.0,False,2025,12,401752765,333,201
2025-11-15,2025-11-15T17:00Z,Texas A&M,SEC,South Carolina,SEC,31.0,30.0,False,2025,12,401752772,245,2579
2025-11-15,2025-11-15T21:00Z,East Carolina,American,Memphis,American,31.0,27.0,False,2025,12,401762508,151,235
2025-11-15,2025-11-16T00:30Z,Ohio State,Big Ten,UCLA,Big Ten,48.0,10.0,False,2025,12,401752900,194,26
2025-11-15,2025-11-15T17:00Z,Indiana,Big Ten,Wisconsin,Big Ten,31.0,7.0,False,2025,12,401752901,84,275
2025-11-15,2025-11-15T17:00Z,UConn,FBS Indep.,Air Force,Mountain West,26.0,16.0,False,2025,12,401757174,41,2005
2025-11-15,2025-11-16T00:00Z,Ole Miss,SEC,Florida,SEC,34.0,24.0,False,2025,12,401752769,145,57
2025-11-15,2025-11-15T17:00Z,Ball State,MAC,Eastern Michigan,MAC,9.0,24.0,False,2025,12,401762861,2050,2199
2025-11-15,2025-11-15T20:30Z,Michigan State,Big Ten,Penn State,Big Ten,10.0,28.0,False,2025,12,401752903,127,213
2025-11-15,2025-11-16T00:30Z,Georgia,SEC,Texas,SEC,35.0,10.0,False,2025,12,401752766,61,251
2025-11-18,2025-11-19T00:00Z,Bowling Green,MAC,Akron,MAC,16.0,19.0,False,2025,13,401762862,189,2006
2025-11-18,2025-11-19T00:00Z,Northern Illinois,MAC,Western Michigan,MAC,19.0,35.0,False,2025,13,401762864,2459,2711
2025-11-18,2025-11-19T00:15Z,Ohio,MAC,Massachusetts,MAC,42.0,14.0,False,2025,13,401762863,195,113
2025-11-19,2025-11-20T00:00Z,Buffalo,MAC,Miami (OH),MAC,20.0,37.0,False,2025,13,401762865,2084,193
2025-11-19,2025-11-20T00:00Z,Kent State,MAC,Central Michigan,MAC,16.0,28.0,False,2025,13,401762866,2309,2117
2025-11-20,2025-11-21T00:30Z,Arkansas State,Sun Belt,Louisiana,Sun Belt,30.0,34.0,False,2025,13,401761655,2032,309
2025-11-21,2025-11-22T01:00Z,NC State,ACC,Florida State,ACC,21.0,11.0,False,2025,13,401754598,152,52
2025-11-21,2025-11-22T03:30Z,UNLV,Mountain West,Hawai'i,Mountain West,38.0,10.0,False,2025,13,401760418,2439,62
2025-11-22,2025-11-22T17:45Z,Georgia,SEC,Charlotte,American,35.0,3.0,False,2025,13,401752776,61,2429
2025-11-22,2025-11-22T21:00Z,Maryland,Big Ten,Michigan,Big Ten,20.0,45.0,False,2025,13,401752914,120,130
2025-11-22,2025-11-22T17:00Z,Ohio State,Big Ten,Rutgers,Big Ten,42.0,9.0,False,2025,13,401752912,194,164
2025-11-22,2025-11-23T00:00Z,Georgia Tech,ACC,Pittsburgh,ACC,28.0,42.0,False,2025,13,401754601,59,221
2025-11-22,2025-11-22T20:30Z,Vanderbilt,SEC,Kentucky,SEC,45.0,17.0,False,2025,13,401752782,238,96
2025-11-22,2025-11-22T17:00Z,Virginia Tech,ACC,Miami,ACC,17.0,34.0,False,2025,13,401754603,259,2390
2025-11-22,2025-11-23T01:00Z,Cincinnati,Big 12,BYU,Big 12,14.0,26.0,False,2025,13,401756955,2132,252
2025-11-22,2025-11-22T19:00Z,Alabama,SEC,Eastern Illinois,Other/FCS,56.0,0.0,False,2025,13,401752773,333,2197
2025-11-22,2025-11-22T17:00Z,Oklahoma,SEC,Missouri,SEC,17.0,6.0,False,2025,13,401752778,201,142
2025-11-22,2025-11-22T19:00Z,Kennesaw State,CUSA,Missouri State,CUSA,41.0,34.0,False,2025,13,401757306,338,2623
2025-11-22,2025-11-22T17:00Z,Iowa State,Big 12,Kansas,Big 12,38.0,14.0,False,2025,13,401756958,66,2305
2025-11-22,2025-11-22T21:00Z,Utah,Big 12,Kansas State,Big 12,51.0,47.0,False,2025,13,401756960,254,2306
2025-11-22,2025-11-22T20:30Z,Texas,SEC,Arkansas,SEC,52.0,37.0,False,2025,13,401752780,251,8
2025-11-22,2025-11-22T20:30Z,Notre Dame,FBS Indep.,Syracuse,ACC,70.0,7.0,False,2025,13,401754604,87,183
2025-11-22,2025-11-22T20:45Z,Temple,American,Tulane,American,13.0,37.0,False,2025,13,401762515,218,2655
2025-11-22,2025-11-23T00:30Z,Wisconsin,Big Ten,Illinois,Big Ten,27.0,10.0,False,2025,13,401752915,275,356
2025-11-22,2025-11-23T00:30Z,Florida,SEC,Tennessee,SEC,11.0,31.0,False,2025,13,401752775,57,2633
2025-11-22,2025-11-22T21:00Z,Houston,Big 12,TCU,Big 12,14.0,17.0,False,2025,13,401756957,248,2628
2025-11-22,2025-11-22T18:00Z,Arizona,Big 12,Baylor,Big 12,41.0,17.0,False,2025,13,401756954,12,239
2025-11-22,2025-11-22T18:00Z,James Madison,Sun Belt,Washington State,Pac-12,24.0,20.0,False,2025,13,401752954,256,265
2025-11-22,2025-11-22T17:00Z,Army,American,Tulsa,American,25.0,26.0,False,2025,13,401762512,349,202
2025-11-22,2025-11-22T18:00Z,Georgia Southern,Sun Belt,Old Dominion,Sun Belt,10.0,45.0,False,2025,13,401761657,290,295
2025-11-22,2025-11-22T17:00Z,Wake Forest,ACC,Delaware,CUSA,52.0,14.0,False,2025,13,401754606,154,48
2025-11-22,2025-11-22T17:00Z,SMU,ACC,Louisville,ACC,38.0,6.0,False,2025,13,401754602,2567,97
2025-11-22,2025-11-22T17:00Z,Northwestern,Big Ten,Minnesota,Big Ten,38.0,35.0,False,2025,13,401752909,77,135
2025-11-22,2025-11-23T01:00Z,Colorado,Big 12,Arizona State,Big 12,17.0,42.0,False,2025,13,401756956,38,9
2025-11-22,2025-11-22T20:30Z,Oregon,Big Ten,USC,Big Ten,42.0,27.0,False,2025,13,401752911,2483,30
2025-11-22,2025-11-22T17:00Z,Texas A&M,SEC,Samford,Other/FCS,48.0,0.0,False,2025,13,401752781,245,2535
2025-11-22,2025-11-22T21:00Z,Troy,Sun Belt,Georgia State,Sun Belt,31.0,19.0,False,2025,13,401761660,2653,2247
2025-11-22,2025-11-23T03:30Z,San Diego State,Mountain West,San José State,Mountain West,25.0,3.0,False,2025,13,401760420,21,23
2025-11-22,2025-11-22T19:00Z,Auburn,SEC,Mercer,Other/FCS,62.0,17.0,False,2025,13,401752774,2,2382
2025-11-22,2025-11-22T21:00Z,UCF,Big 12,Oklahoma State,Big 12,17.0,14.0,False,2025,13,401756959,2116,197
2025-11-22,2025-11-22T20:00Z,UTEP,CUSA,New Mexico State,CUSA,31.0,34.0,False,2025,13,401757309,2638,166
2025-11-22,2025-11-22T20:30Z,UTSA,American,East Carolina,American,58.0,24.0,False,2025,13,401762513,2636,151
2025-11-22,2025-11-22T20:00Z,Louisiana Tech,CUSA,Liberty,CUSA,34.0,28.0,False,2025,13,401757307,2348,2335
2025-11-22,2025-11-22T20:00Z,Middle Tennessee,CUSA,Sam Houston,CUSA,31.0,17.0,False,2025,13,401757308,2393,2534
2025-11-22,2025-11-22T20:00Z,UAB,American,South Florida,American,18.0,48.0,False,2025,13,401762511,5,58
2025-11-22,2025-11-22T20:30Z,Iowa,Big Ten,Michigan State,Big Ten,20.0,17.0,False,2025,13,401752913,2294,127
2025-11-22,2025-11-22T20:30Z,South Alabama,Sun Belt,Southern Miss,Sun Belt,42.0,35.0,False,2025,13,401761658,6,2572
2025-11-22,2025-11-22T20:30Z,Florida International,CUSA,Jacksonville State,CUSA,27.0,21.0,False,2025,13,401757305,2229,55
2025-11-22,2025-11-23T00:30Z,Stanford,ACC,California,ACC,31.0,10.0,False,2025,13,401754599,24,25
2025-11-22,2025-11-22T19:30Z,App State,Sun Belt,Marshall,Sun Belt,26.0,24.0,False,2025,13,401761656,2026,276
2025-11-22,2025-11-22T20:30Z,North Carolina,ACC,Duke,ACC,25.0,32.0,False,2025,13,401754600,153,150
2025-11-22,2025-11-22T21:30Z,Clemson,ACC,Furman,Other/FCS,45.0,10.0,False,2025,13,401754605,228,231
2025-11-22,2025-11-22T20:00Z,Florida Atlantic,American,UConn,FBS Indep.,45.0,48.0,False,2025,13,401757175,2226,41
2025-11-22,2025-11-23T00:00Z,Air Force,Mountain West,New Mexico,Mountain West,3.0,20.0,False,2025,13,401760415,2005,167
2025-11-22,2025-11-23T00:00Z,Penn State,Big Ten,Nebraska,Big Ten,37.0,10.0,False,2025,13,401752908,213,158
2025-11-22,2025-11-22T19:00Z,Toledo,MAC,Ball State,MAC,38.0,9.0,False,2025,13,401762867,2649,2050
2025-11-22,2025-11-23T00:00Z,Boise State,Mountain West,Colorado State,Mountain West,49.0,21.0,False,2025,13,401760416,68,36
2025-11-22,2025-11-22T22:00Z,Texas State,Sun Belt,UL Monroe,Sun Belt,31.0,14.0,False,2025,13,401761659,326,2433
2025-11-22,2025-11-23T00:30Z,Rice,American,North Texas,American,24.0,56.0,False,2025,13,401762514,242,249
2025-11-22,2025-11-23T00:45Z,LSU,SEC,Western Kentucky,CUSA,13.0,10.0,False,2025,13,401752777,99,98
2025-11-22,2025-11-23T03:30Z,UCLA,Big Ten,Washington,Big Ten,14.0,48.0,False,2025,13,401752910,26,264
2025-11-22,2025-11-22T21:15Z,South Carolina,SEC,Coastal Carolina,Sun Belt,51.0,7.0,False,2025,13,401752779,2579,324
2025-11-22,2025-11-22T19:00Z,Wyoming,Mountain West,Nevada,Mountain West,7.0,13.0,False,2025,13,401760419,2751,2440
2025-11-22,2025-11-23T03:30Z,Fresno State,Mountain West,Utah State,Mountain West,17.0,28.0,False,2025,13,401760417,278,328
2025-11-25,2025-11-25T21:30Z,Massachusetts,MAC,Bowling Green,MAC,14.0,45.0,False,2025,14,401762868,113,189
2025-11-25,2025-11-26T00:30Z,Eastern Michigan,MAC,Western Michigan,MAC,21.0,31.0,False,2025,14,401762869,2199,2711
2025-11-27,2025-11-28T00:30Z,Memphis,American,Navy,American,17.0,28.0,False,2025,14,401762516,235,2426
2025-11-28,2025-11-28T20:30Z,North Texas,American,Temple,American,52.0,25.0,False,2025,14,401762442,249,218
2025-11-28,2025-11-29T02:00Z,Arizona State,Big 12,Arizona,Big 12,7.0,23.0,False,2025,14,401756961,9,12
2025-11-28,2025-11-28T20:30Z,New Mexico,Mountain West,San Diego State,Mountain West,23.0,17.0,False,2025,14,401760426,167,21
2025-11-28,2025-11-29T00:30Z,Purdue,Big Ten,Indiana,Big Ten,3.0,56.0,False,2025,14,401752924,2509,84
2025-11-28,2025-11-29T00:30Z,Texas,SEC,Texas A&M,SEC,27.0,17.0,False,2025,14,401752792,251,245
2025-11-28,2025-11-28T20:00Z,Colorado State,Mountain West,Air Force,Mountain West,21.0,42.0,False,2025,14,401760421,36,2005
2025-11-28,2025-11-28T17:00Z,Nebraska,Big Ten,Iowa,Big Ten,16.0,40.0,False,2025,14,401752916,158,2294
2025-11-28,2025-11-28T17:00Z,Buffalo,MAC,Ohio,MAC,26.0,31.0,False,2025,14,401762870,2084,195
2025-11-28,2025-11-28T17:00Z,Northern Illinois,MAC,Kent State,MAC,31.0,35.0,False,2025,14,401762871,2459,2309
2025-11-28,2025-11-28T20:30Z,Georgia Tech,ACC,Georgia,SEC,9.0,16.0,True,2025,14,401752786,59,61
2025-11-28,2025-11-28T21:00Z,Utah State,Mountain West,Boise State,Mountain West,24.0,25.0,False,2025,14,401760422,328,68
2025-11-28,2025-11-28T17:00Z,Kansas,Big 12,Utah,Big 12,21.0,31.0,False,2025,14,401756964,2305,254
2025-11-28,2025-11-28T17:00Z,Mississippi State,SEC,Ole Miss,SEC,19.0,38.0,False,2025,14,401752788,344,145
2025-11-29,2025-11-30T01:00Z,California,ACC,SMU,ACC,38.0,35.0,False,2025,14,401754609,25,2567
2025-11-29,2025-11-29T19:00Z,Old Dominion,Sun Belt,Georgia State,Sun Belt,27.0,10.0,False,2025,14,401761664,295,2247
2025-11-29,2025-11-30T00:30Z,USC,Big Ten,UCLA,Big Ten,29.0,10.0,False,2025,14,401752919,30,26
2025-11-29,2025-11-29T20:30Z,Tennessee,SEC,Vanderbilt,SEC,24.0,45.0,False,2025,14,401752791,2633,238
2025-11-29,2025-11-30T03:30Z,Stanford,ACC,Notre Dame,FBS Indep.,20.0,49.0,False,2025,14,401754614,24,87
2025-11-29,2025-11-30T00:30Z,Auburn,SEC,Alabama,SEC,20.0,27.0,False,2025,14,401752784,2,333
2025-11-29,2025-11-29T20:30Z,Oklahoma,SEC,LSU,SEC,17.0,13.0,False,2025,14,401752789,201,99
2025-11-29,2025-11-29T20:30Z,Washington,Big Ten,Oregon,Big Ten,14.0,26.0,False,2025,14,401752917,264,2483
2025-11-29,2025-11-29T17:00Z,Pittsburgh,ACC,Miami,ACC,7.0,38.0,False,2025,14,401754611,221,2390
2025-11-29,2025-11-29T19:00Z,Missouri State,CUSA,Louisiana Tech,CUSA,30.0,42.0,False,2025,14,401757314,2623,2348
2025-11-29,2025-11-29T19:00Z,Jacksonville State,CUSA,Western Kentucky,CUSA,37.0,34.0,False,2025,14,401757312,55,98
2025-11-29,2025-11-30T00:30Z,Tulane,American,Charlotte,American,27.0,0.0,False,2025,14,401762518,2655,2429
2025-11-29,2025-11-29T18:00Z,BYU,Big 12,UCF,Big 12,41.0,21.0,False,2025,14,401756963,252,2116
2025-11-29,2025-11-29T17:00Z,Central Michigan,MAC,Toledo,MAC,3.0,21.0,False,2025,14,401762872,2117,2649
2025-11-29,2025-11-29T18:00Z,Delaware,CUSA,UTEP,CUSA,61.0,31.0,False,2025,14,401757310,48,2638
2025-11-29,2025-11-29T17:00Z,Oklahoma State,Big 12,Iowa State,Big 12,13.0,20.0,False,2025,14,401756966,197,66
2025-11-29,2025-11-29T17:00Z,Kansas State,Big 12,Colorado,Big 12,24.0,14.0,False,2025,14,401756965,2306,38
2025-11-29,2025-11-29T17:00Z,Baylor,Big 12,Houston,Big 12,24.0,31.0,False,2025,14,401756962,239,248
2025-11-29,2025-11-29T17:00Z,South Carolina,SEC,Clemson,ACC,14.0,28.0,False,2025,14,401752790,2579,228
2025-11-29,2025-11-29T17:00Z,Florida Atlantic,American,East Carolina,American,3.0,42.0,False,2025,14,401762519,2226,151
2025-11-29,2025-11-29T17:00Z,Michigan,Big Ten,Ohio State,Big Ten,9.0,27.0,False,2025,14,401752921,130,194
2025-11-29,2025-11-29T18:30Z,Marshall,Sun Belt,Georgia Southern,Sun Belt,19.0,24.0,False,2025,14,401761663,276,290
2025-11-29,2025-11-29T17:00Z,Louisville,ACC,Kentucky,SEC,41.0,0.0,False,2025,14,401752787,97,96
2025-11-29,2025-11-29T20:00Z,Syracuse,ACC,Boston College,ACC,12.0,34.0,False,2025,14,401754608,183,103
2025-11-29,2025-11-30T00:00Z,Virginia,ACC,Virginia Tech,ACC,27.0,7.0,False,2025,14,401754613,258,259
2025-11-29,2025-11-29T18:00Z,Sam Houston,CUSA,Florida International,CUSA,16.0,56.0,False,2025,14,401757311,2534,2229
2025-11-29,2025-11-29T17:00Z,Miami (OH),MAC,Ball State,MAC,45.0,24.0,False,2025,14,401762875,193,2050
2025-11-29,2025-11-29T20:30Z,Liberty,CUSA,Kennesaw State,CUSA,42.0,48.0,False,2025,14,401757313,2335,338
2025-11-29,2025-11-29T20:30Z,Arkansas,SEC,Missouri,SEC,17.0,31.0,False,2025,14,401752783,8,142
2025-11-29,2025-11-29T20:30Z,TCU,Big 12,Cincinnati,Big 12,45.0,23.0,False,2025,14,401756967,2628,2132
2025-11-29,2025-11-29T20:00Z,Louisiana,Sun Belt,UL Monroe,Sun Belt,30.0,27.0,False,2025,14,401761665,309,2433
2025-11-29,2025-11-29T20:00Z,New Mexico State,CUSA,Middle Tennessee,CUSA,24.0,31.0,False,2025,14,401757315,166,2393
2025-11-29,2025-11-29T20:00Z,Tulsa,American,UAB,American,24.0,31.0,False,2025,14,401762517,202,5
2025-11-29,2025-11-29T20:30Z,Minnesota,Big Ten,Wisconsin,Big Ten,17.0,7.0,False,2025,14,401752918,135,275
2025-11-29,2025-11-29T20:30Z,Rutgers,Big Ten,Penn State,Big Ten,36.0,40.0,False,2025,14,401752920,164,213
2025-11-29,2025-11-29T20:30Z,Duke,ACC,Wake Forest,ACC,49.0,32.0,False,2025,14,401754610,150,154
2025-11-29,2025-11-29T20:00Z,Texas State,Sun Belt,South Alabama,Sun Belt,49.0,26.0,False,2025,14,401761667,326,6
2025-11-29,2025-11-30T00:00Z,Michigan State,Big Ten,Maryland,Big Ten,38.0,28.0,True,2025,14,401752923,127,120
2025-11-29,2025-11-29T17:00Z,West Virginia,Big 12,Texas Tech,Big 12,0.0,49.0,False,2025,14,401756968,277,2641
2025-11-29,2025-11-29T20:45Z,Coastal Carolina,Sun Belt,James Madison,Sun Belt,10.0,59.0,False,2025,14,401761662,324,256
2025-11-29,2025-11-29T23:30Z,Washington State,Pac-12,Oregon State,Pac-12,32.0,8.0,False,2025,14,401752946,265,204
2025-11-29,2025-11-29T21:30Z,Florida,SEC,Florida State,ACC,40.0,21.0,False,2025,14,401752785,57,52
2025-11-29,2025-11-29T20:30Z,UTSA,American,Army,American,24.0,27.0,False,2025,14,401762441,2636,349
2025-11-29,2025-11-30T00:00Z,South Florida,American,Rice,American,52.0,3.0,False,2025,14,401762520,58,242
2025-11-29,2025-11-30T00:30Z,Illinois,Big Ten,Northwestern,Big Ten,20.0,13.0,False,2025,14,401752922,356,77
2025-11-29,2025-11-30T00:30Z,NC State,ACC,North Carolina,ACC,42.0,19.0,False,2025,14,401754612,152,153
2025-11-29,2025-11-30T02:00Z,Nevada,Mountain West,UNLV,Mountain West,17.0,42.0,False,2025,14,401760425,2440,2439
2025-11-29,2025-11-30T03:30Z,San José State,Mountain West,Fresno State,Mountain West,14.0,41.0,False,2025,14,401760423,23,278
2025-11-29,2025-11-30T04:00Z,Hawai'i,Mountain West,Wyoming,Mountain West,27.0,7.0,False,2025,14,401760424,62,2751
2025-11-29,2025-11-29T20:30Z,Southern Miss,Sun Belt,Troy,Sun Belt,18.0,28.0,False,2025,14,401761666,2572,2653
2025-11-29,2025-11-29T19:30Z,App State,Sun Belt,Arkansas State,Sun Belt,29.0,30.0,False,2025,14,401761661,2026,2032
2025-12-05,2025-12-06T00:00Z,Jacksonville State,CUSA,Kennesaw State,CUSA,15.0,19.0,False,2025,15,401777325,55,338
2025-12-05,2025-12-06T01:00Z,Boise State,Mountain West,UNLV,Mountain West,38.0,21.0,False,2025,15,401777326,68,2439
2025-12-05,2025-12-06T00:00Z,James Madison,Sun Belt,Troy,Sun Belt,31.0,14.0,False,2025,15,401777352,256,2653
2025-12-05,2025-12-06T01:00Z,Tulane,American,North Texas,American,34.0,21.0,False,2025,15,401777324,2655,249
2025-12-06,2025-12-07T01:00Z,Ohio State,Big Ten,Indiana,Big Ten,10.0,13.0,True,2025,15,401777353,194,84
2025-12-06,2025-12-06T21:00Z,Alabama,SEC,Georgia,SEC,7.0,28.0,True,2025,15,401777351,333,61
2025-12-06,2025-12-06T17:00Z,Texas Tech,Big 12,BYU,Big 12,34.0,7.0,True,2025,15,401777327,2641,252
2025-12-06,2025-12-06T17:00Z,Western Michigan,MAC,Miami (OH),MAC,23.0,13.0,True,2025,15,401777329,2711,193
2025-12-06,2025-12-07T01:00Z,Virginia,ACC,Duke,ACC,20.0,27.0,True,2025,15,401777328,258,150
2025-12-13,2025-12-13T20:00Z,Navy,American,Army,American,17.0,16.0,True,2025,16,401762521,2426,349
2025-12-13,2025-12-14T01:00Z,Washington,Big Ten,Boise State,Mountain West,38.0,10.0,True,2025,1,401778302,264,68
2025-12-16,2025-12-17T02:00Z,Jacksonville State,CUSA,Troy,Sun Belt,17.0,13.0,True,2025,1,401778303,55,2653
2025-12-17,2025-12-17T22:00Z,South Florida,American,Old Dominion,Sun Belt,10.0,24.0,True,2025,1,401778304,58,295
2025-12-17,2025-12-18T01:40Z,Delaware,CUSA,Louisiana,Sun Belt,20.0,13.0,True,2025,1,401778305,48,309
2025-12-18,2025-12-19T02:00Z,Arkansas State,Sun Belt,Missouri State,CUSA,34.0,28.0,True,2025,1,401838053,2032,2623
2025-12-19,2025-12-20T01:00Z,Oklahoma,SEC,Alabama,SEC,24.0,34.0,False,2025,1,401779840,201,333
2025-12-19,2025-12-19T16:00Z,Western Michigan,MAC,Kennesaw State,CUSA,41.0,6.0,True,2025,1,401778306,2711,338
2025-12-19,2025-12-19T19:30Z,NC State,ACC,Memphis,American,31.0,7.0,True,2025,1,401778307,152,235
2025-12-20,2025-12-20T17:00Z,Texas A&M,SEC,Miami,ACC,3.0,10.0,False,2025,1,401779841,245,2390
2025-12-20,2025-12-21T00:30Z,Oregon,Big Ten,James Madison,Sun Belt,51.0,34.0,False,2025,1,401779843,2483,256
2025-12-20,2025-12-20T20:30Z,Ole Miss,SEC,Tulane,American,41.0,10.0,False,2025,1,401779842,145,2655
2025-12-22,2025-12-22T19:00Z,Utah State,Mountain West,Washington State,Pac-12,21.0,34.0,True,2025,1,401778308,328,265
2025-12-23,2025-12-23T19:00Z,Louisville,ACC,Toledo,MAC,27.0,22.0,True,2025,1,401778309,97,2649
2025-12-23,2025-12-23T22:30Z,Southern Miss,Sun Belt,Western Kentucky,CUSA,16.0,27.0,True,2025,1,401778310,2572,98
2025-12-23,2025-12-24T02:00Z,Ohio,MAC,UNLV,Mountain West,17.0,10.0,True,2025,1,401778311,195,2439
2025-12-24,2025-12-25T01:00Z,Hawai'i,Mountain West,California,ACC,35.0,31.0,False,2025,1,401778312,62,25
2025-12-26,2025-12-26T18:00Z,Northwestern,Big Ten,Central Michigan,MAC,34.0,7.0,True,2025,1,401778313,77,2117
2025-12-26,2025-12-27T01:00Z,UTSA,American,Florida International,CUSA,57.0,20.0,True,2025,1,401778315,2636,2229
2025-12-26,2025-12-26T21:30Z,Minnesota,Big Ten,New Mexico,Mountain West,20.0,17.0,True,2025,1,401778314,135,167
2025-12-27,2025-12-27T17:00Z,Clemson,ACC,Penn State,Big Ten,10.0,22.0,True,2025,1,401778317,228,213
2025-12-27,2025-12-27T19:15Z,Army,American,UConn,FBS Indep.,41.0,16.0,True,2025,1,401778318,349,41
2025-12-27,2025-12-27T21:30Z,Fresno State,Mountain West,Miami (OH),MAC,18.0,3.0,True,2025,1,401778320,278,193
2025-12-27,2025-12-27T16:00Z,East Carolina,American,Pittsburgh,ACC,23.0,17.0,True,2025,1,401778316,151,221
2025-12-27,2025-12-28T00:30Z,Missouri,SEC,Virginia,ACC,7.0,13.0,True,2025,1,401778322,142,258
2025-12-27,2025-12-28T02:20Z,Houston,Big 12,LSU,SEC,38.0,35.0,True,2025,1,401778323,248,99
2025-12-27,2025-12-27T20:40Z,BYU,Big 12,Georgia Tech,ACC,25.0,21.0,True,2025,1,401778319,252,59
2025-12-27,2025-12-27T22:45Z,San Diego State,Mountain West,North Texas,American,47.0,49.0,True,2025,1,401778321,21,249
2025-12-29,2025-12-29T19:00Z,App State,Sun Belt,Georgia Southern,Sun Belt,10.0,29.0,True,2025,1,401778324,2026,290
2025-12-30,2025-12-31T02:00Z,TCU,Big 12,USC,Big Ten,30.0,27.0,True,2025,1,401778327,2628,30
2025-12-30,2025-12-30T19:00Z,Louisiana Tech,CUSA,Coastal Carolina,Sun Belt,23.0,14.0,True,2025,1,401778325,2348,324
2025-12-30,2025-12-30T22:30Z,Illinois,Big Ten,Tennessee,SEC,30.0,28.0,True,2025,1,401778326,356,2633
2025-12-31,2025-12-31T19:00Z,Duke,ACC,Arizona State,Big 12,42.0,39.0,True,2025,1,401778329,150,9
2025-12-31,2025-12-31T17:00Z,Vanderbilt,SEC,Iowa,Big Ten,27.0,34.0,True,2025,1,401778328,238,2294
2025-12-31,2025-12-31T20:30Z,Utah,Big 12,Nebraska,Big Ten,44.0,22.0,True,2025,1,401778331,254,158
2025-12-31,2026-01-01T00:30Z,Ohio State,Big Ten,Miami,ACC,14.0,24.0,True,2025,1,401769070,194,2390
2025-12-31,2025-12-31T20:00Z,Texas,SEC,Michigan,Big Ten,41.0,27.0,True,2025,1,401778330,251,130
2026-01-01,2026-01-01T21:00Z,Indiana,Big Ten,Alabama,SEC,38.0,3.0,True,2025,1,401769072,84,333
2026-01-01,2026-01-01T17:00Z,Texas Tech,Big 12,Oregon,Big Ten,0.0,23.0,True,2025,1,401769071,2641,2483
2026-01-01,2026-01-02T01:00Z,Georgia,SEC,Ole Miss,SEC,34.0,39.0,True,2025,1,401769073,61,145
2026-01-02,2026-01-03T01:00Z,Mississippi State,SEC,Wake Forest,ACC,29.0,43.0,True,2025,1,401778334,344,154
2026-01-02,2026-01-02T18:00Z,Texas State,Sun Belt,Rice,American,41.0,10.0,True,2025,1,401778332,326,242
2026-01-02,2026-01-02T21:30Z,Cincinnati,Big 12,Navy,American,13.0,35.0,True,2025,1,401778333,2132,2426
2026-01-02,2026-01-03T01:00Z,SMU,ACC,Arizona,Big 12,24.0,19.0,True,2025,1,401831583,2567,12
2026-01-08,2026-01-09T00:30Z,Ole Miss,SEC,Miami,ACC,27.0,31.0,True,2025,1,401769075,145,2390
2026-01-09,2026-01-10T00:30Z,Indiana,Big Ten,Oregon,Big Ten,56.0,22.0,True,2025,1,401769074,84,2483
2026-01-19,2026-01-20T00:30Z,Indiana,Big Ten,Miami,ACC,27.0,21.0,True,2025,1,401769076,84,2390
2026-08-27,2026-08-27T23:00Z,Minot State,Other/FCS,Emporia State,Other/FCS,30.0,36.0,False,2026,1,401907356,568,2214
2026-08-27,2026-08-27T23:00Z,Texas Wesleyan,Other/FCS,Central Oklahoma,Other/FCS,7.0,59.0,False,2026,1,401907346,102626,2122
2026-08-27,2026-08-27T23:00Z,Presbyterian,Other/FCS,UVA Wise,Other/FCS,47.0,37.0,False,2026,1,401868273,2506,2842
2026-08-27,2026-08-27T23:00Z,Austin Peay,Other/FCS,Gardner-Webb,Other/FCS,35.0,17.0,False,2026,1,401868060,2046,2241
2026-08-27,2026-08-27T23:00Z,Nicholls,Other/FCS,Mississippi Valley State,Other/FCS,44.0,10.0,False,2026,1,401868962,2447,2400
2026-08-27,2026-08-27T23:00Z,Nebraska Kearney,Other/FCS,Wayne State (NE),Other/FCS,20.0,21.0,False,2026,1,401907381,2438,2844
2026-08-27,2026-08-27T23:30Z,Drake,Other/FCS,South Dakota Mines,Other/FCS,35.0,38.0,False,2026,1,401868254,2181,613
2026-08-27,2026-08-27T23:30Z,Concordia St. Paul,Other/FCS,Quincy,Other/FCS,38.0,21.0,False,2026,1,401907234,3066,2825
2026-08-27,2026-08-27T23:30Z,UT Martin,Other/FCS,Central Arkansas,Other/FCS,24.0,36.0,False,2026,1,401868070,2630,2110
2026-08-27,2026-08-27T23:00Z,Southwest Baptist,Other/FCS,William Woods,Other/FCS,63.0,6.0,False,2026,1,401907239,2586,129741
2026-08-27,2026-08-28T00:00Z,Pittsburg State,Other/FCS,Ferris State,Other/FCS,14.0,42.0,False,2026,1,401907007,90,2222
2026-08-27,2026-08-27T23:00Z,Saginaw Valley State,Other/FCS,McKendree,Other/FCS,48.0,24.0,False,2026,1,401906902,129,2816
2026-08-27,2026-08-28T00:00Z,West Texas,Other/FCS,Western Colorado,Other/FCS,21.0,52.0,False,2026,1,401907161,2704,2714
2026-08-27,2026-08-28T00:00Z,Adams State,Other/FCS,Western New Mexico,Other/FCS,45.0,62.0,False,2026,1,401907099,2001,2703
2026-08-27,2026-08-28T00:00Z,Angelo State,Other/FCS,Fort Hays,Other/FCS,14.0,35.0,False,2026,1,401907275,2025,2231
2026-08-27,2026-08-28T00:00Z,Missouri Western,Other/FCS,Augustana (SD),Other/FCS,58.0,63.0,False,2026,1,401907376,137,2043
2026-08-27,2026-08-28T00:00Z,CSU Pueblo,Other/FCS,Central Missouri,Other/FCS,44.0,25.0,False,2026,1,401907144,2570,2118
2026-08-27,2026-08-28T00:00Z,New Mexico Highlands,Other/FCS,Eastern New Mexico,Other/FCS,35.0,34.0,False,2026,1,401907155,2424,2201
2026-08-27,2026-08-28T00:00Z,Northwestern State,Other/FCS,Louisiana Christian,Other/FCS,37.0,42.0,False,2026,1,401869128,2466,2347
2026-08-27,2026-08-28T00:00Z,Southwest Minnesota State,Other/FCS,Valley City State,Other/FCS,10.0,7.0,False,2026,1,401907724,2587,628
2026-08-27,2026-08-28T00:00Z,Colorado Mesa,Other/FCS,Minnesota State,Other/FCS,14.0,38.0,False,2026,1,401907129,11,2364
2026-08-27,2026-08-28T00:30Z,University of Mary,Other/FCS,Rocky Mountain,Other/FCS,10.0,23.0,True,2026,1,401907702,559,2826
2026-08-27,2026-08-27T23:00Z,Western Illinois,Other/FCS,Northwestern (IA),Other/FCS,65.0,14.0,False,2026,1,401868204,2710,2471
2026-08-27,2026-08-28T00:00Z,North Dakota,Other/FCS,Long Island University,Other/FCS,42.0,21.0,False,2026,1,401867874,155,2341
2026-08-27,2026-08-27T23:00Z,Davidson,Other/FCS,Concord,Other/FCS,35.0,41.0,False,2026,1,401896384,2166,2148
2026-08-27,2026-08-27T23:00Z,West Georgia,Other/FCS,Chattanooga,Other/FCS,10.0,24.0,False,2026,1,401868240,2698,236
2026-08-27,2026-08-27T23:00Z,Murray State,Other/FCS,Eastern Illinois,Other/FCS,14.0,28.0,False,2026,1,401867865,93,2197
2026-08-27,2026-08-27T22:00Z,Delaware State,Other/FCS,Stony Brook,Other/FCS,41.0,34.0,False,2026,1,401866615,2169,2619
2026-08-27,2026-08-27T22:00Z,Slippery Rock,Other/FCS,Minnesota Duluth,Other/FCS,45.0,43.0,False,2026,1,401907643,215,134
2026-08-27,2026-08-27T22:00Z,UNC Pembroke,Other/FCS,Wingate,Other/FCS,21.0,13.0,False,2026,1,401906193,2882,351
2026-08-27,2026-08-27T22:00Z,Youngstown State,Other/FCS,Mercyhurst,Other/FCS,43.0,10.0,False,2026,1,401867894,2754,2385
2026-08-27,2026-08-27T22:00Z,Tusculum,Other/FCS,Bluefield State,Other/FCS,42.0,7.0,False,2026,1,401906048,2839,124180
2026-08-27,2026-08-27T22:00Z,Towson,Other/FCS,Maine,Other/FCS,18.0,21.0,False,2026,1,401866532,119,311
2026-08-27,2026-08-27T22:00Z,Morehead State,Other/FCS,Ohio Dominican,Other/FCS,40.0,42.0,False,2026,1,401896383,2413,2477
2026-08-27,2026-08-27T22:00Z,Virginia State,Other/FCS,Barton,Other/FCS,44.0,17.0,False,2026,1,401906139,330,122666
2026-08-27,2026-08-27T22:00Z,Charleston (WV),Other/FCS,Grand Valley State,Other/FCS,10.0,38.0,False,2026,1,401907002,2128,125
2026-08-27,2026-08-27T23:00Z,West Liberty,Other/FCS,Walsh,Other/FCS,27.0,30.0,False,2026,1,401906620,2699,2682
2026-08-27,2026-08-27T23:00Z,West Florida,Other/FCS,Southern Illinois,Other/FCS,34.0,31.0,False,2026,1,401874035,110242,79
2026-08-27,2026-08-27T23:00Z,Lindenwood,Other/FCS,Charleston Southern,Other/FCS,20.0,17.0,False,2026,1,401868169,2815,2127
2026-08-27,2026-08-27T23:00Z,Valdosta State,Other/FCS,Emory & Henry,Other/FCS,38.0,10.0,False,2026,1,401906602,2673,2213
2026-08-27,2026-08-27T23:00Z,Carson Newman,Other/FCS,Tiffin,Other/FCS,41.0,38.0,False,2026,1,401906631,2105,2838
2026-08-27,2026-08-27T23:00Z,Bemidji State,Other/FCS,Michigan Tech,Other/FCS,29.0,31.0,False,2026,1,401906993,132,2392
2026-08-27,2026-08-27T23:00Z,Furman,Other/FCS,Anderson (SC),Other/FCS,20.0,3.0,False,2026,1,401868373,231,129469
2026-08-27,2026-08-27T23:00Z,Minnesota St Moorhead,Other/FCS,Northern Michigan,Other/FCS,41.0,19.0,False,2026,1,401906943,2817,128
2026-08-27,2026-08-27T23:00Z,SE Louisiana,Other/FCS,Houston Christian,Other/FCS,28.0,34.0,False,2026,1,401868315,2545,2277
2026-08-27,2026-08-27T23:00Z,St. Thomas (MN),Other/FCS,Winona State,Other/FCS,15.0,9.0,False,2026,1,401868279,2900,2851
2026-08-27,2026-08-27T23:00Z,Northern State,Other/FCS,Chadron State,Other/FCS,42.0,17.0,False,2026,1,401907120,425,2123
2026-08-27,2026-08-27T23:00Z,Sioux Falls,Other/FCS,Black Hills State,Other/FCS,21.0,24.0,False,2026,1,401907110,2894,2069
2026-08-27,2026-08-27T23:00Z,Elon,Other/FCS,Glenville State,Other/FCS,42.0,7.0,False,2026,1,401866614,2210,2249
2026-08-28,2026-08-28T23:00Z,UAlbany,Other/FCS,New Hampshire,Other/FCS,28.0,14.0,False,2026,1,401866616,399,160
2026-08-28,2026-08-28T22:00Z,Fordham,Other/FCS,Colgate,Other/FCS,14.0,24.0,False,2026,1,401868007,2230,2142
2026-08-28,2026-08-28T22:00Z,Villanova,Other/FCS,William & Mary,Other/FCS,32.0,35.0,False,2026,1,401868040,222,2729
2026-08-28,2026-08-29T01:00Z,Northern Colorado,Other/FCS,Weber State,Other/FCS,29.0,30.0,False,2026,1,401868129,2458,2692
2026-08-28,2026-08-28T22:00Z,Lenoir Rhyne,Other/FCS,Virginia Union,Other/FCS,45.0,3.0,False,2026,1,401906145,2331,2676
2026-08-28,2026-08-28T22:00Z,Merrimack,Other/FCS,Rhode Island,Other/FCS,7.0,34.0,False,2026,1,401866617,2771,227
2026-08-28,2026-08-28T22:00Z,New Haven,Other/FCS,Marist,Other/FCS,22.0,21.0,False,2026,1,401868261,2441,2368
2026-08-28,2026-08-29T02:00Z,Cal Poly,Other/FCS,Idaho,Other/FCS,38.0,34.0,False,2026,1,401868073,13,70
