event_id,date,kickoff_utc,season,week,status,home_team,home_conf,home_id,away_team,away_conf,away_id,home_score,away_score,neutral_site
401856766,2026-08-29,2026-08-29T16:00Z,2026,1,STATUS_FINAL,TCU,Big 12,2628,North Carolina,ACC,153,10.0,15.0,True
401864494,2026-08-29,2026-08-29T19:00Z,2026,1,STATUS_FINAL,USC,Big Ten,30,San José State,Mountain West,23,42.0,26.0,False
401858202,2026-08-29,2026-08-29T19:30Z,2026,1,STATUS_FINAL,Virginia,ACC,258,NC State,ACC,152,34.0,8.0,False
401864577,2026-08-29,2026-08-29T21:30Z,2026,1,STATUS_FINAL,North Dakota State,Mountain West,2449,Jacksonville State,CUSA,55,33.0,7.0,False
401866408,2026-08-29,2026-08-29T22:30Z,2026,1,STATUS_FINAL,Eastern Michigan,MAC,2199,Sacramento State,MAC,16,28.0,17.0,False
401858201,2026-08-29,2026-08-29T23:00Z,2026,1,STATUS_FINAL,Stanford,ACC,24,Hawai'i,Mountain West,62,37.0,27.0,False
401864570,2026-08-29,2026-08-29T23:00Z,2026,1,STATUS_FINAL,Florida State,ACC,52,New Mexico State,CUSA,166,34.0,17.0,False
401862693,2026-08-29,2026-08-30T02:00Z,2026,1,STATUS_FINAL,UNLV,Mountain West,2439,Memphis,American,235,21.0,27.0,False
401858423,2026-09-03,2026-09-03T22:00Z,2026,1,STATUS_FINAL,Rutgers,Big Ten,164,Massachusetts,MAC,113,21.0,37.0,False
401856767,2026-09-03,2026-09-03T23:00Z,2026,1,STATUS_FINAL,UCF,Big 12,2116,Bethune-Cookman,Other/FCS,2065,73.0,6.0,False
401864425,2026-09-03,2026-09-03T23:00Z,2026,1,STATUS_FINAL,Kennesaw State,CUSA,338,West Georgia,Other/FCS,2698,47.0,0.0,False
401864424,2026-09-03,2026-09-03T23:00Z,2026,1,STATUS_FINAL,Delaware,CUSA,48,Merrimack,Other/FCS,2771,42.0,7.0,False
401858204,2026-09-03,2026-09-03T23:00Z,2026,1,STATUS_FINAL,Wake Forest,ACC,154,Akron,MAC,2006,38.0,16.0,False
401866409,2026-09-03,2026-09-03T23:00Z,2026,1,STATUS_FINAL,Buffalo,MAC,2084,UAlbany,Other/FCS,399,21.0,17.0,False
401856663,2026-09-03,2026-09-04T00:00Z,2026,1,STATUS_FINAL,Missouri,SEC,142,Arkansas-Pine Bluff,Other/FCS,2029,54.0,14.0,False
401858422,2026-09-03,2026-09-04T00:00Z,2026,1,STATUS_FINAL,Minnesota,Big Ten,135,Eastern Illinois,Other/FCS,2197,59.0,7.0,False
401856776,2026-09-03,2026-09-04T00:00Z,2026,1,STATUS_FINAL,Georgia Tech,ACC,59,Colorado,Big 12,38,13.0,14.0,False
401856768,2026-09-03,2026-09-04T01:00Z,2026,1,STATUS_FINAL,Utah,Big 12,254,Idaho,Other/FCS,70,66.0,14.0,False
401858424,2026-09-03,2026-09-04T01:00Z,2026,1,STATUS_FINAL,Illinois,Big Ten,356,UAB,American,5,42.0,23.0,False
401864495,2026-09-04,2026-09-04T22:30Z,2026,1,STATUS_FINAL,Eastern Michigan,MAC,2199,San José State,Mountain West,23,21.0,27.0,False
401858435,2026-09-04,2026-09-04T23:00Z,2026,1,STATUS_FINAL,Purdue,Big Ten,2509,Indiana State,Other/FCS,282,44.0,19.0,False
401866623,2026-09-04,2026-09-04T23:00Z,2026,1,STATUS_FINAL,Georgia State,Sun Belt,2247,North Carolina A&T,Other/FCS,2448,59.0,10.0,False
401858429,2026-09-04,2026-09-05T00:00Z,2026,1,STATUS_FINAL,Michigan State,Big Ten,127,Toledo,MAC,2649,30.0,20.0,False
401856664,2026-09-04,2026-09-05T00:00Z,2026,1,STATUS_FINAL,Oklahoma,SEC,201,UTEP,Mountain West,2638,51.0,0.0,False
401856769,2026-09-04,2026-09-05T00:00Z,2026,1,STATUS_FINAL,Kansas,Big 12,2305,Long Island University,Other/FCS,2341,51.0,6.0,False
401858206,2026-09-04,2026-09-05T01:00Z,2026,1,STATUS_FINAL,Stanford,ACC,24,Miami,ACC,2390,6.0,45.0,False
401858436,2026-09-04,2026-09-05T01:00Z,2026,1,STATUS_FINAL,USC,Big Ten,30,Fresno State,Pac-12,278,39.0,0.0,False
401856780,2026-09-05,2026-09-05T16:00Z,2026,1,STATUS_SCHEDULED,West Virginia,Big 12,277,Coastal Carolina,Sun Belt,324,,,False
401858425,2026-09-05,2026-09-05T16:00Z,2026,1,STATUS_SCHEDULED,Indiana,Big Ten,84,North Texas,American,249,,,False
401856778,2026-09-05,2026-09-05T16:00Z,2026,1,STATUS_SCHEDULED,Houston,Big 12,248,Oregon State,Pac-12,204,,,False
401856634,2026-09-05,2026-09-05T16:00Z,2026,1,STATUS_SCHEDULED,Alabama,SEC,333,East Carolina,American,151,,,False
401862701,2026-09-05,2026-09-05T16:00Z,2026,1,STATUS_SCHEDULED,Army,American,349,Bryant,Other/FCS,2803,,,False
401861962,2026-09-05,2026-09-05T16:00Z,2026,1,STATUS_SCHEDULED,UConn,FBS Indep.,41,Lafayette,Other/FCS,322,,,False
401858208,2026-09-05,2026-09-05T16:00Z,2026,1,STATUS_SCHEDULED,Syracuse,ACC,183,New Hampshire,Other/FCS,160,,,False
401866410,2026-09-05,2026-09-05T16:00Z,2026,1,STATUS_SCHEDULED,Bowling Green,MAC,189,Tarleton State,Other/FCS,2627,,,False
401869960,2026-09-05,2026-09-05T16:00Z,2026,1,STATUS_SCHEDULED,James Madison,Sun Belt,256,Liberty,CUSA,2335,,,False
401858430,2026-09-05,2026-09-05T16:00Z,2026,1,STATUS_SCHEDULED,Nebraska,Big Ten,158,Ohio,MAC,195,,,False
401858432,2026-09-05,2026-09-05T16:30Z,2026,1,STATUS_SCHEDULED,Ohio State,Big Ten,194,Ball State,MAC,2050,,,False
401858207,2026-09-05,2026-09-05T16:30Z,2026,1,STATUS_SCHEDULED,Pittsburgh,ACC,221,Miami (OH),MAC,193,,,False
401856665,2026-09-05,2026-09-05T16:45Z,2026,1,STATUS_SCHEDULED,South Carolina,SEC,2579,Kent State,MAC,2309,,,False
401856779,2026-09-05,2026-09-05T17:00Z,2026,1,STATUS_SCHEDULED,Iowa State,Big 12,66,Southeast Missouri State,Other/FCS,2546,,,False
401856659,2026-09-05,2026-09-05T17:00Z,2026,1,STATUS_SCHEDULED,Kentucky,SEC,96,Youngstown State,Other/FCS,2754,,,False
401864496,2026-09-05,2026-09-05T17:00Z,2026,1,STATUS_SCHEDULED,Air Force,Mountain West,2005,Duquesne,Other/FCS,2184,,,False
401862698,2026-09-05,2026-09-05T18:00Z,2026,1,STATUS_SCHEDULED,Temple,American,218,Rhode Island,Other/FCS,227,,,False
401856658,2026-09-05,2026-09-05T19:00Z,2026,1,STATUS_SCHEDULED,Georgia,SEC,61,Tennessee State,Other/FCS,2634,,,False
401866627,2026-09-05,2026-09-05T19:30Z,2026,1,STATUS_SCHEDULED,App State,Sun Belt,2026,Maine,Other/FCS,311,,,False
401864499,2026-09-05,2026-09-05T19:30Z,2026,1,STATUS_SCHEDULED,North Dakota State,Mountain West,2449,Fordham,Other/FCS,2230,,,False
401856666,2026-09-05,2026-09-05T19:30Z,2026,1,STATUS_SCHEDULED,Tennessee,SEC,2633,Furman,Other/FCS,231,,,False
401858433,2026-09-05,2026-09-05T19:30Z,2026,1,STATUS_SCHEDULED,Oregon,Big Ten,2483,Boise State,Pac-12,68,,,False
401856777,2026-09-05,2026-09-05T19:30Z,2026,1,STATUS_SCHEDULED,Cincinnati,Big 12,2132,Boston College,ACC,103,,,False
401856636,2026-09-05,2026-09-05T19:30Z,2026,1,STATUS_SCHEDULED,Auburn,SEC,2,Baylor,Big 12,239,,,True
401858209,2026-09-05,2026-09-05T19:30Z,2026,1,STATUS_SCHEDULED,Duke,ACC,150,Tulane,American,2655,,,False
401856667,2026-09-05,2026-09-05T19:30Z,2026,1,STATUS_SCHEDULED,Texas,SEC,251,Texas State,Pac-12,326,,,False
401862700,2026-09-05,2026-09-05T19:30Z,2026,1,STATUS_SCHEDULED,UTSA,American,2636,UT Rio Grande Valley,Other/FCS,292,,,False
401858434,2026-09-05,2026-09-05T19:30Z,2026,1,STATUS_SCHEDULED,Penn State,Big Ten,213,Marshall,Sun Belt,276,,,False
401862694,2026-09-05,2026-09-05T19:30Z,2026,1,STATUS_SCHEDULED,Charlotte,American,2429,The Citadel,Other/FCS,2643,,,False
401862696,2026-09-05,2026-09-05T19:30Z,2026,1,STATUS_SCHEDULED,Navy,American,2426,Towson,Other/FCS,119,,,False
401856772,2026-09-05,2026-09-05T19:45Z,2026,1,STATUS_SCHEDULED,Tulsa,American,202,Oklahoma State,Big 12,197,,,False
401858426,2026-09-05,2026-09-05T20:15Z,2026,1,STATUS_SCHEDULED,Iowa,Big Ten,2294,Northern Illinois,Mountain West,2459,,,False
401856635,2026-09-05,2026-09-05T20:15Z,2026,1,STATUS_SCHEDULED,Arkansas,SEC,8,North Alabama,Other/FCS,2453,,,False
401868356,2026-09-05,2026-09-05T21:00Z,2026,1,STATUS_SCHEDULED,Southern Miss,Sun Belt,2572,Alcorn State,Other/FCS,2016,,,False
401860878,2026-09-05,2026-09-05T22:00Z,2026,1,STATUS_SCHEDULED,Colorado State,Pac-12,36,Wyoming,Mountain West,2751,,,False
401867973,2026-09-05,2026-09-05T22:00Z,2026,1,STATUS_SCHEDULED,Old Dominion,Sun Belt,295,Norfolk State,Other/FCS,2450,,,False
401862697,2026-09-05,2026-09-05T23:00Z,2026,1,STATUS_SCHEDULED,Rice,American,242,Houston Christian,Other/FCS,2277,,,False
401856669,2026-09-05,2026-09-05T23:00Z,2026,1,STATUS_SCHEDULED,Vanderbilt,SEC,238,Austin Peay,Other/FCS,2046,,,False
401856770,2026-09-05,2026-09-05T23:00Z,2026,1,STATUS_SCHEDULED,Texas Tech,Big 12,2641,Abilene Christian,Other/FCS,2000,,,False
401856771,2026-09-05,2026-09-05T23:00Z,2026,1,STATUS_SCHEDULED,Kansas State,Big 12,2306,Nicholls,Other/FCS,2447,,,False
401860880,2026-09-05,2026-09-05T23:00Z,2026,1,STATUS_SCHEDULED,Utah State,Pac-12,328,Idaho State,Other/FCS,304,,,False
401868316,2026-09-05,2026-09-05T23:00Z,2026,1,STATUS_SCHEDULED,South Alabama,Sun Belt,6,SE Louisiana,Other/FCS,2545,,,False
401868170,2026-09-05,2026-09-05T23:00Z,2026,1,STATUS_SCHEDULED,Georgia Southern,Sun Belt,290,Charleston Southern,Other/FCS,2127,,,False
401868140,2026-09-05,2026-09-05T23:00Z,2026,1,STATUS_SCHEDULED,Jacksonville State,CUSA,55,Eastern Kentucky,Other/FCS,2198,,,False
401867866,2026-09-05,2026-09-05T23:00Z,2026,1,STATUS_SCHEDULED,Middle Tennessee,CUSA,2393,Murray State,Other/FCS,93,,,False
401862695,2026-09-05,2026-09-05T23:00Z,2026,1,STATUS_SCHEDULED,Memphis,American,235,Arkansas State,Sun Belt,2032,,,False
401862699,2026-09-05,2026-09-05T23:00Z,2026,1,STATUS_SCHEDULED,South Florida,American,58,Florida International,CUSA,2229,,,False
401870763,2026-09-05,2026-09-05T23:00Z,2026,1,STATUS_SCHEDULED,Troy,Sun Belt,2653,Sam Houston,CUSA,2534,,,False
401856668,2026-09-05,2026-09-05T23:00Z,2026,1,STATUS_SCHEDULED,Texas A&M,SEC,245,Missouri State,CUSA,2623,,,False
401858211,2026-09-05,2026-09-05T23:30Z,2026,1,STATUS_SCHEDULED,Virginia Tech,ACC,259,VMI,Other/FCS,2678,,,False
401869129,2026-09-05,2026-09-05T23:30Z,2026,1,STATUS_SCHEDULED,Louisiana Tech,Sun Belt,2348,Northwestern State,Other/FCS,2466,,,False
401858428,2026-09-05,2026-09-05T23:30Z,2026,1,STATUS_SCHEDULED,Michigan,Big Ten,130,Western Michigan,MAC,2711,,,False
401856660,2026-09-05,2026-09-05T23:30Z,2026,1,STATUS_SCHEDULED,LSU,SEC,99,Clemson,ACC,228,,,False
401856662,2026-09-05,2026-09-05T23:30Z,2026,1,STATUS_SCHEDULED,Mississippi State,SEC,344,UL Monroe,Sun Belt,2433,,,False
401856637,2026-09-05,2026-09-05T23:45Z,2026,1,STATUS_SCHEDULED,Florida,SEC,57,Florida Atlantic,American,2226,,,False
401869142,2026-09-05,2026-09-06T00:00Z,2026,1,STATUS_SCHEDULED,Louisiana,Sun Belt,309,Lamar,Other/FCS,2320,,,False
401858431,2026-09-05,2026-09-06T00:00Z,2026,1,STATUS_SCHEDULED,Northwestern,Big Ten,77,South Dakota State,Other/FCS,2571,,,False
401856775,2026-09-05,2026-09-06T00:00Z,2026,1,STATUS_SCHEDULED,BYU,Big 12,252,Utah Tech,Other/FCS,3101,,,False
401858427,2026-09-05,2026-09-06T00:00Z,2026,1,STATUS_SCHEDULED,Maryland,Big Ten,120,Hampton,Other/FCS,2261,,,False
401870790,2026-09-05,2026-09-06T01:00Z,2026,1,STATUS_SCHEDULED,New Mexico State,CUSA,166,Mercyhurst,Other/FCS,2385,,,False
401860879,2026-09-05,2026-09-06T01:30Z,2026,1,STATUS_SCHEDULED,San Diego State,Pac-12,21,Portland State,Other/FCS,2502,,,False
401856773,2026-09-05,2026-09-06T01:30Z,2026,1,STATUS_SCHEDULED,Arizona,Big 12,12,Northern Arizona,Other/FCS,2464,,,False
401866411,2026-09-05,2026-09-06T02:00Z,2026,1,STATUS_SCHEDULED,Sacramento State,MAC,16,Mississippi Valley State,Other/FCS,2400,,,False
401856774,2026-09-05,2026-09-06T02:00Z,2026,1,STATUS_SCHEDULED,Arizona State,Big 12,9,Morgan State,Other/FCS,2415,,,False
401864497,2026-09-05,2026-09-06T02:00Z,2026,1,STATUS_SCHEDULED,Hawai'i,Mountain West,62,UNLV,Mountain West,2439,,,False
401864498,2026-09-05,2026-09-06T02:00Z,2026,1,STATUS_SCHEDULED,New Mexico,Mountain West,167,Central Michigan,MAC,2117,,,False
401858210,2026-09-05,2026-09-06T02:30Z,2026,1,STATUS_SCHEDULED,California,ACC,25,UCLA,Big Ten,26,,,False
401864432,2026-09-05,2026-09-06T02:30Z,2026,1,STATUS_SCHEDULED,Nevada,Mountain West,2440,Western Kentucky,CUSA,98,,,False
401858437,2026-09-06,2026-09-06T20:00Z,2026,1,STATUS_SCHEDULED,Washington,Big Ten,264,Washington State,Pac-12,265,,,False
401858438,2026-09-06,2026-09-06T23:30Z,2026,1,STATUS_SCHEDULED,Notre Dame,FBS Indep.,87,Wisconsin,Big Ten,275,,,True
401856661,2026-09-06,2026-09-06T23:30Z,2026,1,STATUS_SCHEDULED,Ole Miss,SEC,145,Louisville,ACC,97,,,True
401858212,2026-09-07,2026-09-07T23:30Z,2026,1,STATUS_SCHEDULED,Florida State,ACC,52,SMU,ACC,2567,,,False
401858213,2026-09-10,2026-09-11T00:00Z,2026,2,STATUS_SCHEDULED,Miami,ACC,2390,Florida A&M,Other/FCS,50,,,False
401858220,2026-09-11,2026-09-11T23:00Z,2026,2,STATUS_SCHEDULED,Virginia,ACC,258,Norfolk State,Other/FCS,2450,,,False
401858222,2026-09-11,2026-09-11T23:00Z,2026,2,STATUS_SCHEDULED,NC State,ACC,152,Richmond,Other/FCS,257,,,False
401858215,2026-09-11,2026-09-11T23:00Z,2026,2,STATUS_SCHEDULED,Louisville,ACC,97,Villanova,Other/FCS,222,,,False
401858214,2026-09-11,2026-09-11T23:30Z,2026,2,STATUS_SCHEDULED,Boston College,ACC,103,Rutgers,Big Ten,164,,,False
401856678,2026-09-11,2026-09-12T00:00Z,2026,2,STATUS_SCHEDULED,Kansas,Big 12,2305,Missouri,SEC,142,,,False
401858442,2026-09-12,2026-09-12T16:00Z,2026,2,STATUS_SCHEDULED,Temple,American,218,Penn State,Big Ten,213,,,False
401858218,2026-09-12,2026-09-12T16:00Z,2026,2,STATUS_SCHEDULED,North Carolina,ACC,153,East Tennessee State,Other/FCS,2193,,,False
401858221,2026-09-12,2026-09-12T16:00Z,2026,2,STATUS_SCHEDULED,Virginia Tech,ACC,259,Old Dominion,Sun Belt,295,,,False
401856782,2026-09-12,2026-09-12T16:00Z,2026,2,STATUS_SCHEDULED,Oklahoma State,Big 12,197,Oregon,Big Ten,2483,,,False
401856683,2026-09-12,2026-09-12T16:00Z,2026,2,STATUS_SCHEDULED,Texas A&M,SEC,245,Arizona State,Big 12,9,,,False
401856781,2026-09-12,2026-09-12T16:00Z,2026,2,STATUS_SCHEDULED,Kansas State,Big 12,2306,Washington State,Pac-12,265,,,False
401856679,2026-09-12,2026-09-12T16:00Z,2026,2,STATUS_SCHEDULED,Michigan,Big Ten,130,Oklahoma,SEC,201,,,False
401864571,2026-09-12,2026-09-12T16:00Z,2026,2,STATUS_SCHEDULED,East Carolina,American,151,App State,Sun Belt,2026,,,False
401866416,2026-09-12,2026-09-12T16:00Z,2026,2,STATUS_SCHEDULED,Kent State,MAC,2309,Wofford,Other/FCS,2747,,,False
401862702,2026-09-12,2026-09-12T16:00Z,2026,2,STATUS_SCHEDULED,Army,American,349,South Florida,American,58,,,False
401858224,2026-09-12,2026-09-12T16:00Z,2026,2,STATUS_SCHEDULED,Purdue,Big Ten,2509,Wake Forest,ACC,154,,,False
401858439,2026-09-12,2026-09-12T16:00Z,2026,2,STATUS_SCHEDULED,Indiana,Big Ten,84,Howard,Other/FCS,47,,,False
401856673,2026-09-12,2026-09-12T16:45Z,2026,2,STATUS_SCHEDULED,Georgia,SEC,61,Western Kentucky,CUSA,98,,,False
401866417,2026-09-12,2026-09-12T17:00Z,2026,2,STATUS_SCHEDULED,Miami (OH),MAC,193,Holy Cross,Other/FCS,107,,,False
401856791,2026-09-12,2026-09-12T17:00Z,2026,2,STATUS_SCHEDULED,West Virginia,Big 12,277,UT Martin,Other/FCS,2630,,,False
401866415,2026-09-12,2026-09-12T17:00Z,2026,2,STATUS_SCHEDULED,Central Michigan,MAC,2117,Colgate,Other/FCS,2142,,,False
401866413,2026-09-12,2026-09-12T18:00Z,2026,2,STATUS_SCHEDULED,Ball State,MAC,2050,Stony Brook,Other/FCS,2619,,,False
401862708,2026-09-12,2026-09-12T19:30Z,2026,2,STATUS_SCHEDULED,UAB,American,5,UL Monroe,Sun Belt,2433,,,False
401858446,2026-09-12,2026-09-12T19:30Z,2026,2,STATUS_SCHEDULED,Washington,Big Ten,264,Utah State,Pac-12,328,,,False
401860884,2026-09-12,2026-09-12T19:30Z,2026,2,STATUS_SCHEDULED,Texas State,Pac-12,326,UTSA,American,2636,,,False
401858440,2026-09-12,2026-09-12T19:30Z,2026,2,STATUS_SCHEDULED,Michigan State,Big Ten,127,Eastern Michigan,MAC,2199,,,False
401859184,2026-09-12,2026-09-12T19:30Z,2026,2,STATUS_SCHEDULED,Notre Dame,FBS Indep.,87,Rice,American,242,,,False
401866420,2026-09-12,2026-09-12T19:30Z,2026,2,STATUS_SCHEDULED,Massachusetts,MAC,113,Sacred Heart,Other/FCS,2529,,,False
401866419,2026-09-12,2026-09-12T19:30Z,2026,2,STATUS_SCHEDULED,Toledo,MAC,2649,Central Connecticut,Other/FCS,2115,,,False
401866412,2026-09-12,2026-09-12T19:30Z,2026,2,STATUS_SCHEDULED,Akron,MAC,2006,Robert Morris,Other/FCS,2523,,,False
401856674,2026-09-12,2026-09-12T19:30Z,2026,2,STATUS_SCHEDULED,Kentucky,SEC,96,Alabama,SEC,333,,,False
401856677,2026-09-12,2026-09-12T19:30Z,2026,2,STATUS_SCHEDULED,Minnesota,Big Ten,135,Mississippi State,SEC,344,,,False
401867929,2026-09-12,2026-09-12T19:30Z,2026,2,STATUS_SCHEDULED,James Madison,Sun Belt,256,Wagner,Other/FCS,2681,,,False
401856785,2026-09-12,2026-09-12T19:30Z,2026,2,STATUS_SCHEDULED,Colorado,Big 12,38,Weber State,Other/FCS,2692,,,False
401856790,2026-09-12,2026-09-12T19:30Z,2026,2,STATUS_SCHEDULED,Pittsburgh,ACC,221,UCF,Big 12,2116,,,False
401856810,2026-09-12,2026-09-12T19:30Z,2026,2,STATUS_SCHEDULED,BYU,Big 12,252,Arizona,Big 12,12,,,False
401858216,2026-09-12,2026-09-12T19:30Z,2026,2,STATUS_SCHEDULED,Syracuse,ACC,183,California,ACC,25,,,False
401858217,2026-09-12,2026-09-12T19:30Z,2026,2,STATUS_SCHEDULED,Illinois,Big Ten,356,Duke,ACC,150,,,False
401858444,2026-09-12,2026-09-12T19:30Z,2026,2,STATUS_SCHEDULED,UConn,FBS Indep.,41,Maryland,Big Ten,120,,,False
401862705,2026-09-12,2026-09-12T19:45Z,2026,2,STATUS_SCHEDULED,North Texas,American,249,UNLV,Mountain West,2439,,,False
401858223,2026-09-12,2026-09-12T20:00Z,2026,2,STATUS_SCHEDULED,SMU,ACC,2567,UC Davis,Other/FCS,302,,,False
401865252,2026-09-12,2026-09-12T20:00Z,2026,2,STATUS_SCHEDULED,New Mexico,Mountain West,167,Mercyhurst,Other/FCS,2385,,,False
401864506,2026-09-12,2026-09-12T20:00Z,2026,2,STATUS_SCHEDULED,Wyoming,Mountain West,2751,Northern Colorado,Other/FCS,2458,,,False
401868326,2026-09-12,2026-09-12T20:00Z,2026,2,STATUS_SCHEDULED,Troy,Sun Belt,2653,Alabama State,Other/FCS,2011,,,False
401856684,2026-09-12,2026-09-12T20:15Z,2026,2,STATUS_SCHEDULED,Vanderbilt,SEC,238,Delaware,CUSA,48,,,False
401856672,2026-09-12,2026-09-12T21:30Z,2026,2,STATUS_SCHEDULED,Florida,SEC,57,Campbell,Other/FCS,2097,,,False
401866414,2026-09-12,2026-09-12T22:00Z,2026,2,STATUS_SCHEDULED,Florida International,CUSA,2229,Buffalo,MAC,2084,,,False
401866418,2026-09-12,2026-09-12T22:00Z,2026,2,STATUS_SCHEDULED,Ohio,MAC,195,Jacksonville State,CUSA,55,,,False
401860881,2026-09-12,2026-09-12T22:00Z,2026,2,STATUS_SCHEDULED,Boise State,Pac-12,68,Memphis,American,235,,,False
401868187,2026-09-12,2026-09-12T22:00Z,2026,2,STATUS_SCHEDULED,Liberty,CUSA,2335,Gardner-Webb,Other/FCS,2241,,,False
401866421,2026-09-12,2026-09-12T22:30Z,2026,2,STATUS_SCHEDULED,Western Michigan,MAC,2711,Monmouth,Other/FCS,2405,,,False
401856787,2026-09-12,2026-09-12T23:00Z,2026,2,STATUS_SCHEDULED,Houston,Big 12,248,Southern,Other/FCS,2582,,,False
401856786,2026-09-12,2026-09-12T23:00Z,2026,2,STATUS_SCHEDULED,Cincinnati,Big 12,2132,Western Carolina,Other/FCS,2717,,,False
401868241,2026-09-12,2026-09-12T23:00Z,2026,2,STATUS_SCHEDULED,Arkansas State,Sun Belt,2032,West Georgia,Other/FCS,2698,,,False
401856681,2026-09-12,2026-09-12T23:00Z,2026,2,STATUS_SCHEDULED,Georgia Tech,ACC,59,Tennessee,SEC,2633,,,False
401869955,2026-09-12,2026-09-12T23:00Z,2026,2,STATUS_SCHEDULED,Kennesaw State,CUSA,338,Georgia State,Sun Belt,2247,,,False
401871045,2026-09-12,2026-09-12T23:00Z,2026,2,STATUS_SCHEDULED,Marshall,Sun Belt,276,Middle Tennessee,CUSA,2393,,,False
401871046,2026-09-12,2026-09-12T23:00Z,2026,2,STATUS_SCHEDULED,Missouri State,CUSA,2623,Lindenwood,Other/FCS,2815,,,False
401856680,2026-09-12,2026-09-12T23:00Z,2026,2,STATUS_SCHEDULED,South Carolina,SEC,2579,Towson,Other/FCS,119,,,False
401864503,2026-09-12,2026-09-12T23:00Z,2026,2,STATUS_SCHEDULED,Northern Illinois,Mountain West,2459,Illinois State,Other/FCS,2287,,,False
401864575,2026-09-12,2026-09-12T23:00Z,2026,2,STATUS_SCHEDULED,Tulane,American,2655,South Alabama,Sun Belt,6,,,False
401862707,2026-09-12,2026-09-12T23:00Z,2026,2,STATUS_SCHEDULED,Sam Houston,CUSA,2534,Tulsa,American,202,,,False
401860882,2026-09-12,2026-09-12T23:00Z,2026,2,STATUS_SCHEDULED,Colorado State,Pac-12,36,Southern Utah,Other/FCS,253,,,False
401858441,2026-09-12,2026-09-12T23:00Z,2026,2,STATUS_SCHEDULED,Nebraska,Big Ten,158,Bowling Green,MAC,189,,,False
401858447,2026-09-12,2026-09-12T23:15Z,2026,2,STATUS_SCHEDULED,Wisconsin,Big Ten,275,Western Illinois,Other/FCS,2710,,,False
401858443,2026-09-12,2026-09-12T23:15Z,2026,2,STATUS_SCHEDULED,UCLA,Big Ten,26,San Diego State,Pac-12,21,,,False
401868008,2026-09-12,2026-09-12T23:30Z,2026,2,STATUS_SCHEDULED,Coastal Carolina,Sun Belt,324,Fordham,Other/FCS,2230,,,False
401858219,2026-09-12,2026-09-12T23:30Z,2026,2,STATUS_SCHEDULED,Clemson,ACC,228,Georgia Southern,Sun Belt,290,,,False
401867796,2026-09-12,2026-09-12T23:30Z,2026,2,STATUS_SCHEDULED,LSU,SEC,99,Louisiana Tech,Sun Belt,2348,,,False
401856788,2026-09-12,2026-09-12T23:30Z,2026,2,STATUS_SCHEDULED,Iowa,Big Ten,2294,Iowa State,Big 12,66,,,False
401856783,2026-09-12,2026-09-12T23:30Z,2026,2,STATUS_SCHEDULED,Oregon State,Pac-12,204,Texas Tech,Big 12,2641,,,False
401856682,2026-09-12,2026-09-12T23:30Z,2026,2,STATUS_SCHEDULED,Texas,SEC,251,Ohio State,Big Ten,194,,,False
401862703,2026-09-12,2026-09-12T23:30Z,2026,2,STATUS_SCHEDULED,Florida Atlantic,American,2226,Navy,American,2426,,,False
401856671,2026-09-12,2026-09-12T23:45Z,2026,2,STATUS_SCHEDULED,Auburn,SEC,2,Southern Miss,Sun Belt,2572,,,False
401856676,2026-09-12,2026-09-12T23:45Z,2026,2,STATUS_SCHEDULED,Ole Miss,SEC,145,Charlotte,American,2429,,,False
401856789,2026-09-12,2026-09-13T00:00Z,2026,2,STATUS_SCHEDULED,TCU,Big 12,2628,Grambling,Other/FCS,2755,,,False
401856784,2026-09-12,2026-09-13T00:00Z,2026,2,STATUS_SCHEDULED,Baylor,Big 12,239,Prairie View A&M,Other/FCS,2504,,,False
401864504,2026-09-12,2026-09-13T01:00Z,2026,2,STATUS_SCHEDULED,San José State,Mountain West,23,Cal Poly,Other/FCS,13,,,False
401864505,2026-09-12,2026-09-13T01:00Z,2026,2,STATUS_SCHEDULED,UTEP,Mountain West,2638,Texas Southern,Other/FCS,2640,,,False
401864502,2026-09-12,2026-09-13T02:00Z,2026,2,STATUS_SCHEDULED,Air Force,Mountain West,2005,North Dakota State,Mountain West,2449,,,False
401856670,2026-09-12,2026-09-13T02:15Z,2026,2,STATUS_SCHEDULED,Utah,Big 12,254,Arkansas,SEC,8,,,False
401860883,2026-09-12,2026-09-13T02:30Z,2026,2,STATUS_SCHEDULED,Fresno State,Pac-12,278,Sacramento State,MAC,16,,,False
401864500,2026-09-12,2026-09-13T02:30Z,2026,2,STATUS_SCHEDULED,Nevada,Mountain West,2440,Montana State,Other/FCS,147,,,False
401858445,2026-09-12,2026-09-13T03:00Z,2026,2,STATUS_SCHEDULED,USC,Big Ten,30,Louisiana,Sun Belt,309,,,False
401864578,2026-09-12,2026-09-13T03:59Z,2026,2,STATUS_SCHEDULED,Hawai'i,Mountain West,62,New Mexico State,CUSA,166,,,False
401858225,2026-09-17,2026-09-17T23:30Z,2026,3,STATUS_SCHEDULED,Pittsburgh,ACC,221,Syracuse,ACC,183,,,False
401858226,2026-09-18,2026-09-18T23:30Z,2026,3,STATUS_SCHEDULED,Wake Forest,ACC,154,Miami,ACC,2390,,,False
401856811,2026-09-18,2026-09-19T00:00Z,2026,3,STATUS_SCHEDULED,Texas Tech,Big 12,2641,Houston,Big 12,248,,,False
401858455,2026-09-18,2026-09-19T02:30Z,2026,3,STATUS_SCHEDULED,Oregon,Big Ten,2483,Portland State,Other/FCS,2502,,,False
401869940,2026-09-19,2026-09-19T15:30Z,2026,3,STATUS_SCHEDULED,Delaware,CUSA,48,Coastal Carolina,Sun Belt,324,,,False
401856686,2026-09-19,2026-09-19T16:00Z,2026,3,STATUS_SCHEDULED,Arkansas,SEC,8,Georgia,SEC,61,,,False
401856792,2026-09-19,2026-09-19T16:00Z,2026,3,STATUS_SCHEDULED,Kansas State,Big 12,2306,Tulane,American,2655,,,False
401856798,2026-09-19,2026-09-19T16:00Z,2026,3,STATUS_SCHEDULED,Iowa State,Big 12,66,Bowling Green,MAC,189,,,False
401858229,2026-09-19,2026-09-19T16:00Z,2026,3,STATUS_SCHEDULED,Clemson,ACC,228,North Carolina,ACC,153,,,False
401858228,2026-09-19,2026-09-19T16:00Z,2026,3,STATUS_SCHEDULED,Georgia Tech,ACC,59,Mercer,Other/FCS,2382,,,False
401858454,2026-09-19,2026-09-19T16:00Z,2026,3,STATUS_SCHEDULED,Ohio State,Big Ten,194,Kent State,MAC,2309,,,False
401858456,2026-09-19,2026-09-19T16:00Z,2026,3,STATUS_SCHEDULED,Penn State,Big Ten,213,Buffalo,MAC,2084,,,False
401860889,2026-09-19,2026-09-19T16:00Z,2026,3,STATUS_SCHEDULED,Texas State,Pac-12,326,North Texas,American,249,,,False
401856812,2026-09-19,2026-09-19T16:00Z,2026,3,STATUS_SCHEDULED,Kansas,Big 12,2305,Arizona State,Big 12,9,,,True
401858451,2026-09-19,2026-09-19T16:00Z,2026,3,STATUS_SCHEDULED,Minnesota,Big Ten,135,Akron,MAC,2006,,,False
401858460,2026-09-19,2026-09-19T16:30Z,2026,3,STATUS_SCHEDULED,Wisconsin,Big Ten,275,Eastern Michigan,MAC,2199,,,False
401856695,2026-09-19,2026-09-19T16:45Z,2026,3,STATUS_SCHEDULED,Vanderbilt,SEC,238,NC State,ACC,152,,,False
401864508,2026-09-19,2026-09-19T17:00Z,2026,3,STATUS_SCHEDULED,Central Michigan,MAC,2117,Wyoming,Mountain West,2751,,,False
401858227,2026-09-19,2026-09-19T18:00Z,2026,3,STATUS_SCHEDULED,Boston College,ACC,103,Maine,Other/FCS,311,,,False
401858448,2026-09-19,2026-09-19T18:00Z,2026,3,STATUS_SCHEDULED,Illinois,Big Ten,356,Southern Illinois,Other/FCS,79,,,False
401862774,2026-09-19,2026-09-19T19:00Z,2026,3,STATUS_SCHEDULED,Toledo,MAC,2649,Temple,American,218,,,False
401856801,2026-09-19,2026-09-19T19:30Z,2026,3,STATUS_SCHEDULED,Utah,Big 12,254,Utah State,Pac-12,328,,,False
401856797,2026-09-19,2026-09-19T19:30Z,2026,3,STATUS_SCHEDULED,Cincinnati,Big 12,2132,Miami (OH),MAC,193,,,False
401856694,2026-09-19,2026-09-19T19:30Z,2026,3,STATUS_SCHEDULED,Texas A&M,SEC,245,Kentucky,SEC,96,,,False
401860890,2026-09-19,2026-09-19T19:30Z,2026,3,STATUS_SCHEDULED,Washington State,Pac-12,265,Duquesne,Other/FCS,2184,,,False
401858450,2026-09-19,2026-09-19T19:30Z,2026,3,STATUS_SCHEDULED,Michigan,Big Ten,130,UTEP,Mountain West,2638,,,False
401858457,2026-09-19,2026-09-19T19:30Z,2026,3,STATUS_SCHEDULED,Rutgers,Big Ten,164,USC,Big Ten,30,,,False
401856685,2026-09-19,2026-09-19T19:30Z,2026,3,STATUS_SCHEDULED,Alabama,SEC,333,Florida State,ACC,52,,,False
401858230,2026-09-19,2026-09-19T19:30Z,2026,3,STATUS_SCHEDULED,Louisville,ACC,97,SMU,ACC,2567,,,False
401866424,2026-09-19,2026-09-19T19:30Z,2026,3,STATUS_SCHEDULED,Massachusetts,MAC,113,Stonehill,Other/FCS,284,,,False
401858233,2026-09-19,2026-09-19T19:30Z,2026,3,STATUS_SCHEDULED,California,ACC,25,Wagner,Other/FCS,2681,,,False
401858471,2026-09-19,2026-09-19T20:00Z,2026,3,STATUS_SCHEDULED,Iowa,Big Ten,2294,Northern Iowa,Other/FCS,2460,,,False
401858231,2026-09-19,2026-09-19T20:00Z,2026,3,STATUS_SCHEDULED,Duke,ACC,150,Stanford,ACC,24,,,False
401858449,2026-09-19,2026-09-19T20:00Z,2026,3,STATUS_SCHEDULED,Indiana,Big Ten,84,Western Kentucky,CUSA,98,,,False
401867804,2026-09-19,2026-09-19T20:00Z,2026,3,STATUS_SCHEDULED,Baylor,Big 12,239,Louisiana Tech,Sun Belt,2348,,,False
401866422,2026-09-19,2026-09-19T20:00Z,2026,3,STATUS_SCHEDULED,Liberty,CUSA,2335,Ball State,MAC,2050,,,False
401856691,2026-09-19,2026-09-19T20:15Z,2026,3,STATUS_SCHEDULED,South Carolina,SEC,2579,Mississippi State,SEC,344,,,False
401868317,2026-09-19,2026-09-19T20:30Z,2026,3,STATUS_SCHEDULED,UL Monroe,Sun Belt,2433,SE Louisiana,Other/FCS,2545,,,False
401864574,2026-09-19,2026-09-19T22:00Z,2026,3,STATUS_SCHEDULED,App State,Sun Belt,2026,Charlotte,American,2429,,,False
401862710,2026-09-19,2026-09-19T22:00Z,2026,3,STATUS_SCHEDULED,Old Dominion,Sun Belt,295,East Carolina,American,151,,,False
401862771,2026-09-19,2026-09-19T22:00Z,2026,3,STATUS_SCHEDULED,Florida Atlantic,American,2226,Florida International,CUSA,2229,,,False
401871047,2026-09-19,2026-09-19T22:30Z,2026,3,STATUS_SCHEDULED,Missouri State,CUSA,2623,Marshall,Sun Belt,276,,,False
401856689,2026-09-19,2026-09-19T23:00Z,2026,3,STATUS_SCHEDULED,Missouri,SEC,142,Troy,Sun Belt,2653,,,False
401862777,2026-09-19,2026-09-19T23:00Z,2026,3,STATUS_SCHEDULED,South Florida,American,58,Delaware State,Other/FCS,2169,,,False
401862773,2026-09-19,2026-09-19T23:00Z,2026,3,STATUS_SCHEDULED,Rice,American,242,Western Michigan,MAC,2711,,,False
401862772,2026-09-19,2026-09-19T23:00Z,2026,3,STATUS_SCHEDULED,Memphis,American,235,UT Martin,Other/FCS,2630,,,False
401861963,2026-09-19,2026-09-19T23:00Z,2026,3,STATUS_SCHEDULED,Southern Miss,Sun Belt,2572,UConn,FBS Indep.,41,,,False
401866423,2026-09-19,2026-09-19T23:00Z,2026,3,STATUS_SCHEDULED,South Alabama,Sun Belt,6,Ohio,MAC,195,,,False
401856687,2026-09-19,2026-09-19T23:00Z,2026,3,STATUS_SCHEDULED,Auburn,SEC,2,Florida,SEC,57,,,False
401864443,2026-09-19,2026-09-19T23:00Z,2026,3,STATUS_SCHEDULED,Middle Tennessee,CUSA,2393,Nevada,Mountain West,2440,,,False
401856803,2026-09-19,2026-09-19T23:00Z,2026,3,STATUS_SCHEDULED,Oklahoma State,Big 12,197,Murray State,Other/FCS,93,,,False
401856800,2026-09-19,2026-09-19T23:00Z,2026,3,STATUS_SCHEDULED,UCF,Big 12,2116,Georgia State,Sun Belt,2247,,,False
401869948,2026-09-19,2026-09-19T23:00Z,2026,3,STATUS_SCHEDULED,Jacksonville State,CUSA,55,Georgia Southern,Sun Belt,290,,,False
401870764,2026-09-19,2026-09-19T23:00Z,2026,3,STATUS_SCHEDULED,Sam Houston,CUSA,2534,Nicholls,Other/FCS,2447,,,False
401858459,2026-09-19,2026-09-19T23:15Z,2026,3,STATUS_SCHEDULED,Washington,Big Ten,264,Eastern Washington,Other/FCS,331,,,False
401858452,2026-09-19,2026-09-19T23:15Z,2026,3,STATUS_SCHEDULED,Nebraska,Big Ten,158,North Dakota,Other/FCS,155,,,False
401856688,2026-09-19,2026-09-19T23:30Z,2026,3,STATUS_SCHEDULED,Ole Miss,SEC,145,LSU,SEC,99,,,False
401856802,2026-09-19,2026-09-19T23:30Z,2026,3,STATUS_SCHEDULED,Virginia,ACC,258,West Virginia,Big 12,277,,,True
401856795,2026-09-19,2026-09-19T23:30Z,2026,3,STATUS_SCHEDULED,Colorado State,Pac-12,36,BYU,Big 12,252,,,False
401856690,2026-09-19,2026-09-19T23:30Z,2026,3,STATUS_SCHEDULED,Oklahoma,SEC,201,New Mexico,Mountain West,167,,,False
401858232,2026-09-19,2026-09-19T23:30Z,2026,3,STATUS_SCHEDULED,Maryland,Big Ten,120,Virginia Tech,ACC,259,,,False
401858453,2026-09-19,2026-09-19T23:30Z,2026,3,STATUS_SCHEDULED,Notre Dame,FBS Indep.,87,Michigan State,Big Ten,127,,,False
401856796,2026-09-19,2026-09-19T23:30Z,2026,3,STATUS_SCHEDULED,Northwestern,Big Ten,77,Colorado,Big 12,38,,,False
401856692,2026-09-19,2026-09-19T23:45Z,2026,3,STATUS_SCHEDULED,Tennessee,SEC,2633,Kennesaw State,CUSA,338,,,False
401862776,2026-09-19,2026-09-20T00:00Z,2026,3,STATUS_SCHEDULED,Louisiana,Sun Belt,309,UAB,American,5,,,False
401862775,2026-09-19,2026-09-20T00:00Z,2026,3,STATUS_SCHEDULED,Tulsa,American,202,East Texas A&M,Other/FCS,2837,,,False
401856693,2026-09-19,2026-09-20T00:00Z,2026,3,STATUS_SCHEDULED,Texas,SEC,251,UTSA,American,2636,,,False
401856799,2026-09-19,2026-09-20T00:00Z,2026,3,STATUS_SCHEDULED,TCU,Big 12,2628,Arkansas State,Sun Belt,2032,,,False
401860887,2026-09-19,2026-09-20T02:00Z,2026,3,STATUS_SCHEDULED,San Diego State,Pac-12,21,James Madison,Sun Belt,256,,,False
401860885,2026-09-19,2026-09-20T02:00Z,2026,3,STATUS_SCHEDULED,Boise State,Pac-12,68,South Dakota,Other/FCS,233,,,False
401856793,2026-09-19,2026-09-20T02:30Z,2026,3,STATUS_SCHEDULED,Arizona,Big 12,12,Northern Illinois,Mountain West,2459,,,False
401864507,2026-09-19,2026-09-20T02:30Z,2026,3,STATUS_SCHEDULED,Sacramento State,MAC,16,North Dakota State,Mountain West,2449,,,False
401860886,2026-09-19,2026-09-20T03:00Z,2026,3,STATUS_SCHEDULED,Oregon State,Pac-12,204,Montana,Other/FCS,149,,,False
401858458,2026-09-19,2026-09-20T03:00Z,2026,3,STATUS_SCHEDULED,UCLA,Big Ten,26,Purdue,Big Ten,2509,,,False
401860888,2026-09-19,2026-09-20T03:00Z,2026,3,STATUS_SCHEDULED,San José State,Mountain West,23,Fresno State,Pac-12,278,,,False
401869941,2026-09-24,2026-09-24T23:30Z,2026,4,STATUS_SCHEDULED,Coastal Carolina,Sun Belt,324,Liberty,CUSA,2335,,,False
401862779,2026-09-25,2026-09-25T20:00Z,2026,4,STATUS_SCHEDULED,Temple,American,218,Army,American,349,,,False
401862778,2026-09-25,2026-09-25T23:00Z,2026,4,STATUS_SCHEDULED,UAB,American,5,Navy,American,2426,,,False
401858468,2026-09-25,2026-09-25T23:00Z,2026,4,STATUS_SCHEDULED,Rutgers,Big Ten,164,Howard,Other/FCS,47,,,False
401858461,2026-09-25,2026-09-26T00:00Z,2026,4,STATUS_SCHEDULED,Indiana,Big Ten,84,Northwestern,Big Ten,77,,,False
401858234,2026-09-25,2026-09-26T02:30Z,2026,4,STATUS_SCHEDULED,California,ACC,25,Clemson,ACC,228,,,False
401858242,2026-09-26,2026-09-26T04:00Z,2026,4,STATUS_SCHEDULED,Boston College,ACC,103,Virginia Tech,ACC,259,,,False
401856815,2026-09-26,2026-09-26T04:00Z,2026,4,STATUS_SCHEDULED,UCF,Big 12,2116,TCU,Big 12,2628,,,False
401856813,2026-09-26,2026-09-26T04:00Z,2026,4,STATUS_SCHEDULED,Baylor,Big 12,239,Colorado,Big 12,38,,,False
401858462,2026-09-26,2026-09-26T04:00Z,2026,4,STATUS_SCHEDULED,Maryland,Big Ten,120,UCLA,Big Ten,26,,,False
401858463,2026-09-26,2026-09-26T04:00Z,2026,4,STATUS_SCHEDULED,Michigan,Big Ten,130,Iowa,Big Ten,2294,,,False
401858464,2026-09-26,2026-09-26T04:00Z,2026,4,STATUS_SCHEDULED,Michigan State,Big Ten,127,Nebraska,Big Ten,158,,,False
401858466,2026-09-26,2026-09-26T04:00Z,2026,4,STATUS_SCHEDULED,Penn State,Big Ten,213,Wisconsin,Big Ten,275,,,False
401858467,2026-09-26,2026-09-26T04:00Z,2026,4,STATUS_SCHEDULED,Purdue,Big Ten,2509,Notre Dame,FBS Indep.,87,,,False
401858469,2026-09-26,2026-09-26T04:00Z,2026,4,STATUS_SCHEDULED,USC,Big Ten,30,Oregon,Big Ten,2483,,,False
401858470,2026-09-26,2026-09-26T04:00Z,2026,4,STATUS_SCHEDULED,Washington,Big Ten,264,Minnesota,Big Ten,135,,,False
401860893,2026-09-26,2026-09-26T04:00Z,2026,4,STATUS_SCHEDULED,Toledo,MAC,2649,San Diego State,Pac-12,21,,,False
401860897,2026-09-26,2026-09-26T04:00Z,2026,4,STATUS_SCHEDULED,Western Michigan,MAC,2711,Boise State,Pac-12,68,,,False
401861970,2026-09-26,2026-09-26T04:00Z,2026,4,STATUS_SCHEDULED,Miami (OH),MAC,193,UConn,FBS Indep.,41,,,False
401862782,2026-09-26,2026-09-26T04:00Z,2026,4,STATUS_SCHEDULED,UL Monroe,Sun Belt,2433,Florida Atlantic,American,2226,,,False
401862784,2026-09-26,2026-09-26T04:00Z,2026,4,STATUS_SCHEDULED,Tulane,American,2655,Southern Miss,Sun Belt,2572,,,False
401862785,2026-09-26,2026-09-26T04:00Z,2026,4,STATUS_SCHEDULED,Bowling Green,MAC,189,South Florida,American,58,,,False
401860896,2026-09-26,2026-09-26T04:00Z,2026,4,STATUS_SCHEDULED,UTSA,American,2636,Colorado State,Pac-12,36,,,False
401858243,2026-09-26,2026-09-26T04:00Z,2026,4,STATUS_SCHEDULED,Louisville,ACC,97,Wake Forest,ACC,154,,,False
401858465,2026-09-26,2026-09-26T04:00Z,2026,4,STATUS_SCHEDULED,Ohio State,Big Ten,194,Illinois,Big Ten,356,,,False
401864512,2026-09-26,2026-09-26T04:00Z,2026,4,STATUS_SCHEDULED,Akron,MAC,2006,UNLV,Mountain West,2439,,,False
401866429,2026-09-26,2026-09-26T04:00Z,2026,4,STATUS_SCHEDULED,Sacramento State,MAC,16,Massachusetts,MAC,113,,,False
401862780,2026-09-26,2026-09-26T04:00Z,2026,4,STATUS_SCHEDULED,Charlotte,American,2429,Louisiana,Sun Belt,309,,,False
401866425,2026-09-26,2026-09-26T04:00Z,2026,4,STATUS_SCHEDULED,Kent State,MAC,2309,Ball State,MAC,2050,,,False
401864572,2026-09-26,2026-09-26T04:00Z,2026,4,STATUS_SCHEDULED,NC State,ACC,152,App State,Sun Belt,2026,,,False
401864511,2026-09-26,2026-09-26T04:00Z,2026,4,STATUS_SCHEDULED,Georgia State,Sun Belt,2247,Northern Illinois,Mountain West,2459,,,False
401864509,2026-09-26,2026-09-26T04:00Z,2026,4,STATUS_SCHEDULED,Nevada,Mountain West,2440,Air Force,Mountain West,2005,,,False
401869961,2026-09-26,2026-09-26T04:00Z,2026,4,STATUS_SCHEDULED,Old Dominion,Sun Belt,295,James Madison,Sun Belt,256,,,False
401856696,2026-09-26,2026-09-26T04:00Z,2026,4,STATUS_SCHEDULED,Alabama,SEC,333,South Carolina,SEC,2579,,,False
401856698,2026-09-26,2026-09-26T04:00Z,2026,4,STATUS_SCHEDULED,Auburn,SEC,2,Vanderbilt,SEC,238,,,False
401856699,2026-09-26,2026-09-26T04:00Z,2026,4,STATUS_SCHEDULED,Florida,SEC,57,Ole Miss,SEC,145,,,False
401856702,2026-09-26,2026-09-26T04:00Z,2026,4,STATUS_SCHEDULED,LSU,SEC,99,Texas A&M,SEC,245,,,False
401856703,2026-09-26,2026-09-26T04:00Z,2026,4,STATUS_SCHEDULED,Mississippi State,SEC,344,Missouri,SEC,142,,,False
401856805,2026-09-26,2026-09-26T04:00Z,2026,4,STATUS_SCHEDULED,Texas Tech,Big 12,2641,Sam Houston,CUSA,2534,,,False
401856700,2026-09-26,2026-09-26T04:00Z,2026,4,STATUS_SCHEDULED,Georgia,SEC,61,Oklahoma,SEC,201,,,False
401856806,2026-09-26,2026-09-26T04:00Z,2026,4,STATUS_SCHEDULED,Georgia Southern,Sun Belt,290,Houston,Big 12,248,,,False
401856814,2026-09-26,2026-09-26T04:00Z,2026,4,STATUS_SCHEDULED,Cincinnati,Big 12,2132,Kansas State,Big 12,2306,,,False
401856816,2026-09-26,2026-09-26T04:00Z,2026,4,STATUS_SCHEDULED,Iowa State,Big 12,66,Utah,Big 12,254,,,False
401856881,2026-09-26,2026-09-26T04:00Z,2026,4,STATUS_SCHEDULED,West Virginia,Big 12,277,Oklahoma State,Big 12,197,,,False
401858237,2026-09-26,2026-09-26T04:00Z,2026,4,STATUS_SCHEDULED,Florida State,ACC,52,Central Arkansas,Other/FCS,2110,,,False
401858239,2026-09-26,2026-09-26T04:00Z,2026,4,STATUS_SCHEDULED,Virginia,ACC,258,Delaware,CUSA,48,,,False
401858241,2026-09-26,2026-09-26T04:00Z,2026,4,STATUS_SCHEDULED,SMU,ACC,2567,Missouri State,CUSA,2623,,,False
401858236,2026-09-26,2026-09-26T16:00Z,2026,4,STATUS_SCHEDULED,Pittsburgh,ACC,221,Bucknell,Other/FCS,2083,,,False
401856704,2026-09-26,2026-09-26T16:00Z,2026,4,STATUS_SCHEDULED,Tennessee,SEC,2633,Texas,SEC,251,,,False
401864576,2026-09-26,2026-09-26T16:45Z,2026,4,STATUS_SCHEDULED,Kentucky,SEC,96,South Alabama,Sun Belt,6,,,False
401866427,2026-09-26,2026-09-26T17:00Z,2026,4,STATUS_SCHEDULED,Eastern Michigan,MAC,2199,Lindenwood,Other/FCS,2815,,,False
401864510,2026-09-26,2026-09-26T19:00Z,2026,4,STATUS_SCHEDULED,Wyoming,Mountain West,2751,Hawai'i,Mountain West,62,,,False
401864579,2026-09-26,2026-09-26T19:30Z,2026,4,STATUS_SCHEDULED,New Mexico State,CUSA,166,New Mexico,Mountain West,167,,,False
401858244,2026-09-26,2026-09-26T19:30Z,2026,4,STATUS_SCHEDULED,Duke,ACC,150,William & Mary,Other/FCS,2729,,,False
401868188,2026-09-26,2026-09-26T19:30Z,2026,4,STATUS_SCHEDULED,Marshall,Sun Belt,276,Gardner-Webb,Other/FCS,2241,,,False
401866428,2026-09-26,2026-09-26T19:30Z,2026,4,STATUS_SCHEDULED,Ohio,MAC,195,Stonehill,Other/FCS,284,,,False
401866426,2026-09-26,2026-09-26T19:30Z,2026,4,STATUS_SCHEDULED,Buffalo,MAC,2084,Robert Morris,Other/FCS,2523,,,False
401862781,2026-09-26,2026-09-26T20:00Z,2026,4,STATUS_SCHEDULED,East Carolina,American,151,North Carolina Central,Other/FCS,2428,,,False
401860892,2026-09-26,2026-09-26T22:00Z,2026,4,STATUS_SCHEDULED,Texas State,Pac-12,326,Incarnate Word,Other/FCS,2916,,,False
401867909,2026-09-26,2026-09-26T22:00Z,2026,4,STATUS_SCHEDULED,Florida International,CUSA,2229,Long Island University,Other/FCS,2341,,,False
401858238,2026-09-26,2026-09-26T22:30Z,2026,4,STATUS_SCHEDULED,Miami,ACC,2390,Central Michigan,MAC,2117,,,False
401869931,2026-09-26,2026-09-26T23:00Z,2026,4,STATUS_SCHEDULED,Arkansas State,Sun Belt,2032,Kennesaw State,CUSA,338,,,False
401871048,2026-09-26,2026-09-26T23:00Z,2026,4,STATUS_SCHEDULED,Jacksonville State,CUSA,55,Middle Tennessee,CUSA,2393,,,False
401870745,2026-09-26,2026-09-26T23:00Z,2026,4,STATUS_SCHEDULED,Western Kentucky,CUSA,98,Mercyhurst,Other/FCS,2385,,,False
401860894,2026-09-26,2026-09-26T23:30Z,2026,4,STATUS_SCHEDULED,Utah State,Pac-12,328,Troy,Sun Belt,2653,,,False
401856804,2026-09-26,2026-09-26T23:30Z,2026,4,STATUS_SCHEDULED,Washington State,Pac-12,265,Arizona,Big 12,12,,,False
401862783,2026-09-26,2026-09-26T23:30Z,2026,4,STATUS_SCHEDULED,North Texas,American,249,Houston Christian,Other/FCS,2277,,,False
401856697,2026-09-26,2026-09-27T00:00Z,2026,4,STATUS_SCHEDULED,Arkansas,SEC,8,Tulsa,American,202,,,False
401860895,2026-09-26,2026-09-27T01:00Z,2026,4,STATUS_SCHEDULED,UTEP,Mountain West,2638,Oregon State,Pac-12,204,,,False
401860891,2026-09-26,2026-09-27T02:00Z,2026,4,STATUS_SCHEDULED,Fresno State,Pac-12,278,Rice,American,242,,,False
401858240,2026-09-26,2026-09-27T02:30Z,2026,4,STATUS_SCHEDULED,Stanford,ACC,24,Georgia Tech,ACC,59,,,False
401871049,2026-10-01,2026-10-02T00:00Z,2026,5,STATUS_SCHEDULED,New Mexico State,CUSA,166,Western Kentucky,CUSA,98,,,False
401862786,2026-10-01,2026-10-02T01:00Z,2026,5,STATUS_SCHEDULED,Tulsa,American,202,North Texas,American,249,,,False
401858245,2026-10-02,2026-10-02T23:00Z,2026,5,STATUS_SCHEDULED,Virginia Tech,ACC,259,Pittsburgh,ACC,221,,,False
401871050,2026-10-02,2026-10-02T23:00Z,2026,5,STATUS_SCHEDULED,Delaware,CUSA,48,Liberty,CUSA,2335,,,False
401858476,2026-10-02,2026-10-03T00:00Z,2026,5,STATUS_SCHEDULED,Northwestern,Big Ten,77,Penn State,Big Ten,213,,,False
401856708,2026-10-03,2026-10-03T04:00Z,2026,5,STATUS_SCHEDULED,Missouri,SEC,142,Florida,SEC,57,,,False
401856710,2026-10-03,2026-10-03T04:00Z,2026,5,STATUS_SCHEDULED,Tennessee,SEC,2633,Auburn,SEC,2,,,False
401856711,2026-10-03,2026-10-03T04:00Z,2026,5,STATUS_SCHEDULED,Texas A&M,SEC,245,Arkansas,SEC,8,,,False
401856807,2026-10-03,2026-10-03T04:00Z,2026,5,STATUS_SCHEDULED,Kansas,Big 12,2305,Middle Tennessee,CUSA,2393,,,False
401856817,2026-10-03,2026-10-03T04:00Z,2026,5,STATUS_SCHEDULED,Arizona State,Big 12,9,Baylor,Big 12,239,,,False
401856818,2026-10-03,2026-10-03T04:00Z,2026,5,STATUS_SCHEDULED,TCU,Big 12,2628,BYU,Big 12,252,,,False
401856819,2026-10-03,2026-10-03T04:00Z,2026,5,STATUS_SCHEDULED,Houston,Big 12,248,UCF,Big 12,2116,,,False
401856820,2026-10-03,2026-10-03T04:00Z,2026,5,STATUS_SCHEDULED,Arizona,Big 12,12,Cincinnati,Big 12,2132,,,False
401869842,2026-10-03,2026-10-03T04:00Z,2026,5,STATUS_SCHEDULED,Louisiana Tech,Sun Belt,2348,Army,American,349,,,False
401869932,2026-10-03,2026-10-03T04:00Z,2026,5,STATUS_SCHEDULED,Louisiana,Sun Belt,309,Arkansas State,Sun Belt,2032,,,False
401864514,2026-10-03,2026-10-03T04:00Z,2026,5,STATUS_SCHEDULED,New Mexico,Mountain West,167,UTEP,Mountain West,2638,,,False
401866434,2026-10-03,2026-10-03T04:00Z,2026,5,STATUS_SCHEDULED,Kent State,MAC,2309,Ohio,MAC,195,,,False
401866430,2026-10-03,2026-10-03T04:00Z,2026,5,STATUS_SCHEDULED,Central Michigan,MAC,2117,Akron,MAC,2006,,,False
401869956,2026-10-03,2026-10-03T04:00Z,2026,5,STATUS_SCHEDULED,Georgia State,Sun Belt,2247,Old Dominion,Sun Belt,295,,,False
401858249,2026-10-03,2026-10-03T04:00Z,2026,5,STATUS_SCHEDULED,Clemson,ACC,228,Miami,ACC,2390,,,False
401858472,2026-10-03,2026-10-03T04:00Z,2026,5,STATUS_SCHEDULED,Illinois,Big Ten,356,Purdue,Big Ten,2509,,,False
401858479,2026-10-03,2026-10-03T04:00Z,2026,5,STATUS_SCHEDULED,Wisconsin,Big Ten,275,Michigan State,Big Ten,127,,,False
401858478,2026-10-03,2026-10-03T04:00Z,2026,5,STATUS_SCHEDULED,USC,Big Ten,30,Washington,Big Ten,264,,,False
401858475,2026-10-03,2026-10-03T04:00Z,2026,5,STATUS_SCHEDULED,Nebraska,Big Ten,158,Maryland,Big Ten,120,,,False
401871089,2026-10-03,2026-10-03T04:00Z,2026,5,STATUS_SCHEDULED,South Alabama,Sun Belt,6,UL Monroe,Sun Belt,2433,,,False
401862788,2026-10-03,2026-10-03T04:00Z,2026,5,STATUS_SCHEDULED,Rice,American,242,UTSA,American,2636,,,False
401862787,2026-10-03,2026-10-03T04:00Z,2026,5,STATUS_SCHEDULED,Charlotte,American,2429,Memphis,American,235,,,False
401862792,2026-10-03,2026-10-03T04:00Z,2026,5,STATUS_SCHEDULED,South Florida,American,58,Temple,American,218,,,False
401869962,2026-10-03,2026-10-03T04:00Z,2026,5,STATUS_SCHEDULED,James Madison,Sun Belt,256,Marshall,Sun Belt,276,,,False
401858250,2026-10-03,2026-10-03T04:00Z,2026,5,STATUS_SCHEDULED,North Carolina,ACC,153,Notre Dame,FBS Indep.,87,,,False
401858248,2026-10-03,2026-10-03T04:00Z,2026,5,STATUS_SCHEDULED,NC State,ACC,152,Louisville,ACC,97,,,False
401858246,2026-10-03,2026-10-03T04:00Z,2026,5,STATUS_SCHEDULED,SMU,ACC,2567,Boston College,ACC,103,,,False
401856822,2026-10-03,2026-10-03T04:00Z,2026,5,STATUS_SCHEDULED,Iowa State,Big 12,66,West Virginia,Big 12,277,,,False
401858474,2026-10-03,2026-10-03T04:00Z,2026,5,STATUS_SCHEDULED,Minnesota,Big Ten,135,Michigan,Big Ten,130,,,False
401856821,2026-10-03,2026-10-03T04:00Z,2026,5,STATUS_SCHEDULED,Colorado,Big 12,38,Texas Tech,Big 12,2641,,,False
401869942,2026-10-03,2026-10-03T04:00Z,2026,5,STATUS_SCHEDULED,Coastal Carolina,Sun Belt,324,Georgia Southern,Sun Belt,290,,,False
401858251,2026-10-03,2026-10-03T04:00Z,2026,5,STATUS_SCHEDULED,Wake Forest,ACC,154,Stanford,ACC,24,,,False
401858253,2026-10-03,2026-10-03T04:00Z,2026,5,STATUS_SCHEDULED,Florida State,ACC,52,Virginia,ACC,258,,,False
401858473,2026-10-03,2026-10-03T04:00Z,2026,5,STATUS_SCHEDULED,Iowa,Big Ten,2294,Ohio State,Big Ten,194,,,False
401866477,2026-10-03,2026-10-03T04:00Z,2026,5,STATUS_SCHEDULED,Miami (OH),MAC,193,Bowling Green,MAC,189,,,False
401866433,2026-10-03,2026-10-03T04:00Z,2026,5,STATUS_SCHEDULED,Massachusetts,MAC,113,Eastern Michigan,MAC,2199,,,False
401866431,2026-10-03,2026-10-03T04:00Z,2026,5,STATUS_SCHEDULED,Ball State,MAC,2050,Toledo,MAC,2649,,,False
401866432,2026-10-03,2026-10-03T04:00Z,2026,5,STATUS_SCHEDULED,Buffalo,MAC,2084,Western Michigan,MAC,2711,,,False
401856705,2026-10-03,2026-10-03T04:00Z,2026,5,STATUS_SCHEDULED,Georgia,SEC,61,Vanderbilt,SEC,238,,,False
401856707,2026-10-03,2026-10-03T04:00Z,2026,5,STATUS_SCHEDULED,Mississippi State,SEC,344,Alabama,SEC,333,,,False
401856709,2026-10-03,2026-10-03T04:00Z,2026,5,STATUS_SCHEDULED,South Carolina,SEC,2579,Kentucky,SEC,96,,,False
401862791,2026-10-03,2026-10-03T16:00Z,2026,5,STATUS_SCHEDULED,Air Force,Mountain West,2005,Navy,American,2426,,,False
401858252,2026-10-03,2026-10-03T16:00Z,2026,5,STATUS_SCHEDULED,UConn,FBS Indep.,41,Syracuse,ACC,183,,,False
401864515,2026-10-03,2026-10-03T19:30Z,2026,5,STATUS_SCHEDULED,North Dakota State,Mountain West,2449,Wyoming,Mountain West,2751,,,False
401858247,2026-10-03,2026-10-03T19:30Z,2026,5,STATUS_SCHEDULED,UNLV,Mountain West,2439,California,ACC,25,,,False
401862793,2026-10-03,2026-10-03T19:30Z,2026,5,STATUS_SCHEDULED,UAB,American,5,Samford,Other/FCS,2535,,,False
401860899,2026-10-03,2026-10-03T22:00Z,2026,5,STATUS_SCHEDULED,Colorado State,Pac-12,36,Oregon State,Pac-12,204,,,False
401862790,2026-10-03,2026-10-03T22:00Z,2026,5,STATUS_SCHEDULED,Florida Atlantic,American,2226,Texas Southern,Other/FCS,2640,,,False
401860898,2026-10-03,2026-10-03T23:30Z,2026,5,STATUS_SCHEDULED,Boise State,Pac-12,68,Utah State,Pac-12,328,,,False
401856706,2026-10-03,2026-10-03T23:45Z,2026,5,STATUS_SCHEDULED,LSU,SEC,99,McNeese,Other/FCS,2377,,,False
401858477,2026-10-03,2026-10-04T00:00Z,2026,5,STATUS_SCHEDULED,Rutgers,Big Ten,164,Indiana,Big Ten,84,,,False
401860921,2026-10-03,2026-10-04T01:30Z,2026,5,STATUS_SCHEDULED,Washington State,Pac-12,265,Fresno State,Pac-12,278,,,False
401860900,2026-10-03,2026-10-04T02:30Z,2026,5,STATUS_SCHEDULED,San Diego State,Pac-12,21,Texas State,Pac-12,326,,,False
401864513,2026-10-03,2026-10-04T03:59Z,2026,5,STATUS_SCHEDULED,Hawai'i,Mountain West,62,San José State,Mountain West,23,,,False
401871090,2026-10-06,2026-10-07T00:00Z,2026,6,STATUS_SCHEDULED,Troy,Sun Belt,2653,Southern Miss,Sun Belt,2572,,,False
401871051,2026-10-07,2026-10-07T23:00Z,2026,6,STATUS_SCHEDULED,Kennesaw State,CUSA,338,Jacksonville State,CUSA,55,,,False
401871066,2026-10-07,2026-10-07T23:30Z,2026,6,STATUS_SCHEDULED,Florida International,CUSA,2229,New Mexico State,CUSA,166,,,False
401871052,2026-10-08,2026-10-08T23:00Z,2026,6,STATUS_SCHEDULED,Western Kentucky,CUSA,98,Missouri State,CUSA,2623,,,False
401870766,2026-10-08,2026-10-08T23:00Z,2026,6,STATUS_SCHEDULED,Liberty,CUSA,2335,Sam Houston,CUSA,2534,,,False
401862794,2026-10-08,2026-10-08T23:30Z,2026,6,STATUS_SCHEDULED,UTSA,American,2636,South Florida,American,58,,,False
401869933,2026-10-08,2026-10-08T23:30Z,2026,6,STATUS_SCHEDULED,Arkansas State,Sun Belt,2032,South Alabama,Sun Belt,6,,,False
401858254,2026-10-09,2026-10-09T23:00Z,2026,6,STATUS_SCHEDULED,Louisville,ACC,97,Florida State,ACC,52,,,False
401860922,2026-10-09,2026-10-10T01:00Z,2026,6,STATUS_SCHEDULED,Utah State,Pac-12,328,Washington State,Pac-12,265,,,False
401858487,2026-10-09,2026-10-10T01:00Z,2026,6,STATUS_SCHEDULED,Washington,Big Ten,264,Iowa,Big Ten,2294,,,False
401864519,2026-10-09,2026-10-10T01:00Z,2026,6,STATUS_SCHEDULED,San José State,Mountain West,23,Wyoming,Mountain West,2751,,,False
401856826,2026-10-09,2026-10-10T02:15Z,2026,6,STATUS_SCHEDULED,BYU,Big 12,252,Iowa State,Big 12,66,,,False
401862796,2026-10-10,2026-10-10T04:00Z,2026,6,STATUS_SCHEDULED,North Texas,American,249,Charlotte,American,2429,,,False
401858485,2026-10-10,2026-10-10T04:00Z,2026,6,STATUS_SCHEDULED,Penn State,Big Ten,213,USC,Big Ten,30,,,False
401856713,2026-10-10,2026-10-10T04:00Z,2026,6,STATUS_SCHEDULED,Arkansas,SEC,8,Tennessee,SEC,2633,,,False
401856714,2026-10-10,2026-10-10T04:00Z,2026,6,STATUS_SCHEDULED,Florida,SEC,57,South Carolina,SEC,2579,,,False
401856715,2026-10-10,2026-10-10T04:00Z,2026,6,STATUS_SCHEDULED,Kentucky,SEC,96,LSU,SEC,99,,,False
401856716,2026-10-10,2026-10-10T04:00Z,2026,6,STATUS_SCHEDULED,Missouri,SEC,142,Texas A&M,SEC,245,,,False
401864517,2026-10-10,2026-10-10T04:00Z,2026,6,STATUS_SCHEDULED,UTEP,Mountain West,2638,Nevada,Mountain West,2440,,,False
401856718,2026-10-10,2026-10-10T04:00Z,2026,6,STATUS_SCHEDULED,Vanderbilt,SEC,238,Ole Miss,SEC,145,,,False
401856823,2026-10-10,2026-10-10T04:00Z,2026,6,STATUS_SCHEDULED,West Virginia,Big 12,277,Arizona,Big 12,12,,,False
401856824,2026-10-10,2026-10-10T04:00Z,2026,6,STATUS_SCHEDULED,Oklahoma State,Big 12,197,UCF,Big 12,2116,,,False
401856825,2026-10-10,2026-10-10T04:00Z,2026,6,STATUS_SCHEDULED,Kansas State,Big 12,2306,Houston,Big 12,248,,,False
401856827,2026-10-10,2026-10-10T04:00Z,2026,6,STATUS_SCHEDULED,Utah,Big 12,254,Kansas,Big 12,2305,,,False
401858255,2026-10-10,2026-10-10T04:00Z,2026,6,STATUS_SCHEDULED,Georgia Tech,ACC,59,Duke,ACC,150,,,False
401858258,2026-10-10,2026-10-10T04:00Z,2026,6,STATUS_SCHEDULED,Virginia,ACC,258,Syracuse,ACC,183,,,False
401858259,2026-10-10,2026-10-10T04:00Z,2026,6,STATUS_SCHEDULED,California,ACC,25,Virginia Tech,ACC,259,,,False
401858260,2026-10-10,2026-10-10T04:00Z,2026,6,STATUS_SCHEDULED,NC State,ACC,152,Wake Forest,ACC,154,,,False
401858481,2026-10-10,2026-10-10T04:00Z,2026,6,STATUS_SCHEDULED,Nebraska,Big Ten,158,Indiana,Big Ten,84,,,False
401858482,2026-10-10,2026-10-10T04:00Z,2026,6,STATUS_SCHEDULED,Northwestern,Big Ten,77,Ball State,MAC,2050,,,False
401858484,2026-10-10,2026-10-10T04:00Z,2026,6,STATUS_SCHEDULED,Oregon,Big Ten,2483,UCLA,Big Ten,26,,,False
401858483,2026-10-10,2026-10-10T04:00Z,2026,6,STATUS_SCHEDULED,Ohio State,Big Ten,194,Maryland,Big Ten,120,,,False
401858486,2026-10-10,2026-10-10T04:00Z,2026,6,STATUS_SCHEDULED,Purdue,Big Ten,2509,Minnesota,Big Ten,135,,,False
401861964,2026-10-10,2026-10-10T04:00Z,2026,6,STATUS_SCHEDULED,Temple,American,218,UConn,FBS Indep.,41,,,False
401866437,2026-10-10,2026-10-10T04:00Z,2026,6,STATUS_SCHEDULED,Toledo,MAC,2649,Buffalo,MAC,2084,,,False
401866440,2026-10-10,2026-10-10T04:00Z,2026,6,STATUS_SCHEDULED,Massachusetts,MAC,113,Miami (OH),MAC,193,,,False
401866438,2026-10-10,2026-10-10T04:00Z,2026,6,STATUS_SCHEDULED,Ohio,MAC,195,Central Michigan,MAC,2117,,,False
401866439,2026-10-10,2026-10-10T04:00Z,2026,6,STATUS_SCHEDULED,Western Michigan,MAC,2711,Kent State,MAC,2309,,,False
401858256,2026-10-10,2026-10-10T04:00Z,2026,6,STATUS_SCHEDULED,Pittsburgh,ACC,221,North Carolina,ACC,153,,,False
401858480,2026-10-10,2026-10-10T04:00Z,2026,6,STATUS_SCHEDULED,Michigan State,Big Ten,127,Illinois,Big Ten,356,,,False
401862798,2026-10-10,2026-10-10T04:00Z,2026,6,STATUS_SCHEDULED,Memphis,American,235,UAB,American,5,,,False
401869843,2026-10-10,2026-10-10T04:00Z,2026,6,STATUS_SCHEDULED,App State,Sun Belt,2026,Old Dominion,Sun Belt,295,,,False
401869965,2026-10-10,2026-10-10T04:00Z,2026,6,STATUS_SCHEDULED,Louisiana Tech,Sun Belt,2348,Louisiana,Sun Belt,309,,,False
401869949,2026-10-10,2026-10-10T04:00Z,2026,6,STATUS_SCHEDULED,Georgia Southern,Sun Belt,290,James Madison,Sun Belt,256,,,False
401866436,2026-10-10,2026-10-10T04:00Z,2026,6,STATUS_SCHEDULED,Bowling Green,MAC,189,Sacramento State,MAC,16,,,False
401869943,2026-10-10,2026-10-10T04:00Z,2026,6,STATUS_SCHEDULED,Marshall,Sun Belt,276,Coastal Carolina,Sun Belt,324,,,False
401856808,2026-10-10,2026-10-10T04:00Z,2026,6,STATUS_SCHEDULED,Arizona State,Big 12,9,Hawai'i,Mountain West,62,,,False
401862797,2026-10-10,2026-10-10T04:00Z,2026,6,STATUS_SCHEDULED,East Carolina,American,151,Rice,American,242,,,False
401856712,2026-10-10,2026-10-10T04:00Z,2026,6,STATUS_SCHEDULED,Alabama,SEC,333,Georgia,SEC,61,,,False
401862795,2026-10-10,2026-10-10T16:00Z,2026,6,STATUS_SCHEDULED,Army,American,349,Tulane,American,2655,,,False
401856717,2026-10-10,2026-10-10T19:30Z,2026,6,STATUS_SCHEDULED,Oklahoma,SEC,201,Texas,SEC,251,,,True
401858257,2026-10-10,2026-10-10T19:30Z,2026,6,STATUS_SCHEDULED,Notre Dame,FBS Indep.,87,Stanford,ACC,24,,,False
401866435,2026-10-10,2026-10-10T19:30Z,2026,6,STATUS_SCHEDULED,Akron,MAC,2006,Eastern Michigan,MAC,2199,,,False
401862799,2026-10-10,2026-10-10T19:30Z,2026,6,STATUS_SCHEDULED,Navy,American,2426,Tulsa,American,202,,,False
401860902,2026-10-10,2026-10-10T22:00Z,2026,6,STATUS_SCHEDULED,Oregon State,Pac-12,204,San Diego State,Pac-12,21,,,False
401864518,2026-10-10,2026-10-10T23:00Z,2026,6,STATUS_SCHEDULED,UNLV,Mountain West,2439,North Dakota State,Mountain West,2449,,,False
401864516,2026-10-10,2026-10-10T23:30Z,2026,6,STATUS_SCHEDULED,Northern Illinois,Mountain West,2459,Air Force,Mountain West,2005,,,False
401860901,2026-10-10,2026-10-11T02:30Z,2026,6,STATUS_SCHEDULED,Fresno State,Pac-12,278,Boise State,Pac-12,68,,,False
401871067,2026-10-13,2026-10-13T23:00Z,2026,7,STATUS_SCHEDULED,Middle Tennessee,CUSA,2393,Delaware,CUSA,48,,,False
401871053,2026-10-13,2026-10-14T00:00Z,2026,7,STATUS_SCHEDULED,Jacksonville State,CUSA,55,Florida International,CUSA,2229,,,False
401871054,2026-10-14,2026-10-14T23:30Z,2026,7,STATUS_SCHEDULED,Missouri State,CUSA,2623,Kennesaw State,CUSA,338,,,False
401871068,2026-10-14,2026-10-15T00:00Z,2026,7,STATUS_SCHEDULED,Sam Houston,CUSA,2534,Western Kentucky,CUSA,98,,,False
401862800,2026-10-15,2026-10-15T23:30Z,2026,7,STATUS_SCHEDULED,UAB,American,5,East Carolina,American,151,,,False
401869950,2026-10-15,2026-10-15T23:30Z,2026,7,STATUS_SCHEDULED,Old Dominion,Sun Belt,295,Georgia Southern,Sun Belt,290,,,False
401860923,2026-10-15,2026-10-16T00:00Z,2026,7,STATUS_SCHEDULED,Texas State,Pac-12,326,Colorado State,Pac-12,36,,,False
401862801,2026-10-16,2026-10-16T23:30Z,2026,7,STATUS_SCHEDULED,Tulane,American,2655,Memphis,American,235,,,False
401869844,2026-10-16,2026-10-17T00:00Z,2026,7,STATUS_SCHEDULED,Coastal Carolina,Sun Belt,324,App State,Sun Belt,2026,,,False
401858493,2026-10-16,2026-10-17T00:00Z,2026,7,STATUS_SCHEDULED,Purdue,Big Ten,2509,Washington,Big Ten,264,,,False
401856719,2026-10-17,2026-10-17T04:00Z,2026,7,STATUS_SCHEDULED,Georgia,SEC,61,Auburn,SEC,2,,,False
401856809,2026-10-17,2026-10-17T04:00Z,2026,7,STATUS_SCHEDULED,BYU,Big 12,252,Notre Dame,FBS Indep.,87,,,False
401858266,2026-10-17,2026-10-17T04:00Z,2026,7,STATUS_SCHEDULED,Duke,ACC,150,North Carolina,ACC,153,,,False
401864521,2026-10-17,2026-10-17T04:00Z,2026,7,STATUS_SCHEDULED,Hawai'i,Mountain West,62,New Mexico,Mountain West,167,,,False
401856832,2026-10-17,2026-10-17T04:00Z,2026,7,STATUS_SCHEDULED,Baylor,Big 12,239,TCU,Big 12,2628,,,False
401866445,2026-10-17,2026-10-17T04:00Z,2026,7,STATUS_SCHEDULED,Sacramento State,MAC,16,Ohio,MAC,195,,,False
401866441,2026-10-17,2026-10-17T04:00Z,2026,7,STATUS_SCHEDULED,Bowling Green,MAC,189,Ball State,MAC,2050,,,False
401866443,2026-10-17,2026-10-17T04:00Z,2026,7,STATUS_SCHEDULED,Central Michigan,MAC,2117,Western Michigan,MAC,2711,,,False
401862806,2026-10-17,2026-10-17T04:00Z,2026,7,STATUS_SCHEDULED,South Florida,American,58,Kent State,MAC,2309,,,False
401862805,2026-10-17,2026-10-17T04:00Z,2026,7,STATUS_SCHEDULED,Rice,American,242,Tulsa,American,202,,,False
401862804,2026-10-17,2026-10-17T04:00Z,2026,7,STATUS_SCHEDULED,UTSA,American,2636,Navy,American,2426,,,False
401862803,2026-10-17,2026-10-17T04:00Z,2026,7,STATUS_SCHEDULED,Temple,American,218,Charlotte,American,2429,,,False
401858494,2026-10-17,2026-10-17T04:00Z,2026,7,STATUS_SCHEDULED,UCLA,Big Ten,26,Wisconsin,Big Ten,275,,,False
401856721,2026-10-17,2026-10-17T04:00Z,2026,7,STATUS_SCHEDULED,Ole Miss,SEC,145,Missouri,SEC,142,,,False
401858268,2026-10-17,2026-10-17T04:00Z,2026,7,STATUS_SCHEDULED,SMU,ACC,2567,Virginia,ACC,258,,,False
401858269,2026-10-17,2026-10-17T04:00Z,2026,7,STATUS_SCHEDULED,California,ACC,25,Wake Forest,ACC,154,,,False
401858489,2026-10-17,2026-10-17T04:00Z,2026,7,STATUS_SCHEDULED,Maryland,Big Ten,120,Rutgers,Big Ten,164,,,False
401858263,2026-10-17,2026-10-17T04:00Z,2026,7,STATUS_SCHEDULED,Miami,ACC,2390,Florida State,ACC,52,,,False
401858492,2026-10-17,2026-10-17T04:00Z,2026,7,STATUS_SCHEDULED,Oregon,Big Ten,2483,Nebraska,Big Ten,158,,,False
401858491,2026-10-17,2026-10-17T04:00Z,2026,7,STATUS_SCHEDULED,Michigan State,Big Ten,127,Northwestern,Big Ten,77,,,False
401858490,2026-10-17,2026-10-17T04:00Z,2026,7,STATUS_SCHEDULED,Michigan,Big Ten,130,Penn State,Big Ten,213,,,False
401858488,2026-10-17,2026-10-17T04:00Z,2026,7,STATUS_SCHEDULED,Indiana,Big Ten,84,Ohio State,Big Ten,194,,,False
401858267,2026-10-17,2026-10-17T04:00Z,2026,7,STATUS_SCHEDULED,Boston College,ACC,103,Pittsburgh,ACC,221,,,False
401858265,2026-10-17,2026-10-17T04:00Z,2026,7,STATUS_SCHEDULED,Syracuse,ACC,183,Louisville,ACC,97,,,False
401858261,2026-10-17,2026-10-17T04:00Z,2026,7,STATUS_SCHEDULED,Clemson,ACC,228,Charleston Southern,Other/FCS,2127,,,False
401856833,2026-10-17,2026-10-17T04:00Z,2026,7,STATUS_SCHEDULED,Colorado,Big 12,38,Utah,Big 12,254,,,False
401856831,2026-10-17,2026-10-17T04:00Z,2026,7,STATUS_SCHEDULED,Houston,Big 12,248,Oklahoma State,Big 12,197,,,False
401856830,2026-10-17,2026-10-17T04:00Z,2026,7,STATUS_SCHEDULED,Kansas State,Big 12,2306,Kansas,Big 12,2305,,,False
401856829,2026-10-17,2026-10-17T04:00Z,2026,7,STATUS_SCHEDULED,West Virginia,Big 12,277,Cincinnati,Big 12,2132,,,False
401856726,2026-10-17,2026-10-17T04:00Z,2026,7,STATUS_SCHEDULED,Vanderbilt,SEC,238,Arkansas,SEC,8,,,False
401856828,2026-10-17,2026-10-17T04:00Z,2026,7,STATUS_SCHEDULED,Texas Tech,Big 12,2641,Arizona State,Big 12,9,,,False
401866478,2026-10-17,2026-10-17T04:00Z,2026,7,STATUS_SCHEDULED,Miami (OH),MAC,193,Akron,MAC,2006,,,False
401866444,2026-10-17,2026-10-17T04:00Z,2026,7,STATUS_SCHEDULED,Eastern Michigan,MAC,2199,Toledo,MAC,2649,,,False
401866442,2026-10-17,2026-10-17T04:00Z,2026,7,STATUS_SCHEDULED,Buffalo,MAC,2084,Massachusetts,MAC,113,,,False
401871091,2026-10-17,2026-10-17T04:00Z,2026,7,STATUS_SCHEDULED,UL Monroe,Sun Belt,2433,Louisiana Tech,Sun Belt,2348,,,False
401869966,2026-10-17,2026-10-17T04:00Z,2026,7,STATUS_SCHEDULED,Louisiana,Sun Belt,309,Troy,Sun Belt,2653,,,False
401869957,2026-10-17,2026-10-17T04:00Z,2026,7,STATUS_SCHEDULED,James Madison,Sun Belt,256,Georgia State,Sun Belt,2247,,,False
401869934,2026-10-17,2026-10-17T04:00Z,2026,7,STATUS_SCHEDULED,Southern Miss,Sun Belt,2572,Arkansas State,Sun Belt,2032,,,False
401856724,2026-10-17,2026-10-17T04:00Z,2026,7,STATUS_SCHEDULED,Texas,SEC,251,Florida,SEC,57,,,False
401856723,2026-10-17,2026-10-17T04:00Z,2026,7,STATUS_SCHEDULED,Tennessee,SEC,2633,Alabama,SEC,333,,,False
401856722,2026-10-17,2026-10-17T04:00Z,2026,7,STATUS_SCHEDULED,Oklahoma,SEC,201,Kentucky,SEC,96,,,False
401858264,2026-10-17,2026-10-17T04:00Z,2026,7,STATUS_SCHEDULED,Virginia Tech,ACC,259,Georgia Tech,ACC,59,,,False
401856720,2026-10-17,2026-10-17T04:00Z,2026,7,STATUS_SCHEDULED,LSU,SEC,99,Mississippi State,SEC,344,,,False
401862802,2026-10-17,2026-10-17T16:00Z,2026,7,STATUS_SCHEDULED,Army,American,349,Florida Atlantic,American,2226,,,False
401856725,2026-10-17,2026-10-17T17:00Z,2026,7,STATUS_SCHEDULED,Texas A&M,SEC,245,The Citadel,Other/FCS,2643,,,False
401864524,2026-10-17,2026-10-17T19:30Z,2026,7,STATUS_SCHEDULED,Air Force,Mountain West,2005,UNLV,Mountain West,2439,,,False
401864522,2026-10-17,2026-10-17T19:30Z,2026,7,STATUS_SCHEDULED,Wyoming,Mountain West,2751,Northern Illinois,Mountain West,2459,,,False
401860903,2026-10-17,2026-10-17T22:00Z,2026,7,STATUS_SCHEDULED,Oregon State,Pac-12,204,Washington State,Pac-12,265,,,False
401864520,2026-10-17,2026-10-17T23:00Z,2026,7,STATUS_SCHEDULED,North Dakota State,Mountain West,2449,Nevada,Mountain West,2440,,,False
401858262,2026-10-17,2026-10-17T23:30Z,2026,7,STATUS_SCHEDULED,Stanford,ACC,24,Elon,Other/FCS,2210,,,False
401864523,2026-10-17,2026-10-18T01:00Z,2026,7,STATUS_SCHEDULED,UTEP,Mountain West,2638,San José State,Mountain West,23,,,False
401860904,2026-10-17,2026-10-18T02:30Z,2026,7,STATUS_SCHEDULED,San Diego State,Pac-12,21,Fresno State,Pac-12,278,,,False
401871055,2026-10-20,2026-10-20T23:00Z,2026,8,STATUS_SCHEDULED,Florida International,CUSA,2229,Middle Tennessee,CUSA,2393,,,False
401871069,2026-10-20,2026-10-20T23:00Z,2026,8,STATUS_SCHEDULED,Delaware,CUSA,48,Missouri State,CUSA,2623,,,False
401871092,2026-10-20,2026-10-20T23:30Z,2026,8,STATUS_SCHEDULED,Marshall,Sun Belt,276,South Alabama,Sun Belt,6,,,False
401871070,2026-10-21,2026-10-22T00:00Z,2026,8,STATUS_SCHEDULED,Sam Houston,CUSA,2534,New Mexico State,CUSA,166,,,False
401869845,2026-10-22,2026-10-22T23:00Z,2026,8,STATUS_SCHEDULED,App State,Sun Belt,2026,James Madison,Sun Belt,256,,,False
401871056,2026-10-22,2026-10-22T23:00Z,2026,8,STATUS_SCHEDULED,Kennesaw State,CUSA,338,Liberty,CUSA,2335,,,False
401862807,2026-10-22,2026-10-22T23:30Z,2026,8,STATUS_SCHEDULED,Memphis,American,235,East Carolina,American,151,,,False
401858271,2026-10-23,2026-10-23T23:00Z,2026,8,STATUS_SCHEDULED,Virginia,ACC,258,Duke,ACC,150,,,False
401861965,2026-10-23,2026-10-23T23:00Z,2026,8,STATUS_SCHEDULED,UConn,FBS Indep.,41,Massachusetts,MAC,113,,,False
401862808,2026-10-23,2026-10-24T00:30Z,2026,8,STATUS_SCHEDULED,Tulsa,American,202,Army,American,349,,,False
401864525,2026-10-23,2026-10-24T01:00Z,2026,8,STATUS_SCHEDULED,Wyoming,Mountain West,2751,Air Force,Mountain West,2005,,,False
401858272,2026-10-23,2026-10-24T02:30Z,2026,8,STATUS_SCHEDULED,Stanford,ACC,24,NC State,ACC,152,,,False
401856838,2026-10-24,2026-10-24T04:00Z,2026,8,STATUS_SCHEDULED,Arizona,Big 12,12,Iowa State,Big 12,66,,,False
401869967,2026-10-24,2026-10-24T04:00Z,2026,8,STATUS_SCHEDULED,Southern Miss,Sun Belt,2572,Louisiana,Sun Belt,309,,,False
401871094,2026-10-24,2026-10-24T04:00Z,2026,8,STATUS_SCHEDULED,Troy,Sun Belt,2653,UL Monroe,Sun Belt,2433,,,False
401862809,2026-10-24,2026-10-24T04:00Z,2026,8,STATUS_SCHEDULED,Florida Atlantic,American,2226,Rice,American,242,,,False
401858500,2026-10-24,2026-10-24T04:00Z,2026,8,STATUS_SCHEDULED,Wisconsin,Big Ten,275,USC,Big Ten,30,,,False
401858499,2026-10-24,2026-10-24T04:00Z,2026,8,STATUS_SCHEDULED,UCLA,Big Ten,26,Michigan State,Big Ten,127,,,False
401858497,2026-10-24,2026-10-24T04:00Z,2026,8,STATUS_SCHEDULED,Minnesota,Big Ten,135,Iowa,Big Ten,2294,,,False
401858496,2026-10-24,2026-10-24T04:00Z,2026,8,STATUS_SCHEDULED,Michigan,Big Ten,130,Indiana,Big Ten,84,,,False
401858495,2026-10-24,2026-10-24T04:00Z,2026,8,STATUS_SCHEDULED,Illinois,Big Ten,356,Oregon,Big Ten,2483,,,False
401856836,2026-10-24,2026-10-24T04:00Z,2026,8,STATUS_SCHEDULED,Oklahoma State,Big 12,197,Colorado,Big 12,38,,,False
401856730,2026-10-24,2026-10-24T04:00Z,2026,8,STATUS_SCHEDULED,Mississippi State,SEC,344,Oklahoma,SEC,201,,,False
401858276,2026-10-24,2026-10-24T04:00Z,2026,8,STATUS_SCHEDULED,Clemson,ACC,228,Virginia Tech,ACC,259,,,False
401858275,2026-10-24,2026-10-24T04:00Z,2026,8,STATUS_SCHEDULED,North Carolina,ACC,153,Syracuse,ACC,183,,,False
401858274,2026-10-24,2026-10-24T04:00Z,2026,8,STATUS_SCHEDULED,Miami,ACC,2390,Pittsburgh,ACC,221,,,False
401858273,2026-10-24,2026-10-24T04:00Z,2026,8,STATUS_SCHEDULED,Georgia Tech,ACC,59,Boston College,ACC,103,,,False
401856841,2026-10-24,2026-10-24T04:00Z,2026,8,STATUS_SCHEDULED,TCU,Big 12,2628,West Virginia,Big 12,277,,,False
401856840,2026-10-24,2026-10-24T04:00Z,2026,8,STATUS_SCHEDULED,Cincinnati,Big 12,2132,Texas Tech,Big 12,2641,,,False
401856839,2026-10-24,2026-10-24T04:00Z,2026,8,STATUS_SCHEDULED,Arizona State,Big 12,9,Kansas State,Big 12,2306,,,False
401856837,2026-10-24,2026-10-24T04:00Z,2026,8,STATUS_SCHEDULED,Utah,Big 12,254,Houston,Big 12,248,,,False
401856835,2026-10-24,2026-10-24T04:00Z,2026,8,STATUS_SCHEDULED,UCF,Big 12,2116,BYU,Big 12,252,,,False
401856834,2026-10-24,2026-10-24T04:00Z,2026,8,STATUS_SCHEDULED,Kansas,Big 12,2305,Baylor,Big 12,239,,,False
401856732,2026-10-24,2026-10-24T04:00Z,2026,8,STATUS_SCHEDULED,Texas,SEC,251,Ole Miss,SEC,145,,,False
401856731,2026-10-24,2026-10-24T04:00Z,2026,8,STATUS_SCHEDULED,South Carolina,SEC,2579,Tennessee,SEC,2633,,,False
401856729,2026-10-24,2026-10-24T04:00Z,2026,8,STATUS_SCHEDULED,Kentucky,SEC,96,Vanderbilt,SEC,238,,,False
401856727,2026-10-24,2026-10-24T04:00Z,2026,8,STATUS_SCHEDULED,Alabama,SEC,333,Texas A&M,SEC,245,,,False
401858270,2026-10-24,2026-10-24T04:00Z,2026,8,STATUS_SCHEDULED,SMU,ACC,2567,California,ACC,25,,,False
401864526,2026-10-24,2026-10-24T04:00Z,2026,8,STATUS_SCHEDULED,Northern Illinois,Mountain West,2459,Hawai'i,Mountain West,62,,,False
401866447,2026-10-24,2026-10-24T04:00Z,2026,8,STATUS_SCHEDULED,Ball State,MAC,2050,Sacramento State,MAC,16,,,False
401866446,2026-10-24,2026-10-24T04:00Z,2026,8,STATUS_SCHEDULED,Kent State,MAC,2309,Akron,MAC,2006,,,False
401858498,2026-10-24,2026-10-24T04:00Z,2026,8,STATUS_SCHEDULED,Northwestern,Big Ten,77,Rutgers,Big Ten,164,,,False
401871093,2026-10-24,2026-10-24T04:00Z,2026,8,STATUS_SCHEDULED,Louisiana Tech,Sun Belt,2348,Old Dominion,Sun Belt,295,,,False
401862811,2026-10-24,2026-10-24T04:00Z,2026,8,STATUS_SCHEDULED,Tulane,American,2655,UTSA,American,2636,,,False
401866476,2026-10-24,2026-10-24T04:00Z,2026,8,STATUS_SCHEDULED,Central Michigan,MAC,2117,Miami (OH),MAC,193,,,False
401866449,2026-10-24,2026-10-24T04:00Z,2026,8,STATUS_SCHEDULED,Ohio,MAC,195,Eastern Michigan,MAC,2199,,,False
401866450,2026-10-24,2026-10-24T04:00Z,2026,8,STATUS_SCHEDULED,Toledo,MAC,2649,Western Michigan,MAC,2711,,,False
401866448,2026-10-24,2026-10-24T04:00Z,2026,8,STATUS_SCHEDULED,Buffalo,MAC,2084,Bowling Green,MAC,189,,,False
401856728,2026-10-24,2026-10-24T16:00Z,2026,8,STATUS_SCHEDULED,Auburn,SEC,2,LSU,SEC,99,,,False
401862810,2026-10-24,2026-10-24T19:30Z,2026,8,STATUS_SCHEDULED,Navy,American,2426,North Texas,American,249,,,False
401864528,2026-10-24,2026-10-24T21:00Z,2026,8,STATUS_SCHEDULED,Nevada,Mountain West,2440,San José State,Mountain West,23,,,False
401860907,2026-10-24,2026-10-24T22:00Z,2026,8,STATUS_SCHEDULED,Washington State,Pac-12,265,Boise State,Pac-12,68,,,False
401860905,2026-10-24,2026-10-24T22:30Z,2026,8,STATUS_SCHEDULED,Colorado State,Pac-12,36,San Diego State,Pac-12,21,,,False
401869935,2026-10-24,2026-10-24T23:00Z,2026,8,STATUS_SCHEDULED,Arkansas State,Sun Belt,2032,Georgia State,Sun Belt,2247,,,False
401860906,2026-10-24,2026-10-24T23:30Z,2026,8,STATUS_SCHEDULED,Texas State,Pac-12,326,Utah State,Pac-12,328,,,False
401864527,2026-10-24,2026-10-25T02:00Z,2026,8,STATUS_SCHEDULED,New Mexico,Mountain West,167,North Dakota State,Mountain West,2449,,,False
401871071,2026-10-27,2026-10-27T23:00Z,2026,9,STATUS_SCHEDULED,Western Kentucky,CUSA,98,Delaware,CUSA,48,,,False
401871072,2026-10-27,2026-10-28T00:00Z,2026,9,STATUS_SCHEDULED,Missouri State,CUSA,2623,Sam Houston,CUSA,2534,,,False
401871058,2026-10-28,2026-10-28T23:00Z,2026,9,STATUS_SCHEDULED,Middle Tennessee,CUSA,2393,Kennesaw State,CUSA,338,,,False
401871057,2026-10-28,2026-10-29T00:00Z,2026,9,STATUS_SCHEDULED,New Mexico State,CUSA,166,Jacksonville State,CUSA,55,,,False
401869963,2026-10-29,2026-10-29T23:30Z,2026,9,STATUS_SCHEDULED,James Madison,Sun Belt,256,Troy,Sun Belt,2653,,,False
401862812,2026-10-29,2026-10-29T23:30Z,2026,9,STATUS_SCHEDULED,North Texas,American,249,Florida Atlantic,American,2226,,,False
401862813,2026-10-30,2026-10-30T23:00Z,2026,9,STATUS_SCHEDULED,Charlotte,American,2429,Tulane,American,2655,,,False
401856844,2026-10-30,2026-10-30T23:30Z,2026,9,STATUS_SCHEDULED,UCF,Big 12,2116,Baylor,Big 12,239,,,False
401866451,2026-10-30,2026-10-31T02:30Z,2026,9,STATUS_SCHEDULED,Sacramento State,MAC,16,Kent State,MAC,2309,,,False
401856733,2026-10-31,2026-10-31T04:00Z,2026,9,STATUS_SCHEDULED,Arkansas,SEC,8,Missouri,SEC,142,,,False
401862814,2026-10-31,2026-10-31T04:00Z,2026,9,STATUS_SCHEDULED,Memphis,American,235,Army,American,349,,,False
401858277,2026-10-31,2026-10-31T04:00Z,2026,9,STATUS_SCHEDULED,NC State,ACC,152,California,ACC,25,,,False
401856736,2026-10-31,2026-10-31T04:00Z,2026,9,STATUS_SCHEDULED,Oklahoma,SEC,201,South Carolina,SEC,2579,,,False
401856737,2026-10-31,2026-10-31T04:00Z,2026,9,STATUS_SCHEDULED,Texas,SEC,251,Mississippi State,SEC,344,,,False
401856842,2026-10-31,2026-10-31T04:00Z,2026,9,STATUS_SCHEDULED,Texas Tech,Big 12,2641,Arizona,Big 12,12,,,False
401856843,2026-10-31,2026-10-31T04:00Z,2026,9,STATUS_SCHEDULED,BYU,Big 12,252,Arizona State,Big 12,9,,,False
401856845,2026-10-31,2026-10-31T04:00Z,2026,9,STATUS_SCHEDULED,TCU,Big 12,2628,Kansas,Big 12,2305,,,False
401856846,2026-10-31,2026-10-31T04:00Z,2026,9,STATUS_SCHEDULED,Colorado,Big 12,38,Kansas State,Big 12,2306,,,False
401856847,2026-10-31,2026-10-31T04:00Z,2026,9,STATUS_SCHEDULED,Iowa State,Big 12,66,Oklahoma State,Big 12,197,,,False
401856848,2026-10-31,2026-10-31T04:00Z,2026,9,STATUS_SCHEDULED,Cincinnati,Big 12,2132,Utah,Big 12,254,,,False
401858279,2026-10-31,2026-10-31T04:00Z,2026,9,STATUS_SCHEDULED,Duke,ACC,150,Boston College,ACC,103,,,False
401858280,2026-10-31,2026-10-31T04:00Z,2026,9,STATUS_SCHEDULED,Florida State,ACC,52,Clemson,ACC,228,,,False
401858282,2026-10-31,2026-10-31T04:00Z,2026,9,STATUS_SCHEDULED,North Carolina,ACC,153,Miami,ACC,2390,,,False
401858281,2026-10-31,2026-10-31T04:00Z,2026,9,STATUS_SCHEDULED,Pittsburgh,ACC,221,Georgia Tech,ACC,59,,,False
401858501,2026-10-31,2026-10-31T04:00Z,2026,9,STATUS_SCHEDULED,Indiana,Big Ten,84,Minnesota,Big Ten,135,,,False
401869846,2026-10-31,2026-10-31T04:00Z,2026,9,STATUS_SCHEDULED,Georgia Southern,Sun Belt,290,App State,Sun Belt,2026,,,False
401869944,2026-10-31,2026-10-31T04:00Z,2026,9,STATUS_SCHEDULED,Georgia State,Sun Belt,2247,Coastal Carolina,Sun Belt,324,,,False
401871095,2026-10-31,2026-10-31T04:00Z,2026,9,STATUS_SCHEDULED,UL Monroe,Sun Belt,2433,Southern Miss,Sun Belt,2572,,,False
401871096,2026-10-31,2026-10-31T04:00Z,2026,9,STATUS_SCHEDULED,Old Dominion,Sun Belt,295,Marshall,Sun Belt,276,,,False
401871097,2026-10-31,2026-10-31T04:00Z,2026,9,STATUS_SCHEDULED,South Alabama,Sun Belt,6,Louisiana Tech,Sun Belt,2348,,,False
401862815,2026-10-31,2026-10-31T04:00Z,2026,9,STATUS_SCHEDULED,East Carolina,American,151,Temple,American,218,,,False
401858509,2026-10-31,2026-10-31T04:00Z,2026,9,STATUS_SCHEDULED,USC,Big Ten,30,Ohio State,Big Ten,194,,,False
401858508,2026-10-31,2026-10-31T04:00Z,2026,9,STATUS_SCHEDULED,UCLA,Big Ten,26,Nevada,Mountain West,2440,,,False
401858503,2026-10-31,2026-10-31T04:00Z,2026,9,STATUS_SCHEDULED,Maryland,Big Ten,120,Illinois,Big Ten,356,,,False
401858507,2026-10-31,2026-10-31T04:00Z,2026,9,STATUS_SCHEDULED,Rutgers,Big Ten,164,Michigan,Big Ten,130,,,False
401858506,2026-10-31,2026-10-31T04:00Z,2026,9,STATUS_SCHEDULED,Penn State,Big Ten,213,Purdue,Big Ten,2509,,,False
401858505,2026-10-31,2026-10-31T04:00Z,2026,9,STATUS_SCHEDULED,Oregon,Big Ten,2483,Northwestern,Big Ten,77,,,False
401858504,2026-10-31,2026-10-31T04:00Z,2026,9,STATUS_SCHEDULED,Nebraska,Big Ten,158,Washington,Big Ten,264,,,False
401858283,2026-10-31,2026-10-31T04:00Z,2026,9,STATUS_SCHEDULED,Louisville,ACC,97,Stanford,ACC,24,,,False
401858502,2026-10-31,2026-10-31T04:00Z,2026,9,STATUS_SCHEDULED,Iowa,Big Ten,2294,Wisconsin,Big Ten,275,,,False
401862816,2026-10-31,2026-10-31T04:00Z,2026,9,STATUS_SCHEDULED,South Florida,American,58,UAB,American,5,,,False
401858278,2026-10-31,2026-10-31T04:00Z,2026,9,STATUS_SCHEDULED,Syracuse,ACC,183,SMU,ACC,2567,,,False
401860924,2026-10-31,2026-10-31T04:00Z,2026,9,STATUS_SCHEDULED,Fresno State,Pac-12,278,Oregon State,Pac-12,204,,,False
401858284,2026-10-31,2026-10-31T04:00Z,2026,9,STATUS_SCHEDULED,Wake Forest,ACC,154,Virginia,ACC,258,,,False
401856735,2026-10-31,2026-10-31T04:00Z,2026,9,STATUS_SCHEDULED,Ole Miss,SEC,145,Auburn,SEC,2,,,False
401864529,2026-10-31,2026-10-31T04:00Z,2026,9,STATUS_SCHEDULED,San José State,Mountain West,23,New Mexico,Mountain West,167,,,False
401859185,2026-10-31,2026-10-31T16:00Z,2026,9,STATUS_SCHEDULED,Navy,American,2426,Notre Dame,FBS Indep.,87,,,True
401866452,2026-10-31,2026-10-31T16:00Z,2026,9,STATUS_SCHEDULED,Western Michigan,MAC,2711,Bowling Green,MAC,189,,,False
401861966,2026-10-31,2026-10-31T19:00Z,2026,9,STATUS_SCHEDULED,Air Force,Mountain West,2005,UConn,FBS Indep.,41,,,False
401860910,2026-10-31,2026-10-31T19:30Z,2026,9,STATUS_SCHEDULED,Utah State,Pac-12,328,Colorado State,Pac-12,36,,,False
401871059,2026-10-31,2026-10-31T19:30Z,2026,9,STATUS_SCHEDULED,Liberty,CUSA,2335,Florida International,CUSA,2229,,,False
401856734,2026-10-31,2026-10-31T19:30Z,2026,9,STATUS_SCHEDULED,Georgia,SEC,61,Florida,SEC,57,,,True
401864531,2026-10-31,2026-10-31T19:30Z,2026,9,STATUS_SCHEDULED,North Dakota State,Mountain West,2449,UTEP,Mountain West,2638,,,False
401860909,2026-10-31,2026-10-31T23:00Z,2026,9,STATUS_SCHEDULED,San Diego State,Pac-12,21,Washington State,Pac-12,265,,,False
401860908,2026-10-31,2026-11-01T02:00Z,2026,9,STATUS_SCHEDULED,Boise State,Pac-12,68,Texas State,Pac-12,326,,,False
401864530,2026-10-31,2026-11-01T02:30Z,2026,9,STATUS_SCHEDULED,UNLV,Mountain West,2439,Northern Illinois,Mountain West,2459,,,False
401866454,2026-11-03,2026-11-04T00:00Z,2026,10,STATUS_SCHEDULED,Miami (OH),MAC,193,Buffalo,MAC,2084,,,False
401866453,2026-11-03,2026-11-04T00:00Z,2026,10,STATUS_SCHEDULED,Akron,MAC,2006,Ohio,MAC,195,,,False
401866457,2026-11-04,2026-11-04T05:00Z,2026,10,STATUS_SCHEDULED,Sacramento State,MAC,16,Toledo,MAC,2649,,,False
401866456,2026-11-04,2026-11-04T05:00Z,2026,10,STATUS_SCHEDULED,Eastern Michigan,MAC,2199,Central Michigan,MAC,2117,,,True
401866455,2026-11-04,2026-11-04T05:00Z,2026,10,STATUS_SCHEDULED,Massachusetts,MAC,113,Ball State,MAC,2050,,,False
401869964,2026-11-05,2026-11-06T01:00Z,2026,10,STATUS_SCHEDULED,Southern Miss,Sun Belt,2572,James Madison,Sun Belt,256,,,False
401862817,2026-11-05,2026-11-06T01:00Z,2026,10,STATUS_SCHEDULED,Florida Atlantic,American,2226,UTSA,American,2636,,,False
401858288,2026-11-06,2026-11-07T00:00Z,2026,10,STATUS_SCHEDULED,SMU,ACC,2567,Virginia Tech,ACC,259,,,False
401862818,2026-11-06,2026-11-07T00:30Z,2026,10,STATUS_SCHEDULED,East Carolina,American,151,South Florida,American,58,,,False
401858510,2026-11-06,2026-11-07T01:00Z,2026,10,STATUS_SCHEDULED,Illinois,Big Ten,356,Nebraska,Big Ten,158,,,False
401864533,2026-11-06,2026-11-07T02:00Z,2026,10,STATUS_SCHEDULED,Nevada,Mountain West,2440,New Mexico,Mountain West,167,,,False
401856855,2026-11-06,2026-11-07T03:15Z,2026,10,STATUS_SCHEDULED,Arizona,Big 12,12,TCU,Big 12,2628,,,False
401856853,2026-11-07,2026-11-07T05:00Z,2026,10,STATUS_SCHEDULED,Baylor,Big 12,239,Iowa State,Big 12,66,,,False
401856743,2026-11-07,2026-11-07T05:00Z,2026,10,STATUS_SCHEDULED,Missouri,SEC,142,Texas,SEC,251,,,False
401856851,2026-11-07,2026-11-07T05:00Z,2026,10,STATUS_SCHEDULED,Houston,Big 12,248,Cincinnati,Big 12,2132,,,False
401858511,2026-11-07,2026-11-07T05:00Z,2026,10,STATUS_SCHEDULED,Michigan,Big Ten,130,Michigan State,Big Ten,127,,,False
401856850,2026-11-07,2026-11-07T05:00Z,2026,10,STATUS_SCHEDULED,Kansas,Big 12,2305,UCF,Big 12,2116,,,False
401862822,2026-11-07,2026-11-07T05:00Z,2026,10,STATUS_SCHEDULED,Tulane,American,2655,Tulsa,American,202,,,False
401862821,2026-11-07,2026-11-07T05:00Z,2026,10,STATUS_SCHEDULED,North Texas,American,249,Rice,American,242,,,False
401856854,2026-11-07,2026-11-07T05:00Z,2026,10,STATUS_SCHEDULED,Kansas State,Big 12,2306,Oklahoma State,Big 12,197,,,False
401856742,2026-11-07,2026-11-07T05:00Z,2026,10,STATUS_SCHEDULED,Mississippi State,SEC,344,Vanderbilt,SEC,238,,,False
401871098,2026-11-07,2026-11-07T05:00Z,2026,10,STATUS_SCHEDULED,Troy,Sun Belt,2653,Louisiana Tech,Sun Belt,2348,,,False
401862819,2026-11-07,2026-11-07T05:00Z,2026,10,STATUS_SCHEDULED,UAB,American,5,Charlotte,American,2429,,,False
401856856,2026-11-07,2026-11-07T05:00Z,2026,10,STATUS_SCHEDULED,Texas Tech,Big 12,2641,West Virginia,Big 12,277,,,False
401869945,2026-11-07,2026-11-07T05:00Z,2026,10,STATUS_SCHEDULED,Coastal Carolina,Sun Belt,324,Old Dominion,Sun Belt,295,,,False
401856741,2026-11-07,2026-11-07T05:00Z,2026,10,STATUS_SCHEDULED,Ole Miss,SEC,145,Georgia,SEC,61,,,False
401869968,2026-11-07,2026-11-07T05:00Z,2026,10,STATUS_SCHEDULED,Louisiana,Sun Belt,309,South Alabama,Sun Belt,6,,,False
401869951,2026-11-07,2026-11-07T05:00Z,2026,10,STATUS_SCHEDULED,Georgia Southern,Sun Belt,290,Marshall,Sun Belt,276,,,False
401856740,2026-11-07,2026-11-07T05:00Z,2026,10,STATUS_SCHEDULED,LSU,SEC,99,Alabama,SEC,333,,,False
401869927,2026-11-07,2026-11-07T05:00Z,2026,10,STATUS_SCHEDULED,App State,Sun Belt,2026,Georgia State,Sun Belt,2247,,,False
401856852,2026-11-07,2026-11-07T05:00Z,2026,10,STATUS_SCHEDULED,Arizona State,Big 12,9,Colorado,Big 12,38,,,False
401856738,2026-11-07,2026-11-07T05:00Z,2026,10,STATUS_SCHEDULED,Auburn,SEC,2,Arkansas,SEC,8,,,False
401856744,2026-11-07,2026-11-07T05:00Z,2026,10,STATUS_SCHEDULED,South Carolina,SEC,2579,Texas A&M,SEC,245,,,False
401858517,2026-11-07,2026-11-07T05:00Z,2026,10,STATUS_SCHEDULED,Wisconsin,Big Ten,275,Rutgers,Big Ten,164,,,False
401864534,2026-11-07,2026-11-07T05:00Z,2026,10,STATUS_SCHEDULED,San José State,Mountain West,23,Northern Illinois,Mountain West,2459,,,False
401858516,2026-11-07,2026-11-07T05:00Z,2026,10,STATUS_SCHEDULED,Washington,Big Ten,264,Penn State,Big Ten,213,,,False
401858515,2026-11-07,2026-11-07T05:00Z,2026,10,STATUS_SCHEDULED,Purdue,Big Ten,2509,Maryland,Big Ten,120,,,False
401858514,2026-11-07,2026-11-07T05:00Z,2026,10,STATUS_SCHEDULED,Ohio State,Big Ten,194,Oregon,Big Ten,2483,,,False
401858513,2026-11-07,2026-11-07T05:00Z,2026,10,STATUS_SCHEDULED,Northwestern,Big Ten,77,Iowa,Big Ten,2294,,,False
401856745,2026-11-07,2026-11-07T05:00Z,2026,10,STATUS_SCHEDULED,Tennessee,SEC,2633,Kentucky,SEC,96,,,False
401858285,2026-11-07,2026-11-07T05:00Z,2026,10,STATUS_SCHEDULED,Syracuse,ACC,183,Clemson,ACC,228,,,False
401858287,2026-11-07,2026-11-07T05:00Z,2026,10,STATUS_SCHEDULED,Georgia Tech,ACC,59,Louisville,ACC,97,,,False
401858286,2026-11-07,2026-11-07T05:00Z,2026,10,STATUS_SCHEDULED,NC State,ACC,152,Duke,ACC,150,,,False
401858289,2026-11-07,2026-11-07T05:00Z,2026,10,STATUS_SCHEDULED,Boston College,ACC,103,Florida State,ACC,52,,,False
401856849,2026-11-07,2026-11-07T05:00Z,2026,10,STATUS_SCHEDULED,Utah,Big 12,254,BYU,Big 12,252,,,False
401858512,2026-11-07,2026-11-07T05:00Z,2026,10,STATUS_SCHEDULED,Minnesota,Big Ten,135,UCLA,Big Ten,26,,,False
401864532,2026-11-07,2026-11-07T05:00Z,2026,10,STATUS_SCHEDULED,UTEP,Mountain West,2638,Hawai'i,Mountain West,62,,,False
401856739,2026-11-07,2026-11-07T05:00Z,2026,10,STATUS_SCHEDULED,Florida,SEC,57,Oklahoma,SEC,201,,,False
401858292,2026-11-07,2026-11-07T17:00Z,2026,10,STATUS_SCHEDULED,UConn,FBS Indep.,41,North Carolina,ACC,153,,,False
401858290,2026-11-07,2026-11-07T17:00Z,2026,10,STATUS_SCHEDULED,Wake Forest,ACC,154,Merrimack,Other/FCS,2771,,,False
401871073,2026-11-07,2026-11-07T20:00Z,2026,10,STATUS_SCHEDULED,Kennesaw State,CUSA,338,Delaware,CUSA,48,,,False
401869936,2026-11-07,2026-11-07T20:00Z,2026,10,STATUS_SCHEDULED,Arkansas State,Sun Belt,2032,UL Monroe,Sun Belt,2433,,,False
401862820,2026-11-07,2026-11-07T20:30Z,2026,10,STATUS_SCHEDULED,Navy,American,2426,Temple,American,218,,,False
401871076,2026-11-07,2026-11-07T20:30Z,2026,10,STATUS_SCHEDULED,Middle Tennessee,CUSA,2393,Western Kentucky,CUSA,98,,,False
401871074,2026-11-07,2026-11-07T21:00Z,2026,10,STATUS_SCHEDULED,Florida International,CUSA,2229,Missouri State,CUSA,2623,,,False
401870795,2026-11-07,2026-11-07T22:00Z,2026,10,STATUS_SCHEDULED,New Mexico State,CUSA,166,Liberty,CUSA,2335,,,False
401860911,2026-11-07,2026-11-07T23:00Z,2026,10,STATUS_SCHEDULED,Colorado State,Pac-12,36,Boise State,Pac-12,68,,,False
401871075,2026-11-07,2026-11-08T00:00Z,2026,10,STATUS_SCHEDULED,Jacksonville State,CUSA,55,Sam Houston,CUSA,2534,,,False
401858291,2026-11-07,2026-11-08T00:30Z,2026,10,STATUS_SCHEDULED,Notre Dame,FBS Indep.,87,Miami,ACC,2390,,,False
401862823,2026-11-07,2026-11-08T00:30Z,2026,10,STATUS_SCHEDULED,Army,American,349,Air Force,Mountain West,2005,,,False
401860913,2026-11-07,2026-11-08T02:30Z,2026,10,STATUS_SCHEDULED,Utah State,Pac-12,328,Fresno State,Pac-12,278,,,False
401860912,2026-11-07,2026-11-08T03:30Z,2026,10,STATUS_SCHEDULED,Oregon State,Pac-12,204,Texas State,Pac-12,326,,,False
401864535,2026-11-07,2026-11-08T03:30Z,2026,10,STATUS_SCHEDULED,UNLV,Mountain West,2439,Wyoming,Mountain West,2751,,,False
401866460,2026-11-10,2026-11-11T00:00Z,2026,11,STATUS_SCHEDULED,Miami (OH),MAC,193,Ohio,MAC,195,,,False
401866459,2026-11-10,2026-11-11T00:00Z,2026,11,STATUS_SCHEDULED,Bowling Green,MAC,189,Kent State,MAC,2309,,,False
401866458,2026-11-10,2026-11-11T00:00Z,2026,11,STATUS_SCHEDULED,Akron,MAC,2006,Western Michigan,MAC,2711,,,False
401866463,2026-11-11,2026-11-11T05:00Z,2026,11,STATUS_SCHEDULED,Toledo,MAC,2649,Massachusetts,MAC,113,,,False
401866461,2026-11-11,2026-11-11T05:00Z,2026,11,STATUS_SCHEDULED,Ball State,MAC,2050,Buffalo,MAC,2084,,,False
401866462,2026-11-11,2026-11-11T05:00Z,2026,11,STATUS_SCHEDULED,Central Michigan,MAC,2117,Sacramento State,MAC,16,,,False
401862824,2026-11-12,2026-11-13T01:00Z,2026,11,STATUS_SCHEDULED,South Florida,American,58,Memphis,American,235,,,False
401869969,2026-11-12,2026-11-13T02:00Z,2026,11,STATUS_SCHEDULED,UL Monroe,Sun Belt,2433,Louisiana,Sun Belt,309,,,False
401858293,2026-11-13,2026-11-14T00:00Z,2026,11,STATUS_SCHEDULED,Pittsburgh,ACC,221,Florida State,ACC,52,,,False
401858526,2026-11-13,2026-11-14T02:00Z,2026,11,STATUS_SCHEDULED,UCLA,Big Ten,26,Illinois,Big Ten,356,,,False
401856860,2026-11-13,2026-11-14T03:15Z,2026,11,STATUS_SCHEDULED,Colorado,Big 12,38,Houston,Big 12,248,,,False
401871100,2026-11-14,2026-11-14T05:00Z,2026,11,STATUS_SCHEDULED,South Alabama,Sun Belt,6,Troy,Sun Belt,2653,,,False
401871099,2026-11-14,2026-11-14T05:00Z,2026,11,STATUS_SCHEDULED,Louisiana Tech,Sun Belt,2348,Southern Miss,Sun Belt,2572,,,False
401869952,2026-11-14,2026-11-14T05:00Z,2026,11,STATUS_SCHEDULED,Georgia State,Sun Belt,2247,Georgia Southern,Sun Belt,290,,,False
401869937,2026-11-14,2026-11-14T05:00Z,2026,11,STATUS_SCHEDULED,Coastal Carolina,Sun Belt,324,Arkansas State,Sun Belt,2032,,,False
401869928,2026-11-14,2026-11-14T05:00Z,2026,11,STATUS_SCHEDULED,Marshall,Sun Belt,276,App State,Sun Belt,2026,,,False
401862828,2026-11-14,2026-11-14T05:00Z,2026,11,STATUS_SCHEDULED,Rice,American,242,Tulane,American,2655,,,False
401862827,2026-11-14,2026-11-14T05:00Z,2026,11,STATUS_SCHEDULED,UTSA,American,2636,North Texas,American,249,,,False
401862826,2026-11-14,2026-11-14T05:00Z,2026,11,STATUS_SCHEDULED,Tulsa,American,202,Florida Atlantic,American,2226,,,False
401862825,2026-11-14,2026-11-14T05:00Z,2026,11,STATUS_SCHEDULED,Charlotte,American,2429,East Carolina,American,151,,,False
401856857,2026-11-14,2026-11-14T05:00Z,2026,11,STATUS_SCHEDULED,UCF,Big 12,2116,Arizona State,Big 12,9,,,False
401856863,2026-11-14,2026-11-14T05:00Z,2026,11,STATUS_SCHEDULED,Oklahoma State,Big 12,197,Texas Tech,Big 12,2641,,,False
401856864,2026-11-14,2026-11-14T05:00Z,2026,11,STATUS_SCHEDULED,Arizona,Big 12,12,Utah,Big 12,254,,,False
401858525,2026-11-14,2026-11-14T05:00Z,2026,11,STATUS_SCHEDULED,Rutgers,Big Ten,164,Nebraska,Big Ten,158,,,False
401858524,2026-11-14,2026-11-14T05:00Z,2026,11,STATUS_SCHEDULED,Penn State,Big Ten,213,Minnesota,Big Ten,135,,,False
401858523,2026-11-14,2026-11-14T05:00Z,2026,11,STATUS_SCHEDULED,Oregon,Big Ten,2483,Michigan,Big Ten,130,,,False
401858522,2026-11-14,2026-11-14T05:00Z,2026,11,STATUS_SCHEDULED,Ohio State,Big Ten,194,Northwestern,Big Ten,77,,,False
401858521,2026-11-14,2026-11-14T05:00Z,2026,11,STATUS_SCHEDULED,Michigan State,Big Ten,127,Washington,Big Ten,264,,,False
401858520,2026-11-14,2026-11-14T05:00Z,2026,11,STATUS_SCHEDULED,Maryland,Big Ten,120,Wisconsin,Big Ten,275,,,False
401858519,2026-11-14,2026-11-14T05:00Z,2026,11,STATUS_SCHEDULED,Iowa,Big Ten,2294,Purdue,Big Ten,2509,,,False
401858299,2026-11-14,2026-11-14T05:00Z,2026,11,STATUS_SCHEDULED,Virginia Tech,ACC,259,Stanford,ACC,24,,,False
401858301,2026-11-14,2026-11-14T05:00Z,2026,11,STATUS_SCHEDULED,SMU,ACC,2567,Wake Forest,ACC,154,,,False
401856882,2026-11-14,2026-11-14T05:00Z,2026,11,STATUS_SCHEDULED,Arkansas,SEC,8,South Carolina,SEC,2579,,,False
401856883,2026-11-14,2026-11-14T05:00Z,2026,11,STATUS_SCHEDULED,Georgia,SEC,61,Missouri,SEC,142,,,False
401856884,2026-11-14,2026-11-14T05:00Z,2026,11,STATUS_SCHEDULED,Kentucky,SEC,96,Florida,SEC,57,,,False
401856885,2026-11-14,2026-11-14T05:00Z,2026,11,STATUS_SCHEDULED,LSU,SEC,99,Texas,SEC,251,,,False
401856886,2026-11-14,2026-11-14T05:00Z,2026,11,STATUS_SCHEDULED,Mississippi State,SEC,344,Auburn,SEC,2,,,False
401856887,2026-11-14,2026-11-14T05:00Z,2026,11,STATUS_SCHEDULED,Oklahoma,SEC,201,Ole Miss,SEC,145,,,False
401856888,2026-11-14,2026-11-14T05:00Z,2026,11,STATUS_SCHEDULED,Texas A&M,SEC,245,Tennessee,SEC,2633,,,False
401856889,2026-11-14,2026-11-14T05:00Z,2026,11,STATUS_SCHEDULED,Vanderbilt,SEC,238,Alabama,SEC,333,,,False
401858295,2026-11-14,2026-11-14T05:00Z,2026,11,STATUS_SCHEDULED,Virginia,ACC,258,California,ACC,25,,,False
401858296,2026-11-14,2026-11-14T05:00Z,2026,11,STATUS_SCHEDULED,Miami,ACC,2390,Duke,ACC,150,,,False
401858298,2026-11-14,2026-11-14T05:00Z,2026,11,STATUS_SCHEDULED,North Carolina,ACC,153,Louisville,ACC,97,,,False
401858300,2026-11-14,2026-11-14T05:00Z,2026,11,STATUS_SCHEDULED,NC State,ACC,152,Syracuse,ACC,183,,,False
401858297,2026-11-14,2026-11-14T05:00Z,2026,11,STATUS_SCHEDULED,Clemson,ACC,228,Georgia Tech,ACC,59,,,False
401864540,2026-11-14,2026-11-14T05:00Z,2026,11,STATUS_SCHEDULED,UTEP,Mountain West,2638,Wyoming,Mountain West,2751,,,False
401864536,2026-11-14,2026-11-14T05:00Z,2026,11,STATUS_SCHEDULED,Northern Illinois,Mountain West,2459,Nevada,Mountain West,2440,,,False
401856858,2026-11-14,2026-11-14T05:00Z,2026,11,STATUS_SCHEDULED,BYU,Big 12,252,Baylor,Big 12,239,,,False
401856859,2026-11-14,2026-11-14T05:00Z,2026,11,STATUS_SCHEDULED,Iowa State,Big 12,66,Cincinnati,Big 12,2132,,,False
401856861,2026-11-14,2026-11-14T05:00Z,2026,11,STATUS_SCHEDULED,West Virginia,Big 12,277,Kansas,Big 12,2305,,,False
401862829,2026-11-14,2026-11-14T05:00Z,2026,11,STATUS_SCHEDULED,Temple,American,218,UAB,American,5,,,False
401856862,2026-11-14,2026-11-14T05:00Z,2026,11,STATUS_SCHEDULED,TCU,Big 12,2628,Kansas State,Big 12,2306,,,False
401858518,2026-11-14,2026-11-14T05:00Z,2026,11,STATUS_SCHEDULED,Indiana,Big Ten,84,USC,Big Ten,30,,,False
401861967,2026-11-14,2026-11-14T17:00Z,2026,11,STATUS_SCHEDULED,UConn,FBS Indep.,41,James Madison,Sun Belt,256,,,False
401870769,2026-11-14,2026-11-14T19:00Z,2026,11,STATUS_SCHEDULED,Sam Houston,CUSA,2534,Kennesaw State,CUSA,338,,,False
401870796,2026-11-14,2026-11-14T20:00Z,2026,11,STATUS_SCHEDULED,Missouri State,CUSA,2623,New Mexico State,CUSA,166,,,False
401871060,2026-11-14,2026-11-14T20:00Z,2026,11,STATUS_SCHEDULED,Delaware,CUSA,48,Florida International,CUSA,2229,,,False
401871061,2026-11-14,2026-11-14T20:30Z,2026,11,STATUS_SCHEDULED,Liberty,CUSA,2335,Middle Tennessee,CUSA,2393,,,False
401858294,2026-11-14,2026-11-14T20:30Z,2026,11,STATUS_SCHEDULED,Notre Dame,FBS Indep.,87,Boston College,ACC,103,,,False
401870752,2026-11-14,2026-11-14T20:30Z,2026,11,STATUS_SCHEDULED,Western Kentucky,CUSA,98,Jacksonville State,CUSA,55,,,False
401860916,2026-11-14,2026-11-14T21:00Z,2026,11,STATUS_SCHEDULED,Texas State,Pac-12,326,Fresno State,Pac-12,278,,,False
401860914,2026-11-14,2026-11-14T23:00Z,2026,11,STATUS_SCHEDULED,Boise State,Pac-12,68,Oregon State,Pac-12,204,,,False
401864538,2026-11-14,2026-11-15T00:00Z,2026,11,STATUS_SCHEDULED,Air Force,Mountain West,2005,San José State,Mountain West,23,,,False
401864539,2026-11-14,2026-11-15T00:30Z,2026,11,STATUS_SCHEDULED,New Mexico,Mountain West,167,UNLV,Mountain West,2439,,,False
401860915,2026-11-14,2026-11-15T02:30Z,2026,11,STATUS_SCHEDULED,San Diego State,Pac-12,21,Utah State,Pac-12,328,,,False
401860917,2026-11-14,2026-11-15T03:30Z,2026,11,STATUS_SCHEDULED,Washington State,Pac-12,265,Colorado State,Pac-12,36,,,False
401864537,2026-11-14,2026-11-15T04:59Z,2026,11,STATUS_SCHEDULED,Hawai'i,Mountain West,62,North Dakota State,Mountain West,2449,,,False
401866465,2026-11-17,2026-11-18T00:00Z,2026,12,STATUS_SCHEDULED,Western Michigan,MAC,2711,Eastern Michigan,MAC,2199,,,False
401866464,2026-11-17,2026-11-18T00:00Z,2026,12,STATUS_SCHEDULED,Ohio,MAC,195,Ball State,MAC,2050,,,False
401866466,2026-11-17,2026-11-18T00:00Z,2026,12,STATUS_SCHEDULED,Kent State,MAC,2309,Miami (OH),MAC,193,,,False
401866469,2026-11-18,2026-11-18T05:00Z,2026,12,STATUS_SCHEDULED,Buffalo,MAC,2084,Central Michigan,MAC,2117,,,False
401866467,2026-11-18,2026-11-18T05:00Z,2026,12,STATUS_SCHEDULED,Massachusetts,MAC,113,Akron,MAC,2006,,,False
401862830,2026-11-19,2026-11-20T00:30Z,2026,12,STATUS_SCHEDULED,Temple,American,218,Rice,American,242,,,False
401856869,2026-11-20,2026-11-20T23:00Z,2026,12,STATUS_SCHEDULED,UCF,Big 12,2116,Iowa State,Big 12,66,,,False
401866468,2026-11-20,2026-11-21T00:30Z,2026,12,STATUS_SCHEDULED,Toledo,MAC,2649,Bowling Green,MAC,189,,,False
401858303,2026-11-20,2026-11-21T00:30Z,2026,12,STATUS_SCHEDULED,Duke,ACC,150,Clemson,ACC,228,,,False
401858529,2026-11-20,2026-11-21T01:00Z,2026,12,STATUS_SCHEDULED,Michigan State,Big Ten,127,Oregon,Big Ten,2483,,,False
401864545,2026-11-20,2026-11-21T01:00Z,2026,12,STATUS_SCHEDULED,Air Force,Mountain West,2005,UTEP,Mountain West,2638,,,False
401856748,2026-11-21,2026-11-21T05:00Z,2026,12,STATUS_SCHEDULED,Florida,SEC,57,Vanderbilt,SEC,238,,,False
401858306,2026-11-21,2026-11-21T05:00Z,2026,12,STATUS_SCHEDULED,Louisville,ACC,97,Pittsburgh,ACC,221,,,False
401856872,2026-11-21,2026-11-21T05:00Z,2026,12,STATUS_SCHEDULED,TCU,Big 12,2628,Utah,Big 12,254,,,False
401856871,2026-11-21,2026-11-21T05:00Z,2026,12,STATUS_SCHEDULED,Baylor,Big 12,239,Texas Tech,Big 12,2641,,,False
401856870,2026-11-21,2026-11-21T05:00Z,2026,12,STATUS_SCHEDULED,Arizona State,Big 12,9,Oklahoma State,Big 12,197,,,False
401869938,2026-11-21,2026-11-21T05:00Z,2026,12,STATUS_SCHEDULED,Louisiana Tech,Sun Belt,2348,Arkansas State,Sun Belt,2032,,,False
401869929,2026-11-21,2026-11-21T05:00Z,2026,12,STATUS_SCHEDULED,App State,Sun Belt,2026,UL Monroe,Sun Belt,2433,,,False
401869946,2026-11-21,2026-11-21T05:00Z,2026,12,STATUS_SCHEDULED,Louisiana,Sun Belt,309,Coastal Carolina,Sun Belt,324,,,False
401869953,2026-11-21,2026-11-21T05:00Z,2026,12,STATUS_SCHEDULED,Troy,Sun Belt,2653,Georgia Southern,Sun Belt,290,,,False
401869958,2026-11-21,2026-11-21T05:00Z,2026,12,STATUS_SCHEDULED,Marshall,Sun Belt,276,Georgia State,Sun Belt,2247,,,False
401856868,2026-11-21,2026-11-21T05:00Z,2026,12,STATUS_SCHEDULED,West Virginia,Big 12,277,Houston,Big 12,248,,,False
401856865,2026-11-21,2026-11-21T05:00Z,2026,12,STATUS_SCHEDULED,Kansas State,Big 12,2306,Arizona,Big 12,12,,,False
401856755,2026-11-21,2026-11-21T05:00Z,2026,12,STATUS_SCHEDULED,Texas,SEC,251,Arkansas,SEC,8,,,False
401871101,2026-11-21,2026-11-21T05:00Z,2026,12,STATUS_SCHEDULED,Southern Miss,Sun Belt,2572,South Alabama,Sun Belt,6,,,False
401856754,2026-11-21,2026-11-21T05:00Z,2026,12,STATUS_SCHEDULED,Tennessee,SEC,2633,LSU,SEC,99,,,False
401856753,2026-11-21,2026-11-21T05:00Z,2026,12,STATUS_SCHEDULED,South Carolina,SEC,2579,Georgia,SEC,61,,,False
401858308,2026-11-21,2026-11-21T05:00Z,2026,12,STATUS_SCHEDULED,California,ACC,25,Stanford,ACC,24,,,False
401856866,2026-11-21,2026-11-21T05:00Z,2026,12,STATUS_SCHEDULED,Kansas,Big 12,2305,BYU,Big 12,252,,,False
401862836,2026-11-21,2026-11-21T05:00Z,2026,12,STATUS_SCHEDULED,UAB,American,5,UTSA,American,2636,,,False
401862835,2026-11-21,2026-11-21T05:00Z,2026,12,STATUS_SCHEDULED,Tulane,American,2655,North Texas,American,249,,,False
401858305,2026-11-21,2026-11-21T05:00Z,2026,12,STATUS_SCHEDULED,Virginia,ACC,258,North Carolina,ACC,153,,,False
401862833,2026-11-21,2026-11-21T05:00Z,2026,12,STATUS_SCHEDULED,Florida Atlantic,American,2226,South Florida,American,58,,,False
401862832,2026-11-21,2026-11-21T05:00Z,2026,12,STATUS_SCHEDULED,Tulsa,American,202,Charlotte,American,2429,,,False
401858304,2026-11-21,2026-11-21T05:00Z,2026,12,STATUS_SCHEDULED,Florida State,ACC,52,NC State,ACC,152,,,False
401858310,2026-11-21,2026-11-21T05:00Z,2026,12,STATUS_SCHEDULED,Georgia Tech,ACC,59,Wake Forest,ACC,154,,,False
401856867,2026-11-21,2026-11-21T05:00Z,2026,12,STATUS_SCHEDULED,Cincinnati,Big 12,2132,Colorado,Big 12,38,,,False
401856752,2026-11-21,2026-11-21T05:00Z,2026,12,STATUS_SCHEDULED,Oklahoma,SEC,201,Texas A&M,SEC,245,,,False
401856751,2026-11-21,2026-11-21T05:00Z,2026,12,STATUS_SCHEDULED,Missouri,SEC,142,Kentucky,SEC,96,,,False
401858302,2026-11-21,2026-11-21T05:00Z,2026,12,STATUS_SCHEDULED,Miami,ACC,2390,Virginia Tech,ACC,259,,,False
401864541,2026-11-21,2026-11-21T05:00Z,2026,12,STATUS_SCHEDULED,Nevada,Mountain West,2440,Hawai'i,Mountain West,62,,,False
401858535,2026-11-21,2026-11-21T05:00Z,2026,12,STATUS_SCHEDULED,Washington,Big Ten,264,Indiana,Big Ten,84,,,False
401858532,2026-11-21,2026-11-21T05:00Z,2026,12,STATUS_SCHEDULED,Penn State,Big Ten,213,Rutgers,Big Ten,164,,,False
401858534,2026-11-21,2026-11-21T05:00Z,2026,12,STATUS_SCHEDULED,USC,Big Ten,30,Maryland,Big Ten,120,,,False
401858533,2026-11-21,2026-11-21T05:00Z,2026,12,STATUS_SCHEDULED,Purdue,Big Ten,2509,Wisconsin,Big Ten,275,,,False
401858531,2026-11-21,2026-11-21T05:00Z,2026,12,STATUS_SCHEDULED,Nebraska,Big Ten,158,Ohio State,Big Ten,194,,,False
401858530,2026-11-21,2026-11-21T05:00Z,2026,12,STATUS_SCHEDULED,Minnesota,Big Ten,135,Northwestern,Big Ten,77,,,False
401858528,2026-11-21,2026-11-21T05:00Z,2026,12,STATUS_SCHEDULED,Michigan,Big Ten,130,UCLA,Big Ten,26,,,False
401858527,2026-11-21,2026-11-21T05:00Z,2026,12,STATUS_SCHEDULED,Illinois,Big Ten,356,Iowa,Big Ten,2294,,,False
401858309,2026-11-21,2026-11-21T05:00Z,2026,12,STATUS_SCHEDULED,Boston College,ACC,103,Syracuse,ACC,183,,,False
401856749,2026-11-21,2026-11-21T17:00Z,2026,12,STATUS_SCHEDULED,Ole Miss,SEC,145,Wofford,Other/FCS,2747,,,False
401862831,2026-11-21,2026-11-21T17:00Z,2026,12,STATUS_SCHEDULED,Army,American,349,East Carolina,American,151,,,False
401862834,2026-11-21,2026-11-21T17:00Z,2026,12,STATUS_SCHEDULED,Navy,American,2426,Memphis,American,235,,,False
401871080,2026-11-21,2026-11-21T18:00Z,2026,12,STATUS_SCHEDULED,Liberty,CUSA,2335,Western Kentucky,CUSA,98,,,False
401856750,2026-11-21,2026-11-21T18:00Z,2026,12,STATUS_SCHEDULED,Mississippi State,SEC,344,Tennessee Tech,Other/FCS,2635,,,False
401871079,2026-11-21,2026-11-21T19:00Z,2026,12,STATUS_SCHEDULED,Jacksonville State,CUSA,55,Missouri State,CUSA,2623,,,False
401856746,2026-11-21,2026-11-21T19:00Z,2026,12,STATUS_SCHEDULED,Alabama,SEC,333,Chattanooga,Other/FCS,236,,,False
401871081,2026-11-21,2026-11-21T19:00Z,2026,12,STATUS_SCHEDULED,Sam Houston,CUSA,2534,Middle Tennessee,CUSA,2393,,,False
401871078,2026-11-21,2026-11-21T20:00Z,2026,12,STATUS_SCHEDULED,Kennesaw State,CUSA,338,Florida International,CUSA,2229,,,False
401871077,2026-11-21,2026-11-21T20:00Z,2026,12,STATUS_SCHEDULED,New Mexico State,CUSA,166,Delaware,CUSA,48,,,False
401861968,2026-11-21,2026-11-21T20:30Z,2026,12,STATUS_SCHEDULED,UConn,FBS Indep.,41,Old Dominion,Sun Belt,295,,,False
401856747,2026-11-21,2026-11-21T20:30Z,2026,12,STATUS_SCHEDULED,Auburn,SEC,2,Samford,Other/FCS,2535,,,False
401864543,2026-11-21,2026-11-21T21:00Z,2026,12,STATUS_SCHEDULED,North Dakota State,Mountain West,2449,Northern Illinois,Mountain West,2459,,,False
401860920,2026-11-21,2026-11-21T23:00Z,2026,12,STATUS_SCHEDULED,Texas State,Pac-12,326,Washington State,Pac-12,265,,,False
401864544,2026-11-21,2026-11-22T00:00Z,2026,12,STATUS_SCHEDULED,San José State,Mountain West,23,UNLV,Mountain West,2439,,,False
401858307,2026-11-21,2026-11-22T00:30Z,2026,12,STATUS_SCHEDULED,Notre Dame,FBS Indep.,87,SMU,ACC,2567,,,False
401860918,2026-11-21,2026-11-22T00:30Z,2026,12,STATUS_SCHEDULED,Fresno State,Pac-12,278,Colorado State,Pac-12,36,,,False
401864542,2026-11-21,2026-11-22T02:00Z,2026,12,STATUS_SCHEDULED,Wyoming,Mountain West,2751,New Mexico,Mountain West,167,,,False
401860925,2026-11-21,2026-11-22T02:30Z,2026,12,STATUS_SCHEDULED,Boise State,Pac-12,68,San Diego State,Pac-12,21,,,False
401860919,2026-11-21,2026-11-22T03:30Z,2026,12,STATUS_SCHEDULED,Oregon State,Pac-12,204,Utah State,Pac-12,328,,,False
401866471,2026-11-24,2026-11-24T05:00Z,2026,13,STATUS_SCHEDULED,Western Michigan,MAC,2711,Miami (OH),MAC,193,,,False
401866470,2026-11-24,2026-11-25T00:00Z,2026,13,STATUS_SCHEDULED,Eastern Michigan,MAC,2199,Kent State,MAC,2309,,,False
401856879,2026-11-26,2026-11-27T01:00Z,2026,13,STATUS_SCHEDULED,Texas Tech,Big 12,2641,TCU,Big 12,2628,,,False
401862839,2026-11-27,2026-11-27T05:00Z,2026,13,STATUS_SCHEDULED,South Florida,American,58,Tulane,American,2655,,,False
401862838,2026-11-27,2026-11-27T05:00Z,2026,13,STATUS_SCHEDULED,Memphis,American,235,Temple,American,218,,,False
401862837,2026-11-27,2026-11-27T05:00Z,2026,13,STATUS_SCHEDULED,East Carolina,American,151,Florida Atlantic,American,2226,,,False
401856762,2026-11-27,2026-11-27T17:00Z,2026,13,STATUS_SCHEDULED,Ole Miss,SEC,145,Mississippi State,SEC,344,,,False
401866473,2026-11-27,2026-11-27T17:00Z,2026,13,STATUS_SCHEDULED,Ohio,MAC,195,Toledo,MAC,2649,,,False
401866472,2026-11-27,2026-11-27T17:00Z,2026,13,STATUS_SCHEDULED,Akron,MAC,2006,Buffalo,MAC,2084,,,False
401858536,2026-11-27,2026-11-27T17:00Z,2026,13,STATUS_SCHEDULED,Iowa,Big Ten,2294,Nebraska,Big Ten,158,,,False
401869930,2026-11-27,2026-11-27T20:00Z,2026,13,STATUS_SCHEDULED,South Alabama,Sun Belt,6,App State,Sun Belt,2026,,,False
401864549,2026-11-27,2026-11-27T20:30Z,2026,13,STATUS_SCHEDULED,San José State,Mountain West,23,North Dakota State,Mountain West,2449,,,False
401856759,2026-11-27,2026-11-27T20:30Z,2026,13,STATUS_SCHEDULED,Florida State,ACC,52,Florida,SEC,57,,,False
401858544,2026-11-27,2026-11-28T00:30Z,2026,13,STATUS_SCHEDULED,Wisconsin,Big Ten,275,Minnesota,Big Ten,135,,,False
401856756,2026-11-27,2026-11-28T00:30Z,2026,13,STATUS_SCHEDULED,Texas A&M,SEC,245,Texas,SEC,251,,,False
401856880,2026-11-27,2026-11-28T02:00Z,2026,13,STATUS_SCHEDULED,Utah,Big 12,254,West Virginia,Big 12,277,,,False
401861969,2026-11-28,2026-11-28T05:00Z,2026,13,STATUS_SCHEDULED,Wyoming,Mountain West,2751,UConn,FBS Indep.,41,,,False
401862840,2026-11-28,2026-11-28T05:00Z,2026,13,STATUS_SCHEDULED,UTSA,American,2636,Tulsa,American,202,,,False
401862842,2026-11-28,2026-11-28T05:00Z,2026,13,STATUS_SCHEDULED,Charlotte,American,2429,Navy,American,2426,,,False
401858539,2026-11-28,2026-11-28T05:00Z,2026,13,STATUS_SCHEDULED,Maryland,Big Ten,120,Penn State,Big Ten,213,,,False
401858538,2026-11-28,2026-11-28T05:00Z,2026,13,STATUS_SCHEDULED,Indiana,Big Ten,84,Purdue,Big Ten,2509,,,False
401858316,2026-11-28,2026-11-28T05:00Z,2026,13,STATUS_SCHEDULED,Stanford,ACC,24,SMU,ACC,2567,,,False
401858315,2026-11-28,2026-11-28T05:00Z,2026,13,STATUS_SCHEDULED,California,ACC,25,Pittsburgh,ACC,221,,,False
401858314,2026-11-28,2026-11-28T05:00Z,2026,13,STATUS_SCHEDULED,Syracuse,ACC,183,Notre Dame,FBS Indep.,87,,,False
401858313,2026-11-28,2026-11-28T05:00Z,2026,13,STATUS_SCHEDULED,North Carolina,ACC,153,NC State,ACC,152,,,False
401858543,2026-11-28,2026-11-28T05:00Z,2026,13,STATUS_SCHEDULED,UCLA,Big Ten,26,USC,Big Ten,30,,,False
401858312,2026-11-28,2026-11-28T05:00Z,2026,13,STATUS_SCHEDULED,Wake Forest,ACC,154,Duke,ACC,150,,,False
401858311,2026-11-28,2026-11-28T05:00Z,2026,13,STATUS_SCHEDULED,Miami,ACC,2390,Boston College,ACC,103,,,False
401856874,2026-11-28,2026-11-28T05:00Z,2026,13,STATUS_SCHEDULED,Houston,Big 12,248,Baylor,Big 12,239,,,False
401869959,2026-11-28,2026-11-28T05:00Z,2026,13,STATUS_SCHEDULED,Georgia State,Sun Belt,2247,Louisiana,Sun Belt,309,,,False
401871102,2026-11-28,2026-11-28T05:00Z,2026,13,STATUS_SCHEDULED,UL Monroe,Sun Belt,2433,Marshall,Sun Belt,276,,,False
401871103,2026-11-28,2026-11-28T05:00Z,2026,13,STATUS_SCHEDULED,Old Dominion,Sun Belt,295,Southern Miss,Sun Belt,2572,,,False
401858537,2026-11-28,2026-11-28T05:00Z,2026,13,STATUS_SCHEDULED,Northwestern,Big Ten,77,Illinois,Big Ten,356,,,False
401856763,2026-11-28,2026-11-28T05:00Z,2026,13,STATUS_SCHEDULED,Missouri,SEC,142,Oklahoma,SEC,201,,,False
401856760,2026-11-28,2026-11-28T05:00Z,2026,13,STATUS_SCHEDULED,Georgia,SEC,61,Georgia Tech,ACC,59,,,False
401858542,2026-11-28,2026-11-28T05:00Z,2026,13,STATUS_SCHEDULED,Rutgers,Big Ten,164,Michigan State,Big Ten,127,,,False
401858541,2026-11-28,2026-11-28T05:00Z,2026,13,STATUS_SCHEDULED,Oregon,Big Ten,2483,Washington,Big Ten,264,,,False
401858317,2026-11-28,2026-11-28T05:00Z,2026,13,STATUS_SCHEDULED,Virginia Tech,ACC,259,Virginia,ACC,258,,,False
401856877,2026-11-28,2026-11-28T05:00Z,2026,13,STATUS_SCHEDULED,Oklahoma State,Big 12,197,Kansas,Big 12,2305,,,False
401856876,2026-11-28,2026-11-28T05:00Z,2026,13,STATUS_SCHEDULED,BYU,Big 12,252,Cincinnati,Big 12,2132,,,False
401856875,2026-11-28,2026-11-28T05:00Z,2026,13,STATUS_SCHEDULED,Colorado,Big 12,38,UCF,Big 12,2116,,,False
401869954,2026-11-28,2026-11-28T05:00Z,2026,13,STATUS_SCHEDULED,Georgia Southern,Sun Belt,290,Louisiana Tech,Sun Belt,2348,,,False
401856873,2026-11-28,2026-11-28T05:00Z,2026,13,STATUS_SCHEDULED,Arizona,Big 12,12,Arizona State,Big 12,9,,,False
401856765,2026-11-28,2026-11-28T05:00Z,2026,13,STATUS_SCHEDULED,Vanderbilt,SEC,238,Tennessee,SEC,2633,,,False
401856764,2026-11-28,2026-11-28T05:00Z,2026,13,STATUS_SCHEDULED,Clemson,ACC,228,South Carolina,SEC,2579,,,False
401856761,2026-11-28,2026-11-28T05:00Z,2026,13,STATUS_SCHEDULED,Kentucky,SEC,96,Louisville,ACC,97,,,False
401856758,2026-11-28,2026-11-28T05:00Z,2026,13,STATUS_SCHEDULED,Arkansas,SEC,8,LSU,SEC,99,,,False
401856757,2026-11-28,2026-11-28T05:00Z,2026,13,STATUS_SCHEDULED,Alabama,SEC,333,Auburn,SEC,2,,,False
401862843,2026-11-28,2026-11-28T05:00Z,2026,13,STATUS_SCHEDULED,North Texas,American,249,UAB,American,5,,,False
401862841,2026-11-28,2026-11-28T05:00Z,2026,13,STATUS_SCHEDULED,Rice,American,242,Army,American,349,,,False
401869947,2026-11-28,2026-11-28T05:00Z,2026,13,STATUS_SCHEDULED,James Madison,Sun Belt,256,Coastal Carolina,Sun Belt,324,,,False
401864550,2026-11-28,2026-11-28T05:00Z,2026,13,STATUS_SCHEDULED,Northern Illinois,Mountain West,2459,UTEP,Mountain West,2638,,,False
401856878,2026-11-28,2026-11-28T05:00Z,2026,13,STATUS_SCHEDULED,Iowa State,Big 12,66,Kansas State,Big 12,2306,,,False
401866475,2026-11-28,2026-11-28T17:00Z,2026,13,STATUS_SCHEDULED,Bowling Green,MAC,189,Massachusetts,MAC,113,,,False
401858540,2026-11-28,2026-11-28T17:00Z,2026,13,STATUS_SCHEDULED,Ohio State,Big Ten,194,Michigan,Big Ten,130,,,False
401866474,2026-11-28,2026-11-28T17:00Z,2026,13,STATUS_SCHEDULED,Ball State,MAC,2050,Central Michigan,MAC,2117,,,False
401870804,2026-11-28,2026-11-28T18:00Z,2026,13,STATUS_SCHEDULED,Western Kentucky,CUSA,98,Kennesaw State,CUSA,338,,,False
401871082,2026-11-28,2026-11-28T19:00Z,2026,13,STATUS_SCHEDULED,Florida International,CUSA,2229,Sam Houston,CUSA,2534,,,False
401871083,2026-11-28,2026-11-28T19:00Z,2026,13,STATUS_SCHEDULED,Middle Tennessee,CUSA,2393,New Mexico State,CUSA,166,,,False
401871063,2026-11-28,2026-11-28T19:00Z,2026,13,STATUS_SCHEDULED,Missouri State,CUSA,2623,Liberty,CUSA,2335,,,False
401869939,2026-11-28,2026-11-28T20:00Z,2026,13,STATUS_SCHEDULED,Arkansas State,Sun Belt,2032,Troy,Sun Belt,2653,,,False
401871062,2026-11-28,2026-11-28T20:30Z,2026,13,STATUS_SCHEDULED,Delaware,CUSA,48,Jacksonville State,CUSA,55,,,False
401864546,2026-11-28,2026-11-28T21:30Z,2026,13,STATUS_SCHEDULED,New Mexico,Mountain West,167,Air Force,Mountain West,2005,,,False
401864548,2026-11-28,2026-11-29T02:00Z,2026,13,STATUS_SCHEDULED,UNLV,Mountain West,2439,Nevada,Mountain West,2440,,,False
401864547,2026-11-28,2026-11-29T04:00Z,2026,13,STATUS_SCHEDULED,Hawai'i,Mountain West,62,Sacramento State,MAC,16,,,False
401862844,2026-12-12,2026-12-12T20:00Z,2026,15,STATUS_SCHEDULED,Army,American,349,Navy,American,2426,,,True
