season,team_id,team,team_display,off_yardsPerPassAttempt,off_totalYards,off_passingYards,off_passingYardsPerGame,off_totalPoints,off_totalPointsPerGame,off_completions,off_passingAttempts,off_completionPct,off_passingTouchdowns,off_interceptions,off_sacks,off_QBRating,off_yardsPerGame,def_yardsPerPassAttempt,def_totalYards,def_passingYards,def_passingYardsPerGame,def_totalPoints,def_totalPointsPerGame,def_completions,def_passingAttempts,def_completionPct,def_passingTouchdowns,def_interceptions,def_sacks,def_QBRating,def_yardsPerGame,off_rushingYardsPerGame,off_rushingYards,off_yardsPerRushAttempt,off_rushingAttempts,off_rushingFumbles,off_rushingTouchdowns,def_rushingYardsPerGame,def_rushingYards,def_yardsPerRushAttempt,def_rushingAttempts,def_rushingFumbles,def_rushingTouchdowns,off_plays,off_pass_rate,off_ypp,off_games,off_plays_pg,def_plays,def_pass_rate,def_ypp,def_games,def_plays_pg
2023,2,Auburn,Auburn Tigers,6.653,4566.0,2109.0,162.231,340.0,26.154,189.0,317.0,59.621,18.0,13.0,34.0,126.04237,351.231,7.32,4643.0,2628.0,202.154,294.0,22.615,212.0,359.0,59.053,19.0,12.0,31.0,131.32018,357.154,189.0,2457.0,4.789,513.0,0.0,22.0,155.0,2015.0,4.352,463.0,8.0,15.0,864.0,0.40625,5.284722222222222,13.0,66.46153846153847,853.0,0.4572098475967174,5.4431418522860495,13.0,65.61538461538461
2023,5,UAB,UAB Blazers,8.119,5400.0,3467.0,288.917,359.0,29.917,306.0,427.0,71.663,22.0,13.0,32.0,150.77695,450.0,7.339,5220.0,2855.0,237.917,443.0,36.917,241.0,389.0,61.954,24.0,10.0,27.0,138.81949,435.0,161.083,1933.0,4.538,426.0,0.0,24.0,197.083,2365.0,5.175,457.0,10.0,31.0,885.0,0.5186440677966102,6.101694915254237,12.0,73.75,873.0,0.4765177548682703,5.979381443298969,12.0,72.75
2023,6,South Alabama,South Alabama Jaguars,8.145,5726.0,3486.0,268.154,430.0,33.077,291.0,428.0,67.991,28.0,11.0,31.0,152.85779,440.462,7.328,4072.0,2594.0,199.538,273.0,21.0,208.0,354.0,58.757,19.0,13.0,27.0,130.68007,313.231,172.308,2240.0,4.776,469.0,0.0,28.0,113.692,1478.0,3.22,459.0,8.0,11.0,928.0,0.4946120689655172,6.170258620689655,13.0,71.38461538461539,840.0,0.4535714285714285,4.847619047619047,13.0,64.61538461538461
2023,8,Arkansas,Arkansas Razorbacks,6.966,3918.0,2250.0,187.5,319.0,26.583,207.0,323.0,64.087,22.0,8.0,47.0,140.12418,326.5,7.651,4286.0,2433.0,202.75,335.0,27.917,192.0,318.0,60.377,23.0,12.0,29.0,140.96532,357.167,139.0,1668.0,3.534,472.0,0.0,9.0,154.417,1853.0,4.24,437.0,6.0,13.0,842.0,0.4394299287410926,4.653206650831354,12.0,70.16666666666667,784.0,0.4426020408163265,5.466836734693878,12.0,65.33333333333333
2023,9,Arizona St,Arizona State Sun Devils,5.736,3867.0,2524.0,210.333,213.0,17.75,243.0,440.0,55.227,8.0,14.0,30.0,103.0454,322.25,7.56,4762.0,3160.0,263.333,382.0,31.833,271.0,418.0,64.833,28.0,5.0,26.0,148.05026,396.833,111.917,1343.0,3.591,374.0,0.0,17.0,133.5,1602.0,4.205,381.0,10.0,16.0,844.0,0.556872037914692,4.581753554502369,12.0,70.33333333333333,825.0,0.5381818181818182,5.772121212121212,12.0,68.75
2023,12,Arizona,Arizona Wildcats,8.638,5824.0,4008.0,308.308,450.0,34.615,332.0,464.0,71.552,36.0,11.0,26.0,164.97266,448.0,7.196,4657.0,3116.0,239.692,274.0,21.077,258.0,433.0,59.584,15.0,9.0,34.0,127.30427,358.231,139.692,1816.0,4.563,398.0,0.0,17.0,118.538,1541.0,3.643,423.0,12.0,19.0,888.0,0.5518018018018018,6.558558558558558,13.0,68.3076923076923,890.0,0.5247191011235955,5.2325842696629215,13.0,68.46153846153847
2023,21,San Diego St,San Diego State Aztecs,6.461,3912.0,2061.0,171.75,246.0,20.5,202.0,319.0,63.323,10.0,10.0,24.0,121.67023,326.0,7.383,4883.0,2894.0,241.167,321.0,26.75,222.0,392.0,56.633,16.0,12.0,18.0,125.99758,406.917,154.25,1851.0,4.077,454.0,0.0,16.0,165.75,1989.0,4.948,402.0,10.0,21.0,797.0,0.4303638644918444,4.90840652446675,12.0,66.41666666666667,812.0,0.5049261083743842,6.013546798029557,12.0,67.66666666666667
2023,23,San José St,San José State Spartans,7.588,5246.0,2853.0,219.462,414.0,31.846,230.0,376.0,61.17,21.0,4.0,20.0,141.21204,403.538,6.627,4592.0,2379.0,183.0,333.0,25.615,219.0,359.0,61.003,19.0,12.0,24.0,127.44898,353.231,184.077,2393.0,5.578,429.0,0.0,31.0,170.231,2213.0,4.553,486.0,5.0,23.0,825.0,0.48,6.358787878787878,13.0,63.46153846153846,869.0,0.4407364787111623,5.284234752589183,13.0,66.84615384615384
2023,24,Stanford,Stanford Cardinal,6.579,4223.0,2796.0,233.0,249.0,20.75,233.0,425.0,54.824,11.0,10.0,41.0,113.922775,351.917,8.454,5540.0,3576.0,298.0,452.0,37.667,280.0,423.0,66.194,32.0,8.0,23.0,158.39015,461.667,118.917,1427.0,3.447,414.0,0.0,15.0,163.667,1964.0,4.676,420.0,2.0,29.0,880.0,0.5295454545454545,4.798863636363636,12.0,73.33333333333333,866.0,0.5150115473441108,6.397228637413395,12.0,72.16666666666667
2023,25,California,California Golden Bears,6.55,5081.0,2836.0,218.154,393.0,30.231,258.0,433.0,59.584,22.0,16.0,24.0,123.98074,390.846,7.529,5387.0,3659.0,281.462,426.0,32.769,307.0,486.0,63.169,30.0,12.0,24.0,141.84497,414.385,172.692,2245.0,4.517,497.0,0.0,26.0,132.923,1728.0,3.789,456.0,18.0,23.0,954.0,0.4790356394129979,5.325995807127883,13.0,73.38461538461539,966.0,0.5279503105590062,5.576604554865424,13.0,74.3076923076923
2023,26,UCLA,UCLA Bruins,7.266,5552.0,2979.0,229.154,344.0,26.462,238.0,410.0,58.049,24.0,14.0,42.0,131.57047,427.077,6.378,3920.0,2870.0,220.769,239.0,18.385,273.0,450.0,60.667,16.0,15.0,43.0,119.309525,301.538,197.923,2573.0,4.882,527.0,0.0,21.0,80.769,1050.0,2.652,396.0,7.0,5.0,979.0,0.4616956077630235,5.671092951991828,13.0,75.3076923076923,889.0,0.5545556805399325,4.409448818897638,13.0,68.38461538461539
2023,30,USC,USC Trojans,9.39,6066.0,4329.0,333.0,544.0,41.846,314.0,461.0,68.113,37.0,6.0,33.0,170.8709,466.615,7.681,5627.0,3203.0,246.385,447.0,34.385,267.0,417.0,64.029,31.0,7.0,30.0,149.72379,432.846,133.615,1737.0,4.798,362.0,0.0,33.0,186.462,2424.0,4.791,506.0,18.0,25.0,856.0,0.5771028037383178,7.086448598130841,13.0,65.84615384615384,953.0,0.4690451206715635,5.9045120671563485,13.0,73.3076923076923
2023,36,Colorado St,Colorado State Rams,7.341,4792.0,3678.0,306.5,313.0,26.083,311.0,501.0,62.076,24.0,18.0,13.0,132.36278,399.333,7.702,4991.0,2996.0,249.667,355.0,29.583,278.0,389.0,71.465,20.0,9.0,33.0,148.50038,415.917,92.833,1114.0,3.355,332.0,0.0,10.0,166.25,1995.0,4.113,485.0,8.0,18.0,846.0,0.607565011820331,5.664302600472813,12.0,70.5,907.0,0.4652701212789416,5.502756339581037,12.0,75.58333333333333
2023,38,Colorado,Colorado Buffaloes,7.46,4363.0,3536.0,294.667,338.0,28.167,323.0,474.0,68.143,29.0,4.0,56.0,149.30885,363.583,7.969,5440.0,3323.0,276.917,418.0,34.833,269.0,417.0,64.508,28.0,10.0,27.0,148.80988,453.333,68.917,827.0,2.31,358.0,0.0,12.0,176.417,2117.0,4.694,451.0,13.0,24.0,888.0,0.5968468468468469,4.913288288288288,12.0,74.0,895.0,0.4960893854748603,6.078212290502793,12.0,74.58333333333333
2023,41,UConn,UConn Huskies,5.995,3923.0,2284.0,190.333,229.0,19.083,219.0,381.0,57.48,12.0,7.0,12.0,114.55769,326.917,8.217,4876.0,3106.0,258.833,358.0,29.833,256.0,378.0,67.725,19.0,6.0,17.0,150.1611,406.333,136.583,1639.0,4.149,395.0,0.0,15.0,147.5,1770.0,4.214,420.0,12.0,22.0,788.0,0.4987309644670051,4.978426395939087,12.0,65.66666666666667,815.0,0.4846625766871165,5.982822085889571,12.0,67.91666666666667
2023,52,Florida St,Florida State Seminoles,8.127,5621.0,3519.0,251.357,484.0,34.571,260.0,433.0,60.046,25.0,4.0,25.0,145.5179,401.5,6.048,4647.0,2516.0,179.714,270.0,19.286,201.0,416.0,48.317,12.0,10.0,46.0,103.83143,331.929,150.143,2102.0,4.54,463.0,0.0,32.0,152.214,2131.0,4.187,509.0,13.0,17.0,921.0,0.49728555917481,6.10314875135722,14.0,65.78571428571429,971.0,0.4757981462409886,4.785787847579814,14.0,69.35714285714286
2023,55,Jax State,Jacksonville State Gamecocks,6.351,5300.0,2223.0,171.0,392.0,30.154,182.0,350.0,52.0,12.0,12.0,16.0,109.80468,407.692,7.278,4586.0,3137.0,241.308,275.0,21.154,252.0,431.0,58.469,15.0,16.0,38.0,123.66513,352.769,236.692,3077.0,4.756,647.0,0.0,35.0,111.462,1449.0,2.787,520.0,15.0,14.0,1013.0,0.3613030602171767,5.231984205330701,13.0,77.92307692307692,989.0,0.474216380182002,4.6370070778564205,13.0,76.07692307692308
2023,57,Florida,Florida Gators,7.977,4905.0,3111.0,259.25,341.0,28.417,282.0,390.0,72.308,20.0,5.0,39.0,153.67387,408.75,8.344,4587.0,2720.0,226.667,331.0,27.583,195.0,326.0,59.816,18.0,3.0,22.0,146.28645,382.25,149.5,1794.0,4.261,421.0,0.0,21.0,155.583,1867.0,4.837,386.0,10.0,21.0,850.0,0.5047058823529412,5.770588235294118,12.0,70.83333333333333,734.0,0.4741144414168937,6.249318801089919,12.0,61.16666666666666
2023,58,South Florida,South Florida Bulls,7.817,5871.0,3494.0,268.769,415.0,31.923,287.0,447.0,64.206,27.0,11.0,43.0,144.8797,451.615,8.056,5622.0,3754.0,288.769,419.0,32.231,279.0,466.0,59.871,29.0,14.0,23.0,142.06989,432.462,182.846,2377.0,4.098,580.0,0.0,23.0,143.692,1868.0,4.061,460.0,7.0,26.0,1070.0,0.4579439252336448,5.486915887850468,13.0,82.3076923076923,949.0,0.5152792413066386,5.924130663856691,13.0,73.0
2023,59,Georgia Tech,Georgia Tech Yellow Jackets,7.575,5520.0,2871.0,220.846,404.0,31.077,231.0,379.0,60.95,27.0,17.0,15.0,139.11923,424.615,7.622,5682.0,2805.0,215.769,383.0,29.462,225.0,368.0,61.141,18.0,14.0,21.0,133.6991,437.077,203.769,2649.0,5.384,492.0,0.0,24.0,221.308,2877.0,5.378,535.0,11.0,28.0,886.0,0.4446952595936794,6.230248306997742,13.0,68.15384615384616,924.0,0.420995670995671,6.14935064935065,13.0,71.07692307692308
2023,61,Georgia,Georgia Bulldogs,9.352,6951.0,4274.0,305.286,562.0,40.143,328.0,457.0,71.772,29.0,7.0,13.0,168.20572,496.5,5.752,4047.0,2456.0,175.429,219.0,15.643,234.0,427.0,54.801,13.0,14.0,30.0,106.606636,289.071,191.214,2677.0,5.343,501.0,0.0,40.0,113.643,1591.0,3.77,422.0,7.0,13.0,971.0,0.4840370751802266,7.15859938208033,14.0,69.35714285714286,879.0,0.5199089874857793,4.604095563139932,14.0,62.785714285714285
2023,62,Hawai'i,Hawai'i Rainbow Warriors,6.691,4573.0,3593.0,276.385,278.0,21.385,337.0,537.0,62.756,27.0,15.0,39.0,129.96658,351.769,8.42,5009.0,2787.0,214.385,419.0,32.231,204.0,331.0,61.631,24.0,7.0,23.0,152.05649,385.308,75.385,980.0,3.015,325.0,0.0,6.0,170.923,2222.0,4.62,481.0,8.0,26.0,901.0,0.6392896781354052,5.075471698113208,13.0,69.3076923076923,835.0,0.4239520958083832,5.998802395209581,13.0,64.23076923076923
2023,66,Iowa State,Iowa State Cyclones,8.36,4744.0,3185.0,245.0,341.0,26.231,241.0,381.0,63.255,23.0,8.0,14.0,149.20026,364.923,6.643,4721.0,2976.0,228.923,296.0,22.769,250.0,448.0,55.804,21.0,16.0,21.0,119.931946,363.154,119.923,1559.0,4.081,382.0,0.0,16.0,134.231,1745.0,3.827,456.0,4.0,12.0,777.0,0.5083655083655083,6.1055341055341055,13.0,59.76923076923077,925.0,0.5070270270270271,5.103783783783784,13.0,71.15384615384616
2023,68,Boise St,Boise State Broncos,8.328,6106.0,3098.0,221.286,450.0,32.143,216.0,372.0,58.065,20.0,13.0,16.0,138.77214,436.143,7.948,5392.0,3505.0,250.357,358.0,25.571,268.0,441.0,60.771,19.0,11.0,36.0,136.76387,385.143,214.857,3008.0,5.371,560.0,0.0,34.0,134.786,1887.0,4.184,451.0,12.0,23.0,948.0,0.4092827004219409,6.440928270042194,14.0,67.71428571428571,928.0,0.5140086206896551,5.810344827586207,14.0,66.28571428571429
2023,77,Northwestern,Northwestern Wildcats,6.751,3951.0,2626.0,202.0,287.0,22.077,241.0,389.0,61.954,20.0,8.0,51.0,131.51498,303.923,6.642,4430.0,2378.0,182.923,293.0,22.538,232.0,358.0,64.804,15.0,13.0,30.0,127.16161,340.769,101.923,1325.0,2.893,458.0,0.0,14.0,157.846,2052.0,4.071,504.0,10.0,20.0,898.0,0.4899777282850779,4.39977728285078,13.0,69.07692307692308,892.0,0.4349775784753363,4.966367713004484,13.0,68.61538461538461
2023,84,Indiana,Indiana Hoosiers,6.975,4004.0,2553.0,212.75,266.0,22.167,215.0,366.0,58.743,18.0,10.0,25.0,128.0985,333.667,7.819,4729.0,2854.0,237.833,359.0,29.917,222.0,365.0,60.822,25.0,10.0,20.0,143.62434,394.083,120.917,1451.0,3.351,433.0,0.0,13.0,156.25,1875.0,4.185,448.0,6.0,18.0,824.0,0.4745145631067961,4.859223300970874,12.0,68.66666666666667,833.0,0.4621848739495798,5.677070828331333,12.0,69.41666666666667
2023,87,Notre Dame,Notre Dame Fighting Irish,9.131,5619.0,3205.0,246.538,509.0,39.154,227.0,351.0,64.672,31.0,9.0,16.0,165.38968,432.231,5.497,3586.0,2045.0,157.308,207.0,15.923,195.0,372.0,52.419,8.0,16.0,31.0,97.08857,275.846,185.692,2414.0,5.282,457.0,0.0,28.0,118.538,1541.0,3.526,437.0,15.0,14.0,824.0,0.4453883495145631,6.819174757281553,13.0,63.38461538461539,840.0,0.4797619047619048,4.269047619047619,13.0,64.61538461538461
2023,96,Kentucky,Kentucky Wildcats,7.336,4411.0,2751.0,211.615,378.0,29.077,211.0,375.0,56.267,25.0,12.0,22.0,133.48941,339.308,7.27,4596.0,3126.0,240.462,336.0,25.846,291.0,430.0,67.674,20.0,12.0,36.0,138.50883,353.538,127.692,1660.0,4.897,339.0,0.0,18.0,113.077,1470.0,3.267,450.0,7.0,19.0,736.0,0.5394021739130435,5.993206521739131,13.0,56.61538461538461,916.0,0.5087336244541485,5.0174672489082965,13.0,70.46153846153847
2023,97,Louisville,Louisville Cardinals,8.12,5812.0,3313.0,236.643,430.0,30.714,266.0,408.0,65.196,22.0,12.0,32.0,145.3161,415.143,7.313,4437.0,3042.0,217.286,298.0,21.286,231.0,416.0,55.529,22.0,13.0,34.0,128.16013,316.929,178.5,2499.0,4.689,533.0,0.0,31.0,99.643,1395.0,3.329,419.0,13.0,13.0,973.0,0.4522096608427544,5.97327852004111,14.0,69.5,869.0,0.5178365937859609,5.105868814729575,14.0,62.07142857142857
2023,98,Western KY,Western Kentucky Hilltoppers,7.148,5223.0,3853.0,296.385,396.0,30.462,343.0,539.0,63.636,38.0,14.0,13.0,141.7505,401.769,6.944,5459.0,2986.0,229.692,373.0,28.692,251.0,430.0,58.372,20.0,15.0,24.0,125.07443,419.923,105.385,1370.0,3.838,357.0,0.0,12.0,190.231,2473.0,4.849,510.0,13.0,24.0,909.0,0.6072607260726073,5.745874587458746,13.0,69.92307692307692,964.0,0.470954356846473,5.662863070539419,13.0,74.15384615384616
2023,99,LSU,LSU Tigers,10.72,7065.0,4406.0,338.923,592.0,45.538,286.0,411.0,69.586,44.0,5.0,22.0,192.52846,543.462,7.912,5412.0,3323.0,255.615,364.0,28.0,268.0,420.0,63.81,23.0,10.0,31.0,143.58023,416.308,204.538,2659.0,6.184,430.0,0.0,34.0,160.692,2089.0,4.522,462.0,11.0,24.0,863.0,0.5017381228273464,8.186558516801854,13.0,66.38461538461539,913.0,0.4939759036144578,5.927710843373494,13.0,70.23076923076923
2023,103,Boston College,Boston College Eagles,6.571,4950.0,2372.0,182.462,323.0,24.846,204.0,361.0,56.51,15.0,14.0,20.0,117.662315,380.769,7.674,5002.0,2563.0,197.154,368.0,28.308,194.0,334.0,58.084,19.0,8.0,13.0,136.52806,384.769,198.308,2578.0,4.713,547.0,0.0,25.0,187.615,2439.0,5.279,462.0,13.0,30.0,928.0,0.4105603448275862,5.334051724137931,13.0,71.38461538461539,809.0,0.4289245982694685,6.182941903584672,13.0,62.23076923076923
2023,113,UMass,Massachusetts Minutemen,7.382,4275.0,2569.0,214.083,278.0,23.167,212.0,348.0,60.92,14.0,11.0,26.0,129.88264,356.25,8.65,5136.0,2474.0,206.167,454.0,37.833,162.0,286.0,56.643,24.0,8.0,19.0,151.4013,428.0,142.167,1706.0,4.374,390.0,0.0,19.0,221.833,2662.0,5.676,469.0,9.0,30.0,764.0,0.4895287958115183,5.595549738219895,12.0,63.66666666666666,774.0,0.3940568475452196,6.635658914728682,12.0,64.5
2023,120,Maryland,Maryland Terrapins,7.602,5035.0,3626.0,278.923,386.0,29.692,307.0,477.0,64.361,27.0,13.0,29.0,141.44705,387.308,6.551,4343.0,2712.0,208.615,292.0,22.462,236.0,414.0,57.005,17.0,17.0,34.0,117.37213,334.077,108.385,1409.0,3.698,381.0,0.0,20.0,125.462,1631.0,3.398,480.0,7.0,14.0,887.0,0.5704622322435174,5.676437429537768,13.0,68.23076923076923,928.0,0.4827586206896552,4.679956896551724,13.0,71.38461538461539
2023,127,Michigan St,Michigan State Spartans,6.327,3472.0,2398.0,199.833,191.0,15.917,221.0,379.0,58.311,14.0,13.0,25.0,116.787766,289.333,7.798,4676.0,2854.0,237.833,340.0,28.333,226.0,366.0,61.749,24.0,9.0,29.0,143.97354,389.667,89.5,1074.0,2.903,370.0,0.0,7.0,151.833,1822.0,4.141,440.0,7.0,14.0,774.0,0.5219638242894057,4.48578811369509,12.0,64.5,835.0,0.4730538922155688,5.6,12.0,69.58333333333333
2023,130,Michigan,Michigan Wolverines,8.878,5741.0,3205.0,213.667,538.0,35.867,260.0,361.0,72.022,24.0,5.0,20.0,165.76625,382.733,5.675,3705.0,2355.0,157.0,156.0,10.4,229.0,415.0,55.181,8.0,18.0,40.0,100.53844,247.0,169.067,2536.0,4.504,563.0,0.0,40.0,90.0,1350.0,3.0,450.0,15.0,9.0,944.0,0.4036016949152542,6.0815677966101696,15.0,62.93333333333333,905.0,0.5027624309392266,4.093922651933702,15.0,60.333333333333336
2023,135,Minnesota,Minnesota Golden Gophers,5.974,3912.0,1864.0,143.385,272.0,20.923,164.0,312.0,52.564,16.0,11.0,21.0,112.61667,300.923,7.292,4789.0,2851.0,219.308,347.0,26.692,244.0,391.0,62.404,23.0,12.0,26.0,136.93056,368.385,157.538,2048.0,4.055,505.0,0.0,13.0,149.077,1938.0,4.681,414.0,8.0,19.0,838.0,0.3973747016706443,4.6682577565632455,13.0,64.46153846153847,831.0,0.5018050541516246,5.762936221419976,13.0,63.92307692307692
2023,142,Missouri,Missouri Tigers,9.021,5656.0,3410.0,262.308,423.0,32.538,248.0,378.0,65.608,23.0,7.0,26.0,157.75977,435.077,6.828,4367.0,2772.0,213.231,271.0,20.846,250.0,406.0,61.576,22.0,9.0,39.0,132.37897,335.923,172.769,2246.0,4.528,496.0,0.0,25.0,122.692,1595.0,3.789,421.0,16.0,8.0,900.0,0.4488888888888889,6.2844444444444445,13.0,69.23076923076923,866.0,0.5138568129330254,5.042725173210162,13.0,66.61538461538461
2023,145,Ole Miss,Ole Miss Rebels,9.424,6007.0,3713.0,285.615,456.0,35.077,256.0,394.0,64.975,26.0,6.0,27.0,162.86723,462.077,7.205,4973.0,2983.0,229.462,293.0,22.538,252.0,414.0,60.87,17.0,13.0,35.0,128.66272,382.538,176.462,2294.0,4.288,535.0,0.0,29.0,153.077,1990.0,4.012,496.0,10.0,19.0,956.0,0.4403765690376569,6.28347280334728,13.0,73.53846153846153,945.0,0.4751322751322751,5.262433862433863,13.0,72.6923076923077
2023,150,Duke,Duke Blue Devils,6.585,4525.0,2351.0,180.846,350.0,26.923,200.0,357.0,56.022,14.0,8.0,17.0,119.79517,348.077,6.571,4585.0,2740.0,210.769,247.0,19.0,260.0,417.0,62.35,11.0,10.0,29.0,121.45544,352.692,167.231,2174.0,4.853,448.0,0.0,26.0,141.923,1845.0,3.901,473.0,10.0,15.0,822.0,0.4549878345498783,5.504866180048662,13.0,63.23076923076923,919.0,0.485310119695321,4.98911860718172,13.0,70.6923076923077
2023,151,East Carolina,East Carolina Pirates,5.07,3327.0,1967.0,163.917,208.0,17.333,208.0,388.0,53.608,7.0,14.0,31.0,94.9336,277.25,7.645,4097.0,2630.0,219.167,269.0,22.417,210.0,344.0,61.047,19.0,6.0,18.0,140.00374,341.417,113.333,1360.0,3.532,385.0,0.0,12.0,122.25,1467.0,3.365,436.0,15.0,13.0,804.0,0.5211442786069652,4.138059701492537,12.0,67.0,798.0,0.4536340852130325,5.134085213032582,12.0,66.5
2023,152,NC State,NC State Wolfpack,6.652,4555.0,2521.0,193.923,341.0,26.231,224.0,379.0,59.103,19.0,12.0,24.0,125.19133,350.385,6.658,4317.0,2803.0,215.615,270.0,20.769,238.0,421.0,56.532,20.0,17.0,33.0,120.06015,332.077,156.462,2034.0,4.255,478.0,0.0,19.0,116.462,1514.0,3.995,379.0,8.0,13.0,881.0,0.4574347332576617,5.170261066969353,13.0,67.76923076923077,833.0,0.5450180072028812,5.182472989195678,13.0,64.07692307692308
2023,153,North Carolina,North Carolina Tar Heels,8.437,6386.0,3881.0,298.538,449.0,34.538,292.0,460.0,63.478,26.0,11.0,37.0,148.21898,491.231,7.259,5257.0,3136.0,241.231,355.0,27.308,268.0,432.0,62.037,20.0,12.0,28.0,132.73438,404.385,192.692,2505.0,5.03,498.0,0.0,28.0,163.154,2121.0,4.208,504.0,13.0,21.0,995.0,0.4994974874371859,6.418090452261307,13.0,76.53846153846153,964.0,0.4771784232365145,5.453319502074689,13.0,74.15384615384616
2023,154,Wake Forest,Wake Forest Demon Deacons,7.377,3933.0,2368.0,197.333,243.0,20.25,194.0,321.0,60.436,14.0,11.0,49.0,129.94131,327.75,7.876,4640.0,2788.0,232.333,326.0,27.167,218.0,354.0,61.582,24.0,8.0,23.0,145.59328,386.667,130.417,1565.0,3.344,468.0,0.0,13.0,154.333,1852.0,4.209,440.0,8.0,13.0,838.0,0.441527446300716,4.693317422434368,12.0,69.83333333333333,817.0,0.4614443084455324,5.679314565483476,12.0,68.08333333333333
2023,158,Nebraska,Nebraska Cornhuskers,6.249,3753.0,1631.0,135.917,216.0,18.0,136.0,261.0,52.107,10.0,16.0,30.0,104.98228,312.75,6.133,3642.0,2527.0,210.583,219.0,18.25,245.0,412.0,59.466,14.0,9.0,32.0,117.8288,303.5,176.833,2122.0,4.439,478.0,0.0,16.0,92.917,1115.0,2.965,376.0,8.0,9.0,769.0,0.3784135240572172,4.88036410923277,12.0,64.08333333333333,820.0,0.5414634146341464,4.441463414634146,12.0,68.33333333333333
2023,164,Rutgers,Rutgers Scarlet Knights,6.082,3981.0,1788.0,137.538,302.0,23.231,142.0,294.0,48.299,10.0,8.0,14.0,105.17028,306.231,6.145,4076.0,2292.0,176.308,276.0,21.231,223.0,373.0,59.786,16.0,9.0,21.0,120.73349,313.538,168.692,2193.0,4.242,517.0,0.0,24.0,137.231,1784.0,4.018,444.0,10.0,16.0,825.0,0.3733333333333333,4.825454545454545,13.0,63.46153846153846,838.0,0.4701670644391408,4.863961813842482,13.0,64.46153846153847
2023,166,New Mexico St,New Mexico State Aggies,8.158,6206.0,3206.0,213.733,412.0,27.467,235.0,393.0,59.796,28.0,10.0,24.0,146.74464,413.733,7.873,5918.0,3771.0,251.4,342.0,22.8,307.0,479.0,64.092,19.0,7.0,31.0,140.39297,394.533,200.0,3000.0,5.693,527.0,0.0,22.0,143.133,2147.0,4.409,487.0,9.0,22.0,944.0,0.4417372881355932,6.5741525423728815,15.0,62.93333333333333,997.0,0.5115346038114343,5.935807422266801,15.0,66.46666666666667
2023,167,New Mexico,New Mexico Lobos,7.408,4927.0,2615.0,217.917,327.0,27.25,198.0,353.0,56.091,17.0,10.0,19.0,128.54454,410.583,8.853,4890.0,2824.0,235.333,421.0,35.083,195.0,319.0,61.129,24.0,4.0,15.0,157.81378,407.5,192.667,2312.0,5.255,440.0,0.0,26.0,172.167,2066.0,5.076,407.0,11.0,25.0,812.0,0.458128078817734,6.067733990147783,12.0,67.66666666666667,741.0,0.4507422402159244,6.59919028340081,12.0,61.75
2023,183,Syracuse,Syracuse Orange,7.035,4463.0,2223.0,171.0,306.0,23.538,192.0,316.0,60.759,17.0,15.0,30.0,128.11215,343.308,7.108,4947.0,3021.0,232.385,330.0,25.385,269.0,425.0,63.294,21.0,9.0,29.0,135.07108,380.538,172.308,2240.0,4.234,529.0,0.0,20.0,148.154,1926.0,3.852,500.0,19.0,16.0,875.0,0.3954285714285714,5.1005714285714285,13.0,67.3076923076923,954.0,0.4758909853249476,5.185534591194968,13.0,73.38461538461539
2023,189,Bowling Green,Bowling Green Falcons,6.874,4242.0,2454.0,188.769,340.0,26.154,213.0,357.0,59.664,17.0,14.0,28.0,125.27587,326.308,6.876,4239.0,2338.0,179.846,312.0,24.0,202.0,340.0,59.412,21.0,17.0,33.0,127.55275,326.077,137.538,1788.0,4.168,429.0,0.0,22.0,146.231,1901.0,4.053,469.0,11.0,16.0,814.0,0.4729729729729729,5.211302211302211,13.0,62.61538461538461,842.0,0.4429928741092636,5.034441805225653,13.0,64.76923076923077
2023,193,Miami OH,Miami (OH) RedHawks,7.904,4529.0,2316.0,165.429,359.0,25.643,165.0,293.0,56.314,16.0,7.0,25.0,135.95007,323.5,6.56,4626.0,2775.0,198.214,223.0,15.929,249.0,423.0,58.865,12.0,11.0,35.0,118.1307,330.429,158.071,2213.0,4.4,503.0,0.0,23.0,132.214,1851.0,3.637,509.0,11.0,12.0,821.0,0.3873325213154689,5.516443361753959,14.0,58.642857142857146,967.0,0.4736297828335057,4.783867631851086,14.0,69.07142857142857
2023,194,Ohio State,Ohio State Buckeyes,8.745,5303.0,3498.0,269.077,397.0,30.538,255.0,400.0,63.75,26.0,7.0,23.0,155.15799,407.923,5.059,3450.0,1897.0,145.923,146.0,11.231,198.0,375.0,52.8,9.0,7.0,28.0,99.48159,265.385,138.846,1805.0,4.188,431.0,0.0,20.0,119.462,1553.0,3.436,452.0,8.0,6.0,854.0,0.4953161592505855,6.209601873536299,13.0,65.6923076923077,855.0,0.471345029239766,4.035087719298246,13.0,65.76923076923077
2023,195,Ohio,Ohio Bobcats,6.911,4524.0,2647.0,203.615,316.0,24.308,239.0,383.0,62.402,16.0,9.0,16.0,129.5403,348.0,6.404,3561.0,2376.0,182.769,206.0,15.846,233.0,371.0,62.803,14.0,15.0,36.0,120.963425,273.923,144.385,1877.0,3.87,485.0,0.0,18.0,91.154,1185.0,3.238,366.0,9.0,9.0,884.0,0.4513574660633484,5.117647058823529,13.0,68.0,773.0,0.5265200517464425,4.606727037516171,13.0,59.46153846153846
2023,197,Oklahoma St,Oklahoma State Cowboys,6.791,6045.0,3871.0,276.5,414.0,29.571,344.0,570.0,60.351,18.0,16.0,13.0,122.20245,431.786,8.691,6185.0,3850.0,275.0,400.0,28.571,269.0,443.0,60.722,27.0,13.0,27.0,147.96927,441.786,155.286,2174.0,4.842,449.0,0.0,29.0,166.786,2335.0,4.561,512.0,13.0,23.0,1032.0,0.564922480620155,5.857558139534884,14.0,73.71428571428571,982.0,0.4786150712830957,6.29837067209776,14.0,70.14285714285714
2023,201,Oklahoma,Oklahoma Sooners,9.322,6591.0,4223.0,324.846,542.0,41.692,310.0,453.0,68.433,34.0,9.0,20.0,167.53201,507.0,6.878,5066.0,3260.0,250.769,305.0,23.462,269.0,474.0,56.751,18.0,20.0,24.0,118.61984,389.692,182.154,2368.0,4.545,521.0,0.0,32.0,138.923,1806.0,3.918,461.0,9.0,14.0,994.0,0.4758551307847082,6.630784708249497,13.0,76.46153846153847,959.0,0.5192909280500522,5.282586027111575,13.0,73.76923076923077
2023,202,Tulsa,Tulsa Golden Hurricane,7.353,4629.0,2456.0,204.667,281.0,23.417,190.0,334.0,56.886,20.0,19.0,26.0,127.03368,385.75,8.655,5336.0,3358.0,279.833,406.0,33.833,250.0,388.0,64.433,24.0,10.0,21.0,152.39336,444.667,181.083,2173.0,4.123,527.0,0.0,13.0,164.833,1978.0,4.676,423.0,8.0,24.0,887.0,0.4058624577226606,5.218714768883879,12.0,73.91666666666667,832.0,0.4915865384615384,6.413461538461538,12.0,69.33333333333333
2023,204,Oregon St,Oregon State Beavers,8.284,5320.0,3148.0,242.154,414.0,31.846,222.0,380.0,58.421,26.0,8.0,19.0,146.37555,409.231,7.197,4551.0,3066.0,235.846,298.0,22.923,264.0,426.0,61.972,23.0,12.0,38.0,134.6097,350.077,167.077,2172.0,4.881,445.0,0.0,26.0,114.231,1485.0,3.596,413.0,13.0,14.0,844.0,0.4727488151658768,6.303317535545023,13.0,64.92307692307692,877.0,0.5290763968072976,5.189281641961231,13.0,67.46153846153847
2023,213,Penn State,Penn State Nittany Lions,6.768,5202.0,2795.0,215.0,471.0,36.231,246.0,413.0,59.564,30.0,2.0,16.0,139.41814,400.154,6.579,3219.0,2237.0,172.077,175.0,13.462,199.0,340.0,58.529,10.0,12.0,49.0,116.440475,247.615,185.154,2407.0,4.674,515.0,0.0,26.0,75.538,982.0,2.263,434.0,14.0,10.0,944.0,0.4544491525423729,5.510593220338983,13.0,72.61538461538461,823.0,0.4726609963547995,3.9113001215066823,13.0,63.30769230769231
2023,218,Temple,Temple Owls,6.535,4475.0,3320.0,276.667,253.0,21.083,283.0,508.0,55.709,23.0,16.0,18.0,119.24394,372.917,8.899,5299.0,2919.0,243.25,428.0,35.667,211.0,328.0,64.329,27.0,3.0,22.0,164.41524,441.583,96.25,1155.0,3.489,331.0,0.0,9.0,198.333,2380.0,4.639,513.0,9.0,25.0,857.0,0.6137689614935823,5.221703617269545,12.0,71.41666666666667,863.0,0.4055619930475087,6.140208574739281,12.0,71.91666666666667
2023,221,Pitt,Pittsburgh Panthers,7.2,3815.0,2592.0,216.0,242.0,20.167,192.0,360.0,53.333,17.0,12.0,23.0,122.73033,317.917,8.003,4339.0,2537.0,211.417,328.0,27.333,197.0,317.0,62.145,16.0,10.0,31.0,139.71635,361.583,101.917,1223.0,3.435,356.0,0.0,10.0,150.167,1802.0,3.655,493.0,9.0,20.0,739.0,0.5182679296346414,5.162381596752368,12.0,61.583333333333336,841.0,0.4137931034482758,5.159334126040428,12.0,70.08333333333333
2023,228,Clemson,Clemson Tigers,6.264,5235.0,2969.0,228.385,388.0,29.846,302.0,474.0,63.713,20.0,9.0,28.0,126.45666,402.692,5.616,3742.0,2252.0,173.231,274.0,21.077,212.0,401.0,52.868,13.0,16.0,32.0,102.76066,287.846,174.308,2266.0,4.324,524.0,0.0,24.0,114.615,1490.0,3.763,396.0,12.0,17.0,1026.0,0.4892787524366471,5.10233918128655,13.0,78.92307692307692,829.0,0.5223160434258143,4.513872135102533,13.0,63.76923076923077
2023,235,Memphis,Memphis Tigers,8.283,5960.0,3984.0,306.462,512.0,39.385,321.0,481.0,66.736,33.0,10.0,19.0,154.79553,458.462,8.065,5518.0,3484.0,268.0,374.0,28.769,261.0,432.0,60.417,25.0,11.0,23.0,142.16823,424.462,152.0,1976.0,4.606,429.0,0.0,31.0,156.462,2034.0,4.561,446.0,11.0,21.0,929.0,0.5382131324004306,6.4155005382131325,13.0,71.46153846153847,901.0,0.5049944506104328,6.124306326304106,13.0,69.3076923076923
2023,238,Vanderbilt,Vanderbilt Commodores,6.882,3828.0,2684.0,223.667,274.0,22.833,217.0,390.0,55.641,23.0,12.0,27.0,126.75733,319.0,7.969,5459.0,3355.0,279.583,434.0,36.167,290.0,421.0,68.884,26.0,12.0,21.0,150.50366,454.917,95.333,1144.0,3.278,349.0,0.0,10.0,175.333,2104.0,5.094,413.0,8.0,23.0,766.0,0.5443864229765013,4.997389033942559,12.0,63.833333333333336,855.0,0.5169590643274854,6.3847953216374265,12.0,71.25
2023,239,Baylor,Baylor Bears,7.14,4534.0,3156.0,263.0,277.0,23.083,263.0,442.0,59.502,15.0,7.0,34.0,127.509094,377.833,8.649,5056.0,2837.0,236.417,400.0,33.333,213.0,328.0,64.939,22.0,7.0,18.0,155.45676,421.333,114.833,1378.0,3.337,413.0,0.0,13.0,184.917,2219.0,5.043,440.0,11.0,27.0,889.0,0.5354330708661418,5.100112485939258,12.0,74.08333333333333,786.0,0.4402035623409669,6.432569974554707,12.0,65.5
2023,242,Rice,Rice Owls,7.615,4718.0,3282.0,252.462,384.0,29.538,268.0,431.0,62.181,29.0,16.0,29.0,140.92717,362.923,7.278,4741.0,2751.0,211.615,365.0,28.077,220.0,378.0,58.201,17.0,5.0,23.0,131.53146,364.692,110.462,1436.0,3.711,387.0,0.0,21.0,153.077,1990.0,4.112,484.0,8.0,23.0,847.0,0.5430932703659976,5.570247933884297,13.0,65.15384615384616,885.0,0.4531073446327683,5.357062146892655,13.0,68.07692307692308
2023,245,Texas A&M,Texas A&M Aggies,8.263,5290.0,3520.0,270.769,433.0,33.308,274.0,426.0,64.319,24.0,10.0,29.0,147.62575,406.923,7.386,4110.0,2696.0,207.385,287.0,22.077,217.0,365.0,59.452,19.0,9.0,42.0,133.74048,316.154,136.154,1770.0,3.882,456.0,0.0,23.0,108.769,1414.0,3.359,421.0,10.0,9.0,911.0,0.4994511525795829,5.806805708013172,13.0,70.07692307692308,828.0,0.4915458937198068,4.963768115942029,13.0,63.69230769230769
2023,248,Houston,Houston Cougars,7.103,4322.0,2898.0,241.5,284.0,23.667,261.0,408.0,63.971,24.0,13.0,27.0,136.67596,360.167,7.979,5087.0,3064.0,255.333,378.0,31.5,263.0,384.0,68.49,21.0,9.0,26.0,148.87247,423.917,118.667,1424.0,3.967,359.0,0.0,10.0,168.583,2023.0,4.332,467.0,8.0,27.0,794.0,0.5478589420654912,5.443324937027708,12.0,66.16666666666667,877.0,0.467502850627138,5.800456100342076,12.0,73.08333333333333
2023,249,North Texas,North Texas Mean Green,7.913,5950.0,3656.0,304.667,414.0,34.5,284.0,462.0,61.472,33.0,9.0,38.0,147.61664,495.833,8.119,5717.0,2655.0,221.25,445.0,37.083,191.0,327.0,58.41,22.0,10.0,19.0,142.69543,476.417,191.167,2294.0,5.109,449.0,0.0,19.0,255.167,3062.0,5.629,544.0,6.0,37.0,949.0,0.5268703898840885,6.269757639620654,12.0,79.08333333333333,890.0,0.3887640449438202,6.423595505617977,12.0,74.16666666666667
2023,251,Texas,Texas Longhorns,8.52,6685.0,4047.0,289.071,501.0,35.786,317.0,475.0,66.737,25.0,9.0,28.0,151.88342,477.5,7.08,4714.0,3561.0,254.357,265.0,18.929,307.0,503.0,61.034,21.0,16.0,32.0,127.921326,336.714,188.429,2638.0,5.006,527.0,0.0,29.0,82.357,1153.0,2.904,397.0,8.0,9.0,1030.0,0.4883495145631068,6.490291262135922,14.0,73.57142857142857,932.0,0.5740343347639485,5.05793991416309,14.0,66.57142857142857
2023,252,BYU,BYU Cougars,6.225,3717.0,2465.0,205.417,277.0,23.083,220.0,396.0,55.556,17.0,9.0,19.0,117.46666,309.75,7.059,5012.0,2880.0,240.0,358.0,29.833,250.0,408.0,61.275,21.0,14.0,11.0,130.6939,417.667,104.333,1252.0,3.478,360.0,0.0,15.0,177.667,2132.0,4.856,439.0,6.0,18.0,775.0,0.535483870967742,4.796129032258064,12.0,64.58333333333333,858.0,0.4883449883449883,5.841491841491841,12.0,71.5
2023,254,Utah,Utah Utes,6.573,4529.0,2156.0,165.846,301.0,23.154,189.0,328.0,57.622,15.0,11.0,25.0,121.21866,348.385,6.929,3993.0,2917.0,224.385,251.0,19.308,246.0,421.0,58.432,17.0,8.0,36.0,126.16101,307.154,182.538,2373.0,4.222,562.0,0.0,19.0,82.769,1076.0,3.119,345.0,12.0,13.0,915.0,0.3857923497267759,4.949726775956284,13.0,70.38461538461539,802.0,0.5698254364089775,4.978802992518704,13.0,61.69230769230769
2023,256,James Madison,James Madison Dukes,8.65,5446.0,3702.0,284.769,443.0,34.077,288.0,428.0,67.29,36.0,11.0,24.0,162.567,418.923,7.081,4339.0,3250.0,250.0,253.0,19.462,278.0,459.0,60.566,17.0,13.0,45.0,126.604614,333.769,134.154,1744.0,3.91,446.0,0.0,17.0,83.769,1089.0,2.618,416.0,12.0,13.0,898.0,0.5033407572383074,6.064587973273942,13.0,69.07692307692308,920.0,0.5478260869565217,4.716304347826087,13.0,70.76923076923077
2023,258,Virginia,Virginia Cavaliers,7.601,4425.0,3010.0,250.833,279.0,23.25,248.0,396.0,62.626,19.0,14.0,43.0,135.23772,368.75,7.135,4911.0,2697.0,224.75,405.0,33.75,232.0,378.0,61.376,19.0,8.0,11.0,133.6653,409.25,117.917,1415.0,3.117,454.0,0.0,12.0,184.5,2214.0,5.101,434.0,6.0,27.0,893.0,0.4916013437849944,4.955207166853303,12.0,74.41666666666667,823.0,0.4726609963547995,5.967193195625759,12.0,68.58333333333333
2023,259,Virginia Tech,Virginia Tech Hokies,7.342,5088.0,2621.0,201.615,384.0,29.538,205.0,357.0,57.423,23.0,5.0,24.0,137.55429,391.385,6.434,4118.0,2194.0,168.769,311.0,23.923,208.0,341.0,60.997,16.0,7.0,39.0,126.42047,316.769,189.769,2467.0,4.954,498.0,0.0,20.0,148.0,1924.0,4.192,459.0,10.0,21.0,879.0,0.4334470989761092,5.78839590443686,13.0,67.61538461538461,839.0,0.4529201430274135,4.908224076281288,13.0,64.53846153846153
2023,264,Washington,Washington Huskies,8.981,6931.0,5155.0,343.667,540.0,36.0,376.0,574.0,65.505,38.0,12.0,12.0,158.61009,462.067,6.654,6101.0,3879.0,258.6,372.0,24.8,345.0,583.0,59.177,23.0,16.0,22.0,122.60146,406.733,118.4,1776.0,4.321,411.0,0.0,28.0,148.133,2222.0,4.688,474.0,6.0,25.0,997.0,0.5877632898696088,6.9518555667001,15.0,66.46666666666667,1079.0,0.5607043558850788,5.654309545875811,15.0,71.93333333333334
2023,265,Washington St,Washington State Cougars,7.924,5061.0,4041.0,336.75,380.0,31.667,340.0,510.0,66.667,27.0,9.0,38.0,147.16919,421.75,7.173,4673.0,2862.0,238.5,337.0,28.083,241.0,399.0,60.401,14.0,8.0,24.0,128.22314,389.417,85.0,1020.0,2.982,342.0,0.0,17.0,150.917,1811.0,4.261,425.0,14.0,26.0,890.0,0.6157303370786517,5.686516853932584,12.0,74.16666666666667,848.0,0.4988207547169811,5.51061320754717,12.0,70.66666666666667
2023,275,Wisconsin,Wisconsin Badgers,6.1,4956.0,2861.0,220.077,305.0,23.462,281.0,469.0,59.915,14.0,5.0,23.0,118.87375,381.231,6.511,4469.0,2715.0,208.846,262.0,20.154,254.0,417.0,60.911,19.0,13.0,29.0,124.40336,343.769,161.154,2095.0,4.615,454.0,0.0,22.0,134.923,1754.0,3.838,457.0,7.0,13.0,946.0,0.5200845665961945,5.238900634249472,13.0,72.76923076923077,903.0,0.4939091915836102,4.94905869324474,13.0,69.46153846153847
2023,276,Marshall,Marshall Thundering Herd,6.918,4660.0,2940.0,226.154,296.0,22.769,268.0,425.0,63.059,12.0,18.0,36.0,122.01784,358.462,6.79,4898.0,2872.0,220.923,373.0,28.692,249.0,423.0,58.865,23.0,13.0,35.0,127.69827,376.769,132.308,1720.0,3.805,452.0,0.0,21.0,155.846,2026.0,4.338,467.0,8.0,20.0,913.0,0.5049288061336255,5.104052573932092,13.0,70.23076923076923,925.0,0.4951351351351351,5.295135135135135,13.0,71.15384615384616
2023,277,West Virginia,West Virginia Mountaineers,8.054,5650.0,2674.0,205.692,409.0,31.462,178.0,332.0,53.614,18.0,7.0,10.0,134.94316,434.615,7.4,4950.0,3086.0,237.385,340.0,26.154,251.0,417.0,60.192,26.0,11.0,33.0,137.65155,380.769,228.923,2976.0,5.267,565.0,0.0,32.0,143.385,1864.0,4.246,439.0,4.0,15.0,907.0,0.3770672546857773,6.229327453142227,13.0,69.76923076923077,889.0,0.5061867266591676,5.568053993250843,13.0,68.38461538461539
2023,278,Fresno St,Fresno State Bulldogs,7.083,5041.0,3669.0,282.231,396.0,30.462,337.0,518.0,65.058,29.0,12.0,30.0,138.3961,387.769,6.619,4821.0,2661.0,204.692,305.0,23.462,223.0,402.0,55.473,19.0,17.0,30.0,118.21162,370.846,105.538,1372.0,3.749,366.0,0.0,16.0,166.154,2160.0,4.329,499.0,9.0,16.0,914.0,0.5995623632385121,5.515317286652079,13.0,70.3076923076923,931.0,0.4640171858216971,5.178302900107411,13.0,71.61538461538461
2023,290,GA Southern,Georgia Southern Eagles,6.809,5453.0,3929.0,302.231,392.0,30.154,376.0,577.0,65.165,26.0,20.0,34.0,130.2986,419.462,7.699,5149.0,3049.0,234.538,396.0,30.462,249.0,396.0,62.879,20.0,13.0,23.0,137.65128,396.077,117.231,1524.0,4.042,377.0,0.0,16.0,161.538,2100.0,4.626,454.0,16.0,30.0,988.0,0.618421052631579,5.519230769230769,13.0,76.0,873.0,0.4799541809851088,5.898052691867125,13.0,67.15384615384616
2023,295,Old Dominion,Old Dominion Monarchs,7.014,4528.0,2532.0,194.769,310.0,23.846,204.0,361.0,56.51,20.0,11.0,62.0,127.61614,348.308,7.27,5103.0,3257.0,250.538,353.0,27.154,294.0,448.0,65.625,28.0,11.0,19.0,142.40799,392.538,153.538,1996.0,4.211,474.0,0.0,15.0,142.0,1846.0,3.49,529.0,14.0,13.0,897.0,0.471571906354515,5.0479375696767,13.0,69.0,996.0,0.4688755020080321,5.123493975903615,13.0,76.61538461538461
2023,309,Louisiana,Louisiana Ragin' Cajuns,7.676,5111.0,2817.0,216.692,418.0,32.154,238.0,367.0,64.85,23.0,9.0,25.0,145.10559,393.154,7.222,5014.0,2795.0,215.0,372.0,28.615,238.0,387.0,61.499,22.0,13.0,33.0,134.20549,385.692,176.462,2294.0,4.891,469.0,0.0,25.0,170.692,2219.0,3.852,576.0,9.0,24.0,861.0,0.4552845528455284,5.936120789779326,13.0,66.23076923076923,996.0,0.4216867469879518,5.034136546184739,13.0,76.61538461538461
2023,324,Coastal,Coastal Carolina Chanticleers,8.295,5411.0,3401.0,261.615,360.0,27.692,273.0,410.0,66.585,24.0,9.0,17.0,151.19008,416.231,7.041,4934.0,2753.0,211.769,310.0,23.846,223.0,391.0,57.033,21.0,14.0,21.0,126.73918,379.538,154.615,2010.0,4.323,465.0,0.0,17.0,167.769,2181.0,4.721,462.0,9.0,15.0,892.0,0.4786995515695067,6.066143497757848,13.0,68.61538461538461,874.0,0.4713958810068649,5.645308924485126,13.0,67.23076923076923
2023,326,Texas St,Texas State Bobcats,8.21,5961.0,3522.0,270.923,477.0,36.692,287.0,429.0,66.9,24.0,9.0,30.0,150.12953,458.538,7.679,5169.0,3202.0,246.308,427.0,32.846,271.0,417.0,64.988,24.0,11.0,40.0,143.2084,397.615,187.615,2439.0,4.611,529.0,0.0,33.0,151.308,1967.0,4.022,489.0,16.0,26.0,988.0,0.4645748987854251,6.033400809716599,13.0,76.0,946.0,0.4830866807610993,5.464059196617336,13.0,72.76923076923077
2023,328,Utah State,Utah State Aggies,7.58,5702.0,3305.0,254.231,431.0,33.154,269.0,436.0,61.697,35.0,19.0,44.0,143.14381,438.615,6.718,5630.0,2855.0,219.615,451.0,34.692,249.0,425.0,58.588,27.0,10.0,29.0,131.27791,433.077,184.385,2397.0,4.833,496.0,0.0,18.0,213.462,2775.0,5.064,548.0,16.0,31.0,976.0,0.4918032786885246,5.842213114754099,13.0,75.07692307692308,1002.0,0.4530938123752495,5.6187624750499,13.0,77.07692307692308
2023,333,Alabama,Alabama Crimson Tide,9.495,5503.0,3086.0,220.429,476.0,34.0,208.0,325.0,64.0,23.0,6.0,49.0,163.41985,393.071,6.477,4424.0,2675.0,191.071,266.0,19.0,245.0,413.0,59.322,17.0,12.0,39.0,121.500336,316.0,172.643,2417.0,4.308,561.0,0.0,32.0,124.929,1749.0,3.721,470.0,9.0,15.0,935.0,0.4,5.885561497326203,14.0,66.78571428571429,922.0,0.4902386117136659,4.7982646420824295,14.0,65.85714285714286
2023,344,Mississippi St,Mississippi State Bulldogs,6.27,3943.0,2182.0,181.833,262.0,21.833,201.0,348.0,57.759,15.0,10.0,26.0,118.90314,328.583,7.224,4207.0,2456.0,204.667,319.0,26.583,231.0,340.0,67.941,21.0,7.0,27.0,144.88696,350.583,146.75,1761.0,4.392,401.0,0.0,12.0,145.917,1751.0,3.9,449.0,10.0,14.0,775.0,0.4825806451612903,5.087741935483871,12.0,64.58333333333333,816.0,0.4497549019607843,5.1556372549019605,12.0,68.0
2023,349,Army,Army Black Knights,7.524,3738.0,1234.0,102.833,246.0,20.5,83.0,164.0,50.61,7.0,11.0,14.0,114.48296,311.5,7.274,4370.0,2255.0,187.917,253.0,21.083,190.0,310.0,61.29,16.0,9.0,21.0,133.61786,364.167,208.667,2504.0,4.362,574.0,0.0,19.0,176.25,2115.0,4.885,433.0,13.0,15.0,752.0,0.2367021276595744,4.970744680851064,12.0,62.66666666666666,764.0,0.4332460732984293,5.719895287958115,12.0,63.66666666666666
2023,356,Illinois,Illinois Fighting Illini,7.651,4692.0,3175.0,264.583,294.0,24.5,261.0,415.0,62.892,23.0,13.0,40.0,139.18355,391.0,6.86,4539.0,2737.0,228.083,353.0,29.417,241.0,399.0,60.401,22.0,7.0,24.0,132.7125,378.25,126.417,1517.0,3.831,396.0,0.0,12.0,150.167,1802.0,3.926,459.0,10.0,19.0,851.0,0.5346650998824912,5.513513513513513,12.0,70.91666666666667,882.0,0.4795918367346938,5.14625850340136,12.0,73.5
2023,2005,Air Force,Air Force Falcons,10.524,4765.0,1105.0,85.0,362.0,27.846,55.0,105.0,52.381,7.0,6.0,11.0,151.3546,366.538,6.94,3610.0,2429.0,186.846,236.0,18.154,216.0,350.0,61.714,18.0,10.0,30.0,131.26741,277.692,281.538,3660.0,5.09,719.0,0.0,36.0,90.846,1181.0,3.044,388.0,8.0,11.0,835.0,0.1389221556886227,5.706586826347305,13.0,64.23076923076923,768.0,0.4947916666666667,4.700520833333333,13.0,59.07692307692308
2023,2006,Akron,Akron Zips,5.579,3343.0,2371.0,197.583,195.0,16.25,258.0,425.0,60.706,10.0,15.0,46.0,108.276306,278.583,6.748,4027.0,2247.0,187.25,336.0,28.0,186.0,333.0,55.856,19.0,6.0,23.0,127.76402,335.583,81.0,972.0,2.809,346.0,0.0,12.0,148.333,1780.0,4.018,443.0,8.0,23.0,817.0,0.576499388004896,4.091799265605875,12.0,68.08333333333333,799.0,0.4455569461827284,5.040050062578223,12.0,66.58333333333333
2023,2026,App State,Appalachian State Mountaineers,8.114,6242.0,3830.0,273.571,465.0,33.214,300.0,472.0,63.559,34.0,10.0,21.0,151.24977,445.857,6.668,5304.0,2814.0,201.0,378.0,27.0,258.0,422.0,61.137,15.0,15.0,35.0,121.76805,378.857,172.286,2412.0,4.517,534.0,0.0,23.0,177.857,2490.0,4.97,501.0,11.0,28.0,1027.0,0.4800389483933788,6.077896786757546,14.0,73.35714285714286,958.0,0.477035490605428,5.536534446764092,14.0,68.42857142857143
2023,2032,Arkansas St,Arkansas State Red Wolves,7.941,4857.0,2938.0,226.0,352.0,27.077,208.0,370.0,56.216,17.0,9.0,31.0,133.21855,373.615,7.824,5767.0,3372.0,259.385,395.0,30.385,296.0,431.0,68.677,25.0,8.0,24.0,149.82811,443.615,147.615,1919.0,4.181,459.0,0.0,20.0,184.231,2395.0,4.743,505.0,7.0,22.0,860.0,0.4662790697674419,5.647674418604651,13.0,66.15384615384616,960.0,0.4739583333333333,6.007291666666666,13.0,73.84615384615384
2023,2050,Ball State,Ball State Cardinals,5.391,3697.0,1639.0,136.583,219.0,18.25,180.0,304.0,59.211,9.0,9.0,26.0,108.34313,308.083,6.866,3790.0,2451.0,204.25,293.0,24.417,215.0,357.0,60.224,17.0,5.0,25.0,130.81068,315.833,171.5,2058.0,4.351,473.0,0.0,15.0,111.583,1339.0,3.571,375.0,9.0,15.0,803.0,0.410958904109589,4.603985056039851,12.0,66.91666666666667,757.0,0.5046235138705416,5.006605019815059,12.0,63.083333333333336
2023,2084,Buffalo,Buffalo Bulls,5.642,3826.0,2223.0,185.25,251.0,20.917,212.0,394.0,53.807,14.0,11.0,17.0,107.34169,318.833,6.869,4405.0,2246.0,187.167,329.0,27.417,207.0,327.0,63.303,18.0,11.0,18.0,132.43973,367.083,133.583,1603.0,3.685,435.0,0.0,15.0,179.917,2159.0,4.986,433.0,7.0,19.0,846.0,0.4858156028368794,4.522458628841608,12.0,70.5,778.0,0.4434447300771208,5.661953727506427,12.0,64.83333333333333
2023,2116,UCF,UCF Knights,9.191,6331.0,3364.0,258.769,407.0,31.308,229.0,366.0,62.568,24.0,11.0,25.0,155.40175,487.0,6.984,5083.0,2556.0,196.615,335.0,25.769,210.0,366.0,57.377,12.0,12.0,27.0,120.304276,391.0,228.231,2967.0,5.609,529.0,0.0,28.0,194.385,2527.0,4.897,516.0,4.0,26.0,920.0,0.425,6.881521739130434,13.0,70.76923076923077,909.0,0.4323432343234323,5.591859185918592,13.0,69.92307692307692
2023,2117,C Michigan,Central Michigan Chippewas,6.818,4129.0,2216.0,184.667,278.0,23.167,183.0,325.0,56.308,15.0,11.0,26.0,122.03997,344.083,8.242,4885.0,2967.0,247.25,373.0,31.083,223.0,360.0,61.944,20.0,5.0,20.0,146.73212,407.083,159.417,1913.0,4.204,455.0,0.0,21.0,159.833,1918.0,4.667,411.0,5.0,24.0,806.0,0.4354838709677419,5.122828784119107,12.0,67.16666666666667,791.0,0.4804045512010114,6.175726927939317,12.0,65.91666666666667
2023,2132,Cincinnati,Cincinnati Bearcats,6.967,5113.0,2508.0,209.0,289.0,24.083,218.0,360.0,60.556,21.0,11.0,27.0,132.2168,426.083,8.262,4833.0,2710.0,225.833,360.0,30.0,186.0,328.0,56.707,20.0,8.0,18.0,141.35175,402.75,217.083,2605.0,5.039,517.0,0.0,14.0,176.917,2123.0,5.348,397.0,13.0,24.0,904.0,0.4280973451327434,5.655973451327434,12.0,75.33333333333333,743.0,0.4656796769851951,6.504710632570659,12.0,61.91666666666666
2023,2199,E Michigan,Eastern Michigan Eagles,5.52,3433.0,1976.0,152.0,254.0,19.538,197.0,358.0,55.028,10.0,12.0,32.0,103.909874,264.077,7.155,5219.0,2769.0,213.0,347.0,26.692,228.0,387.0,58.915,17.0,8.0,22.0,129.37912,401.462,112.077,1457.0,3.404,428.0,0.0,18.0,188.462,2450.0,4.776,513.0,13.0,24.0,818.0,0.4767726161369193,4.19682151589242,13.0,62.92307692307692,922.0,0.4436008676789588,5.660520607375271,13.0,70.92307692307692
2023,2226,FAU,Florida Atlantic Owls,6.277,3969.0,2586.0,215.5,285.0,23.75,265.0,412.0,64.32,19.0,15.0,30.0,124.983246,330.75,7.243,4768.0,2977.0,248.083,306.0,25.5,263.0,411.0,63.99,23.0,10.0,28.0,138.43236,397.333,115.25,1383.0,3.748,369.0,0.0,16.0,149.25,1791.0,3.755,477.0,6.0,12.0,811.0,0.5450061652281134,4.893958076448828,12.0,67.58333333333333,916.0,0.4792576419213973,5.205240174672489,12.0,76.33333333333333
2023,2229,FIU,Florida International Panthers,7.206,3843.0,2760.0,230.0,241.0,20.083,220.0,383.0,57.441,12.0,12.0,46.0,122.04482,320.25,7.584,5240.0,2950.0,245.833,382.0,31.833,241.0,389.0,61.954,26.0,6.0,17.0,144.63216,436.667,90.25,1083.0,2.85,380.0,0.0,17.0,190.833,2290.0,4.702,487.0,13.0,17.0,809.0,0.5302843016069221,4.7503090234857845,12.0,67.41666666666667,893.0,0.4546472564389697,5.8678611422172455,12.0,74.41666666666667
2023,2247,Georgia St,Georgia State Panthers,7.27,5113.0,2668.0,205.231,354.0,27.231,249.0,367.0,67.847,20.0,7.0,20.0,143.08466,393.308,8.314,5529.0,3633.0,279.462,391.0,30.077,284.0,437.0,64.989,30.0,11.0,30.0,152.44707,425.308,188.077,2445.0,4.766,513.0,0.0,25.0,145.846,1896.0,4.29,442.0,10.0,18.0,900.0,0.43,5.681111111111111,13.0,69.23076923076923,909.0,0.5137513751375138,6.082508250825082,13.0,69.92307692307692
2023,2294,Iowa,Iowa Hawkeyes,4.773,3296.0,1661.0,118.643,216.0,15.429,170.0,348.0,48.851,9.0,11.0,33.0,91.156685,235.429,5.064,3955.0,2390.0,170.714,207.0,14.786,265.0,472.0,56.144,11.0,10.0,33.0,102.13427,282.5,116.786,1635.0,3.364,486.0,0.0,11.0,111.786,1565.0,3.143,498.0,11.0,7.0,867.0,0.4394463667820069,3.80161476355248,14.0,61.92857142857143,1003.0,0.5034895314057827,3.943170488534397,14.0,71.64285714285714
2023,2305,Kansas,Kansas Jayhawks,10.035,5799.0,3121.0,240.077,454.0,34.923,200.0,311.0,64.309,24.0,11.0,16.0,166.99522,446.077,7.374,4917.0,2817.0,216.692,345.0,26.538,253.0,382.0,66.23,16.0,14.0,26.0,134.66359,378.231,206.0,2678.0,5.367,499.0,0.0,32.0,161.538,2100.0,4.449,472.0,7.0,26.0,826.0,0.3958837772397094,7.020581113801453,13.0,63.53846153846154,880.0,0.4636363636363636,5.5875,13.0,67.6923076923077
2023,2306,Kansas St,Kansas State Wildcats,7.359,5788.0,3135.0,241.154,482.0,37.077,258.0,426.0,60.563,30.0,10.0,17.0,140.92404,445.231,6.68,4843.0,2926.0,225.077,273.0,21.0,247.0,438.0,56.393,16.0,13.0,25.0,118.623795,372.538,204.077,2653.0,4.977,533.0,0.0,32.0,147.462,1917.0,4.757,403.0,12.0,15.0,976.0,0.4538934426229508,5.930327868852459,13.0,75.07692307692308,866.0,0.5346420323325635,5.592378752886836,13.0,66.61538461538461
2023,2309,Kent State,Kent State Golden Flashes,6.451,3245.0,1974.0,164.5,176.0,14.667,160.0,306.0,52.288,11.0,6.0,41.0,114.417145,270.417,8.171,4687.0,2574.0,214.5,415.0,34.583,184.0,315.0,58.413,21.0,6.0,12.0,145.2394,390.583,105.917,1271.0,2.882,441.0,0.0,8.0,176.083,2113.0,4.593,460.0,5.0,31.0,788.0,0.4403553299492386,4.118020304568528,12.0,65.66666666666667,787.0,0.4155019059720457,5.955527318932655,12.0,65.58333333333333
2023,2335,Liberty,Liberty Flames,9.512,6988.0,2882.0,205.857,536.0,38.286,178.0,303.0,58.746,32.0,6.0,9.0,169.53827,499.143,7.067,5217.0,3583.0,255.929,340.0,24.286,299.0,507.0,58.974,31.0,21.0,25.0,130.23032,372.643,293.286,4106.0,6.128,670.0,0.0,39.0,116.714,1634.0,4.045,404.0,4.0,13.0,982.0,0.3177189409368635,7.116089613034624,14.0,70.14285714285714,936.0,0.5683760683760684,5.573717948717949,14.0,66.85714285714286
2023,2348,Louisiana Tech,Louisiana Tech Bulldogs,7.419,4626.0,3131.0,260.917,311.0,25.917,269.0,422.0,63.744,16.0,11.0,25.0,133.36143,385.5,7.016,5018.0,2224.0,185.333,401.0,33.417,173.0,317.0,54.574,18.0,5.0,16.0,129.09256,418.167,124.583,1495.0,3.924,381.0,0.0,20.0,232.833,2794.0,5.522,506.0,10.0,32.0,828.0,0.5398550724637681,5.586956521739131,12.0,69.0,839.0,0.3969010727056019,5.980929678188319,12.0,69.91666666666667
2023,2390,Miami,Miami Hurricanes,7.693,5605.0,3354.0,258.0,409.0,31.462,283.0,436.0,64.908,23.0,14.0,16.0,140.51544,431.154,7.091,4181.0,2808.0,216.0,296.0,22.769,225.0,396.0,56.818,16.0,12.0,35.0,123.65573,321.615,173.154,2251.0,5.116,440.0,0.0,24.0,105.615,1373.0,3.333,412.0,12.0,18.0,892.0,0.5067264573991032,6.283632286995516,13.0,68.61538461538461,843.0,0.5112692763938316,4.959667852906287,13.0,64.84615384615384
2023,2393,MTSU,Middle Tennessee Blue Raiders,7.288,4693.0,3192.0,266.0,291.0,24.25,295.0,438.0,67.352,23.0,13.0,32.0,139.96396,391.083,6.979,4747.0,2994.0,249.5,337.0,28.083,268.0,429.0,62.471,19.0,8.0,24.0,131.98,395.583,125.083,1501.0,3.909,384.0,0.0,13.0,146.083,1753.0,4.021,436.0,11.0,20.0,854.0,0.550351288056206,5.495316159250586,12.0,71.16666666666667,889.0,0.5095613048368954,5.33970753655793,12.0,74.08333333333333
2023,2426,Navy,Navy Midshipmen,6.372,3603.0,1268.0,105.667,212.0,17.667,102.0,199.0,51.256,10.0,5.0,24.0,116.337715,300.25,7.82,4244.0,2698.0,224.833,269.0,22.417,225.0,345.0,65.217,18.0,10.0,29.0,142.32439,353.667,194.583,2335.0,4.261,548.0,0.0,16.0,128.833,1546.0,3.655,423.0,14.0,12.0,771.0,0.2892347600518807,4.673151750972763,12.0,64.25,797.0,0.4692597239648682,5.324968632371393,12.0,66.41666666666667
2023,2429,Charlotte,Charlotte 49ers,6.137,3753.0,2013.0,167.75,210.0,17.5,186.0,328.0,56.707,7.0,16.0,31.0,105.54449,312.75,7.506,4490.0,2552.0,212.667,343.0,28.583,214.0,340.0,62.941,20.0,11.0,20.0,138.93315,374.167,145.0,1740.0,3.75,464.0,0.0,16.0,161.5,1938.0,4.517,429.0,7.0,19.0,823.0,0.4362089914945322,4.560145808019441,12.0,68.58333333333333,789.0,0.4562737642585551,5.690747782002535,12.0,65.75
2023,2433,UL Monroe,UL Monroe Warhawks,6.081,3853.0,2098.0,174.833,208.0,17.333,177.0,345.0,51.304,15.0,13.0,35.0,109.19622,321.083,8.31,5362.0,3299.0,274.917,419.0,34.917,257.0,397.0,64.736,28.0,11.0,24.0,152.27258,446.833,146.25,1755.0,4.229,415.0,0.0,7.0,171.917,2063.0,4.21,490.0,14.0,21.0,795.0,0.4779874213836478,4.846540880503144,12.0,66.25,911.0,0.4621295279912184,5.885839736553238,12.0,75.91666666666667
2023,2439,UNLV,UNLV Rebels,8.29,5778.0,3349.0,239.214,482.0,34.429,251.0,404.0,62.129,17.0,12.0,20.0,139.71114,412.714,8.902,5817.0,3552.0,253.714,400.0,28.571,245.0,399.0,61.404,26.0,17.0,26.0,149.16255,415.5,173.5,2429.0,4.515,538.0,0.0,39.0,161.786,2265.0,4.282,529.0,15.0,23.0,962.0,0.4407484407484408,6.006237006237006,14.0,68.71428571428571,954.0,0.4454926624737945,6.09748427672956,14.0,68.14285714285714
2023,2440,Nevada,Nevada Wolf Pack,6.093,3600.0,2102.0,175.167,208.0,17.333,191.0,345.0,55.362,6.0,12.0,41.0,105.326324,300.0,8.812,5314.0,3049.0,254.083,401.0,33.417,225.0,346.0,65.029,24.0,9.0,17.0,156.73798,442.833,124.833,1498.0,3.381,443.0,0.0,14.0,188.75,2265.0,5.355,423.0,12.0,23.0,829.0,0.4656212303980699,4.342581423401689,12.0,69.08333333333333,786.0,0.4618320610687023,6.760814249363868,12.0,65.5
2023,2459,N Illinois,Northern Illinois Huskies,6.74,4802.0,2467.0,189.769,324.0,24.923,211.0,366.0,57.65,15.0,9.0,16.0,122.87259,369.385,6.314,4173.0,2229.0,171.462,273.0,21.0,200.0,353.0,56.657,13.0,10.0,23.0,116.18157,321.0,179.615,2335.0,5.0,467.0,0.0,23.0,149.538,1944.0,4.226,460.0,6.0,20.0,849.0,0.4499411071849234,5.656065959952886,13.0,65.3076923076923,836.0,0.4497607655502392,4.991626794258373,13.0,64.3076923076923
2023,2483,Oregon,Oregon Ducks,9.449,7440.0,4857.0,346.929,619.0,44.214,397.0,514.0,77.237,49.0,5.0,5.0,186.12173,531.429,6.142,4458.0,3022.0,215.857,231.0,16.5,296.0,492.0,60.163,16.0,12.0,34.0,117.609505,318.429,184.5,2583.0,5.911,437.0,0.0,33.0,102.571,1436.0,3.581,401.0,10.0,10.0,956.0,0.5428870292887029,7.782426778242677,14.0,68.28571428571429,927.0,0.5674217907227616,4.809061488673139,14.0,66.21428571428571
2023,2509,Purdue,Purdue Boilermakers,6.464,4559.0,2534.0,211.167,287.0,23.917,234.0,392.0,59.694,15.0,10.0,24.0,121.51715,379.917,7.832,4585.0,2898.0,241.5,365.0,30.417,201.0,370.0,54.324,21.0,10.0,35.0,133.43652,382.083,168.75,2025.0,4.383,462.0,0.0,20.0,140.583,1687.0,3.914,431.0,11.0,22.0,878.0,0.4738041002277904,5.19248291571754,12.0,73.16666666666667,836.0,0.4844497607655502,5.48444976076555,12.0,69.66666666666667
2023,2534,Sam Houston,Sam Houston Bearkats,5.962,3737.0,2671.0,222.583,240.0,20.0,282.0,448.0,62.946,15.0,12.0,19.0,118.717896,311.417,7.632,4733.0,2778.0,231.5,314.0,26.167,235.0,364.0,64.56,14.0,13.0,17.0,134.2191,394.417,88.833,1066.0,2.897,368.0,0.0,13.0,162.917,1955.0,4.433,441.0,7.0,25.0,835.0,0.5592814371257485,4.475449101796407,12.0,69.58333333333333,822.0,0.4635036496350365,5.757907542579075,12.0,68.5
2023,2567,SMU,SMU Mustangs,8.381,6369.0,3897.0,278.357,542.0,38.714,274.0,465.0,58.925,33.0,8.0,16.0,149.30475,454.929,5.96,4258.0,2551.0,182.214,249.0,17.786,247.0,428.0,57.71,17.0,12.0,47.0,115.273476,304.143,176.571,2472.0,4.454,555.0,0.0,29.0,121.929,1707.0,3.421,499.0,8.0,14.0,1036.0,0.4642857142857143,6.147683397683398,14.0,74.0,974.0,0.4876796714579055,4.371663244353183,14.0,69.57142857142857
2023,2572,Southern Miss,Southern Miss Golden Eagles,6.303,4249.0,2288.0,190.667,278.0,23.167,188.0,363.0,51.791,15.0,8.0,34.0,113.96456,354.083,8.935,5049.0,2904.0,242.0,429.0,35.75,189.0,325.0,58.154,23.0,9.0,25.0,151.02386,420.75,163.417,1961.0,4.043,485.0,0.0,16.0,178.75,2145.0,5.059,424.0,6.0,28.0,882.0,0.4501133786848073,4.817460317460317,12.0,73.5,774.0,0.4521963824289405,6.523255813953488,12.0,64.5
2023,2579,South Carolina,South Carolina Gamecocks,8.097,4357.0,3336.0,278.0,312.0,26.0,283.0,412.0,68.689,21.0,8.0,41.0,149.64018,363.083,7.369,4749.0,2955.0,246.25,316.0,26.333,245.0,401.0,61.097,16.0,10.0,21.0,131.17567,395.75,85.083,1021.0,2.767,369.0,0.0,17.0,149.5,1794.0,3.883,462.0,13.0,19.0,822.0,0.551094890510949,5.300486618004866,12.0,68.5,884.0,0.4773755656108597,5.372171945701357,12.0,73.66666666666667
2023,2628,TCU,TCU Horned Frogs,7.447,5600.0,3746.0,312.167,376.0,31.333,319.0,503.0,63.419,27.0,15.0,19.0,137.72351,466.667,7.61,4900.0,3044.0,253.667,334.0,27.833,239.0,400.0,59.75,16.0,8.0,26.0,132.874,408.333,154.5,1854.0,4.567,406.0,0.0,19.0,154.667,1856.0,3.974,467.0,5.0,21.0,928.0,0.5625,6.0344827586206895,12.0,77.33333333333333,893.0,0.477043673012318,5.487122060470325,12.0,74.41666666666667
2023,2633,Tennessee,Tennessee Volunteers,7.712,5825.0,3162.0,243.231,413.0,31.769,262.0,410.0,63.902,22.0,5.0,24.0,143.95012,448.077,6.954,4357.0,2879.0,221.462,264.0,20.308,270.0,414.0,65.217,15.0,12.0,41.0,129.78912,335.154,204.846,2663.0,5.446,489.0,0.0,23.0,113.692,1478.0,3.192,463.0,5.0,13.0,923.0,0.4702058504875406,6.310942578548213,13.0,71.0,918.0,0.4956427015250544,4.746187363834423,13.0,70.61538461538461
2023,2636,UTSA,UTSA Roadrunners,7.283,5481.0,3248.0,249.846,415.0,31.923,290.0,446.0,65.022,25.0,14.0,25.0,138.41896,421.615,6.719,4798.0,3037.0,233.615,313.0,24.077,254.0,452.0,56.195,19.0,10.0,46.0,122.082275,369.077,171.769,2233.0,4.328,516.0,0.0,27.0,135.462,1761.0,3.715,474.0,11.0,16.0,987.0,0.4772036474164133,5.553191489361702,13.0,75.92307692307692,972.0,0.5123456790123457,4.936213991769547,13.0,74.76923076923077
2023,2638,UTEP,UTEP Miners,7.915,4344.0,2612.0,217.667,239.0,19.917,178.0,330.0,53.939,13.0,12.0,30.0,126.153,362.0,7.08,4643.0,2216.0,184.667,342.0,28.5,177.0,313.0,56.55,16.0,6.0,26.0,129.057,386.917,144.333,1732.0,3.875,447.0,0.0,16.0,202.25,2427.0,5.369,452.0,9.0,28.0,807.0,0.4460966542750929,5.382899628252788,12.0,67.25,791.0,0.4285714285714285,5.869785082174463,12.0,65.91666666666667
2023,2641,Texas Tech,Texas Tech Red Raiders,6.189,5026.0,2909.0,223.769,356.0,27.385,284.0,470.0,60.426,24.0,18.0,24.0,121.60466,386.615,6.725,5064.0,2979.0,229.154,338.0,26.0,267.0,443.0,60.271,16.0,13.0,27.0,122.80973,389.538,162.846,2117.0,4.466,474.0,0.0,17.0,160.385,2085.0,4.344,480.0,11.0,19.0,968.0,0.5103305785123967,5.1921487603305785,13.0,74.46153846153847,950.0,0.4947368421052631,5.330526315789474,13.0,73.07692307692308
2023,2649,Toledo,Toledo Rockets,8.194,5867.0,3089.0,220.643,452.0,32.286,232.0,377.0,61.538,26.0,10.0,11.0,147.82022,419.071,6.234,4645.0,2562.0,183.0,284.0,20.286,219.0,411.0,53.285,12.0,11.0,39.0,109.93365,331.786,198.429,2778.0,5.302,524.0,0.0,31.0,148.786,2083.0,3.96,526.0,15.0,18.0,912.0,0.425438596491228,6.433114035087719,14.0,65.14285714285714,976.0,0.4610655737704918,4.75922131147541,14.0,69.71428571428571
2023,2653,Troy,Troy Trojans,8.149,5872.0,3724.0,266.0,415.0,29.643,280.0,457.0,61.269,29.0,6.0,25.0,148.0355,419.429,6.485,4316.0,2821.0,201.5,240.0,17.143,272.0,435.0,62.529,13.0,10.0,47.0,122.26707,308.286,153.429,2148.0,4.42,486.0,0.0,19.0,106.786,1495.0,3.167,472.0,16.0,13.0,968.0,0.4979338842975206,6.066115702479339,14.0,69.14285714285714,954.0,0.5052410901467506,4.524109014675052,14.0,68.14285714285714
2023,2655,Tulane,Tulane Green Wave,8.179,5181.0,3010.0,215.0,369.0,26.357,229.0,368.0,62.228,25.0,7.0,28.0,149.54607,370.071,6.765,4797.0,3200.0,228.571,287.0,20.5,309.0,473.0,65.328,18.0,17.0,35.0,127.52414,342.643,155.071,2171.0,4.12,527.0,0.0,16.0,114.071,1597.0,3.597,444.0,13.0,14.0,923.0,0.4290357529794149,5.613217768147345,14.0,65.92857142857143,952.0,0.5336134453781513,5.038865546218488,14.0,68.0
2023,2711,W Michigan,Western Michigan Broncos,6.448,4380.0,2534.0,211.167,284.0,23.667,247.0,393.0,62.85,13.0,9.0,30.0,123.34923,365.0,7.798,4720.0,2815.0,234.583,381.0,31.75,220.0,361.0,60.942,23.0,9.0,25.0,142.48413,393.333,153.833,1846.0,3.854,479.0,0.0,21.0,158.75,1905.0,4.624,412.0,6.0,22.0,902.0,0.4689578713968957,4.855875831485587,12.0,75.16666666666667,798.0,0.4837092731829573,5.9147869674185465,12.0,66.5
2023,2751,Wyoming,Wyoming Cowboys,7.207,4251.0,2191.0,168.538,332.0,25.538,189.0,304.0,62.171,20.0,6.0,28.0,140.47232,327.0,6.402,4651.0,2772.0,213.231,290.0,22.308,253.0,433.0,58.43,18.0,11.0,24.0,120.84505,357.769,158.462,2060.0,4.402,468.0,0.0,19.0,144.538,1879.0,4.148,453.0,9.0,12.0,800.0,0.415,5.31375,13.0,61.53846153846154,910.0,0.5021978021978022,5.110989010989011,13.0,70.0
2024,2,Auburn,Auburn Tigers,8.583,5153.0,3167.0,263.917,333.0,27.75,230.0,369.0,62.331,27.0,13.0,27.0,151.52852,429.417,7.22,3969.0,2556.0,213.0,256.0,21.333,199.0,354.0,56.215,12.0,8.0,28.0,123.52944,330.75,165.5,1986.0,4.916,404.0,0.0,13.0,117.75,1413.0,3.078,459.0,9.0,18.0,800.0,0.495,6.44125,12.0,66.66666666666667,841.0,0.4542211652794292,4.719381688466112,12.0,70.08333333333333
2024,5,UAB,UAB Blazers,7.038,4711.0,3139.0,261.583,314.0,26.167,284.0,446.0,63.677,24.0,16.0,33.0,133.38005,392.583,6.805,4725.0,2164.0,180.333,411.0,34.25,174.0,318.0,54.717,18.0,8.0,18.0,125.526245,393.75,131.0,1572.0,4.02,391.0,0.0,9.0,213.417,2561.0,5.071,505.0,6.0,31.0,870.0,0.5505747126436782,5.414942528735632,12.0,72.5,841.0,0.3995243757431629,5.618311533888228,12.0,70.08333333333333
2024,6,South Alabama,South Alabama Jaguars,8.095,5750.0,3165.0,243.462,447.0,34.385,254.0,391.0,64.962,21.0,6.0,17.0,147.61377,442.308,7.523,5086.0,3235.0,248.846,327.0,25.154,278.0,430.0,64.651,18.0,16.0,21.0,134.21614,391.231,198.846,2585.0,5.757,449.0,0.0,32.0,142.385,1851.0,4.059,456.0,11.0,19.0,857.0,0.4760793465577596,6.709451575262544,13.0,65.92307692307692,907.0,0.4972436604189636,5.607497243660419,13.0,69.76923076923077
2024,8,Arkansas,Arkansas Razorbacks,8.626,5970.0,3571.0,274.692,402.0,30.923,255.0,414.0,61.594,16.0,9.0,36.0,142.45801,459.231,7.679,4889.0,3210.0,246.923,325.0,25.0,259.0,418.0,61.962,22.0,10.0,26.0,139.05002,376.077,184.538,2399.0,4.856,494.0,0.0,34.0,129.154,1679.0,3.626,463.0,7.0,15.0,944.0,0.4766949152542373,6.3241525423728815,13.0,72.61538461538461,907.0,0.4895259095920617,5.390297684674752,13.0,69.76923076923077
2024,9,Arizona St,Arizona State Sun Devils,8.411,6012.0,3213.0,229.5,461.0,32.929,234.0,382.0,61.257,26.0,6.0,21.0,151.22812,429.429,6.626,4755.0,3174.0,226.714,316.0,22.571,283.0,479.0,59.081,19.0,16.0,24.0,121.14916,339.643,199.929,2799.0,4.736,591.0,0.0,30.0,112.929,1581.0,3.677,430.0,10.0,19.0,994.0,0.4054325955734406,6.048289738430584,14.0,71.0,933.0,0.5391211146838156,5.096463022508039,14.0,66.64285714285714
2024,12,Arizona,Arizona Wildcats,6.808,4245.0,2975.0,247.917,261.0,21.75,262.0,437.0,59.954,18.0,13.0,28.0,124.783875,353.75,8.079,4972.0,2868.0,239.0,381.0,31.75,226.0,355.0,63.662,22.0,8.0,21.0,147.4683,414.333,105.833,1270.0,3.791,335.0,0.0,11.0,175.333,2104.0,4.893,430.0,11.0,25.0,800.0,0.58125,5.30625,12.0,66.66666666666667,806.0,0.4665012406947891,6.168734491315137,12.0,67.16666666666667
2024,21,San Diego St,San Diego State Aztecs,6.581,4015.0,2468.0,205.667,256.0,21.333,234.0,375.0,62.4,15.0,8.0,31.0,126.6144,334.583,7.49,5056.0,2569.0,214.083,355.0,29.583,223.0,343.0,65.015,21.0,7.0,32.0,144.05309,421.333,128.917,1547.0,3.649,424.0,0.0,13.0,207.25,2487.0,4.886,509.0,4.0,25.0,830.0,0.4891566265060241,4.837349397590361,12.0,69.16666666666667,884.0,0.4242081447963801,5.719457013574661,12.0,73.66666666666667
2024,23,San José St,San José State Spartans,7.578,5321.0,4183.0,321.769,369.0,28.385,316.0,552.0,57.246,31.0,16.0,12.0,133.6358,409.308,6.959,4948.0,3027.0,232.846,358.0,27.538,268.0,435.0,61.609,16.0,21.0,25.0,122.54653,380.615,87.538,1138.0,3.512,324.0,0.0,13.0,147.769,1921.0,3.525,545.0,12.0,25.0,888.0,0.6351351351351351,5.992117117117117,13.0,68.3076923076923,1005.0,0.4577114427860697,4.9233830845771145,13.0,77.3076923076923
2024,24,Stanford,Stanford Cardinal,6.203,3887.0,2295.0,191.25,274.0,22.833,224.0,370.0,60.541,18.0,17.0,39.0,119.510254,323.917,8.46,4962.0,3367.0,280.583,404.0,33.667,263.0,398.0,66.08,31.0,9.0,26.0,158.32552,413.5,132.667,1592.0,3.643,437.0,0.0,11.0,132.917,1595.0,4.208,379.0,9.0,21.0,846.0,0.483451536643026,4.594562647754137,12.0,70.5,803.0,0.5280199252801993,6.179327521793275,12.0,66.91666666666667
2024,25,California,California Golden Bears,7.246,4942.0,3362.0,258.615,326.0,25.077,302.0,464.0,65.086,16.0,7.0,51.0,134.31369,380.154,6.695,4387.0,2959.0,227.615,290.0,22.308,250.0,442.0,56.561,17.0,17.0,34.0,117.7993,337.462,121.538,1580.0,3.559,444.0,0.0,17.0,109.846,1428.0,3.268,437.0,5.0,19.0,959.0,0.5370177267987487,5.153284671532846,13.0,73.76923076923077,913.0,0.5213581599123768,4.805038335158817,13.0,70.23076923076923
2024,26,UCLA,UCLA Bruins,7.302,3945.0,2906.0,242.167,221.0,18.417,259.0,398.0,65.075,17.0,11.0,34.0,134.97926,328.75,7.144,4090.0,2936.0,244.667,303.0,25.25,269.0,411.0,65.45,19.0,10.0,22.0,135.84908,340.833,86.583,1039.0,3.074,338.0,0.0,4.0,96.167,1154.0,3.345,345.0,2.0,17.0,770.0,0.561038961038961,5.123376623376624,12.0,64.16666666666667,778.0,0.5565552699228792,5.25706940874036,12.0,64.83333333333333
2024,30,USC,USC Trojans,7.107,5684.0,3795.0,291.923,392.0,30.154,335.0,534.0,62.734,29.0,15.0,15.0,134.73615,437.231,7.016,4902.0,3066.0,235.846,313.0,24.077,296.0,437.0,67.735,15.0,12.0,21.0,132.50462,377.077,145.308,1889.0,5.161,366.0,0.0,20.0,141.231,1836.0,4.545,404.0,4.0,19.0,915.0,0.6,6.212021857923498,13.0,70.38461538461539,862.0,0.531322505800464,5.68677494199536,13.0,66.3076923076923
2024,36,Colorado St,Colorado State Rams,7.315,5039.0,2853.0,219.462,317.0,24.385,236.0,390.0,60.513,16.0,10.0,10.0,130.36946,387.615,7.129,5128.0,3051.0,234.692,335.0,25.769,262.0,428.0,61.215,20.0,10.0,17.0,131.84717,394.462,168.154,2186.0,4.721,463.0,0.0,20.0,159.769,2077.0,4.545,457.0,14.0,21.0,863.0,0.4634994206257242,5.838933951332561,13.0,66.38461538461539,902.0,0.4933481152993348,5.685144124168515,13.0,69.38461538461539
2024,38,Colorado,Colorado Buffaloes,8.577,4981.0,4134.0,318.0,428.0,32.923,353.0,482.0,73.237,37.0,10.0,43.0,166.46574,383.154,6.634,4575.0,2607.0,200.538,300.0,23.077,229.0,393.0,58.27,16.0,15.0,39.0,119.79671,351.923,65.154,847.0,2.484,341.0,0.0,15.0,151.385,1968.0,3.866,509.0,16.0,17.0,866.0,0.6062355658198614,5.7517321016166285,13.0,66.61538461538461,941.0,0.4590860786397449,4.861849096705632,13.0,72.38461538461539
2024,41,UConn,UConn Huskies,6.513,5169.0,2579.0,198.385,415.0,31.923,222.0,396.0,56.061,25.0,9.0,14.0,127.05753,397.615,6.455,4515.0,2795.0,215.0,300.0,23.077,268.0,433.0,61.894,16.0,10.0,25.0,123.692,347.308,199.231,2590.0,5.019,516.0,0.0,23.0,132.308,1720.0,3.797,453.0,6.0,16.0,926.0,0.4427645788336933,5.58207343412527,13.0,71.23076923076923,911.0,0.5027442371020856,4.95609220636663,13.0,70.07692307692308
2024,52,Florida St,Florida State Seminoles,6.096,3243.0,2164.0,180.333,185.0,15.417,179.0,355.0,50.423,11.0,13.0,49.0,104.53075,270.25,7.408,4631.0,2415.0,201.25,336.0,28.0,204.0,326.0,62.577,16.0,4.0,27.0,138.54652,385.917,89.917,1079.0,2.854,378.0,0.0,8.0,184.667,2216.0,4.646,477.0,6.0,21.0,782.0,0.5166240409207161,4.147058823529412,12.0,65.16666666666667,830.0,0.4253012048192771,5.579518072289156,12.0,69.16666666666667
2024,55,Jax State,Jacksonville State Gamecocks,8.49,6183.0,2666.0,190.429,504.0,36.0,189.0,314.0,60.191,14.0,7.0,22.0,141.76236,441.643,7.451,5502.0,3055.0,218.214,366.0,26.143,247.0,410.0,60.244,21.0,12.0,25.0,133.88083,393.0,251.214,3517.0,5.444,646.0,0.0,51.0,174.786,2447.0,4.263,574.0,18.0,21.0,982.0,0.3421588594704684,6.296334012219959,14.0,70.14285714285714,1009.0,0.4311199207135778,5.452923686818632,14.0,72.07142857142857
2024,57,Florida,Florida Gators,8.579,5030.0,2934.0,225.692,368.0,28.308,208.0,342.0,60.819,18.0,14.0,20.0,142.06302,386.923,7.024,4900.0,2957.0,227.462,300.0,23.077,244.0,421.0,57.957,18.0,14.0,40.0,124.41787,376.923,161.231,2096.0,4.547,461.0,0.0,26.0,149.462,1943.0,3.795,512.0,20.0,17.0,823.0,0.4398541919805589,6.111786148238153,13.0,63.30769230769231,973.0,0.473792394655704,5.035971223021583,13.0,74.84615384615384
2024,58,South Florida,South Florida Bulls,6.675,5308.0,2957.0,227.462,418.0,32.154,262.0,443.0,59.142,16.0,10.0,36.0,122.61674,408.308,7.694,5680.0,3624.0,278.769,387.0,29.769,277.0,471.0,58.811,23.0,12.0,32.0,134.45926,436.923,180.846,2351.0,4.778,492.0,0.0,34.0,158.154,2056.0,4.031,510.0,14.0,25.0,971.0,0.4933058702368692,5.466529351184346,13.0,74.6923076923077,1013.0,0.4965449160908193,5.6071076011846,13.0,77.92307692307692
2024,59,Georgia Tech,Georgia Tech Yellow Jackets,7.495,5519.0,3088.0,237.538,376.0,28.923,269.0,412.0,65.291,17.0,7.0,9.0,138.4675,424.538,7.155,4457.0,2869.0,220.692,333.0,25.615,253.0,401.0,63.092,24.0,5.0,18.0,140.45062,342.846,187.0,2431.0,4.951,491.0,0.0,29.0,122.154,1588.0,4.072,390.0,5.0,15.0,912.0,0.4616228070175439,6.051535087719298,13.0,70.15384615384616,809.0,0.5179233621755254,5.509270704573548,13.0,62.23076923076923
2024,61,Georgia,Georgia Bulldogs,7.669,5676.0,3934.0,281.0,443.0,31.643,336.0,513.0,65.497,29.0,13.0,25.0,143.50357,405.429,6.58,4619.0,2803.0,200.214,288.0,20.571,251.0,426.0,58.92,14.0,8.0,37.0,121.28107,329.929,124.429,1742.0,4.061,429.0,0.0,24.0,129.714,1816.0,3.714,489.0,15.0,14.0,967.0,0.5563598759048604,5.869700103412616,14.0,69.07142857142857,952.0,0.486344537815126,4.851890756302521,14.0,68.0
2024,62,Hawai'i,Hawai'i Rainbow Warriors,6.704,4390.0,3218.0,268.167,268.0,22.333,286.0,480.0,59.583,25.0,15.0,43.0,126.83409,365.833,6.926,4523.0,2535.0,211.25,312.0,26.0,239.0,366.0,65.301,18.0,6.0,27.0,136.43091,376.917,97.667,1172.0,3.447,340.0,0.0,7.0,165.667,1988.0,4.667,426.0,5.0,20.0,863.0,0.6060254924681344,5.086906141367323,12.0,71.91666666666667,819.0,0.4798534798534798,5.5225885225885225,12.0,68.25
2024,66,Iowa State,Iowa State Cyclones,7.569,5827.0,3580.0,255.714,435.0,31.071,277.0,473.0,58.562,25.0,10.0,16.0,135.35545,416.214,6.231,4955.0,2318.0,165.571,321.0,22.929,196.0,372.0,52.688,18.0,15.0,16.0,112.93214,353.929,160.5,2247.0,4.355,516.0,0.0,27.0,188.357,2637.0,5.349,493.0,10.0,19.0,1005.0,0.4865671641791044,5.7980099502487565,14.0,71.78571428571429,881.0,0.4404086265607264,5.624290578887628,14.0,62.92857142857143
2024,68,Boise St,Boise State Broncos,7.612,6524.0,3159.0,225.643,522.0,37.286,261.0,415.0,62.892,23.0,7.0,15.0,141.74796,466.0,7.494,5092.0,3380.0,241.429,316.0,22.571,273.0,451.0,60.532,24.0,7.0,55.0,137.93857,363.714,240.357,3365.0,6.063,555.0,0.0,43.0,122.286,1712.0,3.779,453.0,13.0,15.0,985.0,0.4365482233502538,6.623350253807106,14.0,70.35714285714286,959.0,0.5276329509906152,5.309697601668405,14.0,68.5
2024,77,Northwestern,Northwestern Wildcats,5.706,3413.0,2231.0,185.917,214.0,17.833,210.0,391.0,53.708,7.0,11.0,24.0,101.92033,284.417,7.115,4341.0,2782.0,231.833,316.0,26.333,245.0,391.0,62.66,15.0,10.0,23.0,129.96985,361.75,98.5,1182.0,3.33,355.0,0.0,12.0,129.917,1559.0,3.997,390.0,6.0,22.0,770.0,0.538961038961039,4.432467532467532,12.0,64.16666666666667,804.0,0.5149253731343284,5.399253731343284,12.0,67.0
2024,84,Indiana,Indiana Hoosiers,9.41,5543.0,3397.0,261.308,537.0,41.308,246.0,361.0,68.144,33.0,6.0,21.0,174.03018,426.385,5.766,3332.0,2289.0,176.077,203.0,15.615,248.0,397.0,62.469,11.0,15.0,36.0,112.490974,256.308,165.077,2146.0,4.371,491.0,0.0,37.0,80.231,1043.0,2.738,381.0,13.0,12.0,873.0,0.4375715922107674,6.349369988545246,13.0,67.15384615384616,814.0,0.5319410319410319,4.093366093366093,13.0,62.61538461538461
2024,87,Notre Dame,Notre Dame Fighting Irish,7.124,6385.0,3170.0,198.125,578.0,36.125,296.0,445.0,66.517,24.0,8.0,25.0,140.56035,399.063,6.009,4919.0,2710.0,169.375,248.0,15.5,235.0,451.0,52.106,14.0,19.0,40.0,104.3995,307.438,200.938,3215.0,5.66,568.0,0.0,45.0,138.063,2209.0,3.783,584.0,16.0,16.0,1038.0,0.4527938342967245,6.151252408477842,16.0,64.875,1075.0,0.4567441860465116,4.575813953488372,16.0,67.1875
2024,96,Kentucky,Kentucky Wildcats,7.109,3965.0,2218.0,184.833,247.0,20.583,167.0,312.0,53.526,15.0,17.0,35.0,118.20898,330.417,7.9,4146.0,2204.0,183.667,265.0,22.083,177.0,279.0,63.441,9.0,10.0,24.0,133.27815,345.5,145.583,1747.0,3.944,443.0,0.0,11.0,161.833,1942.0,4.454,436.0,12.0,20.0,790.0,0.4392405063291139,5.018987341772152,12.0,65.83333333333333,739.0,0.4100135317997294,5.610284167794316,12.0,61.583333333333336
2024,97,Louisville,Louisville Cardinals,8.04,5840.0,3433.0,264.077,474.0,36.462,271.0,427.0,63.466,26.0,6.0,15.0,148.28568,449.231,7.275,4793.0,3070.0,236.154,313.0,24.077,263.0,422.0,62.322,24.0,10.0,34.0,137.45976,368.692,185.154,2407.0,5.65,426.0,0.0,28.0,132.538,1723.0,3.713,464.0,8.0,15.0,868.0,0.5092165898617511,6.728110599078341,13.0,66.76923076923077,920.0,0.4956521739130435,5.209782608695652,13.0,70.76923076923077
2024,98,Western KY,Western Kentucky Hilltoppers,7.883,5235.0,3705.0,264.643,349.0,24.929,309.0,470.0,65.745,28.0,12.0,26.0,146.51576,373.929,7.679,5562.0,2465.0,176.071,345.0,24.643,195.0,321.0,60.748,18.0,10.0,22.0,137.52628,397.286,109.286,1530.0,3.477,440.0,0.0,14.0,221.214,3097.0,5.003,619.0,14.0,26.0,936.0,0.5299145299145299,5.592948717948718,14.0,66.85714285714286,962.0,0.3565488565488565,5.781704781704781,14.0,68.71428571428571
2024,99,LSU,LSU Tigers,7.672,5610.0,4097.0,315.154,396.0,30.462,344.0,534.0,64.419,29.0,12.0,16.0,142.29114,431.538,7.674,4737.0,2916.0,224.308,316.0,24.308,232.0,380.0,61.053,11.0,6.0,34.0,131.90923,364.385,116.385,1513.0,4.056,373.0,0.0,15.0,140.077,1821.0,4.285,425.0,13.0,26.0,923.0,0.5958829902491874,6.078006500541711,13.0,71.0,839.0,0.4934445768772348,5.64600715137068,13.0,64.53846153846153
2024,103,Boston College,Boston College Eagles,7.852,4754.0,2591.0,199.308,366.0,28.154,207.0,330.0,62.727,24.0,7.0,32.0,148.4418,365.692,7.245,4689.0,3195.0,245.769,309.0,23.769,271.0,441.0,61.451,17.0,17.0,31.0,127.32009,360.692,166.385,2163.0,4.089,529.0,0.0,24.0,114.923,1494.0,3.617,413.0,10.0,16.0,891.0,0.4062850729517396,5.335578002244669,13.0,68.53846153846153,885.0,0.5333333333333333,5.298305084745762,13.0,68.07692307692308
2024,113,UMass,Massachusetts Minutemen,6.67,4143.0,2181.0,181.75,270.0,22.5,187.0,327.0,57.187,14.0,6.0,30.0,123.67344,345.25,7.877,4494.0,2119.0,176.583,426.0,35.5,156.0,269.0,57.993,19.0,6.0,16.0,143.00833,374.5,163.5,1962.0,4.062,483.0,0.0,18.0,197.917,2375.0,5.231,454.0,4.0,32.0,840.0,0.425,4.932142857142857,12.0,70.0,739.0,0.3856562922868741,6.081190798376184,12.0,61.583333333333336
2024,120,Maryland,Maryland Terrapins,6.696,4635.0,3308.0,275.667,284.0,23.667,315.0,494.0,63.765,21.0,14.0,26.0,128.37173,386.25,7.542,4537.0,2896.0,241.333,365.0,30.417,240.0,384.0,62.5,22.0,9.0,14.0,140.07104,378.083,110.583,1327.0,3.586,370.0,0.0,15.0,136.75,1641.0,3.843,427.0,8.0,19.0,890.0,0.5842696629213483,5.207865168539326,12.0,74.16666666666667,825.0,0.4824242424242424,5.499393939393939,12.0,68.75
2024,127,Michigan St,Michigan State Spartans,7.414,4001.0,2617.0,218.083,232.0,19.333,212.0,353.0,60.057,13.0,12.0,36.0,127.68957,333.417,7.324,3984.0,2483.0,206.917,313.0,26.083,206.0,339.0,60.767,20.0,9.0,19.0,136.44762,332.0,115.333,1384.0,3.513,394.0,0.0,11.0,125.083,1501.0,3.715,404.0,7.0,19.0,783.0,0.4968071519795657,5.109833971902938,12.0,65.25,762.0,0.4698162729658792,5.228346456692913,12.0,63.5
2024,130,Michigan,Michigan Wolverines,5.448,3721.0,1678.0,129.077,286.0,22.0,190.0,308.0,61.688,12.0,13.0,17.0,111.86634,286.231,6.45,3991.0,2812.0,216.308,259.0,19.923,262.0,436.0,60.092,19.0,12.0,36.0,123.14873,307.0,157.154,2043.0,4.204,486.0,0.0,18.0,90.692,1179.0,3.062,385.0,7.0,10.0,811.0,0.4007398273736128,4.588162762022195,13.0,62.38461538461539,857.0,0.5507584597432905,4.656942823803967,13.0,65.92307692307692
2024,135,Minnesota,Minnesota Golden Gophers,7.01,4391.0,2888.0,222.154,340.0,26.154,273.0,412.0,66.262,20.0,6.0,26.0,138.2534,337.769,6.137,3714.0,2289.0,176.077,220.0,16.923,220.0,373.0,58.981,11.0,17.0,28.0,111.147705,285.692,115.615,1503.0,3.72,404.0,0.0,18.0,109.615,1425.0,3.501,407.0,8.0,14.0,842.0,0.5201900237529691,5.214964370546318,13.0,64.76923076923077,808.0,0.4962871287128713,4.596534653465347,13.0,62.15384615384615
2024,142,Missouri,Missouri Tigers,7.243,5064.0,2926.0,225.077,376.0,28.923,250.0,404.0,61.881,14.0,5.0,26.0,131.68184,389.538,7.252,4128.0,2357.0,181.308,265.0,20.385,198.0,325.0,60.923,14.0,7.0,28.0,131.74718,317.538,164.462,2138.0,4.127,518.0,0.0,26.0,136.231,1771.0,4.071,435.0,17.0,15.0,948.0,0.4535864978902953,5.341772151898734,13.0,72.92307692307692,788.0,0.4479695431472081,5.238578680203045,13.0,60.61538461538461
2024,145,Ole Miss,Ole Miss Rebels,10.509,6846.0,4561.0,350.846,502.0,38.615,295.0,434.0,67.972,31.0,7.0,29.0,176.59302,526.615,6.711,4046.0,3000.0,230.769,187.0,14.385,267.0,447.0,59.732,13.0,12.0,52.0,120.33171,311.231,175.769,2285.0,4.57,500.0,0.0,29.0,80.462,1046.0,2.294,456.0,14.0,7.0,963.0,0.4807892004153686,7.109034267912772,13.0,74.07692307692308,955.0,0.5225130890052356,4.2366492146596855,13.0,73.46153846153847
2024,150,Duke,Duke Blue Devils,6.801,4378.0,3176.0,244.308,342.0,26.308,280.0,467.0,59.957,28.0,13.0,12.0,131.30328,336.769,6.545,4720.0,2775.0,213.462,318.0,24.462,246.0,424.0,58.019,19.0,13.0,44.0,121.652725,363.077,92.462,1202.0,3.155,381.0,0.0,13.0,149.615,1945.0,3.748,519.0,20.0,15.0,860.0,0.5569767441860465,5.090697674418605,13.0,66.15384615384616,987.0,0.4741641337386018,4.7821681864235055,13.0,75.92307692307692
2024,151,East Carolina,East Carolina Pirates,8.019,5673.0,3432.0,264.0,416.0,32.0,258.0,428.0,60.28,26.0,23.0,22.0,136.93832,436.385,7.198,5267.0,3059.0,235.308,355.0,27.308,255.0,425.0,60.0,24.0,14.0,23.0,132.5105,405.154,172.385,2241.0,4.758,471.0,0.0,23.0,169.846,2208.0,4.066,543.0,11.0,21.0,921.0,0.4885993485342019,6.159609120521172,13.0,70.84615384615384,991.0,0.4520686175580222,5.314833501513623,13.0,76.23076923076923
2024,152,NC State,NC State Wolfpack,7.734,4911.0,3024.0,232.615,371.0,28.538,255.0,391.0,65.217,21.0,13.0,28.0,141.2564,377.769,7.136,5091.0,3040.0,233.846,392.0,30.154,261.0,426.0,61.268,19.0,10.0,24.0,131.23471,391.615,145.154,1887.0,4.482,421.0,0.0,21.0,157.769,2051.0,4.872,421.0,16.0,25.0,840.0,0.4988095238095238,5.846428571428572,13.0,64.61538461538461,871.0,0.5166475315729047,5.845005740528128,13.0,67.0
2024,153,North Carolina,North Carolina Tar Heels,7.441,5287.0,2917.0,224.385,402.0,30.923,230.0,392.0,58.673,18.0,9.0,33.0,131.73846,406.692,7.866,4885.0,2942.0,226.308,365.0,28.077,217.0,374.0,58.021,19.0,9.0,41.0,136.04811,375.769,182.308,2370.0,4.778,496.0,0.0,26.0,149.462,1943.0,3.941,493.0,8.0,21.0,921.0,0.4614549402823018,5.740499457111835,13.0,70.84615384615384,908.0,0.4570484581497797,5.379955947136564,13.0,69.84615384615384
2024,154,Wake Forest,Wake Forest Demon Deacons,7.131,4448.0,2881.0,240.083,308.0,25.667,248.0,404.0,61.386,17.0,13.0,42.0,128.73653,370.667,7.327,5220.0,3334.0,277.833,390.0,32.5,320.0,455.0,70.33,23.0,11.0,20.0,143.72212,435.0,130.583,1567.0,3.529,444.0,0.0,18.0,157.167,1886.0,4.556,414.0,10.0,20.0,890.0,0.501123595505618,4.997752808988764,12.0,74.16666666666667,889.0,0.5343082114735658,5.871766029246344,12.0,74.08333333333333
2024,158,Nebraska,Nebraska Cornhuskers,6.825,4667.0,2969.0,228.385,306.0,23.538,288.0,435.0,66.207,13.0,12.0,28.0,127.881065,359.0,7.433,4133.0,2817.0,216.692,253.0,19.462,242.0,379.0,63.852,23.0,11.0,30.0,140.51158,317.923,130.615,1698.0,3.79,448.0,0.0,22.0,101.231,1316.0,3.374,390.0,11.0,8.0,911.0,0.5082327113062569,5.122941822173436,13.0,70.07692307692308,799.0,0.5118898623279099,5.172715894868586,13.0,61.46153846153846
2024,164,Rutgers,Rutgers Scarlet Knights,6.825,4975.0,2696.0,207.385,376.0,28.923,213.0,395.0,53.924,18.0,7.0,21.0,122.74797,382.692,7.035,5120.0,3004.0,231.077,330.0,25.385,256.0,427.0,59.953,18.0,8.0,22.0,129.21,393.846,175.308,2279.0,4.408,517.0,0.0,28.0,162.769,2116.0,5.212,406.0,6.0,26.0,933.0,0.4458735262593783,5.332261521972133,13.0,71.76923076923077,855.0,0.5251461988304094,5.988304093567251,13.0,65.76923076923077
2024,166,New Mexico St,New Mexico State Aggies,5.369,3878.0,1718.0,143.167,259.0,21.583,141.0,320.0,44.063,12.0,12.0,31.0,94.0376,323.167,7.924,5362.0,3019.0,251.583,435.0,36.25,220.0,381.0,57.743,21.0,9.0,14.0,137.76958,446.833,180.0,2160.0,4.364,495.0,0.0,16.0,195.25,2343.0,5.105,459.0,7.0,29.0,846.0,0.4148936170212766,4.583924349881797,12.0,70.5,854.0,0.4625292740046838,6.278688524590164,12.0,71.16666666666667
2024,167,New Mexico,New Mexico Lobos,7.097,5811.0,2768.0,230.667,402.0,33.5,226.0,390.0,57.949,12.0,12.0,5.0,121.563644,484.25,8.46,5905.0,3350.0,279.167,456.0,38.0,256.0,396.0,64.646,30.0,3.0,11.0,159.19398,492.083,253.583,3043.0,6.673,456.0,0.0,37.0,212.917,2555.0,5.425,471.0,13.0,27.0,851.0,0.4641598119858989,6.828437132784959,12.0,70.91666666666667,878.0,0.4635535307517084,6.725512528473804,12.0,73.16666666666667
2024,183,Syracuse,Syracuse Orange,8.043,6079.0,4810.0,370.0,443.0,34.077,393.0,598.0,65.719,34.0,12.0,29.0,148.02875,467.615,7.296,4908.0,2955.0,227.308,379.0,29.154,267.0,405.0,65.926,22.0,11.0,27.0,139.70633,377.538,97.615,1269.0,3.157,402.0,0.0,22.0,150.231,1953.0,5.021,389.0,7.0,19.0,1029.0,0.60932944606414,5.907677356656949,13.0,79.15384615384616,821.0,0.5261875761266748,5.978075517661389,13.0,63.15384615384615
2024,189,Bowling Green,Bowling Green Falcons,7.465,4907.0,3128.0,240.615,352.0,27.077,276.0,419.0,65.871,20.0,6.0,27.0,141.46478,377.462,6.514,4333.0,2410.0,185.385,281.0,21.615,214.0,370.0,57.838,17.0,12.0,33.0,121.231766,333.308,136.846,1779.0,4.186,425.0,0.0,20.0,147.923,1923.0,4.351,442.0,8.0,14.0,871.0,0.5120551090700345,5.633754305396097,13.0,67.0,845.0,0.4769230769230769,5.127810650887574,13.0,65.0
2024,193,Miami OH,Miami (OH) RedHawks,7.629,4938.0,3044.0,217.429,337.0,24.071,225.0,399.0,56.391,23.0,12.0,29.0,133.48114,352.714,5.862,4640.0,2720.0,194.286,263.0,18.786,268.0,464.0,57.759,10.0,13.0,30.0,108.50787,331.429,135.286,1894.0,4.586,413.0,0.0,14.0,137.143,1920.0,3.91,491.0,12.0,20.0,841.0,0.5089179548156956,5.871581450653983,14.0,60.07142857142857,985.0,0.5015228426395939,4.710659898477157,14.0,70.35714285714286
2024,194,Ohio State,Ohio State Buckeyes,9.248,6870.0,4208.0,263.0,571.0,35.688,325.0,455.0,71.429,37.0,10.0,17.0,171.55136,429.375,6.045,4074.0,2672.0,167.0,206.0,12.875,267.0,442.0,60.407,10.0,10.0,53.0,114.12706,254.625,166.375,2662.0,4.985,534.0,0.0,34.0,87.625,1402.0,2.645,530.0,19.0,13.0,1006.0,0.4691848906560636,6.829025844930418,16.0,62.875,1025.0,0.4829268292682926,3.974634146341464,16.0,64.0625
2024,195,Ohio,Ohio Bobcats,7.809,5686.0,2694.0,192.429,410.0,29.286,217.0,345.0,62.899,15.0,12.0,21.0,135.88643,406.143,6.857,4264.0,2976.0,212.571,254.0,18.143,265.0,434.0,61.06,16.0,11.0,35.0,125.75469,304.571,213.714,2992.0,5.213,574.0,0.0,35.0,92.0,1288.0,2.995,430.0,20.0,14.0,940.0,0.3893617021276596,6.048936170212766,14.0,67.14285714285714,899.0,0.5216907675194661,4.743047830923248,14.0,64.21428571428571
2024,197,Oklahoma St,Oklahoma State Cowboys,7.009,4488.0,3147.0,262.25,326.0,27.167,267.0,449.0,59.465,21.0,17.0,13.0,126.20289,374.0,8.462,6007.0,3427.0,285.583,427.0,35.583,254.0,405.0,62.716,26.0,12.0,25.0,149.05598,500.583,111.75,1341.0,3.746,358.0,0.0,19.0,215.0,2580.0,5.409,477.0,3.0,28.0,820.0,0.5634146341463414,5.4731707317073175,12.0,68.33333333333333,907.0,0.474090407938258,6.622932745314222,12.0,75.58333333333333
2024,201,Oklahoma,Oklahoma Sooners,6.129,4303.0,2286.0,175.846,312.0,24.0,235.0,373.0,63.003,16.0,6.0,50.0,125.4241,331.0,7.316,4137.0,2641.0,203.154,280.0,21.538,217.0,361.0,60.111,17.0,9.0,35.0,132.11957,318.231,155.154,2017.0,3.871,521.0,0.0,17.0,115.077,1496.0,3.143,476.0,11.0,11.0,944.0,0.4480932203389831,4.558262711864407,13.0,72.61538461538461,872.0,0.4541284403669725,4.744266055045872,13.0,67.07692307692308
2024,202,Tulsa,Tulsa Golden Hurricane,6.537,4676.0,2863.0,238.583,300.0,25.0,248.0,438.0,56.621,23.0,12.0,26.0,123.38056,389.667,9.576,5961.0,3792.0,316.0,510.0,42.5,261.0,396.0,65.909,38.0,9.0,19.0,173.46806,496.75,151.083,1813.0,4.02,451.0,0.0,11.0,180.75,2169.0,4.852,447.0,12.0,27.0,915.0,0.507103825136612,5.110382513661202,12.0,76.25,862.0,0.4814385150812065,6.9153132250580045,12.0,71.83333333333333
2024,204,Oregon St,Oregon State Beavers,6.714,4687.0,2417.0,201.417,291.0,24.25,216.0,360.0,60.0,7.0,11.0,25.0,116.70226,390.583,8.104,4799.0,2569.0,214.083,359.0,29.917,190.0,317.0,59.937,15.0,5.0,7.0,140.47174,399.917,189.167,2270.0,4.69,484.0,0.0,29.0,185.833,2230.0,5.322,419.0,7.0,26.0,869.0,0.4430379746835443,5.39355581127733,12.0,72.41666666666667,743.0,0.4360699865410498,6.458950201884253,12.0,61.91666666666666
2024,213,Penn State,Penn State Nittany Lions,8.343,6883.0,3646.0,227.875,530.0,33.125,292.0,437.0,66.819,30.0,10.0,20.0,154.97867,430.188,6.497,4716.0,3086.0,192.875,264.0,16.5,285.0,475.0,60.0,18.0,20.0,44.0,118.658066,294.75,202.313,3237.0,5.263,615.0,0.0,35.0,101.875,1630.0,3.052,534.0,16.0,10.0,1072.0,0.4263059701492537,6.420708955223881,16.0,67.0,1053.0,0.4928774928774929,4.478632478632479,16.0,65.8125
2024,218,Temple,Temple Owls,6.307,3705.0,2592.0,216.0,235.0,19.583,242.0,411.0,58.881,16.0,14.0,37.0,117.89452,308.75,6.907,5021.0,2300.0,191.667,425.0,35.417,196.0,333.0,58.859,20.0,9.0,15.0,131.29161,418.417,92.75,1113.0,2.883,386.0,0.0,10.0,226.75,2721.0,5.553,490.0,7.0,30.0,834.0,0.5371702637889688,4.442446043165468,12.0,69.5,838.0,0.4152744630071599,5.991646778042959,12.0,69.83333333333333
2024,221,Pitt,Pittsburgh Panthers,6.934,5310.0,3467.0,266.692,428.0,32.923,302.0,500.0,60.4,29.0,16.0,43.0,131.3856,408.462,7.186,4901.0,3435.0,264.231,369.0,28.385,283.0,478.0,59.205,22.0,13.0,41.0,129.31567,377.0,141.769,1843.0,4.378,421.0,0.0,16.0,112.769,1466.0,3.08,476.0,9.0,18.0,964.0,0.5632780082987552,5.508298755186722,13.0,74.15384615384616,995.0,0.521608040201005,4.925628140703518,13.0,76.53846153846153
2024,228,Clemson,Clemson Tigers,7.315,6326.0,3899.0,278.5,486.0,34.714,331.0,533.0,62.101,37.0,7.0,25.0,143.82906,451.857,6.4,5238.0,2989.0,213.5,328.0,23.429,263.0,467.0,56.317,22.0,16.0,35.0,118.771034,374.143,173.357,2427.0,5.131,473.0,0.0,23.0,160.643,2249.0,4.715,477.0,13.0,18.0,1031.0,0.5412221144519883,6.135790494665374,14.0,73.64285714285714,979.0,0.5127681307456589,5.350357507660879,14.0,69.92857142857143
2024,235,Memphis,Memphis Tigers,7.34,5779.0,3516.0,270.462,464.0,35.692,310.0,479.0,64.718,25.0,6.0,19.0,141.09138,444.538,7.326,4801.0,3348.0,257.538,310.0,23.846,275.0,457.0,60.175,17.0,11.0,25.0,129.17511,369.308,174.077,2263.0,5.051,448.0,0.0,33.0,111.769,1453.0,3.959,367.0,13.0,21.0,946.0,0.5264270613107822,6.108879492600423,13.0,72.76923076923077,849.0,0.5677267373380448,5.654888103651355,13.0,65.3076923076923
2024,238,Vanderbilt,Vanderbilt Commodores,7.638,4139.0,2322.0,178.615,357.0,27.462,179.0,304.0,58.882,21.0,4.0,18.0,143.20525,318.385,7.877,4894.0,3064.0,235.692,304.0,23.385,265.0,389.0,68.123,24.0,10.0,26.0,149.50769,376.462,139.769,1817.0,3.825,475.0,0.0,18.0,140.769,1830.0,4.286,427.0,9.0,13.0,797.0,0.4040150564617314,5.193224592220828,13.0,61.30769230769231,842.0,0.4928741092636579,5.8123515439429925,13.0,64.76923076923077
2024,239,Baylor,Baylor Bears,8.225,5721.0,3397.0,261.308,447.0,34.385,253.0,413.0,61.259,31.0,10.0,19.0,150.27698,440.077,7.746,5020.0,3044.0,234.154,347.0,26.692,237.0,393.0,60.305,22.0,14.0,23.0,136.72069,386.154,178.769,2324.0,4.733,491.0,0.0,25.0,152.0,1976.0,4.024,491.0,6.0,16.0,923.0,0.4680390032502708,6.198266522210184,13.0,71.0,907.0,0.4586549062844542,5.534729878721058,13.0,69.76923076923077
2024,242,Rice,Rice Owls,6.0,4235.0,2868.0,239.0,266.0,22.167,293.0,478.0,61.297,17.0,13.0,11.0,117.9934,352.917,6.418,4015.0,2086.0,173.833,305.0,25.417,180.0,325.0,55.385,18.0,8.0,33.0,122.649124,334.583,113.917,1367.0,4.542,301.0,0.0,14.0,160.75,1929.0,4.096,471.0,10.0,17.0,790.0,0.6189873417721519,5.360759493670886,12.0,65.83333333333333,829.0,0.4318455971049457,4.843184559710495,12.0,69.08333333333333
2024,245,Texas A&M,Texas A&M Aggies,7.573,5279.0,2734.0,210.308,395.0,30.385,216.0,361.0,59.834,19.0,11.0,23.0,134.72162,406.077,7.051,4775.0,3018.0,232.154,289.0,22.231,228.0,428.0,53.271,20.0,16.0,25.0,120.44396,367.308,195.769,2545.0,4.838,526.0,0.0,27.0,135.154,1757.0,3.975,442.0,9.0,14.0,910.0,0.421978021978022,5.801098901098901,13.0,70.0,895.0,0.506145251396648,5.335195530726257,13.0,68.84615384615384
2024,248,Houston,Houston Cougars,6.543,3450.0,1832.0,152.667,168.0,14.0,182.0,280.0,65.0,9.0,17.0,33.0,118.426346,287.5,6.805,3888.0,2266.0,188.833,275.0,22.917,199.0,333.0,59.76,18.0,12.0,20.0,127.55183,324.0,134.833,1618.0,3.763,430.0,0.0,9.0,135.167,1622.0,3.899,416.0,10.0,14.0,743.0,0.4212651413189771,4.643337819650068,12.0,61.91666666666666,769.0,0.459037711313394,5.05591677503251,12.0,64.08333333333333
2024,249,North Texas,North Texas Mean Green,7.62,6355.0,4267.0,328.231,436.0,33.538,353.0,560.0,63.036,33.0,14.0,16.0,141.49042,488.846,8.075,5987.0,3440.0,264.615,444.0,34.154,261.0,426.0,61.268,23.0,11.0,24.0,141.75089,460.538,160.615,2088.0,5.438,384.0,0.0,24.0,195.923,2547.0,4.682,544.0,3.0,28.0,960.0,0.6,6.619791666666667,13.0,73.84615384615384,994.0,0.4527162977867203,6.023138832997988,13.0,76.46153846153847
2024,251,Texas,Texas Longhorns,8.244,7000.0,4460.0,278.75,528.0,33.0,357.0,541.0,65.989,40.0,14.0,37.0,154.46187,437.5,5.687,4539.0,2781.0,173.813,245.0,15.313,292.0,489.0,59.714,9.0,22.0,46.0,104.560425,283.688,158.75,2540.0,4.334,586.0,0.0,26.0,109.875,1758.0,3.244,542.0,17.0,15.0,1164.0,0.4965635738831615,6.013745704467354,16.0,72.75,1077.0,0.4967502321262766,4.2144846796657385,16.0,67.3125
2024,252,BYU,BYU Cougars,7.934,5100.0,3007.0,231.308,405.0,31.154,217.0,379.0,57.256,21.0,14.0,18.0,134.79855,392.308,6.051,4014.0,2372.0,182.462,255.0,19.615,217.0,392.0,55.357,13.0,22.0,20.0,105.90527,308.769,161.0,2093.0,4.58,457.0,0.0,20.0,126.308,1642.0,3.854,426.0,10.0,18.0,854.0,0.4648711943793911,5.971896955503513,13.0,65.6923076923077,838.0,0.4916467780429594,4.789976133651551,13.0,64.46153846153847
2024,254,Utah,Utah Utes,6.684,3958.0,2393.0,199.417,283.0,23.583,199.0,358.0,55.587,20.0,17.0,25.0,120.670364,329.833,6.324,3956.0,2403.0,200.25,248.0,20.667,199.0,380.0,52.368,15.0,12.0,24.0,112.199905,329.667,130.417,1565.0,3.883,403.0,0.0,7.0,129.417,1553.0,3.844,404.0,13.0,13.0,786.0,0.4872773536895674,5.035623409669212,12.0,65.5,808.0,0.5,4.896039603960396,12.0,67.33333333333333
2024,256,James Madison,James Madison Dukes,7.353,5299.0,2809.0,216.077,433.0,33.308,232.0,382.0,60.733,28.0,4.0,34.0,144.59268,407.615,6.256,4184.0,2684.0,206.462,266.0,20.462,234.0,429.0,54.545,16.0,17.0,41.0,111.47709,321.846,191.538,2490.0,4.788,520.0,0.0,20.0,115.385,1500.0,3.488,430.0,14.0,13.0,936.0,0.4444444444444444,5.661324786324786,13.0,72.0,900.0,0.5222222222222223,4.648888888888889,13.0,69.23076923076923
2024,258,Virginia,Virginia Cavaliers,6.853,4331.0,2748.0,229.0,272.0,22.667,246.0,401.0,61.347,16.0,14.0,47.0,125.09728,360.917,8.054,4900.0,3157.0,263.083,345.0,28.75,243.0,392.0,61.99,20.0,9.0,19.0,141.88834,408.333,131.917,1583.0,3.664,432.0,0.0,14.0,145.25,1743.0,4.13,422.0,5.0,20.0,880.0,0.509090909090909,4.921590909090909,12.0,73.33333333333333,833.0,0.4933973589435774,5.882352941176471,12.0,69.41666666666667
2024,259,Virginia Tech,Virginia Tech Hokies,7.263,4781.0,2462.0,189.385,366.0,28.154,200.0,339.0,58.997,15.0,9.0,35.0,129.29797,367.769,7.018,4719.0,2807.0,215.923,297.0,22.846,219.0,400.0,54.75,20.0,15.0,37.0,122.7012,363.0,178.385,2319.0,4.713,492.0,0.0,28.0,147.077,1912.0,3.918,488.0,15.0,17.0,866.0,0.4318706697459584,5.520785219399538,13.0,66.61538461538461,925.0,0.4724324324324324,5.1016216216216215,13.0,71.15384615384616
2024,264,Washington,Washington Huskies,8.158,5076.0,3402.0,261.692,304.0,23.385,302.0,417.0,72.422,22.0,8.0,39.0,154.52325,390.462,5.743,4269.0,2165.0,166.538,309.0,23.769,210.0,377.0,55.703,16.0,8.0,20.0,113.7055,328.385,128.769,1674.0,3.957,423.0,0.0,14.0,161.846,2104.0,4.564,461.0,5.0,20.0,879.0,0.5187713310580204,5.774744027303754,13.0,67.61538461538461,858.0,0.4627039627039627,4.975524475524476,13.0,66.0
2024,265,Washington St,Washington State Cougars,8.995,5757.0,3589.0,276.077,476.0,36.615,263.0,399.0,65.915,33.0,9.0,32.0,164.25423,442.846,7.237,5754.0,3517.0,270.538,389.0,29.923,307.0,486.0,63.169,25.0,14.0,24.0,135.17311,442.615,166.769,2168.0,4.613,470.0,0.0,28.0,172.077,2237.0,5.239,427.0,10.0,23.0,901.0,0.4783573806881243,6.3895671476137625,13.0,69.3076923076923,937.0,0.544290288153682,6.140875133404482,13.0,72.07692307692308
2024,275,Wisconsin,Wisconsin Badgers,6.466,4204.0,2360.0,196.667,271.0,22.583,208.0,365.0,56.986,14.0,10.0,13.0,118.47793,350.333,6.601,4112.0,2132.0,177.667,277.0,23.083,202.0,323.0,62.539,12.0,4.0,17.0,127.771454,342.667,153.667,1844.0,4.37,422.0,0.0,19.0,165.0,1980.0,4.626,428.0,7.0,20.0,800.0,0.4725,5.255,12.0,66.66666666666667,768.0,0.4427083333333333,5.354166666666667,12.0,64.0
2024,276,Marshall,Marshall Thundering Herd,7.069,4976.0,2354.0,181.077,414.0,31.846,194.0,333.0,58.258,27.0,4.0,17.0,141.99236,382.769,6.775,4915.0,2588.0,199.077,300.0,23.077,219.0,382.0,57.33,15.0,13.0,36.0,120.39212,378.077,201.692,2622.0,5.151,509.0,0.0,21.0,179.0,2327.0,4.416,527.0,15.0,21.0,859.0,0.4074505238649593,5.7927823050058205,13.0,66.07692307692308,945.0,0.4423280423280423,5.201058201058201,13.0,72.6923076923077
2024,277,West Virginia,West Virginia Mountaineers,7.369,5270.0,2734.0,210.308,379.0,29.154,226.0,371.0,60.916,20.0,14.0,27.0,133.05736,405.385,9.122,5399.0,3521.0,270.846,415.0,31.923,247.0,386.0,63.99,26.0,5.0,20.0,160.25278,415.308,195.077,2536.0,4.794,529.0,0.0,27.0,144.462,1878.0,4.23,444.0,7.0,28.0,927.0,0.4293419633225458,5.685005393743258,13.0,71.3076923076923,850.0,0.4776470588235294,6.351764705882353,13.0,65.38461538461539
2024,278,Fresno St,Fresno State Bulldogs,7.296,4428.0,3152.0,242.462,339.0,26.077,300.0,432.0,69.444,20.0,14.0,28.0,139.52617,340.615,6.0,4623.0,2808.0,216.0,323.0,24.846,255.0,468.0,54.487,21.0,15.0,24.0,113.28468,355.615,98.154,1276.0,3.332,383.0,0.0,21.0,139.615,1815.0,3.821,475.0,8.0,14.0,843.0,0.5456702253855279,5.252669039145908,13.0,64.84615384615384,967.0,0.5087900723888314,4.78076525336091,13.0,74.38461538461539
2024,290,GA Southern,Georgia Southern Eagles,6.93,4750.0,3091.0,237.769,364.0,28.0,289.0,446.0,64.798,21.0,11.0,29.0,133.6161,365.385,7.699,5582.0,3372.0,259.385,359.0,27.615,277.0,438.0,63.242,21.0,13.0,21.0,137.7995,429.385,127.615,1659.0,3.711,447.0,0.0,24.0,170.0,2210.0,4.944,447.0,11.0,23.0,922.0,0.5151843817787418,5.151843817787419,13.0,70.92307692307692,906.0,0.5066225165562914,6.161147902869757,13.0,69.6923076923077
2024,295,Old Dominion,Old Dominion Monarchs,6.952,4832.0,2315.0,192.917,336.0,28.0,195.0,333.0,58.559,17.0,9.0,36.0,128.39664,402.667,7.631,4925.0,2854.0,237.833,336.0,28.0,228.0,374.0,60.963,23.0,12.0,26.0,138.93951,410.417,209.75,2517.0,5.233,481.0,0.0,27.0,172.583,2071.0,4.27,485.0,12.0,18.0,850.0,0.4341176470588235,5.684705882352941,12.0,70.83333333333333,885.0,0.4519774011299435,5.564971751412429,12.0,73.75
2024,309,Louisiana,Louisiana Ragin' Cajuns,8.451,5812.0,3482.0,248.714,433.0,30.929,269.0,412.0,65.291,22.0,9.0,20.0,149.53275,415.143,6.323,4878.0,2719.0,194.214,338.0,24.143,273.0,430.0,63.488,19.0,16.0,25.0,123.740585,348.429,166.429,2330.0,4.814,484.0,0.0,26.0,154.214,2159.0,4.526,477.0,7.0,20.0,916.0,0.4716157205240174,6.344978165938865,14.0,65.42857142857143,932.0,0.4881974248927038,5.233905579399142,14.0,66.57142857142857
2024,324,Coastal,Coastal Carolina Chanticleers,7.315,4868.0,2626.0,202.0,373.0,28.692,195.0,359.0,54.318,20.0,11.0,15.0,128.0204,374.462,7.612,5380.0,2961.0,227.769,411.0,31.615,238.0,389.0,61.183,24.0,11.0,29.0,139.82768,413.846,172.462,2242.0,4.632,484.0,0.0,21.0,186.077,2419.0,4.725,512.0,14.0,22.0,858.0,0.4358974358974359,5.673659673659674,13.0,66.0,930.0,0.4494623655913978,5.78494623655914,13.0,71.53846153846153
2024,326,Texas St,Texas State Bobcats,8.142,6200.0,3493.0,268.692,475.0,36.538,299.0,429.0,69.697,31.0,14.0,19.0,155.40994,476.923,6.958,4666.0,2790.0,214.615,319.0,24.538,230.0,401.0,57.357,13.0,9.0,36.0,122.01446,358.923,208.231,2707.0,5.127,528.0,0.0,27.0,144.308,1876.0,3.925,478.0,16.0,24.0,976.0,0.4590163934426229,6.352459016393443,13.0,75.07692307692308,915.0,0.4775956284153005,5.0994535519125685,13.0,70.38461538461539
2024,328,Utah State,Utah State Aggies,7.05,5620.0,3229.0,269.083,383.0,31.917,294.0,458.0,64.192,29.0,17.0,20.0,136.8832,468.333,7.804,5641.0,3067.0,255.583,453.0,37.75,267.0,393.0,67.939,28.0,13.0,28.0,150.38805,470.083,199.25,2391.0,5.666,422.0,0.0,21.0,214.5,2574.0,5.385,478.0,2.0,27.0,900.0,0.5311111111111111,6.2444444444444445,12.0,75.0,899.0,0.4682981090100111,6.274749721913237,12.0,74.91666666666667
2024,333,Alabama,Alabama Crimson Tide,8.681,5333.0,3073.0,236.385,439.0,33.769,226.0,354.0,63.842,17.0,11.0,24.0,146.39584,410.231,5.997,4161.0,2369.0,182.231,226.0,17.385,236.0,395.0,59.747,13.0,17.0,25.0,112.37456,320.077,173.846,2260.0,4.631,488.0,0.0,41.0,137.846,1792.0,3.68,487.0,14.0,10.0,866.0,0.4364896073903002,6.158198614318707,13.0,66.61538461538461,907.0,0.4630650496141124,4.587651598676957,13.0,69.76923076923077
2024,338,Kennesaw St,Kennesaw State Owls,5.508,3011.0,1636.0,136.333,198.0,16.5,156.0,297.0,52.525,6.0,14.0,18.0,96.03086,250.917,7.856,4955.0,2844.0,237.0,374.0,31.167,244.0,362.0,67.403,21.0,4.0,22.0,150.32704,412.917,114.583,1375.0,3.042,452.0,0.0,13.0,175.917,2111.0,4.609,458.0,8.0,25.0,767.0,0.4106910039113429,3.925684485006519,12.0,63.91666666666666,842.0,0.4560570071258907,5.88479809976247,12.0,70.16666666666667
2024,344,Mississippi St,Mississippi State Bulldogs,7.802,4526.0,2871.0,239.25,310.0,25.833,215.0,368.0,58.424,19.0,8.0,38.0,136.65083,377.167,8.428,5477.0,2874.0,239.5,409.0,34.083,240.0,341.0,70.381,23.0,7.0,10.0,159.32826,456.417,137.917,1655.0,3.95,419.0,0.0,19.0,216.917,2603.0,4.977,523.0,11.0,24.0,825.0,0.4921212121212121,5.486060606060606,12.0,68.75,874.0,0.4016018306636155,6.266590389016018,12.0,72.83333333333333
2024,349,Army,Army Black Knights,9.246,5335.0,1128.0,80.571,435.0,31.071,66.0,122.0,54.098,10.0,4.0,6.0,152.25558,381.071,6.475,4171.0,2603.0,185.929,217.0,15.5,253.0,402.0,62.935,16.0,18.0,25.0,121.50332,297.929,300.5,4207.0,5.507,764.0,0.0,48.0,112.0,1568.0,4.115,381.0,9.0,12.0,892.0,0.1434977578475336,5.9809417040358746,14.0,63.71428571428572,808.0,0.5284653465346535,5.162128712871287,14.0,57.71428571428572
2024,356,Illinois,Illinois Fighting Illini,7.779,4743.0,2746.0,211.231,368.0,28.308,213.0,353.0,60.34,22.0,6.0,32.0,142.85017,364.846,6.581,4859.0,2922.0,224.769,282.0,21.692,262.0,444.0,59.009,19.0,12.0,31.0,123.00503,373.769,153.615,1997.0,4.418,452.0,0.0,22.0,149.0,1937.0,4.392,441.0,12.0,12.0,837.0,0.4599761051373954,5.666666666666667,13.0,64.38461538461539,916.0,0.5185589519650655,5.304585152838428,13.0,70.46153846153847
2024,2005,Air Force,Air Force Falcons,7.804,3765.0,1077.0,89.75,227.0,18.917,62.0,138.0,44.928,5.0,10.0,17.0,107.94612,313.75,7.827,4103.0,2262.0,188.5,279.0,23.25,187.0,289.0,64.706,12.0,4.0,18.0,141.3872,341.917,224.0,2688.0,3.994,673.0,0.0,24.0,153.417,1841.0,4.568,403.0,10.0,23.0,828.0,0.1871980676328502,4.547101449275362,12.0,69.0,710.0,0.4323943661971831,5.77887323943662,12.0,59.16666666666666
2024,2006,Akron,Akron Zips,6.656,3993.0,2789.0,232.417,245.0,20.417,234.0,419.0,55.847,16.0,10.0,30.0,119.58483,332.75,8.105,4974.0,2788.0,232.333,384.0,32.0,222.0,344.0,64.535,24.0,3.0,18.0,153.89626,414.5,100.333,1204.0,3.48,346.0,0.0,11.0,182.167,2186.0,4.602,475.0,11.0,23.0,795.0,0.5647798742138365,5.022641509433963,12.0,66.25,837.0,0.4324970131421744,5.942652329749104,12.0,69.75
2024,2026,App State,App State Mountaineers,7.661,4695.0,3003.0,273.0,293.0,26.636,218.0,392.0,55.612,23.0,16.0,15.0,131.16264,426.818,8.379,4539.0,2363.0,214.818,362.0,32.909,194.0,282.0,68.794,20.0,4.0,23.0,159.74583,412.636,153.818,1692.0,4.372,387.0,0.0,13.0,197.818,2176.0,5.294,411.0,12.0,24.0,794.0,0.5125944584382871,5.913098236775818,11.0,72.18181818181819,716.0,0.4259776536312849,6.339385474860335,11.0,65.0909090909091
2024,2032,Arkansas St,Arkansas State Red Wolves,6.69,4997.0,2957.0,227.462,336.0,25.846,274.0,442.0,61.991,19.0,10.0,35.0,127.84851,384.385,8.357,6007.0,3251.0,250.077,418.0,32.154,245.0,389.0,62.982,23.0,14.0,19.0,145.49437,462.077,156.923,2040.0,4.18,488.0,0.0,18.0,212.0,2756.0,5.706,483.0,10.0,32.0,965.0,0.494300518134715,5.178238341968912,13.0,74.23076923076923,891.0,0.4579124579124579,6.741863075196409,13.0,68.53846153846153
2024,2050,Ball State,Ball State Cardinals,6.712,4174.0,2940.0,245.0,304.0,25.333,280.0,438.0,63.927,26.0,11.0,33.0,134.87483,347.833,8.923,5459.0,3355.0,279.583,481.0,40.083,233.0,376.0,61.968,37.0,8.0,20.0,165.13861,454.917,102.833,1234.0,3.308,373.0,0.0,10.0,175.333,2104.0,5.208,404.0,9.0,24.0,844.0,0.5580568720379147,4.9454976303317535,12.0,70.33333333333333,800.0,0.495,6.82375,12.0,66.66666666666667
2024,2084,Buffalo,Buffalo Bulls,6.98,4620.0,2422.0,186.308,375.0,28.846,194.0,347.0,55.908,19.0,6.0,21.0,129.15117,355.385,7.26,5093.0,3187.0,245.154,343.0,26.385,269.0,439.0,61.276,25.0,13.0,33.0,135.1307,391.769,169.077,2198.0,4.124,533.0,0.0,24.0,146.615,1906.0,4.081,467.0,11.0,17.0,901.0,0.4084350721420643,5.127635960044395,13.0,69.3076923076923,939.0,0.5026624068157615,5.423855165069223,13.0,72.23076923076923
2024,2116,UCF,UCF Knights,7.704,5373.0,2396.0,199.667,365.0,30.417,181.0,311.0,58.199,14.0,11.0,29.0,130.6939,447.75,6.979,4068.0,2624.0,218.667,323.0,26.917,244.0,376.0,64.894,21.0,9.0,22.0,137.16045,339.0,248.083,2977.0,5.769,516.0,0.0,33.0,120.333,1444.0,3.505,412.0,8.0,14.0,856.0,0.397196261682243,6.276869158878505,12.0,71.33333333333333,810.0,0.491358024691358,5.022222222222222,12.0,67.5
2024,2117,C Michigan,Central Michigan Chippewas,6.493,3988.0,1961.0,163.417,271.0,22.583,167.0,302.0,55.298,11.0,12.0,26.0,113.91107,332.333,7.091,4363.0,2326.0,193.833,356.0,29.667,197.0,328.0,60.061,17.0,2.0,31.0,135.50905,363.583,168.917,2027.0,4.535,447.0,0.0,17.0,169.75,2037.0,4.578,445.0,6.0,20.0,775.0,0.4232258064516129,5.145806451612903,12.0,64.58333333333333,804.0,0.4465174129353234,5.426616915422885,12.0,67.0
2024,2132,Cincinnati,Cincinnati Bearcats,7.185,5047.0,2838.0,236.5,302.0,25.167,252.0,395.0,63.797,18.0,7.0,19.0,135.64497,420.583,7.681,4618.0,2673.0,222.75,295.0,24.583,213.0,348.0,61.207,16.0,5.0,21.0,138.02582,384.833,184.083,2209.0,5.173,427.0,0.0,19.0,162.083,1945.0,4.698,414.0,12.0,15.0,841.0,0.4922711058263971,6.001189060642092,12.0,70.08333333333333,783.0,0.4712643678160919,5.8978288633461045,12.0,65.25
2024,2199,E Michigan,Eastern Michigan Eagles,6.808,4534.0,2832.0,236.0,311.0,25.917,249.0,416.0,59.856,17.0,10.0,35.0,125.72078,377.833,8.579,4613.0,2651.0,220.917,335.0,27.917,197.0,309.0,63.754,22.0,5.0,25.0,156.07675,384.417,141.833,1702.0,3.568,477.0,0.0,17.0,163.5,1962.0,4.5,436.0,18.0,19.0,928.0,0.4859913793103448,4.885775862068965,12.0,77.33333333333333,770.0,0.4337662337662337,5.990909090909091,12.0,64.16666666666667
2024,2226,FAU,Florida Atlantic Owls,7.151,4771.0,2503.0,208.583,311.0,25.917,205.0,350.0,58.571,14.0,11.0,32.0,125.5534,397.583,7.402,5000.0,2798.0,233.167,363.0,30.25,211.0,378.0,55.82,25.0,11.0,17.0,134.00218,416.667,189.0,2268.0,4.952,458.0,0.0,24.0,183.5,2202.0,4.893,450.0,8.0,18.0,840.0,0.4547619047619047,5.679761904761905,12.0,70.0,845.0,0.4674556213017751,5.9171597633136095,12.0,70.41666666666667
2024,2229,FIU,Florida International Panthers,8.243,4200.0,2753.0,229.417,316.0,26.333,206.0,334.0,61.677,24.0,11.0,17.0,148.04477,350.0,6.036,4451.0,2155.0,179.583,309.0,25.75,211.0,357.0,59.104,9.0,11.0,18.0,111.96372,370.917,120.583,1447.0,3.608,401.0,0.0,16.0,191.333,2296.0,4.667,492.0,9.0,28.0,752.0,0.4667553191489361,5.585106382978723,12.0,62.66666666666666,867.0,0.4325259515570934,5.133794694348327,12.0,72.25
2024,2247,Georgia St,Georgia State Panthers,6.835,4668.0,3069.0,255.75,286.0,23.833,271.0,449.0,60.356,21.0,13.0,22.0,127.4143,389.0,7.74,5024.0,2500.0,208.333,406.0,33.833,204.0,323.0,63.158,22.0,9.0,18.0,145.07877,418.667,133.25,1599.0,4.381,365.0,0.0,13.0,210.333,2524.0,5.226,483.0,7.0,28.0,836.0,0.5633971291866029,5.583732057416268,12.0,69.66666666666667,824.0,0.4138349514563106,6.097087378640777,12.0,68.66666666666667
2024,2294,Iowa,Iowa Hawkeyes,6.581,4275.0,1711.0,131.615,360.0,27.692,163.0,260.0,62.692,10.0,8.0,17.0,124.510704,328.846,6.286,4139.0,2640.0,203.077,232.0,17.846,260.0,420.0,61.905,20.0,16.0,29.0,122.801674,318.385,197.231,2564.0,5.118,501.0,0.0,30.0,115.308,1499.0,3.692,406.0,13.0,4.0,778.0,0.3560411311053985,5.494858611825193,13.0,59.84615384615385,855.0,0.5251461988304094,4.84093567251462,13.0,65.76923076923077
2024,2305,Kansas,Kansas Jayhawks,8.186,5050.0,2505.0,208.75,356.0,29.667,176.0,306.0,57.516,15.0,12.0,10.0,134.61087,420.833,7.969,4711.0,2869.0,239.083,312.0,26.0,227.0,360.0,63.056,25.0,12.0,28.0,146.24628,392.583,212.083,2545.0,5.533,460.0,0.0,29.0,153.5,1842.0,4.471,412.0,6.0,10.0,776.0,0.4072164948453608,6.507731958762887,12.0,64.66666666666667,800.0,0.485,5.88875,12.0,66.66666666666667
2024,2306,Kansas St,Kansas State Wildcats,7.175,5549.0,2748.0,211.385,401.0,30.846,222.0,383.0,57.963,25.0,10.0,13.0,134.55147,426.846,7.022,4464.0,2921.0,224.692,304.0,23.385,244.0,416.0,58.654,20.0,10.0,35.0,128.69618,343.385,215.462,2801.0,6.076,461.0,0.0,21.0,118.692,1543.0,3.564,433.0,10.0,15.0,857.0,0.4620770128354726,6.474912485414236,13.0,65.92307692307692,884.0,0.5101809954751131,5.049773755656108,13.0,68.0
2024,2309,Kent State,Kent State Golden Flashes,6.381,2799.0,1876.0,156.333,167.0,13.917,139.0,294.0,47.279,18.0,13.0,43.0,112.23947,233.25,8.699,6189.0,3010.0,250.833,529.0,44.083,226.0,346.0,65.318,27.0,4.0,18.0,161.82906,515.75,76.917,923.0,2.361,391.0,0.0,3.0,264.917,3179.0,5.898,539.0,6.0,36.0,728.0,0.4629120879120879,3.84478021978022,12.0,60.66666666666666,903.0,0.4031007751937984,6.853820598006645,12.0,75.25
2024,2335,Liberty,Liberty Flames,6.969,5030.0,2014.0,167.833,347.0,28.917,157.0,289.0,54.325,16.0,7.0,22.0,126.29049,419.167,7.294,4223.0,2356.0,196.333,282.0,23.5,190.0,323.0,58.824,11.0,8.0,20.0,126.37798,351.917,251.333,3016.0,5.565,542.0,0.0,28.0,155.583,1867.0,4.041,462.0,9.0,21.0,853.0,0.3645955451348183,5.896834701055099,12.0,71.08333333333333,805.0,0.4260869565217391,5.245962732919255,12.0,67.08333333333333
2024,2348,Louisiana Tech,Louisiana Tech Bulldogs,7.031,4341.0,2911.0,223.923,272.0,20.923,257.0,414.0,62.077,18.0,8.0,41.0,131.62123,333.923,6.139,4009.0,2247.0,172.846,273.0,21.0,204.0,366.0,55.738,11.0,5.0,21.0,114.49162,308.385,110.0,1430.0,2.955,484.0,0.0,14.0,135.538,1762.0,3.589,491.0,13.0,21.0,939.0,0.4845580404685836,4.623003194888179,13.0,72.23076923076923,878.0,0.4407744874715262,4.566059225512529,13.0,67.53846153846153
2024,2390,Miami,Miami Hurricanes,9.258,6983.0,4527.0,348.231,571.0,43.923,328.0,489.0,67.076,41.0,8.0,23.0,169.2399,537.154,6.7,4253.0,2787.0,214.385,329.0,25.308,240.0,416.0,57.692,22.0,14.0,36.0,124.69392,327.154,188.923,2456.0,5.672,433.0,0.0,30.0,112.769,1466.0,3.749,391.0,7.0,16.0,945.0,0.5417989417989418,7.389417989417989,13.0,72.6923076923077,843.0,0.5361803084223014,5.045077105575326,13.0,64.84615384615384
2024,2393,MTSU,Middle Tennessee Blue Raiders,7.32,4219.0,3133.0,261.083,217.0,18.083,273.0,428.0,63.785,16.0,10.0,30.0,132.93744,351.583,8.822,5390.0,3026.0,252.167,411.0,34.25,231.0,343.0,67.347,27.0,5.0,20.0,164.51247,449.167,90.5,1086.0,3.242,335.0,0.0,10.0,197.0,2364.0,5.084,465.0,11.0,26.0,793.0,0.5775535939470365,5.3203026481715,12.0,66.08333333333333,828.0,0.4384057971014493,6.509661835748792,12.0,69.0
2024,2426,Navy,Navy Midshipmen,8.989,4827.0,1609.0,123.769,407.0,31.308,99.0,179.0,55.307,15.0,6.0,11.0,151.76424,371.308,6.832,4797.0,2767.0,212.846,288.0,22.154,240.0,405.0,59.259,19.0,17.0,29.0,123.73328,369.0,247.538,3218.0,5.436,592.0,0.0,38.0,156.154,2030.0,4.168,487.0,13.0,17.0,782.0,0.2429667519181585,6.172634271099744,13.0,60.15384615384615,921.0,0.4712269272529858,5.208469055374593,13.0,70.84615384615384
2024,2429,Charlotte,Charlotte 49ers,7.618,4094.0,2689.0,224.083,284.0,23.667,177.0,353.0,50.142,16.0,14.0,35.0,121.1587,341.167,7.796,5198.0,2674.0,222.833,421.0,35.083,206.0,343.0,60.058,18.0,10.0,18.0,137.03218,433.167,117.083,1405.0,3.603,390.0,0.0,16.0,210.333,2524.0,5.226,483.0,7.0,29.0,778.0,0.4987146529562982,5.262210796915167,12.0,64.83333333333333,844.0,0.4277251184834123,6.158767772511848,12.0,70.33333333333333
2024,2433,UL Monroe,UL Monroe Warhawks,6.573,3653.0,1617.0,134.75,252.0,21.0,134.0,246.0,54.472,11.0,12.0,21.0,114.685295,304.417,6.749,4608.0,2207.0,183.917,345.0,28.75,192.0,327.0,58.716,15.0,6.0,21.0,126.87521,384.0,169.667,2036.0,4.465,456.0,0.0,17.0,200.083,2401.0,4.86,494.0,10.0,27.0,723.0,0.3692946058091286,5.052558782849239,12.0,60.25,842.0,0.4133016627078384,5.472684085510688,12.0,70.16666666666667
2024,2439,UNLV,UNLV Rebels,7.822,5826.0,2417.0,172.643,495.0,35.357,178.0,309.0,57.605,25.0,6.0,32.0,146.12482,416.143,6.387,4912.0,3302.0,235.857,298.0,21.286,296.0,517.0,57.253,20.0,17.0,42.0,117.09375,350.857,243.5,3409.0,5.472,623.0,0.0,29.0,115.0,1610.0,3.523,457.0,11.0,17.0,964.0,0.3537344398340249,6.04356846473029,14.0,68.85714285714286,1016.0,0.5501968503937008,4.834645669291339,14.0,72.57142857142857
2024,2440,Nevada,Nevada Wolf Pack,7.552,4889.0,2764.0,212.615,300.0,23.077,247.0,366.0,67.486,19.0,8.0,28.0,143.68195,376.077,7.441,5089.0,2582.0,198.615,374.0,28.769,210.0,347.0,60.519,13.0,11.0,14.0,129.04651,391.462,163.462,2125.0,4.6,462.0,0.0,21.0,192.846,2507.0,5.054,496.0,7.0,31.0,856.0,0.4602803738317757,5.711448598130841,13.0,65.84615384615384,857.0,0.4212368728121353,5.938156359393232,13.0,65.92307692307692
2024,2459,N Illinois,Northern Illinois Huskies,6.253,4969.0,2320.0,178.462,319.0,24.538,216.0,371.0,58.221,16.0,8.0,19.0,120.66601,382.231,6.027,3700.0,2242.0,172.462,241.0,18.538,200.0,372.0,53.763,15.0,9.0,36.0,112.85825,284.615,203.769,2649.0,4.714,562.0,0.0,22.0,112.154,1458.0,3.539,412.0,9.0,10.0,952.0,0.4096638655462185,5.21953781512605,13.0,73.23076923076923,820.0,0.4975609756097561,4.512195121951219,13.0,63.07692307692308
2024,2483,Oregon,Oregon Ducks,8.507,6124.0,3913.0,279.5,488.0,34.857,335.0,460.0,72.826,30.0,6.0,21.0,163.19853,437.429,6.198,4425.0,2603.0,185.929,272.0,19.429,234.0,420.0,55.714,15.0,12.0,40.0,113.848915,316.071,157.929,2211.0,4.431,499.0,0.0,30.0,130.143,1822.0,4.141,440.0,16.0,16.0,980.0,0.4908163265306122,6.248979591836735,14.0,70.0,900.0,0.5111111111111111,4.916666666666667,14.0,64.28571428571429
2024,2509,Purdue,Purdue Boilermakers,6.708,3591.0,2207.0,183.917,189.0,15.75,189.0,329.0,57.447,13.0,9.0,32.0,121.36171,299.25,9.16,5432.0,3032.0,252.667,479.0,39.917,218.0,331.0,65.861,27.0,4.0,22.0,167.30742,452.667,115.333,1384.0,3.988,347.0,0.0,9.0,200.0,2400.0,5.085,472.0,1.0,33.0,708.0,0.5098870056497176,5.072033898305085,12.0,59.0,825.0,0.4278787878787878,6.584242424242424,12.0,68.75
2024,2534,Sam Houston,Sam Houston Bearkats,6.246,4523.0,2186.0,168.154,309.0,23.769,217.0,350.0,62.0,15.0,9.0,30.0,123.467255,347.923,5.767,4180.0,2301.0,177.0,266.0,20.462,229.0,399.0,57.393,14.0,16.0,28.0,109.394745,321.538,179.769,2337.0,4.196,557.0,0.0,21.0,144.538,1879.0,3.956,475.0,13.0,17.0,937.0,0.4055496264674493,4.827107790821771,13.0,72.07692307692308,902.0,0.4733924611973392,4.634146341463414,13.0,69.38461538461539
2024,2567,SMU,SMU Mustangs,8.408,6013.0,3666.0,261.857,511.0,36.5,278.0,436.0,63.761,28.0,12.0,18.0,150.07686,429.5,6.399,4564.0,3161.0,225.786,309.0,22.071,278.0,494.0,56.275,24.0,16.0,43.0,119.580986,326.0,167.643,2347.0,4.33,542.0,0.0,29.0,100.214,1403.0,2.905,483.0,14.0,13.0,996.0,0.4558232931726907,6.03714859437751,14.0,71.14285714285714,1020.0,0.5264705882352941,4.474509803921569,14.0,72.85714285714286
2024,2572,Southern Miss,Southern Miss Golden Eagles,6.621,3406.0,2099.0,174.917,183.0,15.25,166.0,317.0,52.366,7.0,17.0,45.0,104.54346,283.833,8.093,5390.0,2598.0,216.5,453.0,37.75,209.0,321.0,65.109,24.0,6.0,20.0,154.0251,449.167,108.917,1307.0,3.172,412.0,0.0,13.0,232.667,2792.0,5.89,474.0,4.0,31.0,774.0,0.4677002583979328,4.4005167958656335,12.0,64.5,815.0,0.4184049079754601,6.613496932515337,12.0,67.91666666666667
2024,2579,South Carolina,South Carolina Gamecocks,8.491,5301.0,2904.0,223.385,396.0,30.462,224.0,342.0,65.497,21.0,7.0,41.0,152.99057,407.769,6.693,4116.0,2657.0,204.385,235.0,18.077,229.0,397.0,57.683,10.0,14.0,41.0,115.16453,316.615,184.385,2397.0,4.35,551.0,0.0,26.0,112.231,1459.0,3.214,454.0,19.0,18.0,934.0,0.4100642398286938,5.67558886509636,13.0,71.84615384615384,892.0,0.4910313901345291,4.614349775784754,13.0,68.61538461538461
2024,2628,TCU,TCU Horned Frogs,8.336,5549.0,4068.0,312.923,435.0,33.462,326.0,488.0,66.803,29.0,11.0,16.0,151.92807,426.846,5.973,4493.0,2407.0,185.154,320.0,24.615,232.0,403.0,57.568,14.0,10.0,26.0,114.24322,345.615,113.923,1481.0,3.703,400.0,0.0,26.0,160.462,2086.0,4.206,496.0,9.0,21.0,904.0,0.5575221238938053,6.138274336283186,13.0,69.53846153846153,925.0,0.4637837837837837,4.857297297297297,13.0,71.15384615384616
2024,2633,Tennessee,Tennessee Volunteers,7.687,5811.0,2875.0,221.154,464.0,35.692,236.0,374.0,63.102,21.0,7.0,30.0,142.4582,447.0,6.459,3809.0,2461.0,189.308,209.0,16.077,224.0,381.0,58.793,11.0,12.0,29.0,116.27615,293.0,225.846,2936.0,5.027,584.0,0.0,34.0,103.692,1348.0,2.963,455.0,18.0,13.0,988.0,0.4089068825910931,5.881578947368421,13.0,76.0,865.0,0.4739884393063583,4.403468208092486,13.0,66.53846153846153
2024,2636,UTSA,UTSA Roadrunners,7.24,5882.0,3685.0,283.462,431.0,33.154,317.0,509.0,62.279,27.0,13.0,30.0,135.4919,452.462,8.308,4877.0,3456.0,265.846,391.0,30.077,242.0,416.0,58.173,28.0,11.0,42.0,144.88373,375.154,169.0,2197.0,4.484,490.0,0.0,21.0,109.308,1421.0,3.082,461.0,14.0,19.0,1029.0,0.5238095238095238,5.71622934888241,13.0,79.15384615384616,919.0,0.4983677910772578,5.306855277475517,13.0,70.6923076923077
2024,2638,UTEP,UTEP Miners,6.575,3849.0,2400.0,200.0,234.0,19.5,223.0,365.0,61.096,15.0,12.0,28.0,123.31163,320.75,7.608,4838.0,2678.0,223.167,388.0,32.333,216.0,352.0,61.364,23.0,11.0,36.0,140.5837,403.167,120.75,1449.0,3.308,438.0,0.0,9.0,180.0,2160.0,4.311,501.0,14.0,25.0,831.0,0.4729241877256318,4.631768953068592,12.0,69.25,889.0,0.4364454443194601,5.44206974128234,12.0,74.08333333333333
2024,2641,Texas Tech,Texas Tech Red Raiders,7.196,6016.0,3857.0,296.692,489.0,37.615,336.0,536.0,62.687,31.0,11.0,25.0,138.11522,462.769,8.432,6000.0,4005.0,308.077,453.0,34.846,304.0,475.0,64.0,28.0,14.0,21.0,148.38744,461.538,166.077,2159.0,4.555,474.0,0.0,26.0,153.462,1995.0,4.503,443.0,12.0,28.0,1035.0,0.5420289855072464,5.81256038647343,13.0,79.61538461538461,939.0,0.5282215122470714,6.389776357827476,13.0,72.23076923076923
2024,2649,Toledo,Toledo Rockets,7.263,4814.0,3290.0,253.077,371.0,28.538,276.0,453.0,60.927,28.0,8.0,20.0,138.80154,370.308,6.345,4668.0,2703.0,207.923,302.0,23.231,245.0,426.0,57.512,16.0,13.0,33.0,117.10036,359.077,117.231,1524.0,3.495,436.0,0.0,13.0,151.154,1965.0,3.743,525.0,17.0,16.0,909.0,0.5203520352035204,5.295929592959296,13.0,69.92307692307692,984.0,0.4664634146341463,4.743902439024391,13.0,75.6923076923077
2024,2653,Troy,Troy Trojans,7.54,4425.0,2556.0,213.0,312.0,26.0,213.0,339.0,62.832,21.0,9.0,21.0,141.30048,368.75,8.009,4403.0,2659.0,221.583,341.0,28.417,222.0,332.0,66.867,13.0,6.0,19.0,143.45029,366.917,155.75,1869.0,4.277,437.0,0.0,17.0,145.333,1744.0,4.306,405.0,4.0,24.0,797.0,0.451693851944793,5.55207026348808,12.0,66.41666666666667,756.0,0.4642857142857143,5.824074074074074,12.0,63.0
2024,2655,Tulane,Tulane Green Wave,8.909,5670.0,2931.0,209.357,491.0,35.071,207.0,329.0,62.918,25.0,9.0,18.0,157.35759,405.0,6.189,4529.0,2488.0,177.714,289.0,20.643,235.0,402.0,58.458,13.0,14.0,35.0,114.151245,323.5,195.643,2739.0,4.831,567.0,0.0,32.0,145.786,2041.0,4.476,456.0,13.0,20.0,914.0,0.3796498905908096,6.203501094091903,14.0,65.28571428571429,893.0,0.4893617021276595,5.071668533034715,14.0,63.785714285714285
2024,2711,W Michigan,Western Michigan Broncos,7.526,4810.0,2431.0,187.0,376.0,28.923,212.0,323.0,65.635,18.0,9.0,24.0,141.67148,370.0,8.413,5396.0,2894.0,222.615,407.0,31.308,211.0,344.0,61.337,20.0,8.0,19.0,146.54025,415.077,183.0,2379.0,4.915,484.0,0.0,28.0,192.462,2502.0,5.004,500.0,13.0,28.0,831.0,0.4175691937424789,5.78820697954272,13.0,63.92307692307692,863.0,0.4206257242178447,6.25260718424102,13.0,66.38461538461539
2024,2751,Wyoming,Wyoming Cowboys,6.55,3927.0,2273.0,189.417,232.0,19.333,181.0,347.0,52.161,11.0,11.0,27.0,111.30209,327.25,7.681,4927.0,2627.0,218.917,340.0,28.333,211.0,342.0,61.696,16.0,6.0,15.0,138.147,410.583,137.833,1654.0,3.596,460.0,0.0,14.0,191.667,2300.0,5.476,420.0,8.0,21.0,834.0,0.448441247002398,4.7086330935251794,12.0,69.5,777.0,0.4594594594594595,6.341055341055341,12.0,64.75
2025,103,Boston College,Boston College Eagles,7.405,4609.0,3362.0,280.167,305.0,25.417,287.0,454.0,63.216,20.0,12.0,35.0,134.66945,384.083,8.203,5199.0,3068.0,255.667,393.0,32.75,240.0,374.0,64.171,23.0,6.0,17.0,150.16232,433.25,103.917,1247.0,3.308,377.0,0.0,16.0,177.583,2131.0,5.038,423.0,7.0,25.0,866.0,0.5646651270207852,5.322170900692841,12.0,72.16666666666667,814.0,0.48034398034398035,6.386977886977887,12.0,67.83333333333333
2025,113,UMass,Massachusetts Minutemen,4.773,2970.0,1981.0,165.083,133.0,11.083,223.0,415.0,53.735,8.0,9.0,35.0,95.85165,247.5,8.586,5206.0,2550.0,212.5,463.0,38.583,200.0,297.0,67.34,29.0,4.0,15.0,168.99063,433.833,82.417,989.0,2.81,352.0,0.0,6.0,221.333,2656.0,5.04,527.0,7.0,30.0,802.0,0.5610972568578554,3.7032418952618453,12.0,66.83333333333333,839.0,0.37187127532777114,6.205005959475566,12.0,69.91666666666667
2025,12,Arizona,Arizona Wildcats,7.439,5299.0,3318.0,255.231,410.0,31.538,281.0,446.0,63.004,29.0,8.0,32.0,143.36101,407.615,5.582,4011.0,2149.0,165.308,251.0,19.308,208.0,385.0,54.026,9.0,22.0,21.0,97.20108,308.538,152.385,1981.0,4.279,463.0,0.0,20.0,143.231,1862.0,3.937,473.0,10.0,19.0,941.0,0.5079702444208289,5.631243358129649,13.0,72.38461538461539,879.0,0.46188850967007966,4.563139931740614,13.0,67.61538461538461
2025,120,Maryland,Maryland Terrapins,6.248,4320.0,3068.0,255.667,282.0,23.5,284.0,491.0,57.841,18.0,9.0,9.0,118.75597,360.0,7.097,4825.0,2718.0,226.5,318.0,26.5,242.0,383.0,63.185,25.0,19.0,27.0,134.41827,402.083,104.333,1252.0,4.105,305.0,0.0,9.0,175.583,2107.0,4.399,479.0,3.0,13.0,805.0,0.6211180124223602,5.366459627329193,12.0,67.08333333333333,889.0,0.4611923509561305,5.427446569178852,12.0,74.08333333333333
2025,127,Michigan St,Michigan State Spartans,7.069,4146.0,2672.0,222.667,295.0,24.583,240.0,378.0,63.492,20.0,6.0,37.0,137.15791,345.5,7.564,4544.0,2776.0,231.333,359.0,29.917,242.0,367.0,65.94,23.0,5.0,22.0,147.4348,378.667,122.833,1474.0,3.779,390.0,0.0,16.0,147.333,1768.0,4.487,394.0,7.0,21.0,805.0,0.515527950310559,5.150310559006211,12.0,67.08333333333333,783.0,0.49680715197956576,5.803320561941252,12.0,65.25
2025,130,Michigan,Michigan Wolverines,7.141,5160.0,2428.0,186.769,358.0,27.538,202.0,340.0,59.412,11.0,10.0,21.0,124.19086,396.923,6.451,4203.0,2748.0,211.385,265.0,20.385,271.0,426.0,63.615,17.0,13.0,28.0,124.86841,323.308,210.154,2732.0,5.442,502.0,0.0,33.0,111.923,1455.0,3.407,427.0,6.0,14.0,863.0,0.4183082271147161,5.9791425260718425,13.0,66.38461538461539,881.0,0.5153234960272418,4.770715096481271,13.0,67.76923076923077
2025,135,Minnesota,Minnesota Golden Gophers,6.188,3811.0,2469.0,189.923,299.0,23.0,251.0,399.0,62.907,19.0,7.0,24.0,127.092476,293.154,7.397,4311.0,2737.0,210.538,298.0,22.923,248.0,370.0,67.027,16.0,9.0,39.0,138.56807,331.615,103.231,1342.0,3.569,376.0,0.0,15.0,121.077,1574.0,3.721,423.0,7.0,16.0,799.0,0.5294117647058824,4.769712140175219,13.0,61.46153846153846,832.0,0.49158653846153844,5.181490384615385,13.0,64.0
2025,142,Missouri,Missouri Tigers,6.751,5412.0,2444.0,188.0,393.0,30.231,229.0,362.0,63.26,15.0,11.0,28.0,127.56442,416.308,5.95,3605.0,2255.0,173.462,246.0,18.923,215.0,379.0,56.728,15.0,7.0,36.0,116.07468,277.308,228.308,2968.0,5.319,558.0,0.0,31.0,103.846,1350.0,3.23,418.0,6.0,12.0,948.0,0.41139240506329117,5.708860759493671,13.0,72.92307692307692,833.0,0.49819927971188477,4.3277310924369745,13.0,64.07692307692308
2025,145,Ole Miss,Ole Miss Rebels,8.987,7345.0,4700.0,313.333,554.0,36.933,340.0,523.0,65.01,26.0,8.0,19.0,153.84615,489.667,6.515,5220.0,2984.0,198.933,316.0,21.067,260.0,458.0,56.769,17.0,9.0,33.0,119.8139,348.0,176.333,2645.0,4.592,576.0,0.0,39.0,149.067,2236.0,4.148,539.0,10.0,20.0,1118.0,0.4847942754919499,6.569767441860465,15.0,74.53333333333333,1030.0,0.4766990291262136,5.067961165048544,15.0,68.66666666666667
2025,150,Duke,Duke Blue Devils,7.895,5929.0,3995.0,285.357,484.0,34.571,336.0,506.0,66.403,34.0,6.0,28.0,152.52292,423.5,8.369,5939.0,3875.0,276.786,412.0,29.429,311.0,463.0,67.171,21.0,14.0,26.0,146.3902,424.214,138.143,1934.0,4.251,455.0,0.0,26.0,147.429,2064.0,4.282,482.0,7.0,29.0,989.0,0.5399393326592518,5.994944388270981,14.0,70.64285714285714,971.0,0.5036045314109165,6.116374871266736,14.0,69.35714285714286
2025,151,East Carolina,East Carolina Pirates,8.057,5837.0,3545.0,272.692,425.0,32.692,285.0,440.0,64.773,22.0,6.0,18.0,146.2238,449.0,6.608,4563.0,3000.0,230.769,261.0,20.077,288.0,454.0,63.436,16.0,10.0,34.0,126.16715,351.0,176.308,2292.0,4.1,559.0,0.0,31.0,120.231,1563.0,3.593,435.0,14.0,11.0,1017.0,0.4503441494591937,5.739429695181908,13.0,78.23076923076923,923.0,0.5287107258938245,4.943661971830986,13.0,71.0
2025,152,NC State,NC State Wolfpack,7.734,5099.0,3194.0,245.692,400.0,30.769,280.0,413.0,67.797,26.0,10.0,24.0,148.69542,392.231,7.555,5355.0,3551.0,273.154,353.0,27.154,295.0,470.0,62.766,22.0,9.0,20.0,137.8448,411.923,146.538,1905.0,4.472,426.0,0.0,27.0,138.769,1804.0,4.316,418.0,4.0,17.0,863.0,0.5063731170336037,5.90845886442642,13.0,66.38461538461539,908.0,0.539647577092511,5.897577092511013,13.0,69.84615384615384
2025,153,North Carolina,North Carolina Tar Heels,6.203,3465.0,2202.0,183.5,231.0,19.25,227.0,355.0,63.944,13.0,6.0,22.0,124.7537,288.75,6.584,4043.0,2535.0,211.25,294.0,24.5,245.0,385.0,63.636,15.0,6.0,32.0,128.68275,336.917,105.25,1263.0,3.65,346.0,0.0,11.0,125.667,1508.0,3.483,433.0,16.0,19.0,723.0,0.5214384508990318,4.79253112033195,12.0,60.25,850.0,0.49058823529411766,4.7564705882352944,12.0,70.83333333333333
2025,154,Wake Forest,Wake Forest Demon Deacons,7.611,5120.0,3090.0,237.692,365.0,28.077,232.0,406.0,57.143,18.0,11.0,17.0,130.28793,393.846,5.886,4271.0,2690.0,206.923,287.0,22.077,270.0,457.0,59.081,12.0,4.0,30.0,115.43861,328.538,156.154,2030.0,4.471,454.0,0.0,23.0,121.615,1581.0,3.385,467.0,12.0,18.0,877.0,0.4823261117445838,5.838084378563284,13.0,67.46153846153847,954.0,0.510482180293501,4.476939203354298,13.0,73.38461538461539
2025,158,Nebraska,Nebraska Cornhuskers,7.725,4817.0,2920.0,224.615,373.0,28.692,260.0,378.0,68.783,23.0,7.0,33.0,150.04837,370.538,6.379,4283.0,2003.0,154.077,320.0,24.615,183.0,314.0,58.28,9.0,6.0,22.0,117.500206,329.462,145.923,1897.0,4.206,451.0,0.0,20.0,175.385,2280.0,4.82,473.0,8.0,30.0,862.0,0.4767981438515081,5.588167053364269,13.0,66.3076923076923,809.0,0.415327564894932,5.294190358467244,13.0,62.23076923076923
2025,164,Rutgers,Rutgers Scarlet Knights,8.425,4885.0,3193.0,266.083,344.0,28.667,234.0,379.0,61.741,22.0,7.0,38.0,147.97267,407.083,8.574,5194.0,2675.0,222.917,382.0,31.833,204.0,312.0,65.385,23.0,5.0,11.0,158.52753,432.833,141.0,1692.0,3.631,466.0,0.0,19.0,209.917,2519.0,6.79,371.0,3.0,25.0,883.0,0.4722536806342016,5.532276330690827,12.0,73.58333333333333,694.0,0.4654178674351585,7.484149855907781,12.0,57.833333333333336
2025,166,New Mexico St,New Mexico State Aggies,6.373,3935.0,3008.0,250.667,259.0,21.583,276.0,472.0,58.475,17.0,16.0,34.0,117.113785,327.917,6.966,4822.0,2842.0,236.833,331.0,27.583,260.0,408.0,63.725,25.0,15.0,19.0,135.10799,401.833,77.25,927.0,2.597,357.0,0.0,9.0,165.0,1980.0,4.39,451.0,7.0,14.0,863.0,0.5863267670915412,4.559675550405562,12.0,71.91666666666667,878.0,0.4863325740318907,5.492027334851937,12.0,73.16666666666667
2025,167,New Mexico,New Mexico Lobos,7.606,4639.0,2662.0,204.769,364.0,28.0,227.0,350.0,64.857,17.0,10.0,34.0,139.06197,356.846,7.231,4445.0,2979.0,229.154,290.0,22.308,282.0,412.0,68.447,19.0,9.0,36.0,140.03784,341.923,152.077,1977.0,4.224,468.0,0.0,22.0,112.769,1466.0,3.378,434.0,13.0,14.0,852.0,0.4507042253521127,5.444835680751174,13.0,65.53846153846153,882.0,0.5079365079365079,5.0396825396825395,13.0,67.84615384615384
2025,183,Syracuse,Syracuse Orange,6.374,4085.0,2607.0,217.25,242.0,20.167,231.0,409.0,56.479,17.0,15.0,38.0,116.402985,340.417,7.757,5132.0,3033.0,252.75,419.0,34.917,259.0,391.0,66.24,23.0,5.0,20.0,148.25256,427.667,123.167,1478.0,3.398,435.0,0.0,12.0,174.917,2099.0,5.274,398.0,6.0,24.0,882.0,0.5068027210884354,4.6315192743764175,12.0,73.5,809.0,0.5080346106304079,6.34363411619283,12.0,67.41666666666667
2025,189,Bowling Green,Bowling Green Falcons,6.346,3681.0,1815.0,151.25,246.0,20.5,166.0,286.0,58.042,13.0,12.0,28.0,117.956406,306.75,7.539,4117.0,2420.0,201.667,291.0,24.25,189.0,321.0,58.879,15.0,6.0,22.0,133.88916,343.083,155.5,1866.0,3.953,472.0,0.0,13.0,141.417,1697.0,4.129,411.0,12.0,17.0,786.0,0.3994910941475827,4.683206106870229,12.0,65.5,754.0,0.45490716180371354,5.460212201591512,12.0,62.833333333333336
2025,193,Miami OH,Miami (OH) RedHawks,7.067,4726.0,2622.0,187.286,331.0,23.643,183.0,371.0,49.326,17.0,11.0,27.0,117.88009,337.571,6.419,4685.0,2805.0,200.357,304.0,21.714,247.0,437.0,56.522,22.0,14.0,40.0,120.64687,334.643,150.286,2104.0,4.242,496.0,0.0,17.0,134.286,1880.0,3.745,502.0,16.0,12.0,894.0,0.4451901565995526,5.286353467561521,14.0,63.857142857142854,979.0,0.48723186925434114,4.785495403472932,14.0,69.92857142857143
2025,194,Ohio State,Ohio State Buckeyes,9.203,5916.0,3755.0,268.214,468.0,33.429,313.0,408.0,76.716,33.0,8.0,16.0,176.79039,422.571,5.31,3067.0,1816.0,129.714,130.0,9.286,208.0,342.0,60.819,7.0,8.0,35.0,107.49938,219.071,154.357,2161.0,4.549,475.0,0.0,25.0,89.357,1251.0,2.944,425.0,8.0,5.0,899.0,0.47163515016685204,6.580645161290323,14.0,64.21428571428571,802.0,0.470074812967581,3.8241895261845387,14.0,57.285714285714285
2025,195,Ohio,Ohio Bobcats,7.673,5350.0,2394.0,184.154,361.0,27.769,192.0,312.0,61.538,14.0,11.0,24.0,133.74689,411.538,7.514,4577.0,2705.0,208.077,285.0,21.923,231.0,360.0,64.167,19.0,12.0,22.0,138.03526,352.077,227.385,2956.0,5.297,558.0,0.0,32.0,144.0,1872.0,4.364,429.0,6.0,15.0,894.0,0.37583892617449666,5.984340044742729,13.0,68.76923076923077,811.0,0.47102342786683105,5.643649815043156,13.0,62.38461538461539
2025,197,Oklahoma St,Oklahoma State Cowboys,5.708,3509.0,2089.0,174.083,170.0,14.167,210.0,366.0,57.377,7.0,10.0,23.0,106.171684,292.417,8.909,5020.0,3029.0,252.417,400.0,33.333,223.0,340.0,65.588,28.0,6.0,22.0,164.07007,418.333,118.333,1420.0,3.515,404.0,0.0,10.0,165.917,1991.0,4.347,458.0,9.0,18.0,793.0,0.4905422446406053,4.424968474148802,12.0,66.08333333333333,820.0,0.44146341463414634,6.121951219512195,12.0,68.33333333333333
2025,2,Auburn,Auburn Tigers,6.533,4487.0,2365.0,197.083,321.0,26.75,221.0,362.0,61.05,11.0,4.0,42.0,123.74483,373.917,7.239,3950.0,2758.0,229.833,248.0,20.667,238.0,381.0,62.467,15.0,11.0,30.0,130.49272,329.167,176.833,2122.0,4.674,454.0,0.0,23.0,99.333,1192.0,2.859,417.0,9.0,12.0,858.0,0.47086247086247085,5.229603729603729,12.0,71.5,828.0,0.4963768115942029,4.770531400966184,12.0,69.0
2025,2005,Air Force,Air Force Falcons,10.622,4879.0,1742.0,145.167,360.0,30.0,97.0,164.0,59.146,13.0,7.0,16.0,165.99333,406.583,9.452,5078.0,3176.0,264.667,364.0,30.333,234.0,336.0,69.643,17.0,7.0,16.0,161.57022,423.167,261.417,3137.0,4.797,654.0,0.0,33.0,158.5,1902.0,5.183,367.0,4.0,27.0,834.0,0.2158273381294964,5.850119904076738,12.0,69.5,719.0,0.48956884561891517,7.062586926286509,12.0,59.916666666666664
2025,2006,Akron,Akron Zips,6.505,4242.0,2628.0,219.0,267.0,22.25,209.0,404.0,51.733,20.0,9.0,36.0,118.25563,353.5,7.746,4613.0,2750.0,229.167,329.0,27.417,214.0,355.0,60.282,20.0,11.0,27.0,137.74196,384.417,134.5,1614.0,3.719,434.0,0.0,9.0,155.25,1863.0,4.283,435.0,13.0,18.0,874.0,0.5034324942791762,4.853546910755148,12.0,72.83333333333333,817.0,0.4675642594859241,5.646266829865361,12.0,68.08333333333333
2025,201,Oklahoma,Oklahoma Sooners,7.114,4606.0,3066.0,235.846,341.0,26.231,265.0,431.0,61.485,17.0,11.0,29.0,129.15483,354.308,6.236,3543.0,2538.0,195.231,201.0,15.462,240.0,407.0,58.968,11.0,9.0,45.0,115.84732,272.538,118.462,1540.0,3.54,435.0,0.0,18.0,77.308,1005.0,2.393,420.0,9.0,7.0,895.0,0.5139664804469274,5.146368715083799,13.0,68.84615384615384,872.0,0.518348623853211,4.0630733944954125,13.0,67.07692307692308
2025,202,Tulsa,Tulsa Golden Hurricane,6.526,4775.0,2669.0,222.417,278.0,23.167,241.0,409.0,58.924,15.0,10.0,26.0,120.95509,397.917,7.409,4760.0,2571.0,214.25,347.0,28.917,220.0,347.0,63.401,21.0,7.0,23.0,141.57378,396.667,175.5,2106.0,4.307,489.0,0.0,18.0,182.417,2189.0,4.292,510.0,9.0,22.0,924.0,0.4707792207792208,5.167748917748917,12.0,77.0,880.0,0.42045454545454547,5.409090909090909,12.0,73.33333333333333
2025,2026,App State,App State Mountaineers,6.567,4995.0,3336.0,256.615,314.0,24.154,299.0,508.0,58.858,23.0,15.0,27.0,123.05575,384.231,7.426,5422.0,3483.0,267.923,387.0,29.769,296.0,469.0,63.113,22.0,13.0,28.0,135.42712,417.077,127.615,1659.0,4.017,413.0,0.0,12.0,149.154,1939.0,4.134,469.0,14.0,23.0,948.0,0.5643459915611815,5.268987341772152,13.0,72.92307692307692,966.0,0.5144927536231884,5.612836438923395,13.0,74.3076923076923
2025,2032,Arkansas St,Arkansas State Red Wolves,6.629,4975.0,3374.0,259.538,327.0,25.154,335.0,509.0,65.815,20.0,12.0,30.0,129.74919,382.692,8.122,5373.0,3184.0,244.923,356.0,27.385,268.0,392.0,68.367,21.0,7.0,39.0,150.69836,413.308,123.154,1601.0,3.574,448.0,0.0,14.0,168.385,2189.0,4.422,495.0,12.0,24.0,987.0,0.5460992907801419,5.040526849037487,13.0,75.92307692307692,926.0,0.4654427645788337,5.802375809935205,13.0,71.23076923076923
2025,204,Oregon St,Oregon State Beavers,6.288,4197.0,2710.0,225.833,218.0,18.167,260.0,431.0,60.325,14.0,13.0,26.0,117.83145,349.75,7.67,4558.0,2669.0,222.417,353.0,29.417,198.0,348.0,56.897,22.0,8.0,15.0,137.58907,379.833,123.917,1487.0,3.645,408.0,0.0,15.0,157.417,1889.0,4.607,410.0,5.0,17.0,865.0,0.5283236994219653,4.852023121387283,12.0,72.08333333333333,773.0,0.46959896507115134,5.896507115135835,12.0,64.41666666666667
2025,2050,Ball State,Ball State Cardinals,6.04,3260.0,1679.0,139.917,190.0,15.833,157.0,278.0,56.475,12.0,8.0,49.0,115.69961,271.667,7.689,4868.0,2722.0,226.833,358.0,29.833,219.0,354.0,61.864,23.0,9.0,23.0,142.80827,405.667,131.75,1581.0,3.498,452.0,0.0,10.0,178.833,2146.0,4.737,453.0,10.0,21.0,779.0,0.4197689345314506,4.184852374839537,12.0,64.91666666666667,830.0,0.4542168674698795,5.865060240963856,12.0,69.16666666666667
2025,2084,Buffalo,Buffalo Bulls,6.67,4336.0,2748.0,229.0,288.0,24.0,235.0,412.0,57.039,19.0,14.0,26.0,121.48945,361.333,6.484,4123.0,2237.0,186.417,282.0,23.5,191.0,345.0,55.362,17.0,7.0,38.0,122.03047,343.583,132.333,1588.0,3.845,413.0,0.0,15.0,157.167,1886.0,3.78,499.0,11.0,16.0,851.0,0.5146886016451234,5.0951821386604,12.0,70.91666666666667,882.0,0.4342403628117914,4.674603174603175,12.0,73.5
2025,21,San Diego St,San Diego State Aztecs,7.093,4633.0,2050.0,157.692,343.0,26.385,166.0,289.0,57.439,10.0,10.0,18.0,121.518875,356.385,5.118,3818.0,2134.0,164.154,200.0,15.385,223.0,417.0,53.477,14.0,15.0,32.0,100.35334,293.692,198.692,2583.0,4.688,551.0,0.0,25.0,129.538,1684.0,3.677,458.0,7.0,9.0,858.0,0.3578088578088578,5.3997668997669,13.0,66.0,907.0,0.49503858875413453,4.209481808158765,13.0,69.76923076923077
2025,2116,UCF,UCF Knights,6.573,4545.0,2649.0,220.75,292.0,24.333,250.0,403.0,62.035,12.0,12.0,21.0,121.1185,378.75,6.63,4029.0,2221.0,185.083,283.0,23.583,212.0,335.0,63.284,13.0,9.0,27.0,126.40797,335.75,158.0,1896.0,4.887,388.0,0.0,19.0,150.667,1808.0,3.93,460.0,11.0,18.0,812.0,0.5221674876847291,5.597290640394089,12.0,67.66666666666667,822.0,0.44038929440389296,4.901459854014599,12.0,68.5
2025,2117,C Michigan,Central Michigan Chippewas,8.518,4297.0,2172.0,167.077,293.0,22.538,176.0,255.0,69.02,16.0,7.0,24.0,155.78708,330.538,6.639,4616.0,2722.0,209.385,306.0,23.538,238.0,410.0,58.049,18.0,13.0,28.0,121.962395,355.077,163.462,2125.0,3.899,545.0,0.0,17.0,145.692,1894.0,4.256,445.0,13.0,18.0,824.0,0.33859223300970875,5.214805825242719,13.0,63.38461538461539,883.0,0.4960362400906002,5.227633069082673,13.0,67.92307692307692
2025,213,Penn State,Penn State Nittany Lions,7.195,4706.0,2439.0,187.615,405.0,31.154,226.0,339.0,66.667,16.0,7.0,19.0,138.55022,362.0,6.544,4248.0,2395.0,184.231,267.0,20.538,230.0,366.0,62.842,16.0,6.0,32.0,128.95982,326.769,174.385,2267.0,4.773,475.0,0.0,30.0,142.538,1853.0,4.055,457.0,9.0,16.0,833.0,0.4297719087635054,5.649459783913565,13.0,64.07692307692308,855.0,0.4654970760233918,4.968421052631579,13.0,65.76923076923077
2025,2132,Cincinnati,Cincinnati Bearcats,8.236,5295.0,3006.0,231.231,394.0,30.308,225.0,365.0,61.644,30.0,6.0,8.0,154.6617,407.308,7.368,5190.0,2866.0,220.462,333.0,25.615,260.0,389.0,66.838,20.0,2.0,23.0,144.66777,399.231,176.077,2289.0,5.694,402.0,0.0,20.0,178.769,2324.0,4.328,537.0,13.0,19.0,775.0,0.48129032258064514,6.832258064516129,13.0,59.61538461538461,949.0,0.43414120126448896,5.468914646996839,13.0,73.0
2025,218,Temple,Temple Owls,6.827,4138.0,2369.0,197.417,334.0,27.833,214.0,347.0,61.671,28.0,2.0,20.0,144.49405,344.833,7.748,4762.0,2394.0,199.5,356.0,29.667,189.0,309.0,61.165,18.0,7.0,16.0,140.9415,396.833,147.417,1769.0,4.39,403.0,0.0,13.0,197.333,2368.0,5.006,473.0,10.0,27.0,770.0,0.4766233766233766,5.374025974025974,12.0,64.16666666666667,798.0,0.40726817042606517,5.967418546365915,12.0,66.5
2025,2199,E Michigan,Eastern Michigan Eagles,6.973,4527.0,2817.0,234.75,289.0,24.083,247.0,404.0,61.139,18.0,11.0,11.0,128.96916,377.25,7.492,4995.0,2210.0,184.167,357.0,29.75,178.0,295.0,60.339,16.0,7.0,15.0,136.4241,416.25,142.5,1710.0,4.385,390.0,0.0,16.0,232.083,2785.0,5.515,505.0,4.0,29.0,805.0,0.515527950310559,5.62360248447205,12.0,67.08333333333333,815.0,0.3803680981595092,6.128834355828221,12.0,67.91666666666667
2025,221,Pitt,Pittsburgh Panthers,7.657,5077.0,3553.0,273.308,438.0,33.692,289.0,464.0,62.284,29.0,15.0,44.0,140.7618,390.538,7.097,4295.0,3059.0,235.308,322.0,24.769,271.0,431.0,62.877,28.0,15.0,31.0,136.9703,330.385,117.231,1524.0,3.528,432.0,0.0,18.0,95.077,1236.0,2.722,454.0,9.0,12.0,940.0,0.5404255319148936,5.401063829787234,13.0,72.3076923076923,916.0,0.5043668122270742,4.68886462882096,13.0,70.46153846153847
2025,2226,FAU,Florida Atlantic Owls,7.014,5336.0,4082.0,340.167,354.0,29.5,385.0,582.0,66.151,28.0,20.0,22.0,134.07289,444.667,7.627,5238.0,2822.0,235.167,436.0,36.333,238.0,370.0,64.324,20.0,3.0,22.0,144.60664,436.5,104.5,1254.0,3.522,356.0,0.0,13.0,201.333,2416.0,4.756,508.0,11.0,35.0,960.0,0.6291666666666667,5.558333333333334,12.0,80.0,900.0,0.43555555555555553,5.82,12.0,75.0
2025,2229,FIU,Florida International Panthers,6.527,5161.0,2800.0,215.385,371.0,28.538,257.0,429.0,59.907,20.0,13.0,24.0,124.05841,397.0,7.094,5350.0,3249.0,249.923,390.0,30.0,278.0,458.0,60.699,26.0,12.0,31.0,133.78221,411.538,181.615,2361.0,4.868,485.0,0.0,26.0,161.615,2101.0,4.711,446.0,16.0,20.0,938.0,0.48294243070362475,5.502132196162047,13.0,72.15384615384616,935.0,0.5229946524064171,5.721925133689839,13.0,71.92307692307692
2025,2247,Georgia St,Georgia State Panthers,6.419,4538.0,3049.0,254.083,237.0,19.75,288.0,475.0,60.632,22.0,11.0,19.0,125.20381,378.167,8.497,5386.0,2889.0,240.75,454.0,37.833,219.0,340.0,64.412,25.0,3.0,18.0,158.2875,448.833,124.083,1489.0,4.068,366.0,0.0,9.0,208.083,2497.0,5.014,498.0,5.0,31.0,860.0,0.5744186046511628,5.276744186046511,12.0,71.66666666666667,856.0,0.4182242990654206,6.292056074766355,12.0,71.33333333333333
2025,228,Clemson,Clemson Tigers,7.328,5099.0,3481.0,267.769,354.0,27.231,309.0,475.0,65.053,22.0,7.0,21.0,138.94441,392.231,6.748,4637.0,3266.0,251.231,267.0,20.538,294.0,484.0,60.744,18.0,9.0,35.0,125.97992,356.692,124.462,1618.0,3.946,410.0,0.0,20.0,105.462,1371.0,3.543,387.0,7.0,10.0,906.0,0.5474613686534217,5.6280353200883,13.0,69.6923076923077,906.0,0.5728476821192053,5.118101545253863,13.0,69.6923076923077
2025,2294,Iowa,Iowa Hawkeyes,6.507,4161.0,1861.0,143.154,381.0,29.308,180.0,286.0,62.937,12.0,8.0,18.0,125.84795,320.077,6.035,3645.0,2245.0,172.692,209.0,16.077,215.0,372.0,57.796,9.0,11.0,26.0,110.55987,280.385,176.923,2300.0,4.563,504.0,0.0,28.0,107.692,1400.0,3.448,406.0,13.0,12.0,808.0,0.37623762376237624,5.149752475247524,13.0,62.15384615384615,804.0,0.49502487562189057,4.5335820895522385,13.0,61.84615384615385
2025,23,San José St,San José State Spartans,6.92,4827.0,3391.0,282.583,257.0,21.417,273.0,490.0,55.714,17.0,17.0,13.0,118.352974,402.25,8.53,4838.0,2943.0,245.25,390.0,32.5,226.0,345.0,65.507,18.0,7.0,17.0,150.31839,403.167,119.667,1436.0,4.53,317.0,0.0,14.0,157.917,1895.0,4.041,469.0,8.0,25.0,820.0,0.6134146341463415,5.886585365853659,12.0,68.33333333333333,831.0,0.43561973525872444,5.821901323706378,12.0,69.25
2025,2305,Kansas,Kansas Jayhawks,7.73,4686.0,2667.0,222.25,337.0,28.083,211.0,345.0,61.159,23.0,8.0,19.0,143.453,390.5,7.237,4646.0,2569.0,214.083,321.0,26.75,227.0,355.0,63.944,19.0,4.0,25.0,140.14278,387.167,168.25,2019.0,4.695,430.0,0.0,17.0,173.083,2077.0,4.742,438.0,9.0,19.0,794.0,0.45843828715365237,5.9017632241813605,12.0,66.16666666666667,818.0,0.46454767726161367,5.679706601466993,12.0,68.16666666666667
2025,2306,Kansas St,Kansas State Wildcats,6.953,4441.0,2385.0,198.75,353.0,29.417,204.0,343.0,59.475,18.0,7.0,13.0,131.11598,370.083,6.826,4634.0,2669.0,222.417,320.0,26.667,222.0,391.0,56.777,14.0,13.0,28.0,119.28126,386.167,171.333,2056.0,5.089,404.0,0.0,23.0,163.75,1965.0,4.06,484.0,14.0,23.0,760.0,0.46842105263157896,5.843421052631579,12.0,63.333333333333336,903.0,0.4640088593576966,5.131782945736434,12.0,75.25
2025,2309,Kent State,Kent State Golden Flashes,8.072,3532.0,2365.0,197.083,255.0,21.25,163.0,293.0,55.631,20.0,6.0,27.0,141.8654,294.333,7.28,5129.0,2832.0,236.0,403.0,33.583,232.0,389.0,59.64,25.0,6.0,24.0,138.91623,427.417,97.25,1167.0,2.925,399.0,0.0,10.0,191.417,2297.0,4.65,494.0,8.0,22.0,719.0,0.44506258692628653,4.912378303198888,12.0,59.916666666666664,907.0,0.4553472987872106,5.654906284454245,12.0,75.58333333333333
2025,2335,Liberty,Liberty Flames,7.424,4674.0,2346.0,195.5,307.0,25.583,174.0,316.0,55.063,11.0,13.0,25.0,120.68393,389.5,6.746,4510.0,2361.0,196.75,318.0,26.5,203.0,350.0,58.0,17.0,7.0,17.0,126.69498,375.833,194.0,2328.0,4.583,508.0,0.0,25.0,179.083,2149.0,4.723,455.0,5.0,23.0,849.0,0.4016489988221437,5.5053003533568905,12.0,70.75,822.0,0.4464720194647202,5.48661800486618,12.0,68.5
2025,2348,Louisiana Tech,Louisiana Tech Bulldogs,6.802,4669.0,2129.0,163.769,355.0,27.308,195.0,313.0,62.3,8.0,10.0,21.0,121.4813,359.154,6.455,4873.0,3124.0,240.308,270.0,20.769,266.0,484.0,54.959,19.0,22.0,21.0,113.04555,374.846,195.385,2540.0,4.721,538.0,0.0,29.0,134.538,1749.0,4.204,416.0,5.0,13.0,872.0,0.3830275229357798,5.354357798165138,13.0,67.07692307692308,921.0,0.5483170466883822,5.290988056460369,13.0,70.84615384615384
2025,235,Memphis,Memphis Tigers,7.206,5351.0,2969.0,228.385,422.0,32.462,278.0,412.0,67.476,17.0,9.0,33.0,137.2549,411.615,7.533,4670.0,2953.0,227.154,301.0,23.154,238.0,392.0,60.714,16.0,12.0,22.0,131.3386,359.231,183.231,2382.0,5.047,472.0,0.0,34.0,132.077,1717.0,3.733,460.0,15.0,22.0,917.0,0.48527808069792805,5.835332606324973,13.0,70.53846153846153,874.0,0.47368421052631576,5.34324942791762,13.0,67.23076923076923
2025,238,Vanderbilt,Vanderbilt Commodores,9.338,6017.0,3735.0,287.308,500.0,38.462,279.0,400.0,69.75,30.0,8.0,24.0,168.93921,462.846,7.081,4648.0,3243.0,249.462,297.0,22.846,305.0,458.0,66.594,24.0,8.0,31.0,139.87297,357.538,175.538,2282.0,5.621,406.0,0.0,35.0,108.077,1405.0,3.678,382.0,10.0,10.0,830.0,0.5108433734939759,7.249397590361446,13.0,63.84615384615385,871.0,0.5614236509758898,5.336394948335247,13.0,67.0
2025,239,Baylor,Baylor Bears,7.27,5413.0,3715.0,309.583,373.0,31.083,309.0,511.0,60.47,31.0,12.0,22.0,136.86156,451.083,6.799,4705.0,2339.0,194.917,391.0,32.583,214.0,344.0,62.209,17.0,9.0,12.0,130.39674,392.083,141.5,1698.0,4.141,410.0,0.0,12.0,197.167,2366.0,4.909,482.0,5.0,30.0,943.0,0.5652173913043478,5.7401908801696715,12.0,78.58333333333333,838.0,0.42482100238663484,5.614558472553699,12.0,69.83333333333333
2025,2390,Miami,Miami Hurricanes,8.184,6480.0,4051.0,253.188,495.0,30.938,355.0,495.0,71.717,32.0,12.0,20.0,156.94792,405.0,6.292,4706.0,3278.0,204.875,237.0,14.813,312.0,521.0,59.885,13.0,16.0,50.0,114.829956,294.125,151.813,2429.0,4.284,567.0,0.0,28.0,89.25,1428.0,2.95,484.0,12.0,12.0,1082.0,0.47597042513863214,5.988909426987061,16.0,67.625,1055.0,0.5412322274881517,4.460663507109005,16.0,65.9375
2025,2393,MTSU,Middle Tennessee Blue Raiders,6.386,4459.0,3193.0,266.083,269.0,22.417,298.0,500.0,59.6,23.0,7.0,30.0,125.62239,371.583,8.219,4791.0,3074.0,256.167,371.0,30.917,241.0,374.0,64.439,31.0,10.0,24.0,155.48354,399.25,105.5,1266.0,4.006,316.0,0.0,11.0,143.083,1717.0,3.902,440.0,15.0,17.0,846.0,0.6264775413711584,5.2706855791962175,12.0,70.5,838.0,0.47494033412887826,5.717183770883055,12.0,69.83333333333333
2025,24,Stanford,Stanford Cardinal,6.813,3678.0,2664.0,222.0,228.0,19.0,224.0,391.0,57.289,14.0,12.0,41.0,120.19606,306.5,7.791,4898.0,3467.0,288.917,350.0,29.167,294.0,445.0,66.067,22.0,3.0,23.0,146.478,408.167,84.5,1014.0,2.587,392.0,0.0,8.0,119.25,1431.0,3.756,381.0,10.0,17.0,824.0,0.5242718446601942,4.463592233009709,12.0,68.66666666666667,849.0,0.5512367491166078,5.769140164899882,12.0,70.75
2025,242,Rice,Rice Owls,5.665,3931.0,1269.0,97.615,248.0,19.077,148.0,224.0,66.071,11.0,4.0,20.0,126.29035,302.385,8.325,5250.0,3122.0,240.154,428.0,32.923,231.0,375.0,61.6,25.0,3.0,26.0,151.93,403.846,204.769,2662.0,4.114,647.0,0.0,20.0,163.692,2128.0,4.646,458.0,5.0,26.0,891.0,0.2738496071829405,4.411896745230078,13.0,68.53846153846153,859.0,0.4668218859138533,6.111757857974389,13.0,66.07692307692308
2025,2426,Navy,Navy Midshipmen,9.286,5403.0,1690.0,130.0,409.0,31.462,106.0,182.0,58.242,12.0,6.0,9.0,151.40865,415.615,8.038,4827.0,2990.0,230.0,325.0,25.0,239.0,372.0,64.247,21.0,7.0,27.0,146.63123,371.308,285.615,3713.0,5.757,645.0,0.0,41.0,141.308,1837.0,4.064,452.0,10.0,20.0,836.0,0.2284688995215311,6.462918660287081,13.0,64.3076923076923,851.0,0.4688601645123384,5.672150411280846,13.0,65.46153846153847
2025,2429,Charlotte,Charlotte 49ers,6.442,3429.0,2448.0,204.0,172.0,14.333,225.0,380.0,59.211,14.0,13.0,29.0,118.63969,285.75,8.109,5663.0,3260.0,271.667,436.0,36.333,274.0,402.0,68.159,24.0,7.0,14.0,152.4941,471.917,81.75,981.0,2.695,364.0,0.0,5.0,200.25,2403.0,4.965,484.0,8.0,30.0,773.0,0.5291073738680466,4.435963777490297,12.0,64.41666666666667,900.0,0.4622222222222222,6.292222222222223,12.0,75.0
2025,2433,UL Monroe,UL Monroe Warhawks,6.353,3882.0,1925.0,160.417,199.0,16.583,172.0,303.0,56.766,15.0,12.0,21.0,118.54783,323.5,7.534,4618.0,2667.0,222.25,383.0,31.917,224.0,354.0,63.277,21.0,5.0,24.0,143.31485,384.833,163.083,1957.0,4.551,430.0,0.0,12.0,162.583,1951.0,4.288,455.0,10.0,23.0,754.0,0.4297082228116711,5.1485411140583555,12.0,62.833333333333336,833.0,0.453781512605042,5.5438175270108045,12.0,69.41666666666667
2025,2439,UNLV,UNLV Rebels,8.283,6249.0,3512.0,250.857,477.0,34.071,279.0,424.0,65.802,24.0,9.0,26.0,149.81244,446.357,7.622,5868.0,3384.0,241.714,392.0,28.0,266.0,444.0,59.91,23.0,14.0,30.0,134.72339,419.143,195.5,2737.0,5.507,497.0,0.0,33.0,177.429,2484.0,5.218,476.0,12.0,24.0,947.0,0.4751847940865892,6.598732840549102,14.0,67.64285714285714,950.0,0.49894736842105264,6.176842105263158,14.0,67.85714285714286
2025,2440,Nevada,Nevada Wolf Pack,5.83,3626.0,1784.0,148.667,211.0,17.583,181.0,306.0,59.15,10.0,17.0,18.0,107.79431,302.167,7.424,4438.0,2643.0,220.25,330.0,27.5,231.0,356.0,64.888,12.0,11.0,19.0,132.19319,369.833,153.5,1842.0,4.396,419.0,0.0,9.0,149.583,1795.0,4.174,430.0,6.0,24.0,743.0,0.4360699865410498,4.88021534320323,12.0,61.916666666666664,805.0,0.4658385093167702,5.51304347826087,12.0,67.08333333333333
2025,245,Texas A&M,Texas A&M Aggies,8.279,5779.0,3378.0,259.846,439.0,33.769,248.0,408.0,60.784,26.0,14.0,19.0,144.49503,444.538,6.026,3996.0,2296.0,176.615,273.0,21.0,214.0,381.0,56.168,17.0,3.0,43.0,119.936806,307.385,184.692,2401.0,4.821,498.0,0.0,28.0,130.769,1700.0,4.187,406.0,10.0,13.0,925.0,0.4616216216216216,6.247567567567567,13.0,71.15384615384616,830.0,0.5108433734939759,4.814457831325301,13.0,63.84615384615385
2025,2459,N Illinois,Northern Illinois Huskies,4.861,3431.0,1186.0,98.833,205.0,17.083,129.0,244.0,52.869,8.0,6.0,19.0,99.60307,285.917,6.584,4287.0,2087.0,173.917,292.0,24.333,188.0,317.0,59.306,11.0,9.0,14.0,120.384705,357.25,187.083,2245.0,4.481,501.0,0.0,16.0,183.333,2200.0,4.593,479.0,7.0,21.0,764.0,0.34424083769633507,4.4908376963350785,12.0,63.666666666666664,810.0,0.408641975308642,5.292592592592593,12.0,67.5
2025,248,Houston,Houston Cougars,7.462,5128.0,2813.0,216.385,378.0,29.077,242.0,377.0,64.191,26.0,10.0,19.0,144.32442,394.462,7.06,4522.0,2845.0,218.846,297.0,22.846,243.0,403.0,60.298,16.0,12.0,28.0,126.747734,347.846,178.077,2315.0,4.224,548.0,0.0,17.0,129.0,1677.0,3.71,452.0,18.0,17.0,944.0,0.4194915254237288,5.432203389830509,13.0,72.61538461538461,883.0,0.4881087202718007,5.121177802944508,13.0,67.92307692307692
2025,2483,Oregon,Oregon Ducks,8.705,6783.0,3804.0,253.6,554.0,36.933,313.0,437.0,71.625,31.0,10.0,19.0,163.5806,452.2,5.587,4105.0,2369.0,157.933,268.0,17.867,226.0,424.0,53.302,19.0,15.0,30.0,107.944534,273.667,198.6,2979.0,5.407,551.0,0.0,35.0,115.733,1736.0,3.417,508.0,17.0,13.0,1007.0,0.4528301886792453,6.735849056603773,15.0,67.13333333333334,962.0,0.47193347193347196,4.267151767151767,15.0,64.13333333333334
2025,249,North Texas,North Texas Mean Green,9.373,7174.0,4452.0,318.0,631.0,45.071,325.0,475.0,68.421,35.0,9.0,18.0,167.68001,512.429,5.997,5347.0,2327.0,166.214,371.0,26.5,218.0,388.0,56.186,16.0,15.0,24.0,112.43704,381.929,194.429,2722.0,5.265,517.0,0.0,49.0,215.714,3020.0,4.967,608.0,19.0,28.0,1010.0,0.4881188118811881,7.102970297029703,14.0,72.14285714285714,1020.0,0.403921568627451,5.242156862745098,14.0,72.85714285714286
2025,25,California,California Golden Bears,7.089,4649.0,3587.0,275.923,329.0,25.308,323.0,506.0,63.834,20.0,10.0,32.0,132.47308,357.615,6.35,4703.0,2667.0,205.154,353.0,27.154,259.0,420.0,61.667,14.0,8.0,21.0,122.197,361.769,81.692,1062.0,2.758,385.0,0.0,21.0,156.615,2036.0,4.724,431.0,2.0,24.0,923.0,0.5828819068255688,5.036836403033586,13.0,71.0,872.0,0.5057339449541285,5.393348623853211,13.0,67.07692307692308
2025,2509,Purdue,Purdue Boilermakers,6.435,4123.0,2606.0,217.167,225.0,18.75,238.0,405.0,58.765,15.0,13.0,19.0,118.62122,343.583,9.295,5082.0,2900.0,241.667,382.0,31.833,202.0,312.0,64.744,15.0,4.0,24.0,156.12338,423.5,126.417,1517.0,4.035,376.0,0.0,11.0,181.833,2182.0,4.733,461.0,7.0,29.0,800.0,0.53,5.15375,12.0,66.66666666666667,797.0,0.4215809284818068,6.376411543287327,12.0,66.41666666666667
2025,251,Texas,Texas Longhorns,7.741,5050.0,3259.0,250.692,396.0,30.462,258.0,421.0,61.283,28.0,7.0,23.0,144.92914,388.462,6.568,4405.0,3054.0,234.923,264.0,20.308,291.0,465.0,62.581,18.0,16.0,41.0,123.644394,338.846,137.769,1791.0,4.194,427.0,0.0,17.0,103.923,1351.0,3.142,430.0,11.0,13.0,871.0,0.5097588978185993,5.797933409873709,13.0,67.0,936.0,0.5405982905982906,4.706196581196581,13.0,72.0
2025,252,BYU,BYU Cougars,7.673,5593.0,3100.0,221.429,440.0,31.429,258.0,404.0,63.861,15.0,7.0,16.0,137.10066,399.5,6.496,4654.0,2936.0,209.714,268.0,19.143,260.0,452.0,57.522,17.0,17.0,30.0,116.9779,332.429,178.071,2493.0,4.704,530.0,0.0,33.0,122.714,1718.0,3.735,460.0,9.0,13.0,950.0,0.4421052631578947,5.887368421052631,14.0,67.85714285714286,942.0,0.5116772823779193,4.940552016985138,14.0,67.28571428571429
2025,2534,Sam Houston,Sam Houston Bearkats,5.679,3792.0,2209.0,184.083,213.0,17.75,213.0,389.0,54.756,12.0,10.0,36.0,107.49754,316.0,8.925,5802.0,3311.0,275.917,454.0,37.833,261.0,371.0,70.35,20.0,8.0,21.0,158.79778,483.5,131.917,1583.0,4.267,371.0,0.0,10.0,207.583,2491.0,5.403,461.0,11.0,33.0,796.0,0.5339195979899497,4.763819095477387,12.0,66.33333333333333,853.0,0.45955451348182885,6.801875732708089,12.0,71.08333333333333
2025,254,Utah,Utah Utes,7.55,6278.0,2816.0,216.615,537.0,41.308,234.0,373.0,62.735,27.0,5.0,14.0,147.3624,482.923,6.005,4667.0,2312.0,177.846,246.0,18.923,190.0,385.0,49.351,12.0,15.0,34.0,102.28671,359.0,266.308,3462.0,6.021,575.0,0.0,41.0,181.154,2355.0,4.826,488.0,6.0,18.0,962.0,0.4022869022869023,6.525987525987526,13.0,74.0,907.0,0.4619625137816979,5.145534729878721,13.0,69.76923076923077
2025,256,James Madison,James Madison Dukes,7.678,6337.0,2956.0,211.143,519.0,37.071,225.0,385.0,58.442,26.0,10.0,23.0,140.0289,452.643,6.038,3733.0,2542.0,181.571,257.0,18.357,214.0,421.0,50.831,18.0,14.0,36.0,109.00946,266.643,241.5,3381.0,5.543,610.0,0.0,38.0,85.071,1191.0,2.796,426.0,8.0,9.0,1018.0,0.40078585461689586,6.224950884086444,14.0,72.71428571428571,883.0,0.5175537938844847,4.227633069082673,14.0,63.07142857142857
2025,2567,SMU,SMU Mustangs,8.0,5420.0,3680.0,283.077,419.0,32.231,305.0,460.0,66.304,26.0,13.0,19.0,146.50418,416.923,7.052,5136.0,3681.0,283.154,267.0,20.538,318.0,522.0,60.92,26.0,18.0,34.0,129.69759,395.077,133.846,1740.0,4.339,401.0,0.0,25.0,111.923,1455.0,3.191,456.0,12.0,5.0,880.0,0.5443181818181818,6.159090909090909,13.0,67.6923076923077,1012.0,0.549407114624506,5.075098814229249,13.0,77.84615384615384
2025,2572,Southern Miss,Southern Miss Golden Eagles,7.619,5227.0,3459.0,266.077,374.0,28.769,289.0,454.0,63.656,26.0,11.0,22.0,141.70828,402.077,6.946,5253.0,2980.0,229.231,356.0,27.385,272.0,429.0,63.403,13.0,23.0,29.0,121.02739,404.077,136.0,1768.0,3.762,470.0,0.0,18.0,174.846,2273.0,4.186,543.0,6.0,31.0,946.0,0.5031712473572939,5.525369978858351,13.0,72.76923076923077,1001.0,0.45754245754245754,5.247752247752247,13.0,77.0
2025,2579,South Carolina,South Carolina Gamecocks,7.904,4036.0,2703.0,225.25,272.0,22.667,209.0,342.0,61.111,13.0,11.0,43.0,133.61644,336.333,6.96,4236.0,2596.0,216.333,265.0,22.083,225.0,373.0,60.322,13.0,12.0,21.0,123.85334,353.0,111.083,1333.0,3.243,411.0,0.0,14.0,136.667,1640.0,3.788,433.0,13.0,13.0,796.0,0.4836683417085427,5.0703517587939695,12.0,66.33333333333333,827.0,0.47642079806529625,5.122128174123337,12.0,68.91666666666667
2025,258,Virginia,Virginia Cavaliers,6.805,5850.0,3348.0,239.143,431.0,30.786,315.0,492.0,64.024,18.0,10.0,18.0,129.19318,417.857,6.646,4333.0,2738.0,195.571,274.0,19.571,245.0,412.0,59.466,15.0,14.0,31.0,120.51096,309.5,178.714,2502.0,4.566,548.0,0.0,29.0,113.929,1595.0,3.43,465.0,14.0,17.0,1058.0,0.4820415879017013,5.52930056710775,14.0,75.57142857142857,908.0,0.4878854625550661,4.772026431718062,14.0,64.85714285714286
2025,259,Virginia Tech,Virginia Tech Hokies,6.238,4185.0,1996.0,166.333,257.0,21.417,180.0,320.0,56.25,17.0,9.0,29.0,120.55445,348.75,7.753,4537.0,2698.0,224.833,362.0,30.167,234.0,348.0,67.241,18.0,4.0,19.0,147.13716,378.083,182.417,2189.0,4.908,446.0,0.0,13.0,153.25,1839.0,4.307,427.0,5.0,25.0,795.0,0.4389937106918239,5.264150943396227,12.0,66.25,794.0,0.4622166246851385,5.714105793450882,12.0,66.16666666666667
2025,26,UCLA,UCLA Bruins,5.975,3839.0,2163.0,180.25,218.0,18.167,229.0,362.0,63.26,15.0,7.0,27.0,123.25603,319.917,7.236,4644.0,2359.0,196.583,401.0,33.417,215.0,326.0,65.951,23.0,4.0,10.0,147.56161,387.0,139.667,1676.0,4.469,375.0,0.0,8.0,190.417,2285.0,5.193,440.0,5.0,26.0,764.0,0.5091623036649214,5.024869109947644,12.0,63.666666666666664,776.0,0.4329896907216495,5.984536082474227,12.0,64.66666666666667
2025,2623,Missouri St,Missouri State Bears,8.359,5098.0,3636.0,279.692,333.0,25.615,277.0,435.0,63.678,30.0,11.0,52.0,151.59422,392.154,7.223,4976.0,2983.0,229.462,374.0,28.769,265.0,413.0,64.165,19.0,8.0,24.0,136.1458,382.769,112.462,1462.0,3.506,417.0,0.0,12.0,153.308,1993.0,4.646,429.0,8.0,26.0,904.0,0.5387168141592921,5.639380530973451,13.0,69.53846153846153,866.0,0.5046189376443418,5.745958429561201,13.0,66.61538461538461
2025,2628,TCU,TCU Horned Frogs,8.198,5479.0,3771.0,290.077,399.0,30.692,306.0,460.0,66.522,30.0,15.0,22.0,150.38493,421.462,7.513,4923.0,3193.0,245.615,329.0,25.308,261.0,425.0,61.412,25.0,14.0,23.0,137.34496,378.692,131.385,1708.0,3.917,436.0,0.0,20.0,133.077,1730.0,3.712,466.0,10.0,10.0,918.0,0.5250544662309368,5.968409586056645,13.0,70.61538461538461,914.0,0.49015317286652077,5.386214442013129,13.0,70.3076923076923
2025,2633,Tennessee,Tennessee Volunteers,8.712,6062.0,3807.0,292.846,517.0,39.769,292.0,437.0,66.819,26.0,10.0,22.0,155.05765,466.308,7.209,5160.0,3179.0,244.538,375.0,28.846,291.0,441.0,65.986,19.0,10.0,37.0,136.22328,396.923,173.462,2255.0,4.546,496.0,0.0,35.0,152.385,1981.0,4.059,488.0,12.0,24.0,955.0,0.4806282722513089,6.347643979057592,13.0,73.46153846153847,966.0,0.494824016563147,5.341614906832298,13.0,74.3076923076923
2025,2636,UTSA,UTSA Roadrunners,7.185,5444.0,3219.0,247.615,462.0,35.538,299.0,448.0,66.741,34.0,7.0,21.0,149.01363,418.769,7.348,4840.0,2895.0,222.692,375.0,28.846,236.0,394.0,59.898,26.0,11.0,25.0,137.81384,372.308,171.154,2225.0,5.011,444.0,0.0,21.0,149.615,1945.0,4.247,458.0,10.0,16.0,913.0,0.5136911281489595,5.96276013143483,13.0,70.23076923076923,877.0,0.47776510832383123,5.518814139110605,13.0,67.46153846153847
2025,2638,UTEP,UTEP Miners,6.314,3982.0,2595.0,216.25,280.0,23.333,224.0,411.0,54.501,21.0,20.0,26.0,114.66791,331.833,7.005,4696.0,2662.0,221.833,365.0,30.417,235.0,380.0,61.842,19.0,5.0,28.0,134.55199,391.333,115.583,1387.0,3.699,375.0,0.0,14.0,169.5,2034.0,4.101,496.0,11.0,17.0,812.0,0.5381773399014779,4.903940886699507,12.0,67.66666666666667,904.0,0.45132743362831856,5.1946902654867255,12.0,75.33333333333333
2025,264,Washington,Washington Huskies,8.589,5329.0,3178.0,244.462,443.0,34.077,255.0,370.0,68.919,26.0,8.0,34.0,159.93178,409.923,6.132,4048.0,2747.0,211.308,243.0,18.692,269.0,448.0,60.045,17.0,14.0,24.0,117.82612,311.385,165.462,2151.0,4.616,466.0,0.0,30.0,100.077,1301.0,3.269,398.0,5.0,9.0,870.0,0.46436781609195404,6.125287356321839,13.0,66.92307692307692,870.0,0.542528735632184,4.652873563218391,13.0,66.92307692307692
2025,2641,Texas Tech,Texas Tech Red Raiders,8.023,6459.0,3899.0,278.5,552.0,39.429,319.0,486.0,65.638,33.0,10.0,27.0,151.3226,461.357,5.511,3616.0,2662.0,190.143,165.0,11.786,286.0,483.0,59.213,11.0,17.0,41.0,105.98093,258.286,182.857,2560.0,4.638,552.0,0.0,30.0,68.143,954.0,2.198,434.0,25.0,8.0,1065.0,0.48169014084507045,6.0647887323943666,14.0,76.07142857142857,958.0,0.5469728601252609,3.7745302713987474,14.0,68.42857142857143
2025,2649,Toledo,Toledo Rockets,7.757,5398.0,3095.0,238.077,401.0,30.846,256.0,399.0,64.16,27.0,10.0,18.0,146.63763,415.231,5.819,3306.0,2054.0,158.0,173.0,13.308,177.0,353.0,50.142,11.0,13.0,38.0,101.93888,254.308,177.154,2303.0,4.879,472.0,0.0,22.0,96.308,1252.0,2.681,467.0,7.0,11.0,889.0,0.46906636670416196,6.071991001124859,13.0,68.38461538461539,858.0,0.4557109557109557,3.8531468531468533,13.0,66.0
2025,265,Washington St,Washington State Cougars,6.692,4403.0,2737.0,210.538,293.0,22.538,262.0,409.0,64.059,19.0,15.0,23.0,128.26787,338.692,6.44,3894.0,2267.0,174.385,263.0,20.231,224.0,352.0,63.636,16.0,6.0,31.0,129.32199,299.538,128.154,1666.0,3.786,440.0,0.0,16.0,125.154,1627.0,3.793,429.0,9.0,15.0,872.0,0.4954128440366973,5.049311926605505,13.0,67.07692307692308,812.0,0.47167487684729065,4.795566502463054,13.0,62.46153846153846
2025,2653,Troy,Troy Trojans,6.749,4301.0,2929.0,209.214,329.0,23.5,251.0,434.0,57.834,20.0,12.0,59.0,124.20297,307.214,7.044,5222.0,2747.0,196.214,335.0,23.929,235.0,390.0,60.256,16.0,10.0,37.0,127.83607,373.0,98.0,1372.0,2.789,492.0,0.0,17.0,176.786,2475.0,4.541,545.0,8.0,22.0,985.0,0.500507614213198,4.366497461928934,14.0,70.35714285714286,972.0,0.43930041152263377,5.372427983539095,14.0,69.42857142857143
2025,2655,Tulane,Tulane Green Wave,8.075,5760.0,3432.0,245.143,388.0,27.714,262.0,425.0,61.647,18.0,9.0,12.0,139.21747,411.429,7.663,5379.0,3663.0,261.643,335.0,23.929,323.0,478.0,67.573,23.0,15.0,36.0,141.54486,384.214,166.286,2328.0,4.52,515.0,0.0,26.0,122.571,1716.0,3.575,480.0,13.0,18.0,952.0,0.45903361344537813,6.050420168067227,14.0,68.0,994.0,0.5171026156941649,5.4114688128772634,14.0,71.0
2025,2711,W Michigan,Western Michigan Broncos,6.357,4798.0,1939.0,138.5,348.0,24.857,185.0,305.0,60.656,10.0,6.0,22.0,120.94047,342.714,6.459,4277.0,2519.0,179.929,243.0,17.357,216.0,390.0,55.385,14.0,12.0,43.0,115.33275,305.5,204.214,2859.0,4.589,623.0,0.0,31.0,125.571,1758.0,3.748,469.0,14.0,16.0,950.0,0.34421052631578947,5.050526315789473,14.0,67.85714285714286,902.0,0.48004434589800443,4.741685144124168,14.0,64.42857142857143
2025,275,Wisconsin,Wisconsin Badgers,6.018,3037.0,1637.0,136.417,154.0,12.833,157.0,272.0,57.721,9.0,13.0,27.0,109.63332,253.083,7.613,3882.0,2619.0,218.25,259.0,21.583,240.0,344.0,69.767,19.0,5.0,32.0,149.03693,323.5,116.667,1400.0,3.31,423.0,0.0,9.0,105.25,1263.0,3.395,372.0,3.0,12.0,722.0,0.41412742382271467,4.206371191135734,12.0,60.166666666666664,748.0,0.5026737967914439,5.189839572192513,12.0,62.333333333333336
2025,2751,Wyoming,Wyoming Cowboys,5.704,3776.0,2196.0,183.0,192.0,16.0,215.0,385.0,55.844,13.0,12.0,19.0,108.66645,314.667,6.087,4131.0,2106.0,175.5,246.0,20.5,192.0,346.0,55.491,15.0,10.0,18.0,115.148155,344.25,131.667,1580.0,4.051,390.0,0.0,9.0,168.75,2025.0,4.571,443.0,9.0,13.0,794.0,0.5088161209068011,4.755667506297229,12.0,66.16666666666667,807.0,0.4510532837670384,5.118959107806692,12.0,67.25
2025,276,Marshall,Marshall Thundering Herd,7.448,4865.0,2495.0,207.917,369.0,30.75,218.0,335.0,65.075,18.0,6.0,19.0,141.78754,405.417,8.533,4927.0,3140.0,261.667,363.0,30.25,215.0,368.0,58.424,24.0,13.0,29.0,144.55695,410.583,197.5,2370.0,4.731,501.0,0.0,23.0,148.917,1787.0,3.893,459.0,12.0,21.0,855.0,0.41403508771929826,5.690058479532164,12.0,71.25,856.0,0.463785046728972,5.755841121495327,12.0,71.33333333333333
2025,277,West Virginia,West Virginia Mountaineers,6.933,4194.0,2267.0,188.917,261.0,21.75,192.0,327.0,58.716,10.0,11.0,31.0,120.31695,349.5,8.167,4910.0,3185.0,265.417,370.0,30.833,253.0,390.0,64.872,28.0,11.0,29.0,151.5251,409.167,160.583,1927.0,3.685,523.0,0.0,22.0,143.75,1725.0,3.601,479.0,16.0,15.0,881.0,0.40635641316685583,4.76049943246311,12.0,73.41666666666667,898.0,0.4665924276169265,5.467706013363029,12.0,74.83333333333333
2025,278,Fresno St,Fresno State Bulldogs,6.391,4600.0,2384.0,183.385,335.0,25.769,239.0,373.0,64.075,14.0,13.0,19.0,123.175446,353.846,5.432,3714.0,1999.0,153.769,244.0,18.769,198.0,368.0,53.804,18.0,20.0,25.0,104.7041,285.692,170.462,2216.0,4.541,488.0,0.0,22.0,131.923,1715.0,4.064,422.0,10.0,9.0,880.0,0.44545454545454544,5.2272727272727275,13.0,67.6923076923077,815.0,0.4822085889570552,4.557055214723927,13.0,62.69230769230769
2025,290,GA Southern,Georgia Southern Eagles,7.444,5220.0,3216.0,247.385,363.0,27.923,272.0,432.0,62.963,26.0,9.0,30.0,141.18771,401.538,7.533,5961.0,3126.0,240.462,420.0,32.308,264.0,415.0,63.614,15.0,12.0,12.0,133.03491,458.538,154.154,2004.0,4.328,463.0,0.0,18.0,218.077,2835.0,5.67,500.0,12.0,35.0,925.0,0.49945945945945946,5.643243243243243,13.0,71.15384615384616,927.0,0.46062567421790723,6.43042071197411,13.0,71.3076923076923
2025,295,Old Dominion,Old Dominion Monarchs,8.473,5911.0,2813.0,216.385,416.0,32.0,191.0,332.0,57.53,21.0,10.0,21.0,143.55267,454.692,6.086,4310.0,2489.0,191.462,241.0,18.538,247.0,409.0,60.391,16.0,15.0,39.0,117.088936,331.538,238.308,3098.0,5.592,554.0,0.0,31.0,140.077,1821.0,3.671,496.0,10.0,13.0,907.0,0.38919514884233736,6.5170893054024255,13.0,69.76923076923077,944.0,0.4745762711864407,4.565677966101695,13.0,72.61538461538461
2025,30,USC,USC Trojans,9.162,6051.0,3848.0,296.0,465.0,35.769,280.0,420.0,66.667,26.0,10.0,15.0,159.29437,465.462,6.848,4560.0,2698.0,207.538,299.0,23.0,259.0,394.0,65.736,22.0,12.0,31.0,135.5936,350.769,169.462,2203.0,5.147,428.0,0.0,29.0,143.231,1862.0,4.35,428.0,12.0,15.0,863.0,0.5040556199304751,7.011587485515643,13.0,66.38461538461539,853.0,0.49824150058616645,5.3458382180539274,13.0,65.61538461538461
2025,309,Louisiana,Louisiana Ragin' Cajuns,6.137,4487.0,2105.0,161.923,338.0,26.0,187.0,343.0,54.519,12.0,14.0,25.0,109.45098,345.154,7.686,5340.0,2913.0,224.077,380.0,29.231,252.0,379.0,66.491,18.0,9.0,23.0,141.97621,410.769,183.231,2382.0,4.625,515.0,0.0,26.0,186.692,2427.0,4.703,516.0,7.0,25.0,883.0,0.41676104190260477,5.081540203850509,13.0,67.92307692307692,918.0,0.43790849673202614,5.816993464052287,13.0,70.61538461538461
2025,324,Coastal,Coastal Carolina Chanticleers,5.524,4230.0,2204.0,169.538,288.0,22.154,218.0,399.0,54.637,16.0,13.0,24.0,107.75569,325.385,7.406,5770.0,3066.0,235.846,430.0,33.077,258.0,414.0,62.319,25.0,12.0,20.0,138.65894,443.846,155.846,2026.0,4.283,473.0,0.0,15.0,208.0,2704.0,5.102,530.0,19.0,23.0,896.0,0.4720982142857143,4.720982142857143,13.0,68.92307692307692,964.0,0.45020746887966806,5.985477178423237,13.0,74.15384615384616
2025,326,Texas St,Texas State Bobcats,9.03,6147.0,3260.0,250.769,474.0,36.462,253.0,361.0,70.083,21.0,7.0,27.0,161.25366,472.846,7.052,4978.0,2835.0,218.077,377.0,29.0,266.0,402.0,66.169,23.0,9.0,27.0,139.8084,382.923,222.077,2887.0,5.165,559.0,0.0,36.0,164.846,2143.0,4.244,505.0,7.0,25.0,947.0,0.40971488912354803,6.4910242872228086,13.0,72.84615384615384,934.0,0.4593147751605996,5.329764453961456,13.0,71.84615384615384
2025,328,Utah State,Utah State Aggies,7.968,5323.0,3211.0,247.0,402.0,30.923,242.0,403.0,60.05,26.0,5.0,42.0,145.78952,409.462,7.025,5721.0,3365.0,258.846,373.0,28.692,282.0,479.0,58.873,26.0,13.0,29.0,130.36732,440.077,162.462,2112.0,4.704,449.0,0.0,25.0,181.231,2356.0,4.828,488.0,5.0,19.0,894.0,0.49776286353467564,5.95413870246085,13.0,68.76923076923077,996.0,0.5100401606425703,5.743975903614458,13.0,76.61538461538461
2025,333,Alabama,Alabama Crimson Tide,7.558,5515.0,3953.0,263.533,443.0,29.533,343.0,523.0,65.583,32.0,5.0,32.0,147.3494,367.667,6.437,4452.0,2549.0,169.933,288.0,19.2,246.0,396.0,62.121,16.0,11.0,33.0,123.96913,296.8,104.133,1562.0,3.352,466.0,0.0,21.0,126.867,1903.0,3.739,509.0,13.0,17.0,1021.0,0.5435847208619001,5.40156709108717,15.0,68.06666666666666,938.0,0.4573560767590618,4.746268656716418,15.0,62.53333333333333
2025,338,Kennesaw St,Kennesaw State Owls,8.045,5634.0,3403.0,243.071,374.0,26.714,260.0,423.0,61.466,26.0,11.0,27.0,144.12769,402.429,7.318,5665.0,3081.0,220.071,357.0,25.5,257.0,421.0,61.045,19.0,9.0,31.0,133.1333,404.643,159.357,2231.0,4.109,543.0,0.0,20.0,184.571,2584.0,4.647,556.0,9.0,25.0,993.0,0.45317220543806647,5.673716012084592,14.0,70.92857142857143,1008.0,0.44841269841269843,5.620039682539683,14.0,72.0
2025,344,Mississippi St,Mississippi State Bulldogs,8.059,5189.0,3135.0,241.154,395.0,30.385,243.0,389.0,62.468,20.0,9.0,45.0,142.50217,399.154,7.321,5321.0,2899.0,223.0,393.0,30.231,239.0,396.0,60.354,24.0,13.0,21.0,135.28441,409.308,158.0,2054.0,3.741,549.0,0.0,29.0,186.308,2422.0,4.873,497.0,7.0,19.0,983.0,0.44150559511698884,5.278738555442523,13.0,75.61538461538461,914.0,0.4562363238512035,5.821663019693654,13.0,70.3076923076923
2025,349,Army,Army Black Knights,8.276,4365.0,1051.0,80.846,310.0,23.846,68.0,127.0,53.543,6.0,5.0,7.0,130.77795,335.769,6.894,4466.0,2475.0,190.385,281.0,21.615,228.0,359.0,63.51,15.0,8.0,15.0,130.7519,343.538,254.923,3314.0,4.43,748.0,0.0,31.0,153.154,1991.0,4.494,443.0,12.0,18.0,882.0,0.15192743764172337,4.948979591836735,13.0,67.84615384615384,817.0,0.45777233782129745,5.466340269277846,13.0,62.84615384615385
2025,356,Illinois,Illinois Fighting Illini,8.239,4860.0,3065.0,235.769,382.0,29.385,251.0,372.0,67.473,23.0,6.0,32.0,153.85783,373.846,6.618,4486.0,2839.0,218.385,307.0,23.615,273.0,429.0,63.636,19.0,6.0,29.0,131.04459,345.077,138.077,1795.0,3.919,458.0,0.0,21.0,126.692,1647.0,3.95,417.0,12.0,17.0,862.0,0.46867749419953597,5.638051044083527,13.0,66.3076923076923,875.0,0.5234285714285715,5.126857142857143,13.0,67.3076923076923
2025,36,Colorado St,Colorado State Rams,6.576,3890.0,2591.0,215.917,222.0,18.5,243.0,394.0,61.675,15.0,12.0,32.0,123.38485,324.167,8.163,5112.0,2653.0,221.083,370.0,30.833,205.0,325.0,63.077,18.0,8.0,16.0,144.99911,426.0,108.25,1299.0,3.579,363.0,0.0,13.0,204.917,2459.0,5.008,491.0,8.0,30.0,789.0,0.5399239543726235,4.930291508238276,12.0,65.75,832.0,0.4098557692307692,6.144230769230769,12.0,69.33333333333333
2025,38,Colorado,Colorado Buffaloes,6.799,3941.0,2434.0,202.833,251.0,20.917,210.0,358.0,58.659,17.0,11.0,38.0,125.295,328.417,7.548,5108.0,2438.0,203.167,366.0,30.5,179.0,323.0,55.418,18.0,6.0,13.0,133.49529,425.667,125.583,1507.0,3.505,430.0,0.0,15.0,222.5,2670.0,5.246,509.0,14.0,25.0,826.0,0.4794188861985472,4.771186440677966,12.0,68.83333333333333,845.0,0.39763313609467454,6.044970414201184,12.0,70.41666666666667
2025,41,UConn,UConn Huskies,8.161,5788.0,3697.0,284.385,459.0,35.308,308.0,453.0,67.991,30.0,1.0,16.0,157.9557,445.231,7.226,5434.0,2840.0,218.462,351.0,27.0,257.0,393.0,65.394,17.0,11.0,37.0,134.7692,418.0,160.846,2091.0,5.138,407.0,0.0,26.0,199.538,2594.0,4.742,547.0,10.0,28.0,876.0,0.5353881278538812,6.607305936073059,13.0,67.38461538461539,977.0,0.44012282497441146,5.561924257932446,13.0,75.15384615384616
2025,48,Delaware,Delaware Blue Hens,7.041,5351.0,3802.0,292.462,377.0,29.0,337.0,540.0,62.407,24.0,8.0,27.0,133.25606,411.615,7.46,5269.0,3193.0,245.615,403.0,31.0,265.0,428.0,61.916,21.0,14.0,26.0,134.22958,405.308,119.154,1549.0,3.787,409.0,0.0,20.0,159.692,2076.0,4.573,454.0,6.0,25.0,976.0,0.5809426229508197,5.482581967213115,13.0,75.07692307692308,908.0,0.5,5.802863436123348,13.0,69.84615384615384
2025,5,UAB,UAB Blazers,7.293,4851.0,3187.0,265.583,317.0,26.417,287.0,437.0,65.675,20.0,15.0,30.0,135.17519,404.25,9.745,5080.0,2787.0,232.25,459.0,38.25,189.0,286.0,66.084,27.0,4.0,18.0,176.29782,423.333,138.667,1664.0,4.202,396.0,0.0,20.0,191.083,2293.0,4.632,495.0,6.0,31.0,863.0,0.541135573580533,5.621089223638471,12.0,71.91666666666667,799.0,0.3804755944931164,6.357947434292866,12.0,66.58333333333333
2025,52,Florida St,Florida State Seminoles,8.971,5665.0,3041.0,253.417,396.0,33.0,200.0,339.0,58.997,20.0,9.0,23.0,148.51242,472.083,7.021,3946.0,2289.0,190.75,264.0,22.0,203.0,326.0,62.27,20.0,12.0,31.0,134.12979,328.833,218.667,2624.0,5.186,506.0,0.0,31.0,138.083,1657.0,3.594,461.0,7.0,12.0,868.0,0.41705069124423966,6.526497695852535,12.0,72.33333333333333,818.0,0.43643031784841074,4.823960880195599,12.0,68.16666666666667
2025,55,Jax State,Jacksonville State Gamecocks,6.915,5722.0,2268.0,162.0,394.0,28.143,195.0,328.0,59.451,13.0,6.0,24.0,126.958275,408.714,7.361,5303.0,3283.0,234.5,353.0,25.214,273.0,446.0,61.211,19.0,14.0,28.0,130.82368,378.786,246.714,3454.0,5.314,650.0,0.0,32.0,144.286,2020.0,3.992,506.0,12.0,22.0,1002.0,0.35129740518962077,5.710578842315369,14.0,71.57142857142857,980.0,0.48367346938775513,5.411224489795918,14.0,70.0
2025,57,Florida,Florida Gators,6.564,4096.0,2455.0,204.583,259.0,21.583,234.0,374.0,62.567,18.0,14.0,20.0,126.10096,341.333,7.985,4522.0,2675.0,222.917,288.0,24.0,214.0,335.0,63.881,13.0,10.0,26.0,137.79097,376.833,136.75,1641.0,4.262,385.0,0.0,10.0,153.917,1847.0,3.989,463.0,11.0,21.0,779.0,0.5057766367137355,5.258023106546855,12.0,64.91666666666667,824.0,0.4381067961165049,5.487864077669903,12.0,68.66666666666667
2025,58,South Florida,South Florida Bulls,8.879,6353.0,3596.0,276.615,526.0,40.462,269.0,405.0,66.42,33.0,11.0,21.0,162.46048,488.692,6.589,5024.0,3156.0,242.769,304.0,23.385,295.0,479.0,61.587,15.0,14.0,33.0,121.42263,386.462,212.077,2757.0,5.449,506.0,0.0,29.0,143.692,1868.0,3.729,501.0,14.0,21.0,932.0,0.4570815450643777,6.8165236051502145,13.0,71.6923076923077,1013.0,0.5054294175715696,4.959526159921027,13.0,77.92307692307692
2025,59,Georgia Tech,Georgia Tech Yellow Jackets,8.662,5980.0,3413.0,262.538,418.0,32.154,275.0,394.0,69.797,16.0,7.0,9.0,152.40482,460.0,7.493,5189.0,3057.0,235.154,325.0,25.0,254.0,408.0,62.255,19.0,4.0,26.0,138.60384,399.154,197.462,2567.0,5.544,463.0,0.0,31.0,164.0,2132.0,4.575,466.0,9.0,21.0,866.0,0.4653579676674365,6.905311778290993,13.0,66.61538461538461,900.0,0.4822222222222222,5.765555555555555,13.0,69.23076923076923
2025,6,South Alabama,South Alabama Jaguars,7.013,4570.0,2174.0,181.167,318.0,26.5,212.0,310.0,68.387,13.0,6.0,23.0,137.26492,380.833,7.235,4579.0,2460.0,205.0,365.0,30.417,207.0,340.0,60.882,19.0,6.0,12.0,136.56717,381.583,199.667,2396.0,4.512,531.0,0.0,30.0,176.583,2119.0,4.773,444.0,5.0,25.0,864.0,0.3854166666666667,5.289351851851852,12.0,72.0,796.0,0.44221105527638194,5.75251256281407,12.0,66.33333333333333
2025,61,Georgia,Georgia Bulldogs,7.393,5633.0,3083.0,220.214,449.0,32.071,287.0,417.0,68.825,25.0,7.0,20.0,147.35236,402.357,6.603,4172.0,3031.0,216.5,246.0,17.571,279.0,459.0,60.784,14.0,9.0,20.0,122.39256,298.0,182.143,2550.0,4.397,580.0,0.0,31.0,81.5,1141.0,2.941,388.0,7.0,14.0,1017.0,0.4296951819075713,5.538839724680432,14.0,72.64285714285714,867.0,0.552479815455594,4.81199538638985,14.0,61.92857142857143
2025,62,Hawai'i,Hawai'i Rainbow Warriors,6.996,5119.0,3778.0,290.615,377.0,29.0,350.0,540.0,64.815,30.0,12.0,31.0,137.47073,393.769,7.495,4693.0,2953.0,227.154,313.0,24.077,234.0,394.0,59.391,15.0,8.0,31.0,130.85245,361.0,103.154,1341.0,3.595,373.0,0.0,8.0,133.846,1740.0,4.153,419.0,9.0,19.0,944.0,0.6048728813559322,5.422669491525424,13.0,72.61538461538461,844.0,0.5035545023696683,5.56042654028436,13.0,64.92307692307692
2025,66,Iowa State,Iowa State Cyclones,7.657,4753.0,2657.0,221.417,329.0,27.417,210.0,347.0,60.519,16.0,9.0,21.0,134.86594,396.083,6.775,4278.0,2622.0,218.5,242.0,20.167,237.0,387.0,61.24,14.0,11.0,13.0,124.403984,356.5,174.667,2096.0,4.385,478.0,0.0,23.0,138.0,1656.0,4.44,373.0,11.0,14.0,846.0,0.43498817966903075,5.618203309692672,12.0,70.5,773.0,0.517464424320828,5.534282018111255,12.0,64.41666666666667
2025,68,Boise St,Boise State Broncos,7.265,5936.0,3429.0,244.929,418.0,29.857,274.0,472.0,58.051,23.0,14.0,26.0,129.2255,424.0,6.16,4727.0,2458.0,175.571,337.0,24.071,217.0,399.0,54.386,17.0,14.0,27.0,113.17215,337.643,179.071,2507.0,4.517,555.0,0.0,29.0,162.071,2269.0,4.797,473.0,6.0,25.0,1053.0,0.47293447293447294,5.637226970560304,14.0,75.21428571428571,899.0,0.4738598442714127,5.258064516129032,14.0,64.21428571428571
2025,77,Northwestern,Northwestern Wildcats,6.394,4499.0,2417.0,185.923,304.0,23.385,224.0,378.0,59.259,17.0,13.0,17.0,120.93187,346.077,7.251,4288.0,2516.0,193.538,258.0,19.846,223.0,347.0,64.265,13.0,9.0,23.0,132.34851,329.846,160.154,2082.0,4.606,452.0,0.0,16.0,136.308,1772.0,4.301,412.0,10.0,18.0,847.0,0.46635182998819363,5.311688311688312,13.0,65.15384615384616,782.0,0.4731457800511509,5.483375959079284,13.0,60.15384615384615
2025,8,Arkansas,Arkansas Razorbacks,8.281,5458.0,3155.0,262.917,395.0,32.917,231.0,381.0,60.63,22.0,11.0,29.0,143.47151,454.833,8.469,5102.0,2871.0,239.25,406.0,33.833,213.0,339.0,62.832,22.0,6.0,22.0,151.84752,425.167,191.917,2303.0,5.686,405.0,0.0,25.0,185.917,2231.0,4.697,475.0,9.0,24.0,815.0,0.5030674846625767,6.696932515337424,12.0,67.91666666666667,836.0,0.4318181818181818,6.1028708133971294,12.0,69.66666666666667
2025,84,Indiana,Indiana Hoosiers,9.424,7232.0,3826.0,239.125,666.0,41.625,292.0,406.0,71.921,46.0,7.0,25.0,185.02376,452.0,6.203,4256.0,3021.0,188.813,187.0,11.688,302.0,487.0,62.012,10.0,19.0,46.0,113.091385,266.0,212.875,3406.0,5.168,659.0,0.0,35.0,77.188,1235.0,2.99,413.0,11.0,8.0,1090.0,0.39541284403669724,6.634862385321101,16.0,68.125,946.0,0.5634249471458774,4.498942917547569,16.0,59.125
2025,87,Notre Dame,Notre Dame Fighting Irish,9.477,5502.0,3061.0,255.083,504.0,42.0,217.0,323.0,67.183,25.0,6.0,12.0,168.61559,458.5,6.201,3762.0,2561.0,213.417,211.0,17.583,230.0,413.0,55.69,14.0,21.0,35.0,108.79484,313.5,203.417,2441.0,5.69,429.0,0.0,38.0,100.083,1201.0,2.988,402.0,5.0,8.0,764.0,0.43848167539267013,7.201570680628272,12.0,63.666666666666664,850.0,0.5270588235294118,4.425882352941176,12.0,70.83333333333333
2025,9,Arizona St,Arizona State Sun Devils,6.763,5425.0,2908.0,223.692,335.0,25.769,251.0,430.0,58.372,20.0,9.0,26.0,126.34403,417.308,6.612,4647.0,3035.0,233.462,318.0,24.462,277.0,459.0,60.349,20.0,8.0,34.0,126.78289,357.462,193.615,2517.0,5.054,498.0,0.0,18.0,124.0,1612.0,3.606,447.0,6.0,20.0,954.0,0.4779874213836478,5.686582809224318,13.0,73.38461538461539,940.0,0.524468085106383,4.943617021276595,13.0,72.3076923076923
2025,96,Kentucky,Kentucky Wildcats,6.584,4093.0,2423.0,201.917,276.0,23.0,229.0,368.0,62.228,15.0,14.0,29.0,123.37668,341.083,8.042,4490.0,2879.0,239.917,317.0,26.417,221.0,358.0,61.732,16.0,12.0,25.0,137.32939,374.167,139.167,1670.0,3.866,432.0,0.0,19.0,134.25,1611.0,3.661,440.0,8.0,20.0,829.0,0.47889022919179736,4.9372738238841976,12.0,69.08333333333333,823.0,0.46537059538274606,5.455650060753341,12.0,68.58333333333333
2025,97,Louisville,Louisville Cardinals,6.861,4999.0,2868.0,220.615,389.0,29.923,268.0,418.0,64.115,18.0,9.0,25.0,131.65192,384.538,6.0,3940.0,2454.0,188.769,275.0,21.154,242.0,409.0,59.169,15.0,14.0,31.0,114.82569,303.077,163.923,2131.0,5.062,421.0,0.0,25.0,114.308,1486.0,3.48,427.0,10.0,13.0,864.0,0.5127314814814815,5.78587962962963,13.0,66.46153846153847,867.0,0.5074971164936563,4.544405997693195,13.0,66.6923076923077
2025,98,Western KY,Western Kentucky Hilltoppers,7.147,5287.0,3538.0,272.154,384.0,29.538,325.0,495.0,65.657,21.0,13.0,23.0,134.4398,406.692,6.255,5210.0,2915.0,224.231,297.0,22.846,257.0,466.0,55.15,12.0,9.0,19.0,112.32786,400.769,134.538,1749.0,4.225,414.0,0.0,23.0,176.538,2295.0,4.925,466.0,9.0,14.0,932.0,0.555793991416309,5.67274678111588,13.0,71.6923076923077,951.0,0.5099894847528917,5.47844374342797,13.0,73.15384615384616
2025,99,LSU,LSU Tigers,6.736,4336.0,2984.0,229.538,297.0,22.846,291.0,443.0,65.688,20.0,7.0,29.0,134.00882,333.538,6.425,4273.0,2660.0,204.615,258.0,19.846,247.0,414.0,59.662,14.0,17.0,27.0,116.579414,328.692,104.0,1352.0,3.577,378.0,0.0,10.0,124.077,1613.0,3.725,433.0,6.0,15.0,850.0,0.5552941176470588,5.101176470588236,13.0,65.38461538461539,874.0,0.5045766590389016,4.889016018306636,13.0,67.23076923076923
